project_match_id,member_count,source_count,sources,country_iso3,year,member_record_keys,group_basis
PM-2E21FFAC6390A9,2,2,aiddata|chapo,,2000,aiddata:36338|chapo:36338,direct_reference
PM-F2847EF4314141,2,2,aiddata|chapo,,2000,aiddata:36233|chapo:36233,direct_reference
PM-64FD3EB4DE77D3,2,2,aiddata|chapo,,2002,aiddata:87607|chapo:87607,direct_reference
PM-C3B22567DFA09C,2,2,aiddata|chapo,,2002,aiddata:57864|chapo:57864,direct_reference
PM-E24D019562894E,2,2,aiddata|chapo,,2002,aiddata:36232|chapo:36232,direct_reference
PM-F8D1D566EEF174,2,2,aiddata|chapo,,2003,aiddata:36337|chapo:36337,direct_reference
PM-49CED1BF7A3743,2,2,aiddata|chapo,,2004,aiddata:36231|chapo:36231,direct_reference
PM-F6FAFAFA61267C,2,2,aiddata|chapo,,2004,aiddata:56487|chapo:56487,direct_reference
PM-245DFB87F12DFC,2,2,aiddata|chapo,,2005,aiddata:36336|chapo:36336,direct_reference
PM-00A4D5115714A5,2,2,aiddata|chapo,,2006,aiddata:56519|chapo:56519,direct_reference
PM-4FFA0A4E11CB24,2,2,aiddata|chapo,,2006,aiddata:36230|chapo:36230,direct_reference
PM-9FD6D032DD5BCD,2,2,aiddata|chapo,,2006,aiddata:68871|chapo:68871,direct_reference
PM-A314E479C07298,2,2,aiddata|chapo,,2006,aiddata:87605|chapo:87605,direct_reference
PM-B505FDEA4A8012,2,2,aiddata|chapo,,2006,aiddata:1075|chapo:1075,direct_reference
PM-BE2E03823672A0,2,2,aiddata|chapo,,2006,aiddata:34151|chapo:34151,direct_reference
PM-D904602E7F6D73,2,2,aiddata|chapo,,2006,aiddata:32766|chapo:32766,direct_reference
PM-15E7773D7D7764,2,2,aiddata|chapo,,2007,aiddata:36335|chapo:36335,direct_reference
PM-87CB45A9DB2228,2,2,aiddata|chapo,,2007,aiddata:55728|chapo:55728,direct_reference
PM-6EF1FD135A811A,2,2,aiddata|chapo,,2008,aiddata:36229|chapo:36229,direct_reference
PM-CFE3BF7DF4FD17,2,2,aiddata|chapo,,2008,aiddata:34915|chapo:34915,direct_reference
PM-E7915E9AC403EF,2,2,aiddata|chapo,,2008,aiddata:30523|chapo:30523,direct_reference
PM-F3CBB6FF6EC7BC,2,2,aiddata|chapo,,2008,aiddata:87603|chapo:87603,direct_reference
PM-4F412A9652E2D3,2,2,aiddata|chapo,,2009,aiddata:452|chapo:452,direct_reference
PM-5D75F866941EB7,2,2,aiddata|chapo,,2009,aiddata:68488|chapo:68488,direct_reference
PM-64E7011325466E,2,2,aiddata|chapo,,2009,aiddata:56234|chapo:56234,direct_reference
PM-88D64EFE41C816,2,2,aiddata|chapo,,2009,aiddata:56299|chapo:56299,direct_reference
PM-8CBDAD89F35D89,2,2,aiddata|chapo,,2009,aiddata:56247|chapo:56247,direct_reference
PM-9459076382450D,2,2,aiddata|chapo,,2009,aiddata:56296|chapo:56296,direct_reference
PM-A0BD5AE69DED56,2,2,aiddata|chapo,,2009,aiddata:30201|chapo:30201,direct_reference
PM-A1AAC98C0E89D1,2,2,aiddata|chapo,,2009,aiddata:34168|chapo:34168,direct_reference
PM-D15B3F18D777AA,2,2,aiddata|chapo,,2009,aiddata:36334|chapo:36334,direct_reference
PM-A1FDB73E484DDB,2,2,aiddata|chapo,,2010,aiddata:30513|chapo:30513,direct_reference
PM-AA43A2BC84F18B,2,2,aiddata|chapo,,2010,aiddata:36228|chapo:36228,direct_reference
PM-BF801D638BFC9C,2,2,aiddata|chapo,,2010,aiddata:56229|chapo:56229,direct_reference
PM-27B767F7A17B39,2,2,aiddata|chapo,,2011,aiddata:72935|chapo:72935,direct_reference
PM-5B8E00FABF9C0C,2,2,aiddata|chapo,,2011,aiddata:56219|chapo:56219,direct_reference
PM-708C56FAB37532,2,2,aiddata|chapo,,2011,aiddata:32013|chapo:32013,direct_reference
PM-841CB487259622,2,2,aiddata|chapo,,2011,aiddata:31990|chapo:31990,direct_reference
PM-D569DD47412814,2,2,aiddata|chapo,,2011,aiddata:32012|chapo:32012,direct_reference
PM-E644DE59BB6479,2,2,aiddata|chapo,,2011,aiddata:56212|chapo:56212,direct_reference
PM-288F9AD264D241,2,2,aiddata|chapo,,2012,aiddata:56209|chapo:56209,direct_reference
PM-88B3DB2B7A6682,2,2,aiddata|chapo,,2012,aiddata:72959|chapo:72959,direct_reference
PM-7B0B6C4E3EE6C0,2,2,aiddata|chapo,,2013,aiddata:30200|chapo:30200,direct_reference
PM-8851F3A173B1AA,2,2,aiddata|chapo,,2013,aiddata:31032|chapo:31032,direct_reference
PM-27739CEFD71332,2,2,aiddata|chapo,,2014,aiddata:59421|chapo:59421,direct_reference
PM-C44929A9BC7DF5,2,2,aiddata|chapo,,2014,aiddata:41524|chapo:41524,direct_reference
PM-41B9B0D9437E25,2,2,aiddata|chapo,,2015,aiddata:56187|chapo:56187,direct_reference
PM-8971B8E4DB636D,2,2,aiddata|chapo,,2015,aiddata:59768|chapo:59768,direct_reference
PM-4BC4BDF94AF017,2,2,aiddata|chapo,,2016,aiddata:52191|chapo:52191,direct_reference
PM-9ADF41CA2C0F92,2,2,aiddata|chapo,,2016,aiddata:92393|chapo:92393,direct_reference
PM-FE35235F685A30,2,2,aiddata|chapo,,2016,aiddata:52151|chapo:52151,direct_reference
PM-2412E10632EBE9,2,2,aiddata|chapo,,2017,aiddata:57868|chapo:57868,direct_reference
PM-4940D62F8846F3,2,2,aiddata|chapo,,2017,aiddata:56596|chapo:56596,direct_reference
PM-732AED598FE352,2,2,aiddata|chapo,,2017,aiddata:57818|chapo:57818,direct_reference
PM-87A0D99A42211D,2,2,aiddata|chapo,,2017,aiddata:59473|chapo:59473,direct_reference
PM-8C1A75E5B5B57D,2,2,aiddata|chapo,,2017,aiddata:59422|chapo:59422,direct_reference
PM-A54D4B6B2AFBDC,2,2,aiddata|chapo,,2017,aiddata:59496|chapo:59496,direct_reference
PM-3FBAD2ACDDDAD1,2,2,aiddata|chapo,,2018,aiddata:56103|chapo:56103,direct_reference
PM-76F73CD0242051,2,2,aiddata|chapo,,2018,aiddata:55706|chapo:55706,direct_reference
PM-C2CF7F3414D387,2,2,aiddata|chapo,,2018,aiddata:59770|chapo:59770,direct_reference
PM-E240D1D32DB072,2,2,aiddata|chapo,,2018,aiddata:56121|chapo:56121,direct_reference
PM-7D97090D019546,2,2,aiddata|chapo,,2019,aiddata:86383|chapo:86383,direct_reference
PM-9ACE4E609ACDE1,2,2,aiddata|chapo,,2019,aiddata:56059|chapo:56059,direct_reference
PM-11D0AABBE16B64,2,2,aiddata|chapo,,2020,aiddata:95291|chapo:95291,direct_reference
PM-17D519DF961530,2,2,aiddata|chapo,,2020,aiddata:97946|chapo:97946,direct_reference
PM-1F4D9FC88E36E6,2,2,aiddata|chapo,,2020,aiddata:93714|chapo:93714,direct_reference
PM-208BA59352643F,2,2,aiddata|chapo,,2020,aiddata:93554|chapo:93554,direct_reference
PM-3E217D68B18565,2,2,aiddata|chapo,,2020,aiddata:92938|chapo:92938,direct_reference
PM-5EFBE4CF2F4987,2,2,aiddata|chapo,,2020,aiddata:93044|chapo:93044,direct_reference
PM-5FE7D14B8D9382,2,2,aiddata|chapo,,2020,aiddata:93597|chapo:93597,direct_reference
PM-95B2040FC5BC08,2,2,aiddata|chapo,,2020,aiddata:93368|chapo:93368,direct_reference
PM-95E1FEDEE28485,2,2,aiddata|chapo,,2020,aiddata:93724|chapo:93724,direct_reference
PM-9BFDB9FDB7908F,2,2,aiddata|chapo,,2020,aiddata:92974|chapo:92974,direct_reference
PM-A66A503282DADE,2,2,aiddata|chapo,,2020,aiddata:93366|chapo:93366,direct_reference
PM-AD0F4693DBD38D,2,2,aiddata|chapo,,2020,aiddata:95290|chapo:95290,direct_reference
PM-D0ECDD3E0F14B0,2,2,aiddata|chapo,,2020,aiddata:92889|chapo:92889,direct_reference
PM-E70DDC15123FD7,2,2,aiddata|chapo,,2020,aiddata:93365|chapo:93365,direct_reference
PM-F0F68BB474434A,2,2,aiddata|chapo,,2020,aiddata:93557|chapo:93557,direct_reference
PM-5708551987EA17,2,2,aiddata|chapo,,2021,aiddata:93573|chapo:93573,direct_reference
PM-5ADA3782352D6A,2,2,aiddata|chapo,,2021,aiddata:93571|chapo:93571,direct_reference
PM-7E63E7E5AF0634,2,2,aiddata|chapo,,2021,aiddata:93570|chapo:93570,direct_reference
PM-8F2E3369CC10DB,2,2,aiddata|chapo,,2021,aiddata:92837|chapo:92837,direct_reference
PM-BD70B8229C94FD,2,2,aiddata|chapo,,2021,aiddata:93670|chapo:93670,direct_reference
PM-F0F1A600DE3D9B,2,2,aiddata|chapo,,2021,aiddata:93367|chapo:93367,direct_reference
PM-9A54B6F082D6D6,2,2,aiddata|chapo,AGO,2001,aiddata:4|chapo:4,direct_reference
PM-1511EC7E8599B1,2,2,cgef|cla,AGO,2002,cgef:AO.074|cla:AO.074,automatic_high_confidence
PM-45205E9867DF9D,4,3,aiddata|cgef|cla,AGO,2002,aiddata:100616|aiddata:34589|cgef:AO.075|cla:AO.075,human_confirmed
PM-743A66F7E51AA3,2,2,cgef|cla,AGO,2002,cgef:AO.076|cla:AO.076,automatic_high_confidence
PM-5CFD3D35D8D562,2,2,aiddata|cla,AGO,2003,aiddata:844|cla:AO.002,automatic_high_confidence
PM-77E35479287071,2,2,cgef|cla,AGO,2004,cgef:AO.003.21|cla:AO.003.21,automatic_high_confidence
PM-17D8DCBB095524,2,2,aiddata|cla,AGO,2005,aiddata:34778|cla:AO.003.08,human_confirmed
PM-1A0F0E1292A547,3,3,aiddata|cgef|cla,AGO,2005,aiddata:34847|cgef:AO.003.23|cla:AO.003.23,human_confirmed
PM-1A5D5EB62D8F20,3,3,aiddata|chapo|cla,AGO,2005,aiddata:34843|chapo:34843|cla:AO.003.30,human_confirmed
PM-1E91CE3751D45A,3,3,aiddata|cgef|cla,AGO,2005,aiddata:34848|cgef:AO.003.20|cla:AO.003.20,human_confirmed
PM-20DB29B8F521BA,3,3,aiddata|chapo|cla,AGO,2005,aiddata:34844|chapo:34844|cla:AO.003.31,human_confirmed
PM-3DBB24749E24D7,2,2,aiddata|cla,AGO,2005,aiddata:34851|cla:AO.003.26,automatic_high_confidence
PM-454FF7362F3275,2,2,aiddata|chapo,AGO,2005,aiddata:34796|chapo:34796,direct_reference
PM-4952FB69218A8A,5,3,aiddata|chapo|cla,AGO,2005,aiddata:34798|aiddata:34836|chapo:34798|chapo:34836|cla:AO.003.29,human_confirmed
PM-591D42D8C23661,2,2,aiddata|cla,AGO,2005,aiddata:34850|cla:AO.003.25,automatic_high_confidence
PM-71969F19EDF6A8,3,3,aiddata|cgef|cla,AGO,2005,aiddata:34788|cgef:AO.003.19|cla:AO.003.19,human_confirmed
PM-8063F123922762,3,3,aiddata|chapo|cla,AGO,2005,aiddata:73809|chapo:73809|cla:AO.003.15,human_confirmed
PM-8D6BE5323C59E9,2,2,aiddata|chapo,AGO,2005,aiddata:34846|chapo:34846,direct_reference
PM-AE58E4F1BB7343,2,2,aiddata|cla,AGO,2005,aiddata:34849|cla:AO.003.24,automatic_high_confidence
PM-B5D49FA24A76F4,2,2,aiddata|chapo,AGO,2005,aiddata:34845|chapo:34845,direct_reference
PM-B7794C6993D947,2,2,aiddata|cla,AGO,2005,aiddata:34775|cla:AO.003.05,human_confirmed
PM-D2514C9CA33631,2,2,aiddata|chapo,AGO,2005,aiddata:34841|chapo:34841,direct_reference
PM-F880AE41F993C5,3,3,aiddata|cgef|cla,AGO,2005,aiddata:34789|cgef:AO.003.22|cla:AO.003.22,human_confirmed
PM-FEE0C86D1D0B9B,2,2,aiddata|chapo,AGO,2005,aiddata:34783|chapo:34783,direct_reference
PM-3416182F2DB6EE,2,2,aiddata|chapo,AGO,2006,aiddata:34179|chapo:34179,direct_reference
PM-8A78BA319E5EBE,2,2,aiddata|chapo,AGO,2006,aiddata:32853|chapo:32853,direct_reference
PM-BE9BE6BE27AFA7,2,2,aiddata|cla,AGO,2006,aiddata:34918|cla:AO.003.45,human_confirmed
PM-1A0E1C09AA1A88,2,2,cgef|cla,AGO,2007,cgef:AO.006.15|cla:AO.006.15,automatic_high_confidence
PM-2878E56BD475E6,2,2,cgef|cla,AGO,2007,cgef:AO.005.02|cla:AO.005.02,automatic_high_confidence
PM-3672FFE0780702,2,2,aiddata|cla,AGO,2007,aiddata:34876|cla:AO.005.14,automatic_high_confidence
PM-556A8A512414E7,2,2,aiddata|chapo,AGO,2007,aiddata:34830|chapo:34830,direct_reference
PM-7268B30848385F,2,2,aiddata|chapo,AGO,2007,aiddata:34832|chapo:34832,direct_reference
PM-8B9A0D8CD02F65,2,2,cgef|cla,AGO,2007,cgef:AO.005.06|cla:AO.005.06,automatic_high_confidence
PM-D934E47E9C6E59,2,2,aiddata|chapo,AGO,2007,aiddata:34831|chapo:34831,direct_reference
PM-E1501A37269E65,2,2,aiddata|chapo,AGO,2007,aiddata:35198|chapo:35198,direct_reference
PM-E1E31B642AE39B,2,2,cgef|cla,AGO,2007,cgef:AO.006.16|cla:AO.006.16,automatic_high_confidence
PM-008E006E3B2F6E,2,2,cla|codf,AGO,2008,cla:AO.005.03|codf:AO.005.03,automatic_high_confidence
PM-1141F212A59F36,3,3,cgef|cla|codf,AGO,2008,cgef:AO.003.50|cla:AO.003.50|codf:AO.003.50,human_confirmed
PM-6E80A4E8455276,2,2,cla|codf,AGO,2008,cla:AO.003.51|codf:AO.003.51,automatic_high_confidence
PM-95B6ECEC7C4323,2,2,cla|codf,AGO,2008,cla:AO.147|codf:AO.147,automatic_high_confidence
PM-DA68CCAA9C2F2E,2,2,cla|codf,AGO,2008,cla:AO.003.49|codf:AO.003.49,automatic_high_confidence
PM-E2D6392ED49D42,3,3,cgef|cla|codf,AGO,2008,cgef:AO.003.48|cla:AO.003.48|codf:AO.003.48,human_confirmed
PM-3568B07226DDD1,2,2,aiddata|chapo,AGO,2009,aiddata:68603|chapo:68603,direct_reference
PM-3B2BA5D06AE0D2,2,2,cla|codf,AGO,2009,cla:AO.009.34|codf:AO.009.34,automatic_high_confidence
PM-74DD9C757603AE,2,2,cla|codf,AGO,2009,cla:AO.009.39|codf:AO.009.39,automatic_high_confidence
PM-A22E57B58EE5F5,2,2,aiddata|chapo,AGO,2009,aiddata:67923|chapo:67923,direct_reference
PM-C792FE8C8A84FE,3,3,cgef|cla|codf,AGO,2009,cgef:AO.009.09|cla:AO.009.09|codf:AO.009.09,human_confirmed
PM-CD85DBC4580E15,2,2,cla|codf,AGO,2009,cla:AO.009.27|codf:AO.009.27,automatic_high_confidence
PM-CED65547F034A5,2,2,cla|codf,AGO,2009,cla:AO.030|codf:AO.030,automatic_high_confidence
PM-DE96D5A7B9BE0F,2,2,cla|codf,AGO,2009,cla:AO.009.36|codf:AO.009.36,automatic_high_confidence
PM-00356FCB81219C,2,2,cla|codf,AGO,2010,cla:AO.009.21|codf:AO.009.21,automatic_high_confidence
PM-3CBD342F508776,2,2,cla|codf,AGO,2010,cla:AO.009.12|codf:AO.009.12,automatic_high_confidence
PM-6548DD62CA7B67,2,2,cla|codf,AGO,2010,cla:AO.009.07|codf:AO.009.07,automatic_high_confidence
PM-6615EEF1C7FEE3,2,2,cla|codf,AGO,2010,cla:AO.009.29|codf:AO.009.29,automatic_high_confidence
PM-6ABBF1CBE16515,2,2,cla|codf,AGO,2010,cla:AO.009.30|codf:AO.009.30,automatic_high_confidence
PM-7601AA0DC92CB7,2,2,cgef|cla,AGO,2010,cgef:AO.009.10|cla:AO.009.10,automatic_high_confidence
PM-975E3E457169F1,2,2,aiddata|chapo,AGO,2010,aiddata:72039|chapo:72039,direct_reference
PM-F55277028FA07F,2,2,cla|codf,AGO,2010,cla:AO.009.02|codf:AO.009.02,automatic_high_confidence
PM-193EEFBADAFCCF,2,2,cla|codf,AGO,2011,cla:AO.009.24|codf:AO.009.24,automatic_high_confidence
PM-247DB5FCD3289D,2,2,cla|codf,AGO,2011,cla:AO.009.42|codf:AO.009.42,automatic_high_confidence
PM-350D2E0D19A859,2,2,cla|codf,AGO,2011,cla:AO.009.40|codf:AO.009.40,automatic_high_confidence
PM-35B2AF8E74A625,2,2,cla|codf,AGO,2011,cla:AO.065.07|codf:AO.065.07,human_confirmed
PM-48EC45BFF35374,2,2,cla|codf,AGO,2011,cla:AO.065.09|codf:AO.065.09,automatic_high_confidence
PM-511B90FCDB90EB,2,2,cla|codf,AGO,2011,cla:AO.065.17|codf:AO.065.17,automatic_high_confidence
PM-5444C4A02BEE16,4,4,aiddata|cgef|cla|codf,AGO,2011,aiddata:47102|cgef:AO.080|cla:AO.080|codf:AO.080,human_confirmed
PM-6B84CF1603CBDA,2,2,cla|codf,AGO,2011,cla:AO.065.08|codf:AO.065.08,human_confirmed
PM-7FEA9804059569,2,2,cla|codf,AGO,2011,cla:AO.009.08|codf:AO.009.08,automatic_high_confidence
PM-9E4D4BF2FEC13C,2,2,aiddata|chapo,AGO,2011,aiddata:31796|chapo:31796,direct_reference
PM-A8E0139DAD563E,2,2,cla|codf,AGO,2011,cla:AO.065.02|codf:AO.065.02,automatic_high_confidence
PM-DE7A71E9566D23,2,2,aiddata|chapo,AGO,2011,aiddata:35400|chapo:35400,direct_reference
PM-DF218E6888CD67,2,2,cla|codf,AGO,2011,cla:AO.065.11|codf:AO.065.11,automatic_high_confidence
PM-E9E4755487141E,2,2,cla|codf,AGO,2011,cla:AO.009.73|codf:AO.009.73,automatic_high_confidence
PM-1488BA6276F0AF,5,4,aiddata|cgef|cla|codf,AGO,2012,aiddata:105686|aiddata:47103|cgef:AO.081|cla:AO.081|codf:AO.081,human_confirmed
PM-330FE7C1160343,2,2,aiddata|chapo,AGO,2012,aiddata:67510|chapo:67510,direct_reference
PM-379815DA696DFA,2,2,cla|codf,AGO,2012,cla:AO.065.18|codf:AO.065.18,automatic_high_confidence
PM-8EE7FF3E728AE7,2,2,cla|codf,AGO,2012,cla:AO.065.20|codf:AO.065.20,automatic_high_confidence
PM-93769911FAC9BF,2,2,cla|codf,AGO,2012,cla:AO.065.14|codf:AO.065.14,automatic_high_confidence
PM-9D28ABFC4AF9F0,2,2,aiddata|chapo,AGO,2012,aiddata:68456|chapo:68456,direct_reference
PM-CB39B0A6FB538E,2,2,cla|codf,AGO,2012,cla:AO.065.19|codf:AO.065.19,automatic_high_confidence
PM-CD42C5ADA751A5,2,2,aiddata|chapo,AGO,2012,aiddata:68294|chapo:68294,direct_reference
PM-4D127B2D7CCABE,4,4,aiddata|cgef|cla|codf,AGO,2013,aiddata:67112|cgef:AO.145|cla:AO.145|codf:AO.145,human_confirmed
PM-5EBAA9EEBC34DC,4,4,aiddata|cgef|cla|codf,AGO,2013,aiddata:43782|cgef:AO.056|cla:AO.056|codf:AO.056,human_confirmed
PM-6B302E8DE2EA22,2,2,cla|codf,AGO,2013,cla:AO.065.21|codf:AO.065.21,automatic_high_confidence
PM-937ED887555880,2,2,cla|codf,AGO,2013,cla:AO.009.79|codf:AO.009.79,automatic_high_confidence
PM-AD7E637349C58C,2,2,aiddata|chapo,AGO,2013,aiddata:34934|chapo:34934,direct_reference
PM-C3C7DAB8CB005F,2,2,aiddata|chapo,AGO,2013,aiddata:73795|chapo:73795,direct_reference
PM-D4CE72074A3C94,3,3,aiddata|cla|codf,AGO,2013,aiddata:73913|cla:AO.110|codf:AO.110,human_confirmed
PM-E246CA57A95B25,3,3,aiddata|cla|codf,AGO,2013,aiddata:67367|cla:AO.065.05|codf:AO.065.05,human_confirmed
PM-E89ADE15365875,3,3,aiddata|chapo|cla,AGO,2013,aiddata:73794|chapo:73794|cla:AO.009.80,human_confirmed
PM-EF0E73F9665361,4,4,aiddata|cgef|cla|codf,AGO,2013,aiddata:73852|cgef:AO.082|cla:AO.082|codf:AO.082,human_confirmed
PM-FA4E613BB3B11C,2,2,aiddata|chapo,AGO,2013,aiddata:67517|chapo:67517,direct_reference
PM-16A023B812C038,2,2,aiddata|cofi,AGO,2014,aiddata:43787|cofi:AGO2021002:debt,automatic_high_confidence
PM-323A958F29E983,2,2,cla|codf,AGO,2014,cla:AO.009.75|codf:AO.009.75,automatic_high_confidence
PM-3609022C074003,7,4,cgef|cgp|cla|codf,AGO,2014,cgef:AO.009.71|cgp:AO.001.1|cgp:AO.001.2|cgp:AO.001.3|cgp:AO.001.4|cla:AO.009.71|codf:AO.009.71,human_confirmed
PM-53072D2BD18748,3,3,cgef|cla|codf,AGO,2014,cgef:AO.083|cla:AO.083|codf:AO.083,human_confirmed
PM-59B6BCB1511831,2,2,aiddata|chapo,AGO,2014,aiddata:36111|chapo:36111,direct_reference
PM-68F09BB9B301C3,2,2,cla|codf,AGO,2014,cla:AO.086.02|codf:AO.086.02,automatic_high_confidence
PM-6D7202A831D321,2,2,aiddata|chapo,AGO,2014,aiddata:68458|chapo:68458,direct_reference
PM-74BD799A4EBF39,2,2,cla|codf,AGO,2014,cla:AO.065.26|codf:AO.065.26,automatic_high_confidence
PM-7C5D0910093B06,2,2,cla|codf,AGO,2014,cla:AO.065.27|codf:AO.065.27,automatic_high_confidence
PM-A4E59431BFF3DF,2,2,cla|codf,AGO,2014,cla:AO.155|codf:AO.155,automatic_high_confidence
PM-4B446F4A00F040,2,2,cla|codf,AGO,2015,cla:AO.089.75|codf:AO.089.75,automatic_high_confidence
PM-4F9C921E2610CE,2,2,cla|codf,AGO,2015,cla:AO.089.74|codf:AO.089.74,automatic_high_confidence
PM-59AF7742F1DE75,3,3,aiddata|cla|cofi,AGO,2015,aiddata:43795|cla:AO.058|cofi:AGO2021004:debt,human_confirmed
PM-5F9211DF82DFD8,2,2,cla|codf,AGO,2015,cla:AO.065.28|codf:AO.065.28,human_confirmed
PM-5FF1AECEA937AF,2,2,cla|codf,AGO,2015,cla:AO.009.76|codf:AO.009.76,human_confirmed
PM-BE540795672854,2,2,cla|codf,AGO,2015,cla:AO.128|codf:AO.128,automatic_high_confidence
PM-CC96FE1C984FCE,2,2,cla|codf,AGO,2015,cla:AO.089.03|codf:AO.089.03,automatic_high_confidence
PM-06C72DC74D10F3,2,2,cla|codf,AGO,2016,cla:AO.148|codf:AO.148,automatic_high_confidence
PM-0DFD48F8503389,2,2,aiddata|cla,AGO,2016,aiddata:73546|cla:AO.089.71,human_confirmed
PM-153FA5789F8CD4,2,2,cla|codf,AGO,2016,cla:AO.089.43|codf:AO.089.43,automatic_high_confidence
PM-187ED243111FE8,2,2,cla|codf,AGO,2016,cla:AO.089.42|codf:AO.089.42,automatic_high_confidence
PM-21C5D0CEFE8AD1,2,2,aiddata|cla,AGO,2016,aiddata:73556|cla:AO.089.59,human_confirmed
PM-2A0287291CE312,3,3,cgef|cla|codf,AGO,2016,cgef:AO.089.47|cla:AO.089.47|codf:AO.089.47,human_confirmed
PM-2BFF500E6D59B2,2,2,cla|codf,AGO,2016,cla:AO.089.82|codf:AO.089.82,automatic_high_confidence
PM-2D84EB6DC9344D,2,2,aiddata|cla,AGO,2016,aiddata:73552|cla:AO.089.67,human_confirmed
PM-306E6A1E6C9E4E,2,2,aiddata|cla,AGO,2016,aiddata:73566|cla:AO.089.13,human_confirmed
PM-32BD95160D210C,2,2,cla|codf,AGO,2016,cla:AO.089.24|codf:AO.089.24,automatic_high_confidence
PM-3383AC1AF49C46,2,2,cla|codf,AGO,2016,cla:AO.089.26|codf:AO.089.26,automatic_high_confidence
PM-3504C52291E58E,2,2,cla|codf,AGO,2016,cla:AO.089.63|codf:AO.089.63,automatic_high_confidence
PM-39FA58C2708386,3,3,aiddata|cla|codf,AGO,2016,aiddata:73554|cla:AO.089.64|codf:AO.089.64,human_confirmed
PM-434E60A723E70A,2,2,cla|codf,AGO,2016,cla:AO.089.11|codf:AO.089.11,automatic_high_confidence
PM-441CBE87921443,2,2,cla|codf,AGO,2016,cla:AO.089.27|codf:AO.089.27,automatic_high_confidence
PM-45D4AC76567DB4,2,2,cla|codf,AGO,2016,cla:AO.089.19|codf:AO.089.19,automatic_high_confidence
PM-4B441B1759AE99,4,4,aiddata|cgef|cla|codf,AGO,2016,aiddata:73435|cgef:AO.089.44|cla:AO.089.44|codf:AO.089.44,human_confirmed
PM-4BA21BBD329E4A,2,2,cla|codf,AGO,2016,cla:AO.089.12|codf:AO.089.12,automatic_high_confidence
PM-5DC137C8C53AE1,3,3,cgef|cla|codf,AGO,2016,cgef:AO.089.48|cla:AO.089.48|codf:AO.089.48,human_confirmed
PM-5E8B1A5C5BD3D0,2,2,cla|codf,AGO,2016,cla:AO.089.97|codf:AO.089.97,automatic_high_confidence
PM-6257C9EC897459,3,3,cgef|cla|codf,AGO,2016,cgef:AO.089.96|cla:AO.089.96|codf:AO.089.96,human_confirmed
PM-671B472309A975,2,2,cla|codf,AGO,2016,cla:AO.089.81|codf:AO.089.81,automatic_high_confidence
PM-6C59B5220D70B0,2,2,cla|codf,AGO,2016,cla:AO.089.06|codf:AO.089.06,automatic_high_confidence
PM-6C71C3FD5DB12B,2,2,aiddata|cla,AGO,2016,aiddata:73551|cla:AO.089.69,human_confirmed
PM-758606E1A78A72,2,2,cla|codf,AGO,2016,cla:AO.089.60|codf:AO.089.60,automatic_high_confidence
PM-76636EDD396274,2,2,aiddata|cla,AGO,2016,aiddata:73548|cla:AO.089.72,human_confirmed
PM-7EC631D83B86AB,4,4,cgef|cgp|cla|cofi,AGO,2016,cgef:AO.061|cgp:AO.002|cla:AO.061|cofi:AGO2021001:debt,human_confirmed
PM-841CEAA8E954BB,3,3,cgef|cla|codf,AGO,2016,cgef:AO.089.49|cla:AO.089.49|codf:AO.089.49,human_confirmed
PM-8547FE253D2453,2,2,cla|codf,AGO,2016,cla:AO.089.83|codf:AO.089.83,automatic_high_confidence
PM-8D3D2C9A138C62,2,2,cla|codf,AGO,2016,cla:AO.089.10|codf:AO.089.10,automatic_high_confidence
PM-91034971ABB265,2,2,aiddata|cla,AGO,2016,aiddata:73550|cla:AO.089.68,human_confirmed
PM-955987112F420E,3,3,aiddata|cla|codf,AGO,2016,aiddata:66871|cla:AO.089.35|codf:AO.089.35,human_confirmed
PM-980C141F1480E4,3,3,aiddata|cla|codf,AGO,2016,aiddata:67416|cla:AO.104|codf:AO.104,human_confirmed
PM-9E25613E35FD08,2,2,cla|codf,AGO,2016,cla:AO.089.73|codf:AO.089.73,automatic_high_confidence
PM-A0745721B07B64,2,2,cla|codf,AGO,2016,cla:AO.089.08|codf:AO.089.08,automatic_high_confidence
PM-A0C5B59DD91087,2,2,cla|codf,AGO,2016,cla:AO.089.37|codf:AO.089.37,automatic_high_confidence
PM-A1D2CEDEE92E59,2,2,aiddata|cla,AGO,2016,aiddata:73549|cla:AO.089.70,human_confirmed
PM-A5F1C570A2B88B,2,2,cla|codf,AGO,2016,cla:AO.089.98|codf:AO.089.98,automatic_high_confidence
PM-A7E2C163771A4F,2,2,cla|codf,AGO,2016,cla:AO.063|codf:AO.063,automatic_high_confidence
PM-A7EBF747CCCAA0,3,3,aiddata|cla|codf,AGO,2016,aiddata:73658|cla:AO.089.32|codf:AO.089.32,human_confirmed
PM-A9B67AB697EC62,2,2,cla|codf,AGO,2016,cla:AO.089.31|codf:AO.089.31,automatic_high_confidence
PM-AE384300CEA0D0,2,2,cla|codf,AGO,2016,cla:AO.089.07|codf:AO.089.07,automatic_high_confidence
PM-B602D52D649E1F,2,2,cla|codf,AGO,2016,cla:AO.089.22|codf:AO.089.22,automatic_high_confidence
PM-B72AB16E780BA5,2,2,aiddata|cla,AGO,2016,aiddata:73553|cla:AO.089.66,human_confirmed
PM-BBC05AF3064D0D,3,3,aiddata|cla|codf,AGO,2016,aiddata:73630|cla:AO.089.21|codf:AO.089.21,human_confirmed
PM-C1A9664587BED9,2,2,aiddata|cla,AGO,2016,aiddata:73557|cla:AO.089.52,human_confirmed
PM-C1FBD8A793F13D,2,2,cla|codf,AGO,2016,cla:AO.089.29|codf:AO.089.29,automatic_high_confidence
PM-C2464A928AC0A0,2,2,cla|codf,AGO,2016,cla:AO.089.38|codf:AO.089.38,automatic_high_confidence
PM-C50FB3BB6D928C,2,2,cla|codf,AGO,2016,cla:AO.089.57|codf:AO.089.57,automatic_high_confidence
PM-CABDE3D938D953,2,2,cla|codf,AGO,2016,cla:AO.089.40|codf:AO.089.40,automatic_high_confidence
PM-CD96FD8E15C640,2,2,aiddata|chapo,AGO,2016,aiddata:67628|chapo:67628,direct_reference
PM-D470D41A39CF40,3,3,cgef|cla|codf,AGO,2016,cgef:AO.089.45|cla:AO.089.45|codf:AO.089.45,human_confirmed
PM-D74475266C2462,3,3,cgef|cla|codf,AGO,2016,cgef:AO.089.46|cla:AO.089.46|codf:AO.089.46,human_confirmed
PM-DB352B893316BA,2,2,cla|codf,AGO,2016,cla:AO.089.20|codf:AO.089.20,automatic_high_confidence
PM-E612CD7C06CFD5,2,2,cla|codf,AGO,2016,cla:AO.089.09|codf:AO.089.09,automatic_high_confidence
PM-E679C7774C85E3,2,2,cla|codf,AGO,2016,cla:AO.089.41|codf:AO.089.41,automatic_high_confidence
PM-E784A666CBB4B5,2,2,cla|codf,AGO,2016,cla:AO.089.80|codf:AO.089.80,automatic_high_confidence
PM-E7DD628436C6DB,2,2,cla|codf,AGO,2016,cla:AO.089.62|codf:AO.089.62,automatic_high_confidence
PM-E9E0A196908836,3,3,aiddata|cla|codf,AGO,2016,aiddata:73905|cla:AO.089.76|codf:AO.089.76,human_confirmed
PM-EADA0A27D41882,2,2,cla|codf,AGO,2016,cla:AO.089.53|codf:AO.089.53,automatic_high_confidence
PM-EF075C2EC7C7A4,3,3,aiddata|cla|codf,AGO,2016,aiddata:73904|cla:AO.089.36|codf:AO.089.36,human_confirmed
PM-EF7DEF6CF664D8,2,2,aiddata|cla,AGO,2016,aiddata:66869|cla:AO.089.05,automatic_high_confidence
PM-F1A40AB086FD39,3,3,aiddata|cla|codf,AGO,2016,aiddata:73636|cla:AO.089.85|codf:AO.089.85,human_confirmed
PM-F1A796DD75B055,3,3,aiddata|cla|codf,AGO,2016,aiddata:73631|cla:AO.089.23|codf:AO.089.23,human_confirmed
PM-F4795FC4B5091F,2,2,cla|codf,AGO,2016,cla:AO.089.28|codf:AO.089.28,automatic_high_confidence
PM-F68A61326A5243,2,2,cla|codf,AGO,2016,cla:AO.089.58|codf:AO.089.58,automatic_high_confidence
PM-F9880829721B16,2,2,cla|codf,AGO,2016,cla:AO.089.56|codf:AO.089.56,automatic_high_confidence
PM-1A1D268C662E7B,3,3,aiddata|cla|codf,AGO,2017,aiddata:73462|cla:AO.089.86|codf:AO.089.86,human_confirmed
PM-22D9184627E38F,2,2,aiddata|chapo,AGO,2017,aiddata:67724|chapo:67724,direct_reference
PM-370B0B91224414,2,2,cla|codf,AGO,2017,cla:AO.065.29|codf:AO.065.29,automatic_high_confidence
PM-7D36009DBD746D,3,3,aiddata|cla|codf,AGO,2017,aiddata:73463|cla:AO.089.88|codf:AO.089.88,human_confirmed
PM-857CB485544D7C,2,2,aiddata|chapo,AGO,2017,aiddata:67727|chapo:67727,direct_reference
PM-8C9261735D4286,2,2,aiddata|chapo,AGO,2017,aiddata:68977|chapo:68977,direct_reference
PM-C1E6C6D65FEC40,2,2,cla|codf,AGO,2017,cla:AO.020|codf:AO.020,automatic_high_confidence
PM-DB9D305A6680F5,2,2,cla|codf,AGO,2017,cla:AO.009.77|codf:AO.009.77,automatic_high_confidence
PM-DFBA4C561F9421,3,3,aiddata|cla|codf,AGO,2017,aiddata:67506|cla:AO.089.99|codf:AO.089.99,human_confirmed
PM-F749243DA55FA6,2,2,aiddata|chapo,AGO,2017,aiddata:68980|chapo:68980,direct_reference
PM-FF2D9928D6E13D,2,2,aiddata|chapo,AGO,2017,aiddata:68976|chapo:68976,direct_reference
PM-38074D8B5C157B,2,2,aiddata|chapo,AGO,2018,aiddata:87606|chapo:87606,direct_reference
PM-59245FBD0A8AB2,2,2,cla|codf,AGO,2018,cla:AO.089.90|codf:AO.089.90,automatic_high_confidence
PM-69F5ABA53FA71E,2,2,aiddata|chapo,AGO,2018,aiddata:87644|chapo:87644,direct_reference
PM-2381172CD0D653,2,2,cla|codf,AGO,2019,cla:AO.009.78|codf:AO.009.78,automatic_high_confidence
PM-A10A23DE7AD253,2,2,aiddata|cla,AGO,2019,aiddata:91943|cla:AO.138,automatic_high_confidence
PM-C0A6B8BBB4EC38,2,2,aiddata|chapo,AGO,2019,aiddata:87623|chapo:87623,direct_reference
PM-114B1BFBF444E6,2,2,aiddata|chapo,AGO,2020,aiddata:97944|chapo:97944,direct_reference
PM-13EDD18D6AD399,2,2,aiddata|chapo,AGO,2020,aiddata:93100|chapo:93100,direct_reference
PM-172278D8DA65D7,2,2,aiddata|chapo,AGO,2020,aiddata:93380|chapo:93380,direct_reference
PM-36B2507D282F66,2,2,aiddata|chapo,AGO,2020,aiddata:93149|chapo:93149,direct_reference
PM-DB92E520277ADE,2,2,aiddata|chapo,AGO,2020,aiddata:93114|chapo:93114,direct_reference
PM-32B219BDE9C879,2,2,cla|codf,AGO,2021,cla:AO.143|codf:AO.143,automatic_high_confidence
PM-8ADB73BA5EA274,2,2,aiddata|chapo,AGO,2021,aiddata:93104|chapo:93104,direct_reference
PM-CD7452C5B3AEA3,3,3,aiddata|cla|codf,AGO,2023,aiddata:95330|cla:AO.144|codf:AO.144,human_confirmed
PM-44FF7F07F85850,2,2,cla|codf,AGO,2024,cla:AO.154|codf:AO.154,automatic_high_confidence
PM-B88057CDDAE84C,2,2,cla|codf,AGO,2024,cla:AO.123|codf:AO.123,automatic_high_confidence
PM-9A174613955468,2,2,aiddata|chapo,BDI,2000,aiddata:36093|chapo:36093,direct_reference
PM-D5164DF558AB34,2,2,aiddata|chapo,BDI,2001,aiddata:36092|chapo:36092,direct_reference
PM-666E9501BEA543,2,2,aiddata|chapo,BDI,2004,aiddata:66601|chapo:66601,direct_reference
PM-F52218E3E8BE82,2,2,aiddata|chapo,BDI,2004,aiddata:36091|chapo:36091,direct_reference
PM-7EFFAF3EEBA6D5,2,2,aiddata|chapo,BDI,2005,aiddata:73407|chapo:73407,direct_reference
PM-CB0FE53DBBA683,2,2,aiddata|chapo,BDI,2005,aiddata:66600|chapo:66600,direct_reference
PM-A405FB8CFEC91C,2,2,aiddata|chapo,BDI,2006,aiddata:36089|chapo:36089,direct_reference
PM-058619E182B287,2,2,aiddata|chapo,BDI,2007,aiddata:66579|chapo:66579,direct_reference
PM-0B47CCE32233B8,2,2,aiddata|chapo,BDI,2007,aiddata:12324|chapo:12324,direct_reference
PM-7FF64D99340288,2,2,aiddata|chapo,BDI,2007,aiddata:319|chapo:319,direct_reference
PM-39BBDB77759DCD,2,2,aiddata|chapo,BDI,2008,aiddata:57593|chapo:57593,direct_reference
PM-4E840DBAE297FC,2,2,aiddata|chapo,BDI,2008,aiddata:36088|chapo:36088,direct_reference
PM-6E15E23F84418C,2,2,aiddata|chapo,BDI,2008,aiddata:73410|chapo:73410,direct_reference
PM-C4F066DD042C2A,2,2,aiddata|chapo,BDI,2008,aiddata:12298|chapo:12298,direct_reference
PM-DD66E164E20D26,2,2,aiddata|cla,BDI,2008,aiddata:824|cla:BI.002,automatic_high_confidence
PM-A4587A709DD97A,2,2,aiddata|chapo,BDI,2009,aiddata:36085|chapo:36085,direct_reference
PM-AC057058895513,2,2,aiddata|chapo,BDI,2009,aiddata:35200|chapo:35200,direct_reference
PM-58605DA68A27F9,2,2,aiddata|chapo,BDI,2010,aiddata:30065|chapo:30065,direct_reference
PM-2789BA795DACCD,2,2,aiddata|chapo,BDI,2012,aiddata:36083|chapo:36083,direct_reference
PM-EB403980141BB5,2,2,aiddata|chapo,BDI,2012,aiddata:30096|chapo:30096,direct_reference
PM-D3B07EC62D757F,2,2,aiddata|chapo,BDI,2014,aiddata:36018|chapo:36018,direct_reference
PM-256D1C00D4546E,2,2,aiddata|chapo,BDI,2016,aiddata:52928|chapo:52928,direct_reference
PM-B110F812023FF3,2,2,aiddata|chapo,BDI,2016,aiddata:57595|chapo:57595,direct_reference
PM-2F81C210B93EAF,2,2,cla|codf,BDI,2017,cla:BI.010|codf:BI.010,automatic_high_confidence
PM-53C4E1D0DA091B,2,2,aiddata|chapo,BDI,2018,aiddata:57410|chapo:57410,direct_reference
PM-8C9505B1F417AB,2,2,aiddata|chapo,BDI,2018,aiddata:57592|chapo:57592,direct_reference
PM-217EAC7B1417D4,2,2,aiddata|chapo,BDI,2019,aiddata:57594|chapo:57594,direct_reference
PM-C11987251C7869,2,2,aiddata|chapo,BDI,2019,aiddata:86086|chapo:86086,direct_reference
PM-F94B939B48F62D,2,2,aiddata|chapo,BDI,2019,aiddata:86031|chapo:86031,direct_reference
PM-090A0B868C1158,2,2,aiddata|chapo,BDI,2020,aiddata:92165|chapo:92165,direct_reference
PM-83265000258D27,2,2,aiddata|chapo,BDI,2020,aiddata:92044|chapo:92044,direct_reference
PM-D30B716F0A2D8F,2,2,aiddata|chapo,BDI,2020,aiddata:92109|chapo:92109,direct_reference
PM-E8986C643A0DC5,2,2,aiddata|chapo,BDI,2020,aiddata:92117|chapo:92117,direct_reference
PM-999E86AC8910EB,2,2,aiddata|chapo,BDI,2021,aiddata:96937|chapo:96937,direct_reference
PM-A8CC2E481A7D93,2,2,aiddata|chapo,BDI,2021,aiddata:96944|chapo:96944,direct_reference
PM-96B52892C8BABE,2,2,aiddata|chapo,BEN,2002,aiddata:35656|chapo:35656,direct_reference
PM-6CDF4952D3EE8D,2,2,aiddata|chapo,BEN,2003,aiddata:70247|chapo:70247,direct_reference
PM-A0BF560E15918A,2,2,aiddata|chapo,BEN,2004,aiddata:35657|chapo:35657,direct_reference
PM-A8E11C0188BB07,2,2,aiddata|chapo,BEN,2004,aiddata:59513|chapo:59513,direct_reference
PM-7EF9D1E86194C3,2,2,aiddata|chapo,BEN,2005,aiddata:35658|chapo:35658,direct_reference
PM-33D46F9E484670,2,2,aiddata|chapo,BEN,2006,aiddata:35660|chapo:35660,direct_reference
PM-4CB8F5E5D26A42,2,2,aiddata|chapo,BEN,2006,aiddata:59489|chapo:59489,direct_reference
PM-1A69BFBD16FE1A,2,2,aiddata|chapo,BEN,2007,aiddata:59652|chapo:59652,direct_reference
PM-BEFBD69693E522,2,2,aiddata|chapo,BEN,2008,aiddata:59509|chapo:59509,direct_reference
PM-D76DAFB043D8A7,2,2,aiddata|chapo,BEN,2008,aiddata:59650|chapo:59650,direct_reference
PM-1445EF5CCB33AE,2,2,aiddata|chapo,BEN,2009,aiddata:59649|chapo:59649,direct_reference
PM-F2815EBF980C0E,2,2,aiddata|chapo,BEN,2009,aiddata:34144|chapo:34144,direct_reference
PM-8EAFB22BA6B49B,2,2,aiddata|chapo,BEN,2010,aiddata:59648|chapo:59648,direct_reference
PM-F1C44D2550FF32,2,2,aiddata|chapo,BEN,2010,aiddata:35661|chapo:35661,direct_reference
PM-F87EAC269A24B5,2,2,cla|codf,BEN,2010,cla:BJ.003|codf:BJ.003,automatic_high_confidence
PM-3A9AFA2818AB13,2,2,aiddata|chapo,BEN,2011,aiddata:73429|chapo:73429,direct_reference
PM-E7D23B75F300EB,2,2,aiddata|chapo,BEN,2011,aiddata:59647|chapo:59647,direct_reference
PM-32A402D97D32FB,2,2,aiddata|chapo,BEN,2012,aiddata:59474|chapo:59474,direct_reference
PM-434385DEFF7449,2,2,aiddata|chapo,BEN,2012,aiddata:73430|chapo:73430,direct_reference
PM-4CF25E52923414,2,2,cla|codf,BEN,2013,cla:BJ.010|codf:BJ.010,automatic_high_confidence
PM-A2FC8AC2C1A7E5,2,2,aiddata|chapo,BEN,2013,aiddata:72795|chapo:72795,direct_reference
PM-A41FF5CC16FF5D,2,2,aiddata|chapo,BEN,2013,aiddata:59639|chapo:59639,direct_reference
PM-8980A962545DFD,2,2,aiddata|chapo,BEN,2014,aiddata:72796|chapo:72796,direct_reference
PM-B2E4E4AB152166,2,2,aiddata|chapo,BEN,2014,aiddata:59468|chapo:59468,direct_reference
PM-33C397A934952A,2,2,cla|codf,BEN,2015,cla:BJ.012|codf:BJ.012,automatic_high_confidence
PM-53A44F1CAA905E,2,2,aiddata|chapo,BEN,2015,aiddata:52142|chapo:52142,direct_reference
PM-0EB9D50AE51539,2,2,aiddata|chapo,BEN,2016,aiddata:59423|chapo:59423,direct_reference
PM-72C3CE8DFE4D5C,2,2,aiddata|chapo,BEN,2017,aiddata:59438|chapo:59438,direct_reference
PM-C75624CCDB7593,2,2,cla|codf,BEN,2017,cla:BJ.015|codf:BJ.015,automatic_high_confidence
PM-74607D7F153842,2,2,aiddata|chapo,BEN,2018,aiddata:59446|chapo:59446,direct_reference
PM-15BD5C5ED5510A,2,2,aiddata|chapo,BEN,2019,aiddata:68813|chapo:68813,direct_reference
PM-271705327F4E0B,2,2,aiddata|chapo,BEN,2019,aiddata:88602|chapo:88602,direct_reference
PM-D9768E1178BBD4,2,2,aiddata|chapo,BEN,2019,aiddata:60127|chapo:60127,direct_reference
PM-E2D3A18FD74269,2,2,aiddata|chapo,BEN,2019,aiddata:87413|chapo:87413,direct_reference
PM-40AC97CF717ADB,2,2,aiddata|chapo,BEN,2020,aiddata:72043|chapo:72043,direct_reference
PM-4B0935768C42FB,2,2,aiddata|chapo,BEN,2020,aiddata:68059|chapo:68059,direct_reference
PM-4CD33E348BAD16,2,2,aiddata|chapo,BEN,2020,aiddata:68153|chapo:68153,direct_reference
PM-86D03CB36E162C,2,2,aiddata|chapo,BEN,2020,aiddata:93283|chapo:93283,direct_reference
PM-8C575D3E41A65D,2,2,aiddata|chapo,BEN,2020,aiddata:94367|chapo:94367,direct_reference
PM-911CC5891338F4,2,2,aiddata|chapo,BEN,2020,aiddata:68430|chapo:68430,direct_reference
PM-95DDAE2ADA2E77,2,2,aiddata|chapo,BEN,2020,aiddata:93509|chapo:93509,direct_reference
PM-A2F411D4194CB7,2,2,aiddata|chapo,BEN,2020,aiddata:93299|chapo:93299,direct_reference
PM-A6AC101C7C980B,2,2,aiddata|chapo,BEN,2020,aiddata:97949|chapo:97949,direct_reference
PM-C819270EBF06AB,2,2,aiddata|chapo,BEN,2020,aiddata:94254|chapo:94254,direct_reference
PM-E3ED5618F9B438,2,2,aiddata|chapo,BEN,2020,aiddata:93284|chapo:93284,direct_reference
PM-EE0B952EB59430,2,2,aiddata|chapo,BEN,2020,aiddata:93285|chapo:93285,direct_reference
PM-EE0B9F77641EA6,2,2,aiddata|chapo,BEN,2020,aiddata:68408|chapo:68408,direct_reference
PM-FD21F3ECA8B656,2,2,aiddata|chapo,BEN,2020,aiddata:93292|chapo:93292,direct_reference
PM-FD5E6A79B5CAC5,2,2,aiddata|chapo,BEN,2020,aiddata:95850|chapo:95850,direct_reference
PM-4CBBED9AD07108,2,2,aiddata|chapo,BEN,2021,aiddata:93449|chapo:93449,direct_reference
PM-8C571640E82FBE,2,2,aiddata|chapo,BEN,2021,aiddata:93254|chapo:93254,direct_reference
PM-BF3FB436DD8715,2,2,aiddata|chapo,BEN,2021,aiddata:93552|chapo:93552,direct_reference
PM-FCA0D48A228E2B,2,2,aiddata|chapo,BEN,2021,aiddata:93603|chapo:93603,direct_reference
PM-44BFF7BCAAEA55,2,2,cla|codf,BEN,2022,cla:BJ.021|codf:BJ.021,automatic_high_confidence
PM-03324A64656ACF,2,2,aiddata|chapo,BFA,2018,aiddata:60122|chapo:60122,direct_reference
PM-7C8FB7018273D3,2,2,aiddata|chapo,BFA,2018,aiddata:60124|chapo:60124,direct_reference
PM-8733028A0FDF0F,2,2,aiddata|chapo,BFA,2018,aiddata:60057|chapo:60057,direct_reference
PM-B714ADE15552D0,2,2,aiddata|chapo,BFA,2018,aiddata:88583|chapo:88583,direct_reference
PM-E8CA77AC233039,2,2,aiddata|chapo,BFA,2018,aiddata:93658|chapo:93658,direct_reference
PM-F1C5C2EBFEE7F7,2,2,aiddata|chapo,BFA,2018,aiddata:88756|chapo:88756,direct_reference
PM-F6491838DF9DCF,2,2,aiddata|chapo,BFA,2018,aiddata:88741|chapo:88741,direct_reference
PM-CBA8545C4E5C71,2,2,aiddata|chapo,BFA,2019,aiddata:86706|chapo:86706,direct_reference
PM-F97614D1AECFA6,2,2,aiddata|cla,BFA,2019,aiddata:60072|cla:BF.002,automatic_high_confidence
PM-117883BB1C5615,2,2,aiddata|chapo,BFA,2020,aiddata:94575|chapo:94575,direct_reference
PM-195EA0CF7ABEF9,2,2,aiddata|chapo,BFA,2020,aiddata:95372|chapo:95372,direct_reference
PM-25EC638A296FDF,2,2,aiddata|chapo,BFA,2020,aiddata:94573|chapo:94573,direct_reference
PM-2BEC5FBA58D07C,2,2,aiddata|chapo,BFA,2020,aiddata:93396|chapo:93396,direct_reference
PM-2F03297C339669,2,2,aiddata|chapo,BFA,2020,aiddata:93768|chapo:93768,direct_reference
PM-3F82DAA2D67E31,2,2,aiddata|chapo,BFA,2020,aiddata:93719|chapo:93719,direct_reference
PM-439433AE966C86,2,2,aiddata|chapo,BFA,2020,aiddata:97945|chapo:97945,direct_reference
PM-4E0C06D732BD73,2,2,aiddata|chapo,BFA,2020,aiddata:94587|chapo:94587,direct_reference
PM-5E902999550FE5,2,2,aiddata|chapo,BFA,2020,aiddata:94588|chapo:94588,direct_reference
PM-6A0BD252F01D03,2,2,aiddata|chapo,BFA,2020,aiddata:94574|chapo:94574,direct_reference
PM-892FEDE2D7AB18,2,2,aiddata|chapo,BFA,2020,aiddata:93399|chapo:93399,direct_reference
PM-DEAAA23E836431,2,2,aiddata|chapo,BFA,2020,aiddata:93398|chapo:93398,direct_reference
PM-E03B3B23385F9A,2,2,aiddata|chapo,BFA,2020,aiddata:93397|chapo:93397,direct_reference
PM-F48994948539DA,3,3,aiddata|cla|codf,BFA,2020,aiddata:86748|cla:BF.003|codf:BF.003,human_confirmed
PM-02A8E1CD952233,2,2,aiddata|chapo,BFA,2021,aiddata:93720|chapo:93720,direct_reference
PM-2EEC33A0663DE8,2,2,aiddata|chapo,BFA,2021,aiddata:93653|chapo:93653,direct_reference
PM-E88E77CA88A218,2,2,aiddata|chapo,BFA,2021,aiddata:93657|chapo:93657,direct_reference
PM-F06D39B46C744F,5,5,aiddata|cgef|cgp|cla|codf,BFA,2023,aiddata:104469|cgef:BF.008|cgp:BF.001|cla:BF.008|codf:BF.008,human_confirmed
PM-F3342540314C83,2,2,aiddata|chapo,BWA,2002,aiddata:73115|chapo:73115,direct_reference
PM-957BBFCEC4B00F,2,2,aiddata|chapo,BWA,2005,aiddata:29|chapo:29,direct_reference
PM-5994891CE8B7F8,2,2,aiddata|chapo,BWA,2007,aiddata:35199|chapo:35199,direct_reference
PM-4A27E7D6ACCB7C,2,2,aiddata|chapo,BWA,2008,aiddata:31192|chapo:31192,direct_reference
PM-F9563FAE47E300,2,2,aiddata|chapo,BWA,2008,aiddata:35669|chapo:35669,direct_reference
PM-A813E63459F114,3,3,aiddata|cla|cofi,BWA,2009,aiddata:40|cla:BW.009|cofi:BWA2021001:debt,human_confirmed
PM-3E8CAC4DB7EB57,2,2,aiddata|chapo,BWA,2011,aiddata:30844|chapo:30844,direct_reference
PM-E4D4156B05466C,2,2,aiddata|chapo,BWA,2011,aiddata:30843|chapo:30843,direct_reference
PM-FEDBC5E96E739A,2,2,aiddata|chapo,BWA,2011,aiddata:34927|chapo:34927,direct_reference
PM-F7A5F9D1CFF1BC,2,2,aiddata|chapo,BWA,2013,aiddata:30845|chapo:30845,direct_reference
PM-4401461FA3D93A,2,2,aiddata|chapo,BWA,2015,aiddata:35670|chapo:35670,direct_reference
PM-E14D39AA146AC2,2,2,aiddata|chapo,BWA,2015,aiddata:53025|chapo:53025,direct_reference
PM-E39C38C636162C,2,2,aiddata|chapo,BWA,2015,aiddata:58123|chapo:58123,direct_reference
PM-5A660053CE1242,2,2,aiddata|chapo,BWA,2017,aiddata:58033|chapo:58033,direct_reference
PM-1433ED625C57C8,2,2,aiddata|chapo,BWA,2018,aiddata:88347|chapo:88347,direct_reference
PM-4DE70EDE564237,2,2,aiddata|chapo,BWA,2020,aiddata:91740|chapo:91740,direct_reference
PM-65349C6B682EFA,2,2,aiddata|chapo,BWA,2020,aiddata:91695|chapo:91695,direct_reference
PM-7187DCDF7569CC,2,2,aiddata|chapo,BWA,2020,aiddata:91829|chapo:91829,direct_reference
PM-92DDF986C075E5,2,2,aiddata|chapo,BWA,2020,aiddata:91647|chapo:91647,direct_reference
PM-9BF0759FEE636E,2,2,aiddata|chapo,BWA,2020,aiddata:91644|chapo:91644,direct_reference
PM-A6FA8E94D437AF,2,2,aiddata|chapo,BWA,2020,aiddata:91643|chapo:91643,direct_reference
PM-DAE4D98F1B5A65,2,2,aiddata|chapo,BWA,2020,aiddata:91640|chapo:91640,direct_reference
PM-F213520A8F799D,2,2,aiddata|chapo,BWA,2020,aiddata:91950|chapo:91950,direct_reference
PM-F28D78657409D7,2,2,aiddata|chapo,BWA,2020,aiddata:91689|chapo:91689,direct_reference
PM-005ECDE6C7C225,2,2,aiddata|chapo,BWA,2021,aiddata:96921|chapo:96921,direct_reference
PM-46EAF4404BFC5F,2,2,aiddata|chapo,BWA,2021,aiddata:96922|chapo:96922,direct_reference
PM-4B3D56D62D8463,2,2,aiddata|chapo,BWA,2021,aiddata:96972|chapo:96972,direct_reference
PM-CFB36AD5A0DD21,2,2,aiddata|chapo,BWA,2021,aiddata:96939|chapo:96939,direct_reference
PM-DF1F73C4541C4D,2,2,aiddata|chapo,BWA,2021,aiddata:95564|chapo:95564,direct_reference
PM-34FB0D43C854CF,2,2,aiddata|chapo,CIV,2006,aiddata:66137|chapo:66137,direct_reference
PM-47159C6247D3AF,2,2,aiddata|chapo,CIV,2007,aiddata:34835|chapo:34835,direct_reference
PM-0DA3C43D40FF72,2,2,aiddata|chapo,CIV,2008,aiddata:717|chapo:717,direct_reference
PM-9F8A5463E8FABF,2,2,aiddata|chapo,CIV,2008,aiddata:30585|chapo:30585,direct_reference
PM-A887F00C8A861B,2,2,aiddata|chapo,CIV,2008,aiddata:718|chapo:718,direct_reference
PM-25CFD6E09F8CD7,2,2,aiddata|chapo,CIV,2009,aiddata:66425|chapo:66425,direct_reference
PM-05DD8C91DE7149,2,2,aiddata|chapo,CIV,2012,aiddata:66116|chapo:66116,direct_reference
PM-10E40B912B3597,2,2,aiddata|chapo,CIV,2013,aiddata:92317|chapo:92317,direct_reference
PM-B78DEAC6D5B91C,9,6,aiddata|cgef|cgp|cla|codf|cofi,CIV,2013,aiddata:30922|cgef:CI.009|cgp:CI.001.1|cgp:CI.001.2|cgp:CI.001.3|cgp:CI.001.4|cla:CI.009|codf:CI.009|cofi:CIV2021002:debt,human_confirmed
PM-190A2E4885B147,2,2,aiddata|chapo,CIV,2014,aiddata:66204|chapo:66204,direct_reference
PM-40D701E146C8AC,2,2,aiddata|chapo,CIV,2014,aiddata:66206|chapo:66206,direct_reference
PM-8DC8162F074B9A,2,2,aiddata|chapo,CIV,2014,aiddata:36275|chapo:36275,direct_reference
PM-C0436E934CDBED,2,2,aiddata|codf,CIV,2014,aiddata:30857|codf:CI.023,automatic_high_confidence
PM-1554F97D437ECE,2,2,cgef|codf,CIV,2015,cgef:CI.048.02|codf:CI.048.02,human_confirmed
PM-CE083ADAFE2F05,2,2,cgef|codf,CIV,2015,cgef:CI.048.01|codf:CI.048.01,human_confirmed
PM-F14E18E253A3DA,2,2,aiddata|chapo,CIV,2016,aiddata:66030|chapo:66030,direct_reference
PM-1B7698D580828F,2,2,aiddata|chapo,CIV,2018,aiddata:87823|chapo:87823,direct_reference
PM-5F9B83742B334F,2,2,aiddata|chapo,CIV,2019,aiddata:87778|chapo:87778,direct_reference
PM-CADEF44ADA9890,2,2,aiddata|chapo,CIV,2019,aiddata:87873|chapo:87873,direct_reference
PM-F973CF62D13401,8,6,aiddata|cgef|cgp|cla|codf|cofi,CIV,2019,aiddata:59809|cgef:CI.041|cgp:CI.002.1|cgp:CI.002.2|cgp:CI.002.3|cla:CI.041|codf:CI.041|cofi:CIV2021001:debt,human_confirmed
PM-019B836B0DA9EA,2,2,aiddata|chapo,CIV,2020,aiddata:93711|chapo:93711,direct_reference
PM-2E878AA94EB346,2,2,aiddata|chapo,CIV,2020,aiddata:93704|chapo:93704,direct_reference
PM-3D2EEAA2B3EFDC,2,2,aiddata|chapo,CIV,2020,aiddata:93703|chapo:93703,direct_reference
PM-49D4FE72C79AD1,2,2,aiddata|chapo,CIV,2020,aiddata:92314|chapo:92314,direct_reference
PM-4F1ED08EC96C93,2,2,aiddata|chapo,CIV,2020,aiddata:93701|chapo:93701,direct_reference
PM-55A49FAA6C4EBB,2,2,aiddata|chapo,CIV,2020,aiddata:93697|chapo:93697,direct_reference
PM-56D8F38389EB77,2,2,aiddata|chapo,CIV,2020,aiddata:93696|chapo:93696,direct_reference
PM-778842EA8FB6E3,2,2,aiddata|chapo,CIV,2020,aiddata:93620|chapo:93620,direct_reference
PM-77923D215EE28E,2,2,aiddata|chapo,CIV,2020,aiddata:93693|chapo:93693,direct_reference
PM-7886B7511A831E,2,2,aiddata|chapo,CIV,2020,aiddata:93698|chapo:93698,direct_reference
PM-86BAD525D3CDFF,2,2,aiddata|chapo,CIV,2020,aiddata:93618|chapo:93618,direct_reference
PM-A03D46E9F6F8AA,2,2,aiddata|chapo,CIV,2020,aiddata:93621|chapo:93621,direct_reference
PM-A3605C73E9F1A4,2,2,aiddata|chapo,CIV,2020,aiddata:93628|chapo:93628,direct_reference
PM-AD40EF17BAAB6A,2,2,aiddata|chapo,CIV,2020,aiddata:93699|chapo:93699,direct_reference
PM-E5AC64FC6AE19E,2,2,aiddata|chapo,CIV,2020,aiddata:93709|chapo:93709,direct_reference
PM-FB5369EF18F119,2,2,aiddata|chapo,CIV,2020,aiddata:93692|chapo:93692,direct_reference
PM-703BB5357B09C4,2,2,aiddata|chapo,CIV,2021,aiddata:93619|chapo:93619,direct_reference
PM-B6F390301B5B18,2,2,aiddata|chapo,CIV,2021,aiddata:93616|chapo:93616,direct_reference
PM-20776B0DA71456,2,2,aiddata|chapo,CMR,2000,aiddata:36116|chapo:36116,direct_reference
PM-B1B99FC8132794,2,2,aiddata|chapo,CMR,2002,aiddata:36115|chapo:36115,direct_reference
PM-1B27546EC4ADF1,2,2,aiddata|chapo,CMR,2003,aiddata:284|chapo:284,direct_reference
PM-1EA3FD3ADEC7DE,2,2,aiddata|chapo,CMR,2003,aiddata:287|chapo:287,direct_reference
PM-B21084F688FE6F,2,2,aiddata|chapo,CMR,2003,aiddata:35068|chapo:35068,direct_reference
PM-09C00A17B68650,2,2,aiddata|chapo,CMR,2004,aiddata:36114|chapo:36114,direct_reference
PM-4986DBC78C3EF7,2,2,aiddata|chapo,CMR,2006,aiddata:31837|chapo:31837,direct_reference
PM-014ABE2DCD7931,2,2,aiddata|chapo,CMR,2007,aiddata:58694|chapo:58694,direct_reference
PM-7C9B917012C28F,3,3,aiddata|chapo|cla,CMR,2007,aiddata:58705|chapo:58705|cla:CM.091,human_confirmed
PM-821376ECF61E3A,2,2,aiddata|chapo,CMR,2007,aiddata:58697|chapo:58697,direct_reference
PM-8720704A37B5FB,2,2,aiddata|chapo,CMR,2007,aiddata:22856|chapo:22856,direct_reference
PM-4EB4C1479A2268,2,2,aiddata|chapo,CMR,2008,aiddata:31875|chapo:31875,direct_reference
PM-2A62E8D6C051AF,2,2,aiddata|chapo,CMR,2009,aiddata:31887|chapo:31887,direct_reference
PM-688E92CCF4BCB8,3,3,aiddata|chapo|cla,CMR,2009,aiddata:314|chapo:314|cla:CM.041,human_confirmed
PM-7F162482089B3E,3,3,aiddata|cla|codf,CMR,2009,aiddata:31888|cla:CM.068|codf:CM.068,human_confirmed
PM-80C2887FA1A5E6,2,2,aiddata|chapo,CMR,2009,aiddata:59618|chapo:59618,direct_reference
PM-90B8E54B7C703E,2,2,cla|codf,CMR,2009,cla:CM.028|codf:CM.028,automatic_high_confidence
PM-BEA775269132C3,2,2,aiddata|chapo,CMR,2009,aiddata:22850|chapo:22850,direct_reference
PM-E890F6DB29E359,2,2,cla|codf,CMR,2009,cla:CM.008|codf:CM.008,automatic_high_confidence
PM-2AEC7DDDD3385B,2,2,aiddata|chapo,CMR,2010,aiddata:31819|chapo:31819,direct_reference
PM-6F29E9480A8D7D,2,2,cla|codf,CMR,2010,cla:CM.084|codf:CM.084,automatic_high_confidence
PM-75AE41CCAF85DC,2,2,aiddata|chapo,CMR,2010,aiddata:58695|chapo:58695,direct_reference
PM-ADB659CD476990,6,4,cgef|cgp|cla|codf,CMR,2010,cgef:CM.010|cgp:CM.002.1|cgp:CM.002.2|cgp:CM.002.3|cla:CM.010|codf:CM.010,human_confirmed
PM-43506BBE58F064,2,2,aiddata|chapo,CMR,2011,aiddata:44504|chapo:44504,direct_reference
PM-6CE5C2984D1114,2,2,cla|codf,CMR,2011,cla:CM.016|codf:CM.016,automatic_high_confidence
PM-C34AC73759555A,6,3,cgef|cgp|cla,CMR,2011,cgef:CM.018|cgp:CM.003.1|cgp:CM.003.2|cgp:CM.003.3|cgp:CM.003.4|cla:CM.018,direct_reference
PM-E660CAFA70ED62,3,3,aiddata|cla|codf,CMR,2011,aiddata:350|cla:CM.014|codf:CM.014,human_confirmed
PM-E68946DE7DDAB1,2,2,aiddata|chapo,CMR,2011,aiddata:58632|chapo:58632,direct_reference
PM-E83D4A52FA8654,2,2,aiddata|chapo,CMR,2011,aiddata:356|chapo:356,direct_reference
PM-F05F8C8F8C56C1,2,2,cla|codf,CMR,2011,cla:CM.013|codf:CM.013,automatic_high_confidence
PM-14A63305113C60,2,2,cla|codf,CMR,2012,cla:CM.033|codf:CM.033,automatic_high_confidence
PM-1B8E6912BFC526,2,2,cla|codf,CMR,2012,cla:CM.017|codf:CM.017,automatic_high_confidence
PM-4A41C4B85436A5,2,2,aiddata|chapo,CMR,2012,aiddata:58643|chapo:58643,direct_reference
PM-615FBB7B627A81,2,2,cla|codf,CMR,2012,cla:CM.036|codf:CM.036,automatic_high_confidence
PM-ED0D631BDCF9A7,2,2,aiddata|chapo,CMR,2012,aiddata:31883|chapo:31883,direct_reference
PM-01AF12EA769617,2,2,cla|codf,CMR,2013,cla:CM.034|codf:CM.034,automatic_high_confidence
PM-881E4EC3F0DA26,2,2,cla|codf,CMR,2013,cla:CM.027|codf:CM.027,automatic_high_confidence
PM-DC41D07001B879,2,2,cla|codf,CMR,2013,cla:CM.035|codf:CM.035,automatic_high_confidence
PM-5DA396837CD090,2,2,cla|codf,CMR,2014,cla:CM.058|codf:CM.058,automatic_high_confidence
PM-9F24AB13A24F44,2,2,aiddata|chapo,CMR,2014,aiddata:31877|chapo:31877,direct_reference
PM-B94E3A3C60E3FD,2,2,aiddata|chapo,CMR,2014,aiddata:70667|chapo:70667,direct_reference
PM-58877ED7679904,3,3,aiddata|cla|codf,CMR,2015,aiddata:57333|cla:CM.062|codf:CM.062,human_confirmed
PM-6285BB1C3EFC27,2,2,cla|cofi,CMR,2015,cla:CM.083|cofi:CMR2023006:debt,automatic_high_confidence
PM-C817B8829A57F2,2,2,cla|codf,CMR,2015,cla:CM.038|codf:CM.038,automatic_high_confidence
PM-E54C024DB094BC,2,2,cla|codf,CMR,2015,cla:CM.020|codf:CM.020,automatic_high_confidence
PM-F92D4E7DB88108,2,2,aiddata|chapo,CMR,2015,aiddata:58727|chapo:58727,direct_reference
PM-20C27BDDB8B2EB,2,2,aiddata|chapo,CMR,2016,aiddata:58637|chapo:58637,direct_reference
PM-535786DB4C5DDC,2,2,cla|codf,CMR,2016,cla:CM.078|codf:CM.078,automatic_high_confidence
PM-9947B196AED648,2,2,aiddata|chapo,CMR,2016,aiddata:58812|chapo:58812,direct_reference
PM-F3AFE2758FE095,3,3,aiddata|cla|codf,CMR,2016,aiddata:58582|cla:CM.026|codf:CM.026,human_confirmed
PM-02E6F3F917B7D5,3,3,aiddata|cla|codf,CMR,2017,aiddata:53116|cla:CM.054|codf:CM.054,human_confirmed
PM-11737ED6547320,5,5,aiddata|cgef|cla|codf|cofi,CMR,2017,aiddata:57586|cgef:CM.069|cla:CM.069|codf:CM.069|cofi:CMR2021004:debt,human_confirmed
PM-57B86E0954414C,3,3,aiddata|cla|codf,CMR,2017,aiddata:53396|cla:CM.046|codf:CM.046,human_confirmed
PM-719F9B1FECB8A9,2,2,aiddata|cla,CMR,2017,aiddata:70630|cla:CM.066,automatic_high_confidence
PM-1709B6A0CAF547,2,2,cla|codf,CMR,2018,cla:CM.065|codf:CM.065,automatic_high_confidence
PM-A3B46A2B54365E,2,2,aiddata|chapo,CMR,2018,aiddata:58860|chapo:58860,direct_reference
PM-D830CD2E7EEB4D,2,2,aiddata|chapo,CMR,2018,aiddata:85696|chapo:85696,direct_reference
PM-55978D134C98ED,3,2,aiddata|cla,CMR,2019,aiddata:105318|aiddata:57596|cla:CM.077,human_confirmed
PM-BE25E2EDDC7BD2,2,2,aiddata|chapo,CMR,2019,aiddata:88092|chapo:88092,direct_reference
PM-032774DAF4A2A7,2,2,aiddata|chapo,CMR,2020,aiddata:91497|chapo:91497,direct_reference
PM-178B54E75E22AC,2,2,aiddata|chapo,CMR,2020,aiddata:97819|chapo:97819,direct_reference
PM-17F5D996D814C1,2,2,aiddata|chapo,CMR,2020,aiddata:91727|chapo:91727,direct_reference
PM-277965557179EF,2,2,aiddata|chapo,CMR,2020,aiddata:91779|chapo:91779,direct_reference
PM-41A53276529F24,2,2,aiddata|chapo,CMR,2020,aiddata:91701|chapo:91701,direct_reference
PM-70CC9D71A22F0E,2,2,aiddata|chapo,CMR,2020,aiddata:72018|chapo:72018,direct_reference
PM-73930744E482FE,2,2,aiddata|chapo,CMR,2020,aiddata:91819|chapo:91819,direct_reference
PM-73EBEE72DBD3D2,2,2,aiddata|chapo,CMR,2020,aiddata:97105|chapo:97105,direct_reference
PM-77BAAF7CD1ACDE,2,2,aiddata|chapo,CMR,2020,aiddata:91869|chapo:91869,direct_reference
PM-7934B2E448154F,2,2,aiddata|chapo,CMR,2020,aiddata:91781|chapo:91781,direct_reference
PM-8BC6E13F58FF57,2,2,aiddata|chapo,CMR,2020,aiddata:91786|chapo:91786,direct_reference
PM-94C454787C4A53,2,2,aiddata|chapo,CMR,2020,aiddata:97821|chapo:97821,direct_reference
PM-9587CEAEA82157,2,2,aiddata|chapo,CMR,2020,aiddata:91739|chapo:91739,direct_reference
PM-9DEF3E089DD447,2,2,aiddata|chapo,CMR,2020,aiddata:91499|chapo:91499,direct_reference
PM-9F4F2CBC6782FF,2,2,aiddata|chapo,CMR,2020,aiddata:91500|chapo:91500,direct_reference
PM-BFEBDEBF36FE3B,2,2,aiddata|chapo,CMR,2020,aiddata:91896|chapo:91896,direct_reference
PM-C3B907584C29BF,2,2,aiddata|chapo,CMR,2020,aiddata:91894|chapo:91894,direct_reference
PM-D9EE86AD000053,2,2,aiddata|chapo,CMR,2020,aiddata:91501|chapo:91501,direct_reference
PM-E87E382C501E9A,2,2,aiddata|chapo,CMR,2020,aiddata:97816|chapo:97816,direct_reference
PM-ECB368FE5B85C9,2,2,aiddata|chapo,CMR,2020,aiddata:97820|chapo:97820,direct_reference
PM-EE088531BAAF60,2,2,aiddata|chapo,CMR,2020,aiddata:91784|chapo:91784,direct_reference
PM-F13993F8075E4B,2,2,aiddata|chapo,CMR,2020,aiddata:91570|chapo:91570,direct_reference
PM-07135FFBDF9DC8,2,2,aiddata|chapo,CMR,2021,aiddata:97579|chapo:97579,direct_reference
PM-0DE14550BA5F6E,2,2,aiddata|chapo,CMR,2021,aiddata:97112|chapo:97112,direct_reference
PM-51FC075A07E062,2,2,aiddata|chapo,CMR,2021,aiddata:95418|chapo:95418,direct_reference
PM-6BC7C6A2A2D958,2,2,aiddata|chapo,CMR,2021,aiddata:97106|chapo:97106,direct_reference
PM-7D5F45EBDD4A33,2,2,aiddata|chapo,CMR,2021,aiddata:95417|chapo:95417,direct_reference
PM-C1B22F0A0BD10C,2,2,aiddata|chapo,CMR,2021,aiddata:97104|chapo:97104,direct_reference
PM-27ECF87C00CFDC,2,2,cla|codf,COD,2008,cla:CD.006.06|codf:CD.006.06,automatic_high_confidence
PM-4285C7F7F75ADE,2,2,cla|codf,COD,2008,cla:CD.006.09|codf:CD.006.09,automatic_high_confidence
PM-A53B119718BD65,2,2,cla|codf,COD,2008,cla:CD.006.10|codf:CD.006.10,automatic_high_confidence
PM-F74282A4C52647,2,2,cla|codf,COD,2008,cla:CD.006.08|codf:CD.006.08,automatic_high_confidence
PM-FC21499DA29CA7,2,2,cla|codf,COD,2008,cla:CD.015|codf:CD.015,automatic_high_confidence
PM-35FE0F60BE4ED1,2,2,cla|codf,COD,2009,cla:CD.006.23|codf:CD.006.23,automatic_high_confidence
PM-919C5CBFBF1B03,2,2,cla|codf,COD,2009,cla:CD.006.05|codf:CD.006.05,automatic_high_confidence
PM-901D12BF8892B9,8,6,aiddata|cgef|cgp|cla|codf|cofi,COD,2011,aiddata:460|cgef:CD.012|cgp:CD.001.1|cgp:CD.001.2|cgp:CD.001.3|cla:CD.012|codf:CD.012|cofi:COD2021002:debt,human_confirmed
PM-E6987D2D33516A,2,2,cla|codf,COD,2011,cla:CD.022|codf:CD.022,automatic_high_confidence
PM-216059E9B52A95,2,2,cla|codf,COD,2012,cla:CD.016|codf:CD.016,automatic_high_confidence
PM-560BEDFDC10EF8,2,2,cla|codf,COD,2012,cla:CD.018|codf:CD.018,automatic_high_confidence
PM-CEB3D68D410A50,2,2,cla|codf,COD,2014,cla:CD.006.26|codf:CD.006.26,automatic_high_confidence
PM-231670EA000E36,4,2,aiddata|cla,COD,2015,aiddata:59213|aiddata:85274|aiddata:85311|cla:CD.006.31,human_confirmed
PM-4C6FA0D9C5EDC8,2,2,aiddata|cla,COD,2015,aiddata:73205|cla:CD.006.37,automatic_high_confidence
PM-9CBF0057ECA9E7,2,2,aiddata|cla,COD,2015,aiddata:59224|cla:CD.006.41,human_confirmed
PM-CDD7565308327C,2,2,aiddata|cla,COD,2015,aiddata:59208|cla:CD.006.30,automatic_high_confidence
PM-D16B702804FEF1,5,5,cgef|cgp|cla|codf|cofi,COD,2015,cgef:CD.011|cgp:CD.001|cla:CD.011|codf:CD.011|cofi:COD2021001:debt,human_confirmed
PM-D6F9B8C5F85243,2,2,cla|codf,COD,2015,cla:CD.006.59|codf:CD.006.59,automatic_high_confidence
PM-D7A9967D98B295,2,2,aiddata|cla,COD,2015,aiddata:59205|cla:CD.006.27,automatic_high_confidence
PM-E4626505AEC9F8,2,2,aiddata|cla,COD,2015,aiddata:59211|cla:CD.006.32,automatic_high_confidence
PM-E75E78D23BFEE3,2,2,aiddata|cla,COD,2015,aiddata:59244|cla:CD.006.28,human_confirmed
PM-0B94759CE35C10,2,2,cgef|cla,COD,2016,cgef:CD.006.47|cla:CD.006.47,automatic_high_confidence
PM-63F7FE36D34209,2,2,cla|codf,COD,2018,cla:CD.006.50|codf:CD.006.50,automatic_high_confidence
PM-96427D6E9D908C,2,2,cla|codf,COD,2018,cla:CD.006.52|codf:CD.006.52,automatic_high_confidence
PM-9CDA14B76EA3A4,4,4,aiddata|cgef|cla|codf,COD,2018,aiddata:59085|cgef:CD.030|cla:CD.030|codf:CD.030,human_confirmed
PM-C6A8D6F2E7E03D,2,2,cla|codf,COD,2018,cla:CD.006.54|codf:CD.006.54,automatic_high_confidence
PM-2682E931996884,2,2,cla|codf,COD,2020,cla:CD.031|codf:CD.031,automatic_high_confidence
PM-786A7F9EE8B102,2,2,cla|codf,COD,2024,cla:CD.006.63|codf:CD.006.63,automatic_high_confidence
PM-BF1B40B56E8E6A,2,2,cla|cofi,COG,2003,cla:CG.004|cofi:COG2021002:debt,automatic_high_confidence
PM-1E6EDD65C8DA46,2,2,cla|codf,COG,2008,cla:CG.005.02|codf:CG.005.02,automatic_high_confidence
PM-71DC41B76D78D8,2,2,cla|codf,COG,2012,cla:CG.048|codf:CG.048,automatic_high_confidence
PM-A5D2DA38DAC077,2,2,cla|codf,COG,2012,cla:CG.009.17|codf:CG.009.17,automatic_high_confidence
PM-45312C2870418A,2,2,cla|codf,COG,2013,cla:CG.009.02|codf:CG.009.02,automatic_high_confidence
PM-48879F96D4B1E0,2,2,cla|codf,COG,2013,cla:CG.009.09|codf:CG.009.09,automatic_high_confidence
PM-892EE1AB9437DE,9,4,cgef|cgp|cla|codf,COG,2013,cgef:CG.009.04|cgef:CG.009.11|cgp:CG.001.1|cgp:CG.001.2|cgp:CG.001.3|cla:CG.009.04|cla:CG.009.11|codf:CG.009.04|codf:CG.009.11,human_confirmed
PM-A0BC4D73D94734,2,2,cla|codf,COG,2013,cla:CG.047|codf:CG.047,automatic_high_confidence
PM-FDADA2702BE0EC,2,2,cla|codf,COG,2013,cla:CG.009.10|codf:CG.009.10,automatic_high_confidence
PM-16672013E503D1,2,2,cla|codf,COG,2014,cla:CG.009.16|codf:CG.009.16,automatic_high_confidence
PM-1FEEDD03321116,2,2,cla|codf,COG,2014,cla:CG.009.18|codf:CG.009.18,automatic_high_confidence
PM-6F41A61C419D70,2,2,cla|codf,COG,2014,cla:CG.009.14|codf:CG.009.14,automatic_high_confidence
PM-AE7964E2FB4FA9,2,2,cla|codf,COG,2014,cla:CG.009.19|codf:CG.009.19,automatic_high_confidence
PM-CD7EF0B64D28AA,2,2,cla|codf,COG,2014,cla:CG.009.13|codf:CG.009.13,automatic_high_confidence
PM-5A1FA1AAC8C638,2,2,cla|codf,COG,2017,cla:CG.025|codf:CG.025,automatic_high_confidence
PM-B6165DC5A4944C,2,2,cla|codf,COG,2017,cla:CG.050|codf:CG.050,automatic_high_confidence
PM-D19FF90CC4F016,2,2,cla|codf,COG,2017,cla:CG.024|codf:CG.024,automatic_high_confidence
PM-5C6DFF8E90FB79,2,2,aiddata|chapo,COM,2002,aiddata:73524|chapo:73524,direct_reference
PM-09DC74828CD555,2,2,aiddata|chapo,COM,2003,aiddata:394|chapo:394,direct_reference
PM-A8EA7E3D845A28,2,2,aiddata|chapo,COM,2006,aiddata:73525|chapo:73525,direct_reference
PM-7264F2148C6694,2,2,aiddata|chapo,COM,2007,aiddata:409|chapo:409,direct_reference
PM-F1AB2E38AD6504,2,2,aiddata|chapo,COM,2008,aiddata:73526|chapo:73526,direct_reference
PM-22CEF64C10F06A,2,2,aiddata|chapo,COM,2009,aiddata:21627|chapo:21627,direct_reference
PM-A6EF9373238957,2,2,aiddata|chapo,COM,2009,aiddata:34813|chapo:34813,direct_reference
PM-64658A6C3FFA3F,2,2,cla|codf,COM,2010,cla:KM.004|codf:KM.004,automatic_high_confidence
PM-AA96E9B12E25F4,2,2,aiddata|chapo,COM,2010,aiddata:35697|chapo:35697,direct_reference
PM-8280EFE022501F,2,2,aiddata|chapo,COM,2012,aiddata:31220|chapo:31220,direct_reference
PM-A418E12FB8EDDB,2,2,aiddata|chapo,COM,2012,aiddata:30101|chapo:30101,direct_reference
PM-C7BB45ADBDCC24,2,2,aiddata|chapo,COM,2012,aiddata:35696|chapo:35696,direct_reference
PM-1F56521596208E,2,2,aiddata|chapo,COM,2013,aiddata:30878|chapo:30878,direct_reference
PM-AEE3072675FB13,2,2,aiddata|chapo,COM,2014,aiddata:35690|chapo:35690,direct_reference
PM-5BFD6AD67CC3A6,2,2,aiddata|chapo,COM,2016,aiddata:52993|chapo:52993,direct_reference
PM-94BEA5EAFA0240,2,2,aiddata|chapo,COM,2016,aiddata:52995|chapo:52995,direct_reference
PM-FAA0CF318BF2C4,2,2,aiddata|chapo,COM,2016,aiddata:57234|chapo:57234,direct_reference
PM-0C3FD66DF26F02,2,2,aiddata|chapo,COM,2017,aiddata:57367|chapo:57367,direct_reference
PM-22CABB617B45ED,2,2,aiddata|chapo,COM,2017,aiddata:57132|chapo:57132,direct_reference
PM-3A928D7EC189A5,2,2,aiddata|chapo,COM,2017,aiddata:57366|chapo:57366,direct_reference
PM-42DDD4C642C8B3,3,3,aiddata|cla|codf,COM,2018,aiddata:87222|cla:KM.006|codf:KM.006,human_confirmed
PM-5B8936321E5725,2,2,aiddata|chapo,COM,2018,aiddata:57236|chapo:57236,direct_reference
PM-D0BF6FF0370775,2,2,aiddata|chapo,COM,2018,aiddata:87046|chapo:87046,direct_reference
PM-369EEB5B19B67C,2,2,aiddata|chapo,COM,2019,aiddata:87101|chapo:87101,direct_reference
PM-3A2D14C2EC33DD,2,2,aiddata|chapo,COM,2019,aiddata:57262|chapo:57262,direct_reference
PM-7D6376EDB1B609,2,2,aiddata|chapo,COM,2019,aiddata:87515|chapo:87515,direct_reference
PM-8DB2F6E5397E89,2,2,aiddata|chapo,COM,2020,aiddata:88679|chapo:88679,direct_reference
PM-EFF5B9F4A3A93F,2,2,aiddata|chapo,COM,2020,aiddata:93184|chapo:93184,direct_reference
PM-4042D6429836EC,2,2,aiddata|chapo,COM,2021,aiddata:93179|chapo:93179,direct_reference
PM-48C5B73C021B5C,2,2,aiddata|chapo,COM,2021,aiddata:93183|chapo:93183,direct_reference
PM-4F091329322C90,2,2,aiddata|chapo,COM,2021,aiddata:93181|chapo:93181,direct_reference
PM-9B3251B7A8A8AF,2,2,aiddata|chapo,COM,2021,aiddata:93180|chapo:93180,direct_reference
PM-AF2E60025FD7C5,2,2,aiddata|chapo,COM,2021,aiddata:93178|chapo:93178,direct_reference
PM-CEA31620C243AF,2,2,aiddata|chapo,COM,2021,aiddata:93182|chapo:93182,direct_reference
PM-FA931B4D6501A2,2,2,aiddata|chapo,COM,2021,aiddata:95377|chapo:95377,direct_reference
PM-AEF1685AC8D391,2,2,aiddata|chapo,CPV,2000,aiddata:36225|chapo:36225,direct_reference
PM-46E3AFE3BCDB01,2,2,aiddata|chapo,CPV,2001,aiddata:36224|chapo:36224,direct_reference
PM-9AC1CAA71A5B59,2,2,aiddata|chapo,CPV,2001,aiddata:56916|chapo:56916,direct_reference
PM-FAF5C1A9D953E5,2,2,aiddata|chapo,CPV,2001,aiddata:35069|chapo:35069,direct_reference
PM-A923ED533F2C55,2,2,aiddata|chapo,CPV,2002,aiddata:53192|chapo:53192,direct_reference
PM-C3CE4AD6ACCB35,2,2,aiddata|chapo,CPV,2004,aiddata:36223|chapo:36223,direct_reference
PM-795080CF0F4C85,2,2,aiddata|chapo,CPV,2005,aiddata:35064|chapo:35064,direct_reference
PM-0D9107E37CA90E,2,2,aiddata|chapo,CPV,2006,aiddata:57045|chapo:57045,direct_reference
PM-FA590197408BD0,2,2,aiddata|chapo,CPV,2006,aiddata:367|chapo:367,direct_reference
PM-A7F8546B4D3A0E,2,2,aiddata|chapo,CPV,2008,aiddata:36221|chapo:36221,direct_reference
PM-23F02BB449D4EE,2,2,aiddata|chapo,CPV,2010,aiddata:35675|chapo:35675,direct_reference
PM-1AD814AA98624B,2,2,aiddata|chapo,CPV,2011,aiddata:56885|chapo:56885,direct_reference
PM-85C1911AC8CA6D,2,2,aiddata|chapo,CPV,2011,aiddata:359|chapo:359,direct_reference
PM-9878F869622218,2,2,aiddata|chapo,CPV,2012,aiddata:35065|chapo:35065,direct_reference
PM-F0E104DAD7CE51,2,2,aiddata|chapo,CPV,2012,aiddata:34936|chapo:34936,direct_reference
PM-1877698C2AA7E0,2,2,aiddata|chapo,CPV,2013,aiddata:53158|chapo:53158,direct_reference
PM-D5C338C6918341,2,2,aiddata|chapo,CPV,2014,aiddata:36117|chapo:36117,direct_reference
PM-12BE891E5278C3,2,2,aiddata|chapo,CPV,2016,aiddata:56901|chapo:56901,direct_reference
PM-9B5E9B31E8E9B7,2,2,aiddata|chapo,CPV,2016,aiddata:52961|chapo:52961,direct_reference
PM-69DD1F6059CF66,2,2,aiddata|chapo,CPV,2017,aiddata:56904|chapo:56904,direct_reference
PM-AED9FF789B55FF,2,2,aiddata|chapo,CPV,2018,aiddata:56711|chapo:56711,direct_reference
PM-850C71BE1D3947,2,2,aiddata|chapo,CPV,2020,aiddata:93623|chapo:93623,direct_reference
PM-8FAA8D493EB936,2,2,aiddata|chapo,CPV,2020,aiddata:93626|chapo:93626,direct_reference
PM-87C32663FC7F48,2,2,aiddata|chapo,CPV,2021,aiddata:93655|chapo:93655,direct_reference
PM-DCC4C6105BFB8E,2,2,aiddata|chapo,CPV,2021,aiddata:93634|chapo:93634,direct_reference
PM-FA4E8A4DEE9DC0,2,2,aiddata|chapo,DJI,2001,aiddata:72475|chapo:72475,direct_reference
PM-399EC5C57D097A,2,2,aiddata|chapo,DJI,2003,aiddata:72474|chapo:72474,direct_reference
PM-7DFF83B6C9CD92,2,2,aiddata|chapo,DJI,2003,aiddata:59170|chapo:59170,direct_reference
PM-4D9F228BE8A884,2,2,aiddata|chapo,DJI,2005,aiddata:72473|chapo:72473,direct_reference
PM-F60801E2DC6120,2,2,aiddata|chapo,DJI,2006,aiddata:59517|chapo:59517,direct_reference
PM-3FE2A128F6E23D,2,2,aiddata|chapo,DJI,2007,aiddata:35172|chapo:35172,direct_reference
PM-49AC15F29BAA90,2,2,aiddata|chapo,DJI,2007,aiddata:59168|chapo:59168,direct_reference
PM-B4A1209B9E4754,2,2,aiddata|chapo,DJI,2007,aiddata:59469|chapo:59469,direct_reference
PM-824BC1FD2493F4,2,2,aiddata|chapo,DJI,2008,aiddata:72398|chapo:72398,direct_reference
PM-704EA2C7A1AF21,2,2,aiddata|chapo,DJI,2009,aiddata:20000|chapo:20000,direct_reference
PM-E8A2C5C5B409EB,2,2,aiddata|chapo,DJI,2009,aiddata:59472|chapo:59472,direct_reference
PM-52576DD1999366,2,2,cla|codf,DJI,2011,cla:DJ.017|codf:DJ.017,automatic_high_confidence
PM-78ADFCE6C7E0A9,2,2,aiddata|chapo,DJI,2011,aiddata:35421|chapo:35421,direct_reference
PM-8125888115681D,2,2,aiddata|chapo,DJI,2011,aiddata:59523|chapo:59523,direct_reference
PM-AFF7BC5DA1CC69,3,3,aiddata|cla|codf,DJI,2012,aiddata:30346|cla:DJ.003|codf:DJ.003,human_confirmed
PM-BA3CE90157C5D8,2,2,aiddata|chapo,DJI,2012,aiddata:59525|chapo:59525,direct_reference
PM-D9C40D49F927A7,2,2,aiddata|chapo,DJI,2012,aiddata:30611|chapo:30611,direct_reference
PM-3ABB9D8228903C,2,2,cla|codf,DJI,2013,cla:DJ.007|codf:DJ.007,automatic_high_confidence
PM-5F5E002A745963,2,2,aiddata|chapo,DJI,2013,aiddata:34937|chapo:34937,direct_reference
PM-B0F60F40526CE0,2,2,aiddata|chapo,DJI,2013,aiddata:59528|chapo:59528,direct_reference
PM-D665CC15776C90,2,2,cla|codf,DJI,2013,cla:DJ.006|codf:DJ.006,automatic_high_confidence
PM-654CFA4A395AA6,2,2,aiddata|chapo,DJI,2014,aiddata:35422|chapo:35422,direct_reference
PM-88CF0BD69001CC,2,2,aiddata|chapo,DJI,2014,aiddata:72601|chapo:72601,direct_reference
PM-C386D81C6EF7C9,2,2,aiddata|chapo,DJI,2014,aiddata:59535|chapo:59535,direct_reference
PM-10FA5C4118047D,3,3,aiddata|cla|codf,DJI,2016,aiddata:59375|cla:DJ.016|codf:DJ.016,human_confirmed
PM-291D5C36695150,2,2,aiddata|chapo,DJI,2016,aiddata:53230|chapo:53230,direct_reference
PM-2BE70CE347535C,2,2,cgef|cla,DJI,2016,cgef:DJ.012|cla:DJ.012,automatic_high_confidence
PM-94E2FCE7A17D83,2,2,aiddata|cla,DJI,2016,aiddata:91872|cla:DJ.024,human_confirmed
PM-FF40FCE69A20F9,2,2,aiddata|chapo,DJI,2016,aiddata:59481|chapo:59481,direct_reference
PM-BD3CD3B7354444,2,2,cla|codf,DJI,2017,cla:DJ.025|codf:DJ.025,automatic_high_confidence
PM-C0A1FBF37C0450,2,2,aiddata|chapo,DJI,2017,aiddata:59487|chapo:59487,direct_reference
PM-C1DD11AAA27FD3,2,2,aiddata|cla,DJI,2017,aiddata:59393|cla:DJ.004,automatic_high_confidence
PM-CA7D8B7B7021EC,2,2,aiddata|chapo,DJI,2017,aiddata:59536|chapo:59536,direct_reference
PM-653EFED2858345,2,2,aiddata|chapo,DJI,2019,aiddata:86381|chapo:86381,direct_reference
PM-5583EBF72A7A3B,2,2,aiddata|chapo,DJI,2020,aiddata:92067|chapo:92067,direct_reference
PM-5A143176CA0628,2,2,aiddata|chapo,DJI,2020,aiddata:92064|chapo:92064,direct_reference
PM-6281712248CF32,2,2,aiddata|chapo,DJI,2020,aiddata:92083|chapo:92083,direct_reference
PM-6C44FBFB0054A1,2,2,aiddata|chapo,DJI,2020,aiddata:92091|chapo:92091,direct_reference
PM-7E6CCE9B442187,2,2,aiddata|chapo,DJI,2020,aiddata:92086|chapo:92086,direct_reference
PM-9BB662D5A7956C,2,2,aiddata|chapo,DJI,2020,aiddata:97593|chapo:97593,direct_reference
PM-BA157615FC6C4C,2,2,aiddata|chapo,DJI,2020,aiddata:97886|chapo:97886,direct_reference
PM-1D7B3DF9DE6D20,2,2,aiddata|chapo,DJI,2021,aiddata:97033|chapo:97033,direct_reference
PM-640C109DFADC1F,2,2,aiddata|chapo,DJI,2021,aiddata:95613|chapo:95613,direct_reference
PM-A50E97876F4B8E,2,2,aiddata|chapo,DJI,2021,aiddata:97035|chapo:97035,direct_reference
PM-C48CCA7E6F4813,2,2,aiddata|chapo,DJI,2021,aiddata:95493|chapo:95493,direct_reference
PM-B6C4DFAC3AE0AE,2,2,aiddata|chapo,DZA,2000,aiddata:85232|chapo:85232,direct_reference
PM-E45C867A0F0303,2,2,aiddata|chapo,DZA,2002,aiddata:21879|chapo:21879,direct_reference
PM-2190391DC37D74,2,2,aiddata|chapo,DZA,2005,aiddata:85233|chapo:85233,direct_reference
PM-FECDB77B49AD2D,2,2,aiddata|chapo,DZA,2007,aiddata:85234|chapo:85234,direct_reference
PM-867A6829BB705D,2,2,aiddata|chapo,DZA,2008,aiddata:85235|chapo:85235,direct_reference
PM-1F529E480E1093,2,2,aiddata|chapo,DZA,2010,aiddata:62369|chapo:62369,direct_reference
PM-25770A48BB9AC0,2,2,aiddata|chapo,DZA,2013,aiddata:85236|chapo:85236,direct_reference
PM-76484C8E3BD3A4,2,2,aiddata|chapo,DZA,2014,aiddata:62291|chapo:62291,direct_reference
PM-D8AA7836533585,2,2,aiddata|chapo,DZA,2015,aiddata:62307|chapo:62307,direct_reference
PM-850586D1A13C91,2,2,aiddata|chapo,DZA,2019,aiddata:89651|chapo:89651,direct_reference
PM-16F8141FE9AD90,2,2,aiddata|chapo,DZA,2020,aiddata:95424|chapo:95424,direct_reference
PM-4E28E38A8D5893,2,2,aiddata|chapo,DZA,2020,aiddata:94784|chapo:94784,direct_reference
PM-5A2BD230F87CE8,2,2,aiddata|chapo,DZA,2020,aiddata:94790|chapo:94790,direct_reference
PM-800C431799A2D3,2,2,aiddata|chapo,DZA,2020,aiddata:94807|chapo:94807,direct_reference
PM-9C82FB5365FDB3,2,2,aiddata|chapo,DZA,2020,aiddata:94795|chapo:94795,direct_reference
PM-FEB36880215D56,2,2,aiddata|chapo,DZA,2020,aiddata:94806|chapo:94806,direct_reference
PM-FEB5D0D4FBEC08,2,2,aiddata|chapo,DZA,2020,aiddata:94792|chapo:94792,direct_reference
PM-17EA012207244C,2,2,aiddata|chapo,DZA,2021,aiddata:94808|chapo:94808,direct_reference
PM-C8F90B32A5950F,2,2,aiddata|chapo,DZA,2021,aiddata:94952|chapo:94952,direct_reference
PM-F079667C0965F3,2,2,aiddata|chapo,DZA,2021,aiddata:97169|chapo:97169,direct_reference
PM-8BF192408E1F1E,2,2,aiddata|chapo,EGY,2009,aiddata:72466|chapo:72466,direct_reference
PM-F71B1BABD98691,2,2,cla|codf,EGY,2012,cla:EG.005|codf:EG.005,automatic_high_confidence
PM-9D9CE97561C5C8,2,2,cla|codf,EGY,2015,cla:EG.009|codf:EG.009,automatic_high_confidence
PM-0A3E978E4C2B38,2,2,cla|codf,EGY,2016,cla:EG.013|codf:EG.013,automatic_high_confidence
PM-17E02618AB52DF,2,2,cla|codf,EGY,2016,cla:EG.014|codf:EG.014,automatic_high_confidence
PM-ADC73B4C314A08,2,2,cla|codf,EGY,2016,cla:EG.015|codf:EG.015,automatic_high_confidence
PM-245EC5C7ABB93C,2,2,cgef|cla,EGY,2017,cgef:EG.023|cla:EG.023,automatic_high_confidence
PM-99BEE8B7DE82B3,2,2,aiddata|cofi,EGY,2017,aiddata:105496|cofi:EGY2021004:debt,automatic_high_confidence
PM-D3626E171EA951,2,2,aiddata|chapo,EGY,2017,aiddata:73700|chapo:73700,direct_reference
PM-F6288C3AF26E72,2,2,cla|codf,EGY,2017,cla:EG.034|codf:EG.034,automatic_high_confidence
PM-0E511314494184,3,3,aiddata|cla|codf,EGY,2018,aiddata:89462|cla:EG.052|codf:EG.052,human_confirmed
PM-1F39494F444286,2,2,cla|codf,EGY,2018,cla:EG.021|codf:EG.021,automatic_high_confidence
PM-5C7AB7AE224EE7,2,2,cla|codf,EGY,2018,cla:EG.040|codf:EG.040,automatic_high_confidence
PM-86C9CCC966C3C3,2,2,cla|codf,EGY,2019,cla:EG.042|codf:EG.042,automatic_high_confidence
PM-2F12FC127A827F,2,2,aiddata|chapo,EGY,2020,aiddata:94241|chapo:94241,direct_reference
PM-3AE9ECDAEECB72,2,2,aiddata|chapo,EGY,2020,aiddata:94514|chapo:94514,direct_reference
PM-424DEB4CAC3A45,2,2,aiddata|chapo,EGY,2020,aiddata:94513|chapo:94513,direct_reference
PM-89A240B45F5960,2,2,aiddata|chapo,EGY,2020,aiddata:94256|chapo:94256,direct_reference
PM-9370B8916DD07A,2,2,aiddata|chapo,EGY,2020,aiddata:94245|chapo:94245,direct_reference
PM-9434325313192A,2,2,aiddata|chapo,EGY,2020,aiddata:94243|chapo:94243,direct_reference
PM-974E4643C9934F,2,2,aiddata|chapo,EGY,2020,aiddata:94238|chapo:94238,direct_reference
PM-B74945B56459FC,2,2,aiddata|chapo,EGY,2020,aiddata:97956|chapo:97956,direct_reference
PM-BC97564A52E03A,2,2,aiddata|chapo,EGY,2020,aiddata:94501|chapo:94501,direct_reference
PM-C5C87B40F400EA,2,2,aiddata|chapo,EGY,2020,aiddata:94242|chapo:94242,direct_reference
PM-CF14C5A9B3CAF5,2,2,aiddata|chapo,EGY,2020,aiddata:94239|chapo:94239,direct_reference
PM-050CEE6333C98D,2,2,aiddata|chapo,EGY,2021,aiddata:94257|chapo:94257,direct_reference
PM-1544AE5FE01DD9,2,2,aiddata|chapo,EGY,2021,aiddata:96278|chapo:96278,direct_reference
PM-4F1B75CBCB2E2F,2,2,aiddata|chapo,EGY,2021,aiddata:94249|chapo:94249,direct_reference
PM-57A6F97D24B758,2,2,aiddata|chapo,EGY,2021,aiddata:94240|chapo:94240,direct_reference
PM-C6AB0F4E634973,2,2,aiddata|chapo,EGY,2021,aiddata:96279|chapo:96279,direct_reference
PM-4FA8690150CA26,2,2,cla|codf,EGY,2023,cla:EG.058|codf:EG.058,automatic_high_confidence
PM-CE70676070C6D4,2,2,cla|codf,EGY,2023,cla:EG.059|codf:EG.059,automatic_high_confidence
PM-F5C645FD0139DF,2,2,cla|codf,EGY,2024,cla:EG.062|codf:EG.062,automatic_high_confidence
PM-BDA97591A34AD6,2,2,aiddata|chapo,ERI,2000,aiddata:73374|chapo:73374,direct_reference
PM-CFF896547E12B1,2,2,aiddata|chapo,ERI,2000,aiddata:493|chapo:493,direct_reference
PM-8F5AA5C8A47F18,2,2,aiddata|chapo,ERI,2002,aiddata:73375|chapo:73375,direct_reference
PM-CF91BF1A98FC93,2,2,aiddata|chapo,ERI,2004,aiddata:73377|chapo:73377,direct_reference
PM-1E26E3805E30A8,2,2,aiddata|chapo,ERI,2007,aiddata:35439|chapo:35439,direct_reference
PM-5736DB9A87611C,2,2,aiddata|chapo,ERI,2009,aiddata:35438|chapo:35438,direct_reference
PM-C7BC2AF3FA56BA,2,2,aiddata|chapo,ERI,2009,aiddata:30533|chapo:30533,direct_reference
PM-ED32FB867F6D84,2,2,aiddata|chapo,ERI,2011,aiddata:35437|chapo:35437,direct_reference
PM-F348C05766ECE5,2,2,cla|codf,ERI,2011,cla:ER.010|codf:ER.010,automatic_high_confidence
PM-A3AD76A7776317,2,2,cla|codf,ERI,2012,cla:ER.016|codf:ER.016,automatic_high_confidence
PM-D12FBA5A614380,2,2,cla|codf,ERI,2012,cla:ER.011|codf:ER.011,automatic_high_confidence
PM-17096866A7CBA4,2,2,aiddata|chapo,ERI,2013,aiddata:34935|chapo:34935,direct_reference
PM-27E1F1137952C6,6,6,aiddata|cgef|cgp|cla|codf|cofi,ERI,2014,aiddata:52967|cgef:ER.008|cgp:ER.001|cla:ER.008|codf:ER.008|cofi:ERI2021001:debt,human_confirmed
PM-2F642BADDCDBF6,2,2,aiddata|chapo,ERI,2015,aiddata:56051|chapo:56051,direct_reference
PM-7F2DEC3D915A40,2,2,cla|codf,ERI,2015,cla:ER.012|codf:ER.012,automatic_high_confidence
PM-84B9D41A811A14,2,2,aiddata|chapo,ERI,2015,aiddata:56088|chapo:56088,direct_reference
PM-5CF86EF798F313,2,2,aiddata|chapo,ERI,2016,aiddata:56056|chapo:56056,direct_reference
PM-24C87C3D47F44E,2,2,aiddata|chapo,ERI,2017,aiddata:56080|chapo:56080,direct_reference
PM-400750E1B22DE6,2,2,aiddata|chapo,ERI,2017,aiddata:87240|chapo:87240,direct_reference
PM-1F2C42DEC44403,2,2,aiddata|chapo,ERI,2018,aiddata:56089|chapo:56089,direct_reference
PM-37882E891204E8,2,2,cla|codf,ERI,2018,cla:ER.019|codf:ER.019,automatic_high_confidence
PM-CA99F100ADC633,2,2,aiddata|chapo,ERI,2018,aiddata:56086|chapo:56086,direct_reference
PM-0FDEAF5EFE1378,2,2,aiddata|chapo,ERI,2019,aiddata:87503|chapo:87503,direct_reference
PM-291F1FB18E2056,2,2,aiddata|chapo,ERI,2019,aiddata:87284|chapo:87284,direct_reference
PM-304A87B9FB8C4B,2,2,aiddata|chapo,ERI,2019,aiddata:87276|chapo:87276,direct_reference
PM-4DB96B7013312E,2,2,aiddata|chapo,ERI,2019,aiddata:87296|chapo:87296,direct_reference
PM-EBC17F6E3A4EF9,2,2,aiddata|chapo,ERI,2019,aiddata:56085|chapo:56085,direct_reference
PM-FDB3840A439E3D,2,2,aiddata|chapo,ERI,2021,aiddata:93015|chapo:93015,direct_reference
PM-B70B4E469C4FB7,2,2,aiddata|cla,ERI,2023,aiddata:95440|cla:ER.021,automatic_high_confidence
PM-502CCCA784CAE4,2,2,aiddata|chapo,ETH,2005,aiddata:60454|chapo:60454,direct_reference
PM-B04CF648286472,2,2,aiddata|cla,ETH,2006,aiddata:59016|cla:ET.100,automatic_high_confidence
PM-106FC3AF9AE5BA,2,2,aiddata|chapo,ETH,2007,aiddata:60590|chapo:60590,direct_reference
PM-B37E6933D8349E,8,4,cgef|cgp|cla|cofi,ETH,2007,cgef:ET.004|cgef:ET.101|cgp:ET.001.1|cgp:ET.001.2|cgp:ET.006|cla:ET.004|cla:ET.101|cofi:ETH2021006:debt,human_confirmed
PM-0A932900868DD1,3,3,cgef|cla|codf,ETH,2008,cgef:ET.097|cla:ET.097|codf:ET.097,human_confirmed
PM-716A6E67B9DF0F,2,2,aiddata|chapo,ETH,2008,aiddata:34171|chapo:34171,direct_reference
PM-88521B60461BFA,2,2,aiddata|chapo,ETH,2008,aiddata:1439|chapo:1439,direct_reference
PM-8E410D9BF1352B,4,4,aiddata|cgef|cla|codf,ETH,2008,aiddata:92174|cgef:ET.090|cla:ET.090|codf:ET.090,human_confirmed
PM-9F5D47D82662BC,3,3,cgef|cla|codf,ETH,2008,cgef:ET.098|cla:ET.098|codf:ET.098,human_confirmed
PM-A09D094E2BB6CB,2,2,aiddata|chapo,ETH,2008,aiddata:34562|chapo:34562,direct_reference
PM-EB9D91C193C0EA,3,3,cgef|cla|codf,ETH,2008,cgef:ET.096|cla:ET.096|codf:ET.096,human_confirmed
PM-3253FE99570DED,7,5,cgef|cgp|cla|codf|cofi,ETH,2009,cgef:ET.007|cgp:ET.003.1|cgp:ET.003.2|cgp:ET.003.3|cla:ET.007|codf:ET.007|cofi:ETH2021009:debt,human_confirmed
PM-517F41314642D7,2,2,aiddata|chapo,ETH,2009,aiddata:34900|chapo:34900,direct_reference
PM-EC7EF94171DA4F,3,3,aiddata|cla|codf,ETH,2009,aiddata:980|cla:ET.006|codf:ET.006,human_confirmed
PM-010992E0FB97FA,3,3,aiddata|codf|cofi,ETH,2010,aiddata:1380|codf:ET.017|cofi:ETH2021002:debt,human_confirmed
PM-2B61B5041268AB,2,2,cla|codf,ETH,2010,cla:ET.021|codf:ET.021,automatic_high_confidence
PM-42636615FE06CC,3,3,aiddata|cla|cofi,ETH,2010,aiddata:34447|cla:ET.030|cofi:ETH2021011:debt,human_confirmed
PM-F311CAAF38C546,3,3,cgef|cgp|cla,ETH,2010,cgef:ET.017|cgp:ET.002.1|cla:ET.017,direct_reference
PM-160D1AD88F2CD0,2,2,cla|codf,ETH,2011,cla:ET.012|codf:ET.012,automatic_high_confidence
PM-1B6E912C5717D7,2,2,aiddata|chapo,ETH,2011,aiddata:60653|chapo:60653,direct_reference
PM-5A5CB062D533B4,3,3,aiddata|cla|codf,ETH,2011,aiddata:1471|cla:ET.023|codf:ET.023,human_confirmed
PM-63442FF4F6CA5A,4,4,aiddata|cgef|cla|codf,ETH,2011,aiddata:59363|cgef:ET.061|cla:ET.061|codf:ET.061,human_confirmed
PM-A092ED00609F58,3,3,aiddata|cla|codf,ETH,2011,aiddata:1464|cla:ET.018|codf:ET.018,human_confirmed
PM-F8B4FECC6F9793,2,2,cla|codf,ETH,2011,cla:ET.029|codf:ET.029,automatic_high_confidence
PM-3C3A1E69AF9011,2,2,cla|codf,ETH,2012,cla:ET.025|codf:ET.025,automatic_high_confidence
PM-81B76A3D66BA72,2,2,cla|codf,ETH,2012,cla:ET.026|codf:ET.026,automatic_high_confidence
PM-B244E73EC91403,2,2,cla|codf,ETH,2012,cla:ET.088|codf:ET.088,automatic_high_confidence
PM-0919D0C5EDE007,2,2,cla|codf,ETH,2013,cla:ET.037|codf:ET.037,human_confirmed
PM-16875044B36097,4,4,cgef|cgp|cla|codf,ETH,2013,cgef:ET.033|cgp:ET.002.2|cla:ET.033|codf:ET.033,human_confirmed
PM-240DB46F2704F6,2,2,aiddata|cla,ETH,2013,aiddata:69387|cla:ET.038,automatic_high_confidence
PM-28B256B36B9E09,2,2,cla|codf,ETH,2013,cla:ET.059|codf:ET.059,automatic_high_confidence
PM-4871493EFCE046,2,2,cla|codf,ETH,2013,cla:ET.036|codf:ET.036,human_confirmed
PM-587BBE90A89F0F,3,3,aiddata|cla|codf,ETH,2013,aiddata:30915|cla:ET.055|codf:ET.055,human_confirmed
PM-5AB4DB4828EC8B,2,2,cla|codf,ETH,2013,cla:ET.035|codf:ET.035,human_confirmed
PM-B25B5D1CDC86BD,2,2,aiddata|chapo,ETH,2013,aiddata:34764|chapo:34764,direct_reference
PM-B5ADFB74408105,2,2,cla|codf,ETH,2013,cla:ET.043|codf:ET.043,automatic_high_confidence
PM-C082F428078487,2,2,cla|codf,ETH,2013,cla:ET.041|codf:ET.041,human_confirmed
PM-DEB7B5FECE2A01,2,2,aiddata|cofi,ETH,2013,aiddata:30241|cofi:ETH2021001:debt,human_confirmed
PM-F7891A51B587E7,2,2,cla|codf,ETH,2013,cla:ET.040|codf:ET.040,human_confirmed
PM-053872C33F9055,2,2,cla|codf,ETH,2014,cla:ET.044|codf:ET.044,automatic_high_confidence
PM-35283DCC437E92,2,2,cla|codf,ETH,2014,cla:ET.045|codf:ET.045,automatic_high_confidence
PM-4B5EBC2CD03E2A,2,2,aiddata|chapo,ETH,2014,aiddata:60045|chapo:60045,direct_reference
PM-8C57A7209A571C,2,2,aiddata|cla,ETH,2014,aiddata:69476|cla:ET.102,automatic_high_confidence
PM-DFCC50E8004665,2,2,aiddata|chapo,ETH,2014,aiddata:36256|chapo:36256,direct_reference
PM-199DD0C190D11D,3,3,cgef|cla|codf,ETH,2015,cgef:ET.069|cla:ET.069|codf:ET.069,human_confirmed
PM-38BD60D1BE7758,2,2,aiddata|chapo,ETH,2015,aiddata:59970|chapo:59970,direct_reference
PM-DD9E0B66C1EB82,2,2,aiddata|chapo,ETH,2015,aiddata:60003|chapo:60003,direct_reference
PM-06D961747E258B,2,2,cla|codf,ETH,2016,cla:ET.062|codf:ET.062,automatic_high_confidence
PM-2B3B2B8D66CA8E,3,3,cgef|cla|codf,ETH,2016,cgef:ET.068|cla:ET.068|codf:ET.068,human_confirmed
PM-4C07AE1AF8CB36,3,3,cgef|cla|codf,ETH,2016,cgef:ET.074|cla:ET.074|codf:ET.074,human_confirmed
PM-4DE3B5BEAC7751,2,2,aiddata|chapo,ETH,2016,aiddata:59973|chapo:59973,direct_reference
PM-5CE85F1A875419,2,2,cla|codf,ETH,2016,cla:ET.058|codf:ET.058,automatic_high_confidence
PM-69FB38981097D2,4,4,aiddata|cgef|cla|codf,ETH,2016,aiddata:59428|cgef:ET.075|cla:ET.075|codf:ET.075,human_confirmed
PM-7151ADA9FCCB21,2,2,aiddata|chapo,ETH,2016,aiddata:59947|chapo:59947,direct_reference
PM-D9A2D6ACA1D2B6,2,2,aiddata|chapo,ETH,2016,aiddata:60006|chapo:60006,direct_reference
PM-37263A1671198E,3,3,cgef|cla|codf,ETH,2017,cgef:ET.064|cla:ET.064|codf:ET.064,human_confirmed
PM-381835F35623CB,2,2,aiddata|chapo,ETH,2017,aiddata:60017|chapo:60017,direct_reference
PM-567E7D865C3A09,2,2,aiddata|chapo,ETH,2017,aiddata:59978|chapo:59978,direct_reference
PM-87F709987117D0,6,6,aiddata|cgef|cgp|cla|codf|cofi,ETH,2017,aiddata:48765|cgef:ET.057|cgp:ET.004|cla:ET.057|codf:ET.057|cofi:ETH2021003:debt,human_confirmed
PM-AC77F6F9A31878,2,2,cla|codf,ETH,2017,cla:ET.065|codf:ET.065,automatic_high_confidence
PM-B2BDE776F3E275,2,2,cla|codf,ETH,2017,cla:ET.071|codf:ET.071,automatic_high_confidence
PM-B751E08A1CFCE7,2,2,aiddata|chapo,ETH,2017,aiddata:60013|chapo:60013,direct_reference
PM-DF79A9E040A8D8,2,2,aiddata|chapo,ETH,2017,aiddata:60972|chapo:60972,direct_reference
PM-19672357B8D2AC,2,2,cla|codf,ETH,2018,cla:ET.079|codf:ET.079,automatic_high_confidence
PM-48AB65A8CAE59F,4,2,aiddata|restruct,ETH,2018,aiddata:61941|aiddata:96154|aiddata:96155|restruct:R.ET.01,human_confirmed
PM-735FE61DC3A08B,2,2,aiddata|chapo,ETH,2019,aiddata:59941|chapo:59941,direct_reference
PM-1B8FDD19ABAE62,4,2,aiddata|chapo,ETH,2020,aiddata:93033|aiddata:94608|chapo:93033|chapo:94608,human_confirmed
PM-1F71D39AD266EA,2,2,aiddata|chapo,ETH,2020,aiddata:97826|chapo:97826,direct_reference
PM-2396A085FD6FF2,2,2,aiddata|chapo,ETH,2020,aiddata:94525|chapo:94525,direct_reference
PM-305C3DAE8BF3D2,2,2,aiddata|chapo,ETH,2020,aiddata:93082|chapo:93082,direct_reference
PM-6D50E8383003E8,2,2,aiddata|chapo,ETH,2020,aiddata:70588|chapo:70588,direct_reference
PM-9CA18657F5629C,2,2,aiddata|chapo,ETH,2020,aiddata:97824|chapo:97824,direct_reference
PM-9E727517780ABF,4,2,aiddata|chapo,ETH,2020,aiddata:93083|aiddata:94637|chapo:93083|chapo:94637,human_confirmed
PM-AE574CE6CD3335,2,2,aiddata|chapo,ETH,2020,aiddata:97823|chapo:97823,direct_reference
PM-AF7EC314FFB04A,2,2,aiddata|chapo,ETH,2020,aiddata:93085|chapo:93085,direct_reference
PM-C6887E63CEF007,2,2,aiddata|chapo,ETH,2020,aiddata:93086|chapo:93086,direct_reference
PM-CAA4B2626C8E83,2,2,aiddata|chapo,ETH,2020,aiddata:91743|chapo:91743,direct_reference
PM-DCC2ED00092DD8,2,2,aiddata|chapo,ETH,2020,aiddata:93079|chapo:93079,direct_reference
PM-E0BDF12E403B8C,2,2,aiddata|chapo,ETH,2020,aiddata:97825|chapo:97825,direct_reference
PM-E6705DB60DF32D,2,2,aiddata|chapo,ETH,2020,aiddata:91742|chapo:91742,direct_reference
PM-0397E77F122E66,2,2,aiddata|chapo,ETH,2021,aiddata:96988|chapo:96988,direct_reference
PM-04B154FDD48C40,2,2,aiddata|chapo,ETH,2021,aiddata:95869|chapo:95869,direct_reference
PM-162D37212BA4A9,2,2,aiddata|chapo,ETH,2021,aiddata:97022|chapo:97022,direct_reference
PM-2DD051E2CA4977,2,2,aiddata|chapo,ETH,2021,aiddata:96147|chapo:96147,direct_reference
PM-56969CFE228A32,2,2,aiddata|chapo,ETH,2021,aiddata:95864|chapo:95864,direct_reference
PM-68C0F9B9ECEE33,2,2,aiddata|chapo,ETH,2021,aiddata:95944|chapo:95944,direct_reference
PM-91B5F39C8A16D6,2,2,aiddata|chapo,ETH,2021,aiddata:95947|chapo:95947,direct_reference
PM-99B3261BD8F47B,2,2,aiddata|chapo,ETH,2021,aiddata:95866|chapo:95866,direct_reference
PM-D94AA1C73FF32E,2,2,aiddata|chapo,ETH,2021,aiddata:95946|chapo:95946,direct_reference
PM-FD5585CC46A634,2,2,aiddata|chapo,GAB,2001,aiddata:73175|chapo:73175,direct_reference
PM-42ADAB2DAD599F,2,2,aiddata|chapo,GAB,2003,aiddata:73176|chapo:73176,direct_reference
PM-C2312F9ED3DF80,2,2,aiddata|chapo,GAB,2005,aiddata:612|chapo:612,direct_reference
PM-CF90FB940D9068,2,2,aiddata|chapo,GAB,2005,aiddata:60604|chapo:60604,direct_reference
PM-0247FCFD3D1AA1,2,2,aiddata|chapo,GAB,2007,aiddata:532|chapo:532,direct_reference
PM-3D67C3B3A308E7,2,2,aiddata|chapo,GAB,2007,aiddata:35205|chapo:35205,direct_reference
PM-265B7BF0F4BE98,2,2,aiddata|chapo,GAB,2008,aiddata:34781|chapo:34781,direct_reference
PM-28DC2A236EF6C0,2,2,aiddata|chapo,GAB,2008,aiddata:34177|chapo:34177,direct_reference
PM-CE557C34201050,13,6,aiddata|cgef|cgp|cla|codf|cofi,GAB,2008,aiddata:73173|aiddata:85|cgef:GA.004|cgef:GA.045|cgp:GA.001.1|cgp:GA.001.2|cgp:GA.001.3|cgp:GA.001.4|cla:GA.004|cla:GA.045|codf:GA.004|codf:GA.045|cofi:GAB2021001:debt,human_confirmed
PM-3D9909BD165CF1,2,2,aiddata|chapo,GAB,2010,aiddata:35206|chapo:35206,direct_reference
PM-46CF73709C296D,2,2,aiddata|chapo,GAB,2010,aiddata:11756|chapo:11756,direct_reference
PM-DB25779C3D6E3B,2,2,aiddata|chapo,GAB,2010,aiddata:60417|chapo:60417,direct_reference
PM-2CAC8C9EDCAAF1,2,2,aiddata|chapo,GAB,2011,aiddata:60603|chapo:60603,direct_reference
PM-CB11B5A5CA9FFC,3,3,cgef|cla|codf,GAB,2011,cgef:GA.006|cla:GA.006|codf:GA.006,human_confirmed
PM-44345694DA15A5,2,2,cla|codf,GAB,2013,cla:GA.037|codf:GA.037,automatic_high_confidence
PM-91A98FC54EE598,2,2,cla|codf,GAB,2013,cla:GA.038|codf:GA.038,automatic_high_confidence
PM-929FC51CC28D5E,2,2,aiddata|chapo,GAB,2014,aiddata:36280|chapo:36280,direct_reference
PM-A279ADBDA80276,2,2,aiddata|chapo,GAB,2014,aiddata:60601|chapo:60601,direct_reference
PM-1BFA38047F5A3E,2,2,aiddata|chapo,GAB,2015,aiddata:60740|chapo:60740,direct_reference
PM-9AB3D22F06DFB1,2,2,cla|codf,GAB,2015,cla:GA.015|codf:GA.015,automatic_high_confidence
PM-AFBD2110E73AEF,2,2,aiddata|cla,GAB,2015,aiddata:60368|cla:GA.010,automatic_high_confidence
PM-90EAF4D4644194,2,2,cla|codf,GAB,2016,cla:GA.011|codf:GA.011,automatic_high_confidence
PM-D84067ECA27621,2,2,aiddata|chapo,GAB,2016,aiddata:60600|chapo:60600,direct_reference
PM-EF5949F08E3401,2,2,aiddata|chapo,GAB,2016,aiddata:60741|chapo:60741,direct_reference
PM-28F59BBB52FEB2,2,2,aiddata|chapo,GAB,2017,aiddata:60751|chapo:60751,direct_reference
PM-9E47707948CD16,2,2,aiddata|chapo,GAB,2017,aiddata:60742|chapo:60742,direct_reference
PM-1BCC3F3F39398E,2,2,aiddata|cla,GAB,2018,aiddata:60366|cla:GA.039,automatic_high_confidence
PM-64A09BCF376895,2,2,cgef|cla,GAB,2018,cgef:GA.028|cla:GA.028,automatic_high_confidence
PM-A1F8019ED1D5E0,2,2,aiddata|chapo,GAB,2018,aiddata:60418|chapo:60418,direct_reference
PM-CE04E02E3D4CA0,2,2,aiddata|chapo,GAB,2018,aiddata:60462|chapo:60462,direct_reference
PM-E86FBE1567C21A,2,2,aiddata|chapo,GAB,2018,aiddata:87002|chapo:87002,direct_reference
PM-19378E92A08F43,2,2,aiddata|chapo,GAB,2019,aiddata:86921|chapo:86921,direct_reference
PM-91465519BB15AB,2,2,cla|codf,GAB,2019,cla:GA.043|codf:GA.043,automatic_high_confidence
PM-5572527387F6C9,2,2,aiddata|chapo,GAB,2020,aiddata:92530|chapo:92530,direct_reference
PM-6006D575DF2870,2,2,aiddata|chapo,GAB,2020,aiddata:92524|chapo:92524,direct_reference
PM-7867CF24100788,2,2,aiddata|chapo,GAB,2020,aiddata:92528|chapo:92528,direct_reference
PM-89C178D3DA12F3,2,2,aiddata|chapo,GAB,2020,aiddata:92766|chapo:92766,direct_reference
PM-AEEB7B9399090A,2,2,aiddata|chapo,GAB,2020,aiddata:92525|chapo:92525,direct_reference
PM-D439275FE7A15C,2,2,aiddata|chapo,GAB,2020,aiddata:92529|chapo:92529,direct_reference
PM-0D3BCFD7AA6860,2,2,aiddata|chapo,GAB,2021,aiddata:92767|chapo:92767,direct_reference
PM-13B3DE78626832,2,2,aiddata|chapo,GAB,2021,aiddata:92707|chapo:92707,direct_reference
PM-28F615F0858DA6,2,2,aiddata|chapo,GAB,2021,aiddata:92523|chapo:92523,direct_reference
PM-6C2DC5BA14E6D0,2,2,aiddata|chapo,GAB,2021,aiddata:95366|chapo:95366,direct_reference
PM-D6FB1B46741EBA,2,2,aiddata|cla,GHA,2000,aiddata:1243|cla:GH.002,human_confirmed
PM-DE17A4A056EDAC,2,2,aiddata|cla,GHA,2000,aiddata:73183|cla:GH.001,human_confirmed
PM-EFFF6B5F5AAF3F,2,2,aiddata|chapo,GHA,2000,aiddata:1468|chapo:1468,direct_reference
PM-55DF9E2CCA6AFB,2,2,aiddata|chapo,GHA,2006,aiddata:1750|chapo:1750,direct_reference
PM-EE41CD79D2C644,2,2,aiddata|chapo,GHA,2006,aiddata:1746|chapo:1746,direct_reference
PM-FE55A332AF5360,2,2,aiddata|chapo,GHA,2006,aiddata:1745|chapo:1745,direct_reference
PM-0F0C8635ED1527,2,2,cgef|cla,GHA,2007,cgef:GH.006|cla:GH.006,automatic_high_confidence
PM-1FDF44FAA044CB,2,2,aiddata|cofi,GHA,2007,aiddata:183|cofi:GHA2021001:debt,automatic_high_confidence
PM-42154FAA8FACF6,2,2,aiddata|chapo,GHA,2007,aiddata:1864|chapo:1864,direct_reference
PM-9A00CA2ACBF615,2,2,aiddata|chapo,GHA,2007,aiddata:32346|chapo:32346,direct_reference
PM-CBEFF2FCA78B6F,6,2,cgp|cofi,GHA,2008,cgp:GH.F.001.1|cgp:GH.F.001.2|cgp:GH.F.001.3|cgp:GH.F.001.4|cgp:GH.F.001.5|cofi:GHA2021004:equity,human_confirmed
PM-82958BFD26C0B6,2,2,cla|codf,GHA,2009,cla:GH.008|codf:GH.008,automatic_high_confidence
PM-87F17A520458F5,2,2,aiddata|chapo,GHA,2009,aiddata:1912|chapo:1912,direct_reference
PM-AA805457B094AC,2,2,aiddata|chapo,GHA,2009,aiddata:2102|chapo:2102,direct_reference
PM-25742F43C01FB0,2,2,cla|codf,GHA,2010,cla:GH.019|codf:GH.019,automatic_high_confidence
PM-58F125EE119861,2,2,aiddata|chapo,GHA,2010,aiddata:35062|chapo:35062,direct_reference
PM-DBC09581180972,2,2,aiddata|chapo,GHA,2010,aiddata:35242|chapo:35242,direct_reference
PM-2936957B3DFFB4,2,2,cla|codf,GHA,2011,cla:GH.051|codf:GH.051,automatic_high_confidence
PM-4CCB4AD06C3795,2,2,aiddata|chapo,GHA,2011,aiddata:58512|chapo:58512,direct_reference
PM-BF059962F0CA6D,2,2,cla|codf,GHA,2011,cla:GH.013|codf:GH.013,automatic_high_confidence
PM-F598399D496B9F,2,2,aiddata|chapo,GHA,2011,aiddata:35239|chapo:35239,direct_reference
PM-FAB9BBE34556D7,2,2,aiddata|chapo,GHA,2011,aiddata:32345|chapo:32345,direct_reference
PM-2E8D2330C69155,2,2,cla|codf,GHA,2012,cla:GH.020|codf:GH.020,automatic_high_confidence
PM-40A0232532A06B,3,3,cgef|cla|codf,GHA,2012,cgef:GH.022|cla:GH.022|codf:GH.022,human_confirmed
PM-42F8F1974296F5,2,2,aiddata|cla,GHA,2012,aiddata:30084|cla:GH.029,automatic_high_confidence
PM-979E2ADB605F54,3,3,cgef|cla|codf,GHA,2012,cgef:GH.066|cla:GH.066|codf:GH.066,human_confirmed
PM-AB97D36EB8F673,3,3,aiddata|cla|codf,GHA,2012,aiddata:30087|cla:GH.021|codf:GH.021,human_confirmed
PM-D5CD9ED67F194C,3,3,cgef|cla|codf,GHA,2012,cgef:GH.015.02|cla:GH.015.02|codf:GH.015.02,human_confirmed
PM-D7E3135E9F3B77,2,2,aiddata|chapo,GHA,2012,aiddata:35241|chapo:35241,direct_reference
PM-38AA76BAE06335,2,2,cla|codf,GHA,2013,cla:GH.015.03|codf:GH.015.03,automatic_high_confidence
PM-6409BCFD8B25E0,3,3,aiddata|cla|codf,GHA,2013,aiddata:30956|cla:GH.050|codf:GH.050,human_confirmed
PM-80D35D43CC65E3,2,2,aiddata|chapo,GHA,2013,aiddata:58088|chapo:58088,direct_reference
PM-F0E282BBE63AAC,2,2,aiddata|chapo,GHA,2013,aiddata:35008|chapo:35008,direct_reference
PM-CFF4CD9C8F8F09,2,2,aiddata|chapo,GHA,2014,aiddata:36206|chapo:36206,direct_reference
PM-D403394ECE6DF5,2,2,aiddata|chapo,GHA,2014,aiddata:57991|chapo:57991,direct_reference
PM-02E2CE8C922C46,2,2,aiddata|chapo,GHA,2015,aiddata:57992|chapo:57992,direct_reference
PM-479CAA6CAD30E2,2,2,aiddata|chapo,GHA,2015,aiddata:57995|chapo:57995,direct_reference
PM-8B3FDDAA31432D,2,2,aiddata|chapo,GHA,2015,aiddata:60114|chapo:60114,direct_reference
PM-A3C483F95D300A,2,2,aiddata|chapo,GHA,2015,aiddata:52299|chapo:52299,direct_reference
PM-C7A437C80189C5,2,2,aiddata|chapo,GHA,2016,aiddata:57981|chapo:57981,direct_reference
PM-EAB1B7DF8ED841,2,2,aiddata|chapo,GHA,2016,aiddata:72703|chapo:72703,direct_reference
PM-EF4E25A1D5E1C2,2,2,aiddata|chapo,GHA,2017,aiddata:72704|chapo:72704,direct_reference
PM-26D834D2735CFD,2,2,aiddata|chapo,GHA,2018,aiddata:85700|chapo:85700,direct_reference
PM-47B2673EDF8F64,2,2,aiddata|chapo,GHA,2018,aiddata:85932|chapo:85932,direct_reference
PM-5170E1E32AE8D2,2,2,aiddata|cla,GHA,2018,aiddata:89476|cla:GH.067.12,human_confirmed
PM-56956182A039B4,2,2,aiddata|cla,GHA,2018,aiddata:89469|cla:GH.067.05,automatic_high_confidence
PM-952925D9596093,3,3,aiddata|cla|codf,GHA,2018,aiddata:57975|cla:GH.075|codf:GH.075,human_confirmed
PM-DBBC4C04DDF1FE,2,2,aiddata|cla,GHA,2018,aiddata:89475|cla:GH.067.11,human_confirmed
PM-E71C3060942879,2,2,aiddata|cla,GHA,2018,aiddata:89473|cla:GH.067.09,human_confirmed
PM-0C7BFBD56D1E64,2,2,aiddata|chapo,GHA,2019,aiddata:98273|chapo:98273,direct_reference
PM-812DA67090B452,2,2,cla|codf,GHA,2019,cla:GH.015.04|codf:GH.015.04,automatic_high_confidence
PM-8366DFD0EDFFE3,3,3,aiddata|cla|codf,GHA,2019,aiddata:86361|cla:GH.080|codf:GH.080,human_confirmed
PM-911F4C3E2E1471,2,2,aiddata|chapo,GHA,2019,aiddata:85701|chapo:85701,direct_reference
PM-B9FB3890B25508,2,2,cla|codf,GHA,2019,cla:GH.015.05|codf:GH.015.05,automatic_high_confidence
PM-0C78784E5B7C5F,2,2,aiddata|chapo,GHA,2020,aiddata:92035|chapo:92035,direct_reference
PM-119FA59BF76742,2,2,aiddata|chapo,GHA,2020,aiddata:92033|chapo:92033,direct_reference
PM-18D4BDB0C57B9B,2,2,aiddata|chapo,GHA,2020,aiddata:92082|chapo:92082,direct_reference
PM-267F405A449860,3,3,aiddata|cla|codf,GHA,2020,aiddata:92600|cla:GH.090|codf:GH.090,human_confirmed
PM-2DC324EC88D441,2,2,aiddata|chapo,GHA,2020,aiddata:92031|chapo:92031,direct_reference
PM-30C9257FBF6B2C,2,2,aiddata|chapo,GHA,2020,aiddata:92169|chapo:92169,direct_reference
PM-40D3957BD53DCA,3,3,aiddata|cla|codf,GHA,2020,aiddata:87641|cla:GH.078|codf:GH.078,human_confirmed
PM-56BD22EBC1340F,2,2,aiddata|chapo,GHA,2020,aiddata:92111|chapo:92111,direct_reference
PM-66AAE555D24DAF,2,2,aiddata|chapo,GHA,2020,aiddata:92034|chapo:92034,direct_reference
PM-6EF11097A3357A,2,2,aiddata|chapo,GHA,2020,aiddata:92073|chapo:92073,direct_reference
PM-77D683D85A15DE,2,2,aiddata|chapo,GHA,2020,aiddata:92071|chapo:92071,direct_reference
PM-9137B9DC905F3D,2,2,aiddata|chapo,GHA,2020,aiddata:92052|chapo:92052,direct_reference
PM-96D5D85BEFC9B0,2,2,aiddata|chapo,GHA,2020,aiddata:92036|chapo:92036,direct_reference
PM-A7169DDAF456C8,2,2,aiddata|chapo,GHA,2020,aiddata:92070|chapo:92070,direct_reference
PM-CD672A54AB9F31,2,2,aiddata|codf,GHA,2020,aiddata:92602|codf:GH.091,human_confirmed
PM-CFA314B6FCA606,2,2,aiddata|chapo,GHA,2020,aiddata:92360|chapo:92360,direct_reference
PM-D33C8AA6077803,2,2,aiddata|chapo,GHA,2020,aiddata:92037|chapo:92037,direct_reference
PM-DF4685C9B348A5,2,2,aiddata|chapo,GHA,2020,aiddata:92072|chapo:92072,direct_reference
PM-EB1B9EE3BA0D43,2,2,aiddata|chapo,GHA,2020,aiddata:92359|chapo:92359,direct_reference
PM-F5A12952C58042,2,2,aiddata|chapo,GHA,2020,aiddata:97887|chapo:97887,direct_reference
PM-28B0CEDE8752D3,2,2,aiddata|chapo,GHA,2021,aiddata:96504|chapo:96504,direct_reference
PM-F71F72E064DFE0,2,2,aiddata|chapo,GHA,2021,aiddata:96528|chapo:96528,direct_reference
PM-95FA7C665D19B8,2,2,aiddata|cla,GHA,2022,aiddata:92584|cla:GH.086,automatic_high_confidence
PM-F9AFAF7644F586,2,2,aiddata|chapo,GIN,2000,aiddata:35001|chapo:35001,direct_reference
PM-DF5AD0FCDB408B,2,2,aiddata|chapo,GIN,2002,aiddata:35002|chapo:35002,direct_reference
PM-9AB88259B93AC6,2,2,aiddata|cla,GIN,2004,aiddata:64454|cla:GN.009,automatic_high_confidence
PM-E4FACE58C760BF,2,2,aiddata|chapo,GIN,2004,aiddata:35003|chapo:35003,direct_reference
PM-25B8E5753C4CC9,2,2,aiddata|chapo,GIN,2006,aiddata:2349|chapo:2349,direct_reference
PM-9F66B9DB9A1712,2,2,aiddata|chapo,GIN,2006,aiddata:73872|chapo:73872,direct_reference
PM-AFA8662508BF3F,2,2,aiddata|chapo,GIN,2006,aiddata:13066|chapo:13066,direct_reference
PM-96DCB037E69EDC,2,2,aiddata|chapo,GIN,2007,aiddata:2364|chapo:2364,direct_reference
PM-0972D7EEDFB5F8,2,2,aiddata|chapo,GIN,2008,aiddata:35004|chapo:35004,direct_reference
PM-7C530F049E619B,2,2,aiddata|chapo,GIN,2008,aiddata:13330|chapo:13330,direct_reference
PM-A44971CDB36AE4,2,2,aiddata|chapo,GIN,2009,aiddata:64455|chapo:64455,direct_reference
PM-D236501C263B7B,2,2,aiddata|chapo,GIN,2009,aiddata:31426|chapo:31426,direct_reference
PM-575E6900C2BF99,2,2,aiddata|chapo,GIN,2011,aiddata:35173|chapo:35173,direct_reference
PM-BD9CF002B700DE,2,2,aiddata|chapo,GIN,2012,aiddata:35007|chapo:35007,direct_reference
PM-216D407E99A6C9,2,2,cla|codf,GIN,2013,cla:GN.012|codf:GN.012,automatic_high_confidence
PM-68BB833E852ED0,6,4,cgef|cgp|cla|codf,GIN,2013,cgef:GN.006|cgp:GN.001.1|cgp:GN.001.2|cgp:GN.001.3|cla:GN.006|codf:GN.006,human_confirmed
PM-1C626A586DD192,2,2,aiddata|chapo,GIN,2014,aiddata:64657|chapo:64657,direct_reference
PM-4680C59090083C,2,2,aiddata|chapo,GIN,2014,aiddata:35245|chapo:35245,direct_reference
PM-5952173B24AC25,2,2,aiddata|chapo,GIN,2014,aiddata:36343|chapo:36343,direct_reference
PM-9EBE58AAD9F98A,2,2,aiddata|chapo,GIN,2014,aiddata:85288|chapo:85288,direct_reference
PM-A15ACACEFEC3D7,2,2,aiddata|chapo,GIN,2014,aiddata:36376|chapo:36376,direct_reference
PM-A3E867FA1EB212,2,2,cla|codf,GIN,2014,cla:GN.013|codf:GN.013,automatic_high_confidence
PM-D6C2F4747E78D7,2,2,aiddata|chapo,GIN,2014,aiddata:64668|chapo:64668,direct_reference
PM-D7180D1BB9F9A3,2,2,aiddata|chapo,GIN,2014,aiddata:64648|chapo:64648,direct_reference
PM-DF9D68CA374517,2,2,aiddata|chapo,GIN,2014,aiddata:64659|chapo:64659,direct_reference
PM-50CA6B9A201BBA,2,2,aiddata|chapo,GIN,2015,aiddata:64458|chapo:64458,direct_reference
PM-B7791B16868A5D,2,2,aiddata|chapo,GIN,2015,aiddata:64426|chapo:64426,direct_reference
PM-B91C1D0AF51A90,2,2,aiddata|chapo,GIN,2015,aiddata:52158|chapo:52158,direct_reference
PM-F87FA87783713A,2,2,aiddata|chapo,GIN,2016,aiddata:64464|chapo:64464,direct_reference
PM-5A2BB02B9640CE,2,2,aiddata|chapo,GIN,2017,aiddata:64425|chapo:64425,direct_reference
PM-63272BDBFD1D7A,2,2,aiddata|chapo,GIN,2017,aiddata:64623|chapo:64623,direct_reference
PM-6C0E245374FD7E,9,6,aiddata|cgef|cgp|cla|codf|cofi,GIN,2018,aiddata:187|cgef:GN.007|cgp:GN.002.1|cgp:GN.002.2|cgp:GN.002.3|cgp:GN.002.4|cla:GN.007|codf:GN.007|cofi:GIN2021003:debt,human_confirmed
PM-B2D62A06151754,3,3,aiddata|cla|codf,GIN,2018,aiddata:64447|cla:GN.017|codf:GN.017,human_confirmed
PM-BA990F23FB3D3F,2,2,aiddata|chapo,GIN,2018,aiddata:64601|chapo:64601,direct_reference
PM-6DE9F318A1FE4C,2,2,aiddata|chapo,GIN,2020,aiddata:92967|chapo:92967,direct_reference
PM-BEA905BF0B54DF,2,2,aiddata|chapo,GIN,2020,aiddata:92969|chapo:92969,direct_reference
PM-C758525DBC057B,2,2,aiddata|chapo,GIN,2020,aiddata:92968|chapo:92968,direct_reference
PM-F356813AE639B2,2,2,aiddata|chapo,GIN,2020,aiddata:93393|chapo:93393,direct_reference
PM-39B5A8E08E9A38,2,2,aiddata|chapo,GIN,2021,aiddata:93843|chapo:93843,direct_reference
PM-4558AF56D2A27E,2,2,aiddata|chapo,GIN,2021,aiddata:92972|chapo:92972,direct_reference
PM-B4085AE35DBD52,2,2,aiddata|chapo,GIN,2021,aiddata:92971|chapo:92971,direct_reference
PM-6BD3ABA584A2CC,2,2,aiddata|chapo,GMB,2017,aiddata:56755|chapo:56755,direct_reference
PM-70227A012034E3,2,2,aiddata|chapo,GMB,2017,aiddata:57017|chapo:57017,direct_reference
PM-A8E10B9F8E84FD,2,2,aiddata|cla,GMB,2017,aiddata:56878|cla:GB.003,automatic_high_confidence
PM-D7C66C3C56F53E,2,2,aiddata|chapo,GMB,2017,aiddata:56758|chapo:56758,direct_reference
PM-E73E008A046C0D,2,2,cla|codf,GMB,2018,cla:GM.003|codf:GM.003,automatic_high_confidence
PM-FFD4E559AE4464,2,2,aiddata|chapo,GMB,2018,aiddata:56952|chapo:56952,direct_reference
PM-1037FC2D23B940,2,2,aiddata|chapo,GMB,2019,aiddata:57444|chapo:57444,direct_reference
PM-2D18FB81B773FF,2,2,aiddata|chapo,GMB,2019,aiddata:86182|chapo:86182,direct_reference
PM-6C1F8E78A80D5E,2,2,aiddata|chapo,GMB,2019,aiddata:57306|chapo:57306,direct_reference
PM-83CC02FA86877F,2,2,aiddata|chapo,GMB,2019,aiddata:56912|chapo:56912,direct_reference
PM-960DD29C9B9460,2,2,aiddata|chapo,GMB,2019,aiddata:67569|chapo:67569,direct_reference
PM-A9D72CCF1C8C16,2,2,aiddata|chapo,GMB,2019,aiddata:86791|chapo:86791,direct_reference
PM-035CAE4048B941,2,2,aiddata|chapo,GMB,2020,aiddata:94675|chapo:94675,direct_reference
PM-6313C0C17FEA54,2,2,aiddata|chapo,GMB,2020,aiddata:94645|chapo:94645,direct_reference
PM-7030FF6E82150B,2,2,aiddata|chapo,GMB,2020,aiddata:92808|chapo:92808,direct_reference
PM-8952D734AE089D,2,2,aiddata|chapo,GMB,2020,aiddata:92796|chapo:92796,direct_reference
PM-9AD9380755A2A5,2,2,aiddata|chapo,GMB,2020,aiddata:93068|chapo:93068,direct_reference
PM-E3361EDC347117,2,2,aiddata|chapo,GMB,2020,aiddata:92797|chapo:92797,direct_reference
PM-E6C00DF551541C,2,2,aiddata|chapo,GMB,2020,aiddata:92803|chapo:92803,direct_reference
PM-EDB65C337E6E4B,2,2,aiddata|chapo,GMB,2020,aiddata:92882|chapo:92882,direct_reference
PM-F961A429F4A706,2,2,aiddata|chapo,GMB,2020,aiddata:98137|chapo:98137,direct_reference
PM-011C0102E1C466,2,2,aiddata|chapo,GMB,2021,aiddata:92793|chapo:92793,direct_reference
PM-57D124E9E586CB,2,2,aiddata|chapo,GMB,2021,aiddata:92807|chapo:92807,direct_reference
PM-6FC20137B5A2D4,2,2,aiddata|chapo,GMB,2021,aiddata:92795|chapo:92795,direct_reference
PM-85B6C7F56F87EF,2,2,aiddata|chapo,GMB,2021,aiddata:97947|chapo:97947,direct_reference
PM-CD30EC6996C11E,2,2,aiddata|chapo,GNB,2000,aiddata:73518|chapo:73518,direct_reference
PM-E55BA4F098EDFD,2,2,aiddata|chapo,GNB,2002,aiddata:73519|chapo:73519,direct_reference
PM-DCCC6635C1ADAB,2,2,aiddata|chapo,GNB,2003,aiddata:59510|chapo:59510,direct_reference
PM-9E0B38932BCFAD,2,2,aiddata|chapo,GNB,2004,aiddata:57411|chapo:57411,direct_reference
PM-546F52737163B2,2,2,aiddata|chapo,GNB,2006,aiddata:32429|chapo:32429,direct_reference
PM-80A76564FFF462,2,2,aiddata|chapo,GNB,2008,aiddata:34173|chapo:34173,direct_reference
PM-BD46FFE601172D,2,2,aiddata|chapo,GNB,2008,aiddata:745|chapo:745,direct_reference
PM-ED34046790FE5B,2,2,aiddata|chapo,GNB,2008,aiddata:35174|chapo:35174,direct_reference
PM-0CB4E409FFB878,2,2,aiddata|chapo,GNB,2009,aiddata:57418|chapo:57418,direct_reference
PM-4EA034CB300213,2,2,aiddata|chapo,GNB,2010,aiddata:32423|chapo:32423,direct_reference
PM-D311183462AA17,2,2,aiddata|chapo,GNB,2011,aiddata:57384|chapo:57384,direct_reference
PM-18ABD1B66880C1,2,2,aiddata|chapo,GNB,2012,aiddata:34938|chapo:34938,direct_reference
PM-2BA500B30EA7A1,2,2,aiddata|chapo,GNB,2014,aiddata:52250|chapo:52250,direct_reference
PM-9188F3336A0B29,2,2,aiddata|chapo,GNB,2014,aiddata:93338|chapo:93338,direct_reference
PM-D1966BF21C95B2,2,2,aiddata|chapo,GNB,2014,aiddata:52352|chapo:52352,direct_reference
PM-ED28B344A44FCD,2,2,aiddata|chapo,GNB,2014,aiddata:57402|chapo:57402,direct_reference
PM-F514400F666F8B,2,2,aiddata|chapo,GNB,2014,aiddata:53243|chapo:53243,direct_reference
PM-243A95B8C081DD,2,2,aiddata|chapo,GNB,2016,aiddata:57424|chapo:57424,direct_reference
PM-69F2F39C3CA974,2,2,aiddata|chapo,GNB,2016,aiddata:53246|chapo:53246,direct_reference
PM-F9D1DC1000C80E,2,2,aiddata|chapo,GNB,2016,aiddata:53238|chapo:53238,direct_reference
PM-037F854A2AE148,2,2,aiddata|chapo,GNB,2017,aiddata:57400|chapo:57400,direct_reference
PM-03532FBEF190FF,2,2,aiddata|chapo,GNB,2018,aiddata:57710|chapo:57710,direct_reference
PM-8184706F5F0A38,2,2,aiddata|chapo,GNB,2018,aiddata:57226|chapo:57226,direct_reference
PM-8A3C679724F283,2,2,aiddata|chapo,GNB,2018,aiddata:87228|chapo:87228,direct_reference
PM-45AFDFD2D32079,2,2,aiddata|chapo,GNB,2019,aiddata:57701|chapo:57701,direct_reference
PM-0295434478DD8F,2,2,aiddata|chapo,GNB,2020,aiddata:93416|chapo:93416,direct_reference
PM-355E07944A181F,2,2,aiddata|chapo,GNB,2020,aiddata:93231|chapo:93231,direct_reference
PM-4DCF4D1EA8D693,2,2,aiddata|chapo,GNB,2020,aiddata:93233|chapo:93233,direct_reference
PM-95296D7F793260,2,2,aiddata|chapo,GNB,2020,aiddata:93386|chapo:93386,direct_reference
PM-9CCFF986744C0D,2,2,aiddata|chapo,GNB,2020,aiddata:93157|chapo:93157,direct_reference
PM-C1D1281180BE61,2,2,aiddata|chapo,GNB,2020,aiddata:93350|chapo:93350,direct_reference
PM-3F9AD35FE33DF9,2,2,aiddata|chapo,GNB,2021,aiddata:93382|chapo:93382,direct_reference
PM-7D3AF4256F13D7,2,2,aiddata|chapo,GNB,2021,aiddata:93238|chapo:93238,direct_reference
PM-B274633B4E9076,2,2,aiddata|chapo,GNB,2021,aiddata:93370|chapo:93370,direct_reference
PM-C85CE8D3396447,2,2,aiddata|chapo,GNB,2021,aiddata:93385|chapo:93385,direct_reference
PM-DF3F1B8440457B,2,2,aiddata|chapo,GNB,2021,aiddata:93239|chapo:93239,direct_reference
PM-3F30E503D55425,2,2,aiddata|chapo,GNQ,2003,aiddata:35429|chapo:35429,direct_reference
PM-56A96D197BB525,2,2,aiddata|cla,GNQ,2004,aiddata:91940|cla:GQ.033,automatic_high_confidence
PM-9EDA6F3E35D447,7,4,cgef|cgp|cla|cofi,GNQ,2006,cgef:GQ.004.02|cgp:GQ.001.1|cgp:GQ.001.2|cgp:GQ.001.3|cgp:GQ.001.4|cla:GQ.004.02|cofi:GNQ2021001:debt,human_confirmed
PM-CF6CEAE81D6D15,2,2,aiddata|chapo,GNQ,2006,aiddata:32371|chapo:32371,direct_reference
PM-139807372AD295,2,2,aiddata|chapo,GNQ,2007,aiddata:37560|chapo:37560,direct_reference
PM-7A9108BD72FFCE,2,2,aiddata|chapo,GNQ,2007,aiddata:32329|chapo:32329,direct_reference
PM-833DB34C8E2F90,2,2,aiddata|cla,GNQ,2007,aiddata:1056|cla:GQ.004.05,automatic_high_confidence
PM-692BF50F25C582,2,2,aiddata|chapo,GNQ,2008,aiddata:32440|chapo:32440,direct_reference
PM-C3DF08B7FA5A31,2,2,aiddata|chapo,GNQ,2008,aiddata:35430|chapo:35430,direct_reference
PM-043E299617AB1E,2,2,aiddata|cla,GNQ,2009,aiddata:62256|cla:GQ.007,human_confirmed
PM-07C3084CC54F95,3,3,cgef|cla|codf,GNQ,2009,cgef:GQ.004.12|cla:GQ.004.12|codf:GQ.004.12,human_confirmed
PM-21EB6471F1E139,8,5,cgef|cgp|cla|codf|cofi,GNQ,2009,cgef:GQ.010|cgef:GQ.029|cgp:GQ.002|cla:GQ.010|cla:GQ.029|codf:GQ.010|codf:GQ.029|cofi:GNQ2021002:debt,human_confirmed
PM-37908ADC91CC35,2,2,aiddata|chapo,GNQ,2009,aiddata:63199|chapo:63199,direct_reference
PM-A7240228712F86,2,2,aiddata|chapo,GNQ,2009,aiddata:34170|chapo:34170,direct_reference
PM-8ECFFD5CA8D8BC,4,4,aiddata|cgef|cla|codf,GNQ,2010,aiddata:2108|cgef:GQ.042|cla:GQ.042|codf:GQ.042,human_confirmed
PM-A046DD7C4A53E1,2,2,aiddata|chapo,GNQ,2010,aiddata:35202|chapo:35202,direct_reference
PM-DF2F02564F92A1,2,2,aiddata|chapo,GNQ,2010,aiddata:35431|chapo:35431,direct_reference
PM-76DC7FE17AADF7,2,2,aiddata|chapo,GNQ,2012,aiddata:62398|chapo:62398,direct_reference
PM-9BC39485D16F30,3,3,aiddata|cla|codf,GNQ,2012,aiddata:62140|cla:GQ.008|codf:GQ.008,human_confirmed
PM-69691060C8D72E,2,2,cla|codf,GNQ,2013,cla:GQ.004.09|codf:GQ.004.09,automatic_high_confidence
PM-16D682C35F4EE6,2,2,aiddata|chapo,GNQ,2014,aiddata:35432|chapo:35432,direct_reference
PM-3C2D65F0681080,2,2,aiddata|chapo,GNQ,2014,aiddata:63298|chapo:63298,direct_reference
PM-046B023375CB4A,2,2,cla|codf,GNQ,2015,cla:GQ.041|codf:GQ.041,automatic_high_confidence
PM-37E14694DBA20D,2,2,aiddata|chapo,GNQ,2015,aiddata:62402|chapo:62402,direct_reference
PM-00DFACF4110615,4,4,aiddata|cgef|cla|codf,GNQ,2016,aiddata:61221|cgef:GQ.024|cla:GQ.024|codf:GQ.024,human_confirmed
PM-9022A130C4E36E,2,2,aiddata|chapo,GNQ,2016,aiddata:62399|chapo:62399,direct_reference
PM-CBE1B17B6C894F,2,2,aiddata|chapo,GNQ,2016,aiddata:62403|chapo:62403,direct_reference
PM-04E81BFFB2D40A,2,2,aiddata|chapo,GNQ,2017,aiddata:62401|chapo:62401,direct_reference
PM-417E7FC72B6FAF,2,2,cla|codf,GNQ,2017,cla:GQ.004.07|codf:GQ.004.07,automatic_high_confidence
PM-727FE16E8662AE,2,2,cla|codf,GNQ,2017,cla:GQ.004.10|codf:GQ.004.10,automatic_high_confidence
PM-8B7723D59CC018,2,2,cla|codf,GNQ,2017,cla:GQ.004.08|codf:GQ.004.08,automatic_high_confidence
PM-D8F76743E93970,2,2,cla|codf,GNQ,2017,cla:GQ.004.11|codf:GQ.004.11,automatic_high_confidence
PM-098BF8B7816A85,2,2,aiddata|chapo,GNQ,2018,aiddata:88590|chapo:88590,direct_reference
PM-19669DAD1D06B0,2,2,aiddata|chapo,GNQ,2018,aiddata:86713|chapo:86713,direct_reference
PM-3AD5347F2A2C74,2,2,aiddata|chapo,GNQ,2018,aiddata:88591|chapo:88591,direct_reference
PM-3F39CEB5E068DD,2,2,aiddata|chapo,GNQ,2018,aiddata:86721|chapo:86721,direct_reference
PM-71ED046545E036,2,2,aiddata|chapo,GNQ,2018,aiddata:88587|chapo:88587,direct_reference
PM-9B4406A9624031,2,2,aiddata|chapo,GNQ,2018,aiddata:88588|chapo:88588,direct_reference
PM-A35F9E8EAF230F,2,2,aiddata|chapo,GNQ,2018,aiddata:62283|chapo:62283,direct_reference
PM-2F18D5A02B377B,3,3,cgef|cla|codf,GNQ,2019,cgef:GQ.027.03|cla:GQ.027.03|codf:GQ.027.03,human_confirmed
PM-65097E18514F7C,2,2,aiddata|chapo,GNQ,2019,aiddata:62404|chapo:62404,direct_reference
PM-AD4D1C7606C818,2,2,cla|codf,GNQ,2019,cla:GQ.031|codf:GQ.031,automatic_high_confidence
PM-AFFB6A8076D8F6,2,2,cla|codf,GNQ,2019,cla:GQ.040|codf:GQ.040,automatic_high_confidence
PM-BC1C68EF3319F4,3,3,aiddata|cgef|cla,GNQ,2019,aiddata:87016|cgef:GQ.027.02|cla:GQ.027.02,human_confirmed
PM-D219F04F1F45AF,2,2,aiddata|chapo,GNQ,2019,aiddata:87059|chapo:87059,direct_reference
PM-E42CA3E9FEB07D,2,2,aiddata|chapo,GNQ,2019,aiddata:62400|chapo:62400,direct_reference
PM-098B2D94FA6C0D,2,2,aiddata|chapo,GNQ,2020,aiddata:92785|chapo:92785,direct_reference
PM-119EAA8C401A75,2,2,aiddata|chapo,GNQ,2020,aiddata:92801|chapo:92801,direct_reference
PM-56217F5F5312D3,2,2,aiddata|chapo,GNQ,2020,aiddata:94536|chapo:94536,direct_reference
PM-684047408662A7,2,2,aiddata|chapo,GNQ,2020,aiddata:92985|chapo:92985,direct_reference
PM-AD488778F54C97,2,2,aiddata|chapo,GNQ,2020,aiddata:92809|chapo:92809,direct_reference
PM-C57BCAB4858681,2,2,aiddata|chapo,GNQ,2020,aiddata:92773|chapo:92773,direct_reference
PM-C82784E7BF0F33,2,2,aiddata|chapo,GNQ,2020,aiddata:92784|chapo:92784,direct_reference
PM-FAB653B68AF9B9,2,2,aiddata|chapo,GNQ,2020,aiddata:95536|chapo:95536,direct_reference
PM-8E3ED86379AA41,2,2,aiddata|chapo,GNQ,2021,aiddata:92774|chapo:92774,direct_reference
PM-D192A0BD5330AA,2,2,aiddata|chapo,GNQ,2021,aiddata:92780|chapo:92780,direct_reference
PM-E530597756010B,2,2,aiddata|chapo,GNQ,2021,aiddata:95534|chapo:95534,direct_reference
PM-9387D5BFEA07BD,2,2,aiddata|cla,KEN,2001,aiddata:58024|cla:KE.036,automatic_high_confidence
PM-711F1CFA9B3138,2,2,aiddata|cla,KEN,2002,aiddata:58026|cla:KE.037,automatic_high_confidence
PM-B2BF50552B79AF,2,2,aiddata|chapo,KEN,2002,aiddata:1033|chapo:1033,direct_reference
PM-55FA58F8F4304D,2,2,aiddata|chapo,KEN,2003,aiddata:1025|chapo:1025,direct_reference
PM-82BE820A3DBB07,2,2,cgef|cla,KEN,2006,cgef:KE.020|cla:KE.020,automatic_high_confidence
PM-A5CD4AAB9D07C1,2,2,aiddata|chapo,KEN,2006,aiddata:822|chapo:822,direct_reference
PM-BFAEF788FE06FF,2,2,aiddata|chapo,KEN,2006,aiddata:34174|chapo:34174,direct_reference
PM-3F2DEEFC767257,2,2,cgef|cla,KEN,2007,cgef:KE.038|cla:KE.038,automatic_high_confidence
PM-9A693A46FBC5B2,2,2,aiddata|chapo,KEN,2007,aiddata:35084|chapo:35084,direct_reference
PM-06CAA17D519F85,2,2,cla|codf,KEN,2008,cla:KE.039|codf:KE.039,automatic_high_confidence
PM-33335FDC057362,2,2,aiddata|chapo,KEN,2008,aiddata:16918|chapo:16918,direct_reference
PM-3A257560FC68AE,2,2,aiddata|chapo,KEN,2008,aiddata:98532|chapo:98532,direct_reference
PM-C6E2EA359A5225,2,2,cla|codf,KEN,2008,cla:KE.005|codf:KE.005,automatic_high_confidence
PM-5D060806DF17B4,2,2,cla|codf,KEN,2009,cla:KE.006|codf:KE.006,automatic_high_confidence
PM-BAE2ED2AAA8F55,4,4,aiddata|cgef|cla|codf,KEN,2009,aiddata:16392|cgef:KE.021|cla:KE.021|codf:KE.021,human_confirmed
PM-E38D0C8541E4FA,2,2,aiddata|chapo,KEN,2009,aiddata:16911|chapo:16911,direct_reference
PM-FF3669919EA66E,2,2,aiddata|chapo,KEN,2009,aiddata:1267|chapo:1267,direct_reference
PM-04BFC6CEE7E734,2,2,aiddata|chapo,KEN,2010,aiddata:1277|chapo:1277,direct_reference
PM-3B8D7996580EBE,2,2,aiddata|chapo,KEN,2010,aiddata:60169|chapo:60169,direct_reference
PM-C7E15CC6D16DC2,6,6,aiddata|cgef|cgp|cla|codf|cofi,KEN,2010,aiddata:31023|cgef:KE.007|cgp:KE.002|cla:KE.007|codf:KE.007|cofi:KEN2021003:debt,human_confirmed
PM-2E986A0E03E274,3,3,aiddata|cla|codf,KEN,2011,aiddata:31091|cla:KE.023|codf:KE.023,human_confirmed
PM-6B6587D9D589C8,4,4,aiddata|chapo|cla|codf,KEN,2011,aiddata:1290|chapo:1290|cla:KE.010|codf:KE.010,human_confirmed
PM-E84F2CC0DE8DD3,2,2,cla|codf,KEN,2011,cla:KE.012|codf:KE.012,automatic_high_confidence
PM-F06819DEBFAD81,2,2,cla|codf,KEN,2011,cla:KE.025|codf:KE.025,automatic_high_confidence
PM-9B8209F399AD4A,2,2,cla|codf,KEN,2012,cla:KE.013|codf:KE.013,automatic_high_confidence
PM-A0B032D9374237,6,5,aiddata|cgef|cla|codf|cofi,KEN,2012,aiddata:58350|cgef:KE.011|cla:KE.011|codf:KE.011|cofi:KEN2021002:debt|cofi:KEN2021004:debt,human_confirmed
PM-9FC723775FE7E7,2,2,aiddata|chapo,KEN,2013,aiddata:30803|chapo:30803,direct_reference
PM-EECF37D7FCA1CB,3,3,aiddata|cla|codf,KEN,2013,aiddata:58154|cla:KE.008|codf:KE.008,human_confirmed
PM-2B40AB98B19CD3,2,2,aiddata|chapo,KEN,2014,aiddata:36096|chapo:36096,direct_reference
PM-863A7D41142D43,2,2,cla|codf,KEN,2014,cla:KE.030|codf:KE.030,automatic_high_confidence
PM-9D5F6D4DFD91C4,2,2,aiddata|chapo,KEN,2014,aiddata:52926|chapo:52926,direct_reference
PM-C4BEE34379D86E,2,2,cla|codf,KEN,2014,cla:KE.041|codf:KE.041,automatic_high_confidence
PM-F2DDF23D617858,4,4,aiddata|cgef|cla|codf,KEN,2014,aiddata:31295|cgef:KE.031|cla:KE.031|codf:KE.031,human_confirmed
PM-9E68F286AF7F00,2,2,cla|codf,KEN,2015,cla:KE.073|codf:KE.073,automatic_high_confidence
PM-C7BB0F90C83D5B,5,5,aiddata|cgef|cgp|cla|codf,KEN,2015,aiddata:47008|cgef:KE.040|cgp:KE.001|cla:KE.040|codf:KE.040,human_confirmed
PM-DC6FEE4F2711F7,2,2,cla|codf,KEN,2015,cla:KE.035|codf:KE.035,automatic_high_confidence
PM-4AF05D5684CEB4,2,2,cla|codf,KEN,2016,cla:KE.062|codf:KE.062,automatic_high_confidence
PM-7896D00BA5A477,3,3,aiddata|cla|codf,KEN,2016,aiddata:47014|cla:KE.091|codf:KE.091,human_confirmed
PM-86EB47267AB05B,2,2,cla|codf,KEN,2016,cla:KE.058|codf:KE.058,automatic_high_confidence
PM-0FD69E275370D0,2,2,cla|codf,KEN,2017,cla:KE.081|codf:KE.081,automatic_high_confidence
PM-12BC8C1DDC11E0,3,3,cgef|cla|codf,KEN,2017,cgef:KE.087|cla:KE.087|codf:KE.087,human_confirmed
PM-1C47B558255FDF,2,2,cgef|codf,KEN,2017,cgef:KE.095|codf:KE.095,automatic_high_confidence
PM-2B724054C1542F,3,3,cgef|cla|codf,KEN,2017,cgef:KE.086|cla:KE.086|codf:KE.086,human_confirmed
PM-356A3BA0527F47,3,3,cgef|cla|codf,KEN,2017,cgef:KE.090|cla:KE.090|codf:KE.090,human_confirmed
PM-424E6C52AF00D0,3,3,aiddata|cla|codf,KEN,2017,aiddata:59494|cla:KE.085|codf:KE.085,human_confirmed
PM-5B213D68A01142,2,2,aiddata|cla,KEN,2017,aiddata:58510|cla:KE.083,automatic_high_confidence
PM-74DD04894D200D,2,2,cgef|codf,KEN,2017,cgef:KE.088|codf:KE.088,automatic_high_confidence
PM-7EF82F2308FE7C,2,2,cla|codf,KEN,2017,cla:KE.071|codf:KE.071,automatic_high_confidence
PM-942FF9B949C646,3,3,aiddata|cla|codf,KEN,2017,aiddata:58737|cla:KE.075|codf:KE.075,human_confirmed
PM-9B0291FCBF1B10,2,2,aiddata|chapo,KEN,2017,aiddata:58342|chapo:58342,direct_reference
PM-AEE7909A52FDE6,2,2,cla|codf,KEN,2017,cla:KE.093|codf:KE.093,automatic_high_confidence
PM-DD1417BB307390,3,3,cgef|cla|codf,KEN,2017,cgef:KE.102|cla:KE.102|codf:KE.102,human_confirmed
PM-36ABA55FB1CD92,2,2,aiddata|chapo,KEN,2018,aiddata:60081|chapo:60081,direct_reference
PM-ACDDC93AF39C6E,2,2,cla|codf,KEN,2018,cla:KE.103|codf:KE.103,automatic_high_confidence
PM-FBD392E481CED6,2,2,cla|codf,KEN,2018,cla:KE.082|codf:KE.082,automatic_high_confidence
PM-BE1170ABAB0A9F,2,2,aiddata|chapo,KEN,2019,aiddata:97285|chapo:97285,direct_reference
PM-CAE58D98474C89,2,2,cla|codf,KEN,2019,cla:KE.067|codf:KE.067,automatic_high_confidence
PM-DFE3639F9FEC64,2,2,cgef|codf,KEN,2019,cgef:KE.083|codf:KE.083,automatic_high_confidence
PM-54BEBA3360CD40,2,2,aiddata|chapo,KEN,2020,aiddata:93108|chapo:93108,direct_reference
PM-59802BD8753E57,2,2,aiddata|chapo,KEN,2020,aiddata:91880|chapo:91880,direct_reference
PM-746EAB41D4F94B,2,2,aiddata|chapo,KEN,2020,aiddata:97172|chapo:97172,direct_reference
PM-8488FCCD9455D3,2,2,aiddata|chapo,KEN,2020,aiddata:93107|chapo:93107,direct_reference
PM-EC16AEC7A742C6,2,2,aiddata|chapo,KEN,2020,aiddata:91879|chapo:91879,direct_reference
PM-5657C468C44C70,2,2,aiddata|chapo,KEN,2021,aiddata:95487|chapo:95487,direct_reference
PM-B5488208E909FF,2,2,cla|codf,KEN,2024,cla:KE.114|codf:KE.114,automatic_high_confidence
PM-D0C2848599D11D,2,2,cla|codf,KEN,2024,cla:KE.113|codf:KE.113,automatic_high_confidence
PM-E23534FA2BF523,2,2,cla|codf,KEN,2024,cla:KE.109|codf:KE.109,automatic_high_confidence
PM-F61402688D03F8,2,2,cla|codf,KEN,2024,cla:KE.118|codf:KE.118,automatic_high_confidence
PM-771749775E6411,2,2,aiddata|chapo,LBR,2005,aiddata:1594|chapo:1594,direct_reference
PM-1565C6B99A9AF1,2,2,aiddata|chapo,LBR,2006,aiddata:1623|chapo:1623,direct_reference
PM-7245BBFC990F7F,2,2,aiddata|chapo,LBR,2006,aiddata:1625|chapo:1625,direct_reference
PM-9A8C5B39EC778E,2,2,aiddata|chapo,LBR,2007,aiddata:1647|chapo:1647,direct_reference
PM-AA27DCF2020B3C,2,2,aiddata|chapo,LBR,2007,aiddata:1631|chapo:1631,direct_reference
PM-C6A481622CA14F,2,2,aiddata|chapo,LBR,2007,aiddata:30735|chapo:30735,direct_reference
PM-3A68301CCAF88B,2,2,aiddata|chapo,LBR,2008,aiddata:18568|chapo:18568,direct_reference
PM-FC161D0A227EC1,2,2,aiddata|chapo,LBR,2008,aiddata:1673|chapo:1673,direct_reference
PM-39FB7DD6242127,2,2,aiddata|chapo,LBR,2009,aiddata:1715|chapo:1715,direct_reference
PM-6A68282501C6C7,2,2,aiddata|chapo,LBR,2009,aiddata:30736|chapo:30736,direct_reference
PM-1FBBDD723AD678,2,2,aiddata|chapo,LBR,2010,aiddata:1724|chapo:1724,direct_reference
PM-8A288400AFCDFE,2,2,aiddata|chapo,LBR,2010,aiddata:1726|chapo:1726,direct_reference
PM-AF0473BC637453,2,2,aiddata|chapo,LBR,2010,aiddata:1727|chapo:1727,direct_reference
PM-2BEE91EC0FB40D,2,2,aiddata|chapo,LBR,2011,aiddata:1808|chapo:1808,direct_reference
PM-2EF22E674DEFFB,2,2,aiddata|chapo,LBR,2011,aiddata:1792|chapo:1792,direct_reference
PM-B4279A805E4620,2,2,aiddata|chapo,LBR,2011,aiddata:1805|chapo:1805,direct_reference
PM-C0B5E50DD2813B,2,2,aiddata|chapo,LBR,2011,aiddata:25009|chapo:25009,direct_reference
PM-8822987EE6FAA8,2,2,aiddata|chapo,LBR,2012,aiddata:30352|chapo:30352,direct_reference
PM-7CFE2D1EA53F01,2,2,aiddata|chapo,LBR,2013,aiddata:89621|chapo:89621,direct_reference
PM-860CC3B168DEE7,2,2,aiddata|chapo,LBR,2013,aiddata:39978|chapo:39978,direct_reference
PM-E6B9A2F77C0FC9,2,2,aiddata|chapo,LBR,2013,aiddata:30737|chapo:30737,direct_reference
PM-6F786A6FB67818,2,2,aiddata|chapo,LBR,2014,aiddata:41546|chapo:41546,direct_reference
PM-09DEA62ACD5B66,2,2,aiddata|chapo,LBR,2015,aiddata:52273|chapo:52273,direct_reference
PM-9917AB011EA016,2,2,aiddata|chapo,LBR,2015,aiddata:60646|chapo:60646,direct_reference
PM-6FFFE1C41A16DF,2,2,cla|codf,LBR,2016,cla:LR.013|codf:LR.013,automatic_high_confidence
PM-CBD8FFC0117B3F,2,2,aiddata|chapo,LBR,2016,aiddata:60644|chapo:60644,direct_reference
PM-FBA0A490E25859,2,2,aiddata|chapo,LBR,2016,aiddata:52404|chapo:52404,direct_reference
PM-3AC54C35D3CBBC,2,2,aiddata|chapo,LBR,2018,aiddata:55714|chapo:55714,direct_reference
PM-4F110B7C23EF16,2,2,aiddata|chapo,LBR,2018,aiddata:55600|chapo:55600,direct_reference
PM-B059538943E8F5,2,2,aiddata|chapo,LBR,2018,aiddata:88664|chapo:88664,direct_reference
PM-005BD2CD18B88E,2,2,aiddata|chapo,LBR,2019,aiddata:88135|chapo:88135,direct_reference
PM-2E8D8D14AFFE8F,2,2,aiddata|chapo,LBR,2019,aiddata:56549|chapo:56549,direct_reference
PM-4A3656CD350333,2,2,aiddata|chapo,LBR,2019,aiddata:88134|chapo:88134,direct_reference
PM-4E4EF464AC00BC,2,2,aiddata|chapo,LBR,2019,aiddata:88101|chapo:88101,direct_reference
PM-862C67D5571C42,2,2,aiddata|chapo,LBR,2019,aiddata:56031|chapo:56031,direct_reference
PM-B9B61712231E91,2,2,aiddata|chapo,LBR,2019,aiddata:87840|chapo:87840,direct_reference
PM-EC696D4AAF1499,2,2,aiddata|chapo,LBR,2019,aiddata:88372|chapo:88372,direct_reference
PM-F3433CCF0383FA,2,2,aiddata|chapo,LBR,2019,aiddata:88643|chapo:88643,direct_reference
PM-46EFD1D621D878,2,2,aiddata|chapo,LBR,2020,aiddata:91629|chapo:91629,direct_reference
PM-6BD4D29F80EB4E,2,2,aiddata|chapo,LBR,2020,aiddata:91932|chapo:91932,direct_reference
PM-6D184FB850398F,2,2,aiddata|chapo,LBR,2020,aiddata:97874|chapo:97874,direct_reference
PM-7433A0E4682B65,2,2,aiddata|chapo,LBR,2020,aiddata:91691|chapo:91691,direct_reference
PM-8B7D7261D3F1BB,2,2,aiddata|chapo,LBR,2020,aiddata:91692|chapo:91692,direct_reference
PM-AF9D32C8F380CB,2,2,aiddata|chapo,LBR,2020,aiddata:96882|chapo:96882,direct_reference
PM-C5882DE68FD338,2,2,aiddata|chapo,LBR,2020,aiddata:91693|chapo:91693,direct_reference
PM-D37C1AAC9876EF,2,2,aiddata|chapo,LBR,2020,aiddata:97873|chapo:97873,direct_reference
PM-DB9D87F1A1F31B,2,2,aiddata|chapo,LBR,2020,aiddata:91777|chapo:91777,direct_reference
PM-E3BDD88BDC9594,2,2,aiddata|chapo,LBR,2020,aiddata:88560|chapo:88560,direct_reference
PM-7B64785BD03F6D,2,2,aiddata|chapo,LBR,2021,aiddata:96855|chapo:96855,direct_reference
PM-D22AE45ABC15BB,2,2,aiddata|chapo,LBR,2021,aiddata:97591|chapo:97591,direct_reference
PM-D61D2692E8274E,2,2,aiddata|chapo,LBY,2018,aiddata:57030|chapo:57030,direct_reference
PM-2AFFED16DEB7BA,2,2,aiddata|chapo,LBY,2020,aiddata:94684|chapo:94684,direct_reference
PM-383153B4EF668C,2,2,aiddata|chapo,LBY,2020,aiddata:94685|chapo:94685,direct_reference
PM-C8F1008298C84B,2,2,aiddata|chapo,LBY,2020,aiddata:97995|chapo:97995,direct_reference
PM-E8CCBE966112D9,2,2,aiddata|chapo,LBY,2021,aiddata:97463|chapo:97463,direct_reference
PM-009B0AA97209B8,2,2,aiddata|chapo,LSO,2002,aiddata:924|chapo:924,direct_reference
PM-3BCBA40AF220E9,2,2,aiddata|chapo,LSO,2002,aiddata:21758|chapo:21758,direct_reference
PM-85F7DD1C3BE165,2,2,aiddata|chapo,LSO,2005,aiddata:72087|chapo:72087,direct_reference
PM-51396D1B03CCCF,2,2,aiddata|chapo,LSO,2007,aiddata:55849|chapo:55849,direct_reference
PM-BDA1833C60941D,2,2,cla|codf,LSO,2008,cla:LS.001|codf:LS.001,automatic_high_confidence
PM-ACC487675931DF,2,2,aiddata|chapo,LSO,2009,aiddata:1093|chapo:1093,direct_reference
PM-CE141424B49CBA,2,2,aiddata|chapo,LSO,2009,aiddata:35258|chapo:35258,direct_reference
PM-4210EF3480F00F,2,2,aiddata|chapo,LSO,2011,aiddata:31118|chapo:31118,direct_reference
PM-AEEB5408CEDAE6,2,2,cla|codf,LSO,2011,cla:LS.002|codf:LS.002,automatic_high_confidence
PM-07A6BB138EAA49,2,2,aiddata|chapo,LSO,2012,aiddata:30279|chapo:30279,direct_reference
PM-F8EB1BE3DC5173,2,2,aiddata|chapo,LSO,2013,aiddata:31120|chapo:31120,direct_reference
PM-C857B4B03B0F1F,2,2,aiddata|chapo,LSO,2015,aiddata:55845|chapo:55845,direct_reference
PM-D60CCE0E082D88,2,2,aiddata|chapo,LSO,2016,aiddata:55842|chapo:55842,direct_reference
PM-D8547794155341,2,2,aiddata|chapo,LSO,2016,aiddata:55769|chapo:55769,direct_reference
PM-00B7BF4F7CD1DF,2,2,aiddata|chapo,LSO,2017,aiddata:55839|chapo:55839,direct_reference
PM-DAAB95EBD020F6,2,2,aiddata|chapo,LSO,2017,aiddata:55831|chapo:55831,direct_reference
PM-E94483EF343779,2,2,aiddata|chapo,LSO,2017,aiddata:56630|chapo:56630,direct_reference
PM-01854A04C40EB1,2,2,cla|codf,LSO,2018,cla:LS.010|codf:LS.010,automatic_high_confidence
PM-582A256A524510,2,2,aiddata|chapo,LSO,2018,aiddata:55772|chapo:55772,direct_reference
PM-64ED1BE4CCE0D5,2,2,aiddata|chapo,LSO,2018,aiddata:55683|chapo:55683,direct_reference
PM-772F7806E6493C,2,2,aiddata|chapo,LSO,2018,aiddata:55994|chapo:55994,direct_reference
PM-2B79549260A6D1,2,2,aiddata|chapo,LSO,2019,aiddata:89245|chapo:89245,direct_reference
PM-CADBEB6903E24B,2,2,aiddata|chapo,LSO,2019,aiddata:72026|chapo:72026,direct_reference
PM-03C1FB38DB1D57,5,4,cgef|cgp|cla|codf,LSO,2020,cgef:LS.012|cgp:LS.001.1|cgp:LS.001.2|cla:LS.012|codf:LS.012,human_confirmed
PM-8846D88C94F623,2,2,aiddata|chapo,LSO,2020,aiddata:93550|chapo:93550,direct_reference
PM-B3F164177FAC9E,2,2,aiddata|chapo,LSO,2020,aiddata:89203|chapo:89203,direct_reference
PM-E94A29149CF44A,2,2,aiddata|chapo,LSO,2020,aiddata:93666|chapo:93666,direct_reference
PM-0E9751D14A1D94,2,2,aiddata|chapo,LSO,2021,aiddata:93668|chapo:93668,direct_reference
PM-571302F8F17E66,2,2,aiddata|chapo,LSO,2021,aiddata:97953|chapo:97953,direct_reference
PM-5C65452F8283B1,2,2,aiddata|chapo,LSO,2021,aiddata:93664|chapo:93664,direct_reference
PM-FFD251DD6EC4CA,2,2,cla|codf,LSO,2022,cla:LS.016|codf:LS.016,automatic_high_confidence
PM-361CB692283044,2,2,aiddata|chapo,MAR,2001,aiddata:1863|chapo:1863,direct_reference
PM-C3308AA6CEF70C,4,2,cla|cofi,MAR,2002,cla:MA.001|cofi:MAR2021001:debt|cofi:MAR2021002:debt|cofi:MAR2021003:debt,human_confirmed
PM-D75F776678A39D,2,2,aiddata|chapo,MAR,2005,aiddata:56311|chapo:56311,direct_reference
PM-97E4BA2448210B,2,2,cla|codf,MAR,2008,cla:MA.022|codf:MA.022,automatic_high_confidence
PM-C0C76BA7DF4B6A,2,2,aiddata|chapo,MAR,2010,aiddata:56319|chapo:56319,direct_reference
PM-44DCA95F8BFF5D,2,2,cla|codf,MAR,2011,cla:MA.006|codf:MA.006,automatic_high_confidence
PM-141AF17899591C,2,2,aiddata|chapo,MAR,2012,aiddata:56331|chapo:56331,direct_reference
PM-DBB21B85009A60,6,6,aiddata|cgef|cgp|cla|codf|cofi,MAR,2014,aiddata:30947|cgef:MA.005|cgp:MA.001|cla:MA.005|codf:MA.005|cofi:MAR2021004:debt,human_confirmed
PM-29055C0416CA1B,2,2,aiddata|chapo,MAR,2015,aiddata:57182|chapo:57182,direct_reference
PM-8B9811508C0AF1,2,2,aiddata|chapo,MAR,2016,aiddata:56341|chapo:56341,direct_reference
PM-F112A0CEF75713,2,2,aiddata|chapo,MAR,2017,aiddata:57440|chapo:57440,direct_reference
PM-D4F4A36F9722C2,2,2,aiddata|chapo,MAR,2018,aiddata:56345|chapo:56345,direct_reference
PM-5C46DD6A6C8B8C,2,2,aiddata|chapo,MAR,2020,aiddata:94341|chapo:94341,direct_reference
PM-92B1139B034F25,2,2,aiddata|chapo,MAR,2020,aiddata:95546|chapo:95546,direct_reference
PM-B646CFFC361DDC,2,2,aiddata|chapo,MAR,2020,aiddata:94229|chapo:94229,direct_reference
PM-B922D9733D509D,2,2,aiddata|chapo,MAR,2020,aiddata:94342|chapo:94342,direct_reference
PM-DA800026B4671C,2,2,aiddata|chapo,MAR,2020,aiddata:94293|chapo:94293,direct_reference
PM-DD89B724254BC9,2,2,aiddata|chapo,MAR,2020,aiddata:89915|chapo:89915,direct_reference
PM-3B371E05259B77,2,2,aiddata|chapo,MAR,2021,aiddata:95401|chapo:95401,direct_reference
PM-FE42F0BD13E4D1,2,2,aiddata|chapo,MAR,2021,aiddata:95544|chapo:95544,direct_reference
PM-BC4DE58FBC1FEC,2,2,aiddata|chapo,MDG,2000,aiddata:72726|chapo:72726,direct_reference
PM-1CC6469651240A,2,2,aiddata|chapo,MDG,2002,aiddata:72727|chapo:72727,direct_reference
PM-556B7BEFB57A82,2,2,aiddata|chapo,MDG,2004,aiddata:911|chapo:911,direct_reference
PM-4D948EC689E0A7,2,2,aiddata|chapo,MDG,2006,aiddata:60025|chapo:60025,direct_reference
PM-A93AE9E2FA3764,2,2,aiddata|chapo,MDG,2006,aiddata:920|chapo:920,direct_reference
PM-F270DEBC185EB4,2,2,aiddata|chapo,MDG,2006,aiddata:72877|chapo:72877,direct_reference
PM-C4E0778174EDDD,2,2,aiddata|chapo,MDG,2007,aiddata:35212|chapo:35212,direct_reference
PM-DD853BCEC9D629,2,2,aiddata|chapo,MDG,2007,aiddata:59703|chapo:59703,direct_reference
PM-F57D1B0A0AE3CB,2,2,aiddata|chapo,MDG,2007,aiddata:35213|chapo:35213,direct_reference
PM-A8083059AA480A,2,2,aiddata|chapo,MDG,2008,aiddata:19694|chapo:19694,direct_reference
PM-B6293C752F6923,2,2,aiddata|chapo,MDG,2008,aiddata:1020|chapo:1020,direct_reference
PM-688529373DB063,2,2,aiddata|chapo,MDG,2009,aiddata:34175|chapo:34175,direct_reference
PM-ECBD2E734F142D,2,2,aiddata|chapo,MDG,2009,aiddata:59711|chapo:59711,direct_reference
PM-3D1686E4C507EA,2,2,aiddata|chapo,MDG,2010,aiddata:35500|chapo:35500,direct_reference
PM-4D42EC0368D2B4,2,2,aiddata|chapo,MDG,2010,aiddata:59716|chapo:59716,direct_reference
PM-9F2F3E165ABCC7,2,2,aiddata|chapo,MDG,2010,aiddata:19700|chapo:19700,direct_reference
PM-012C39C2E95F4B,2,2,aiddata|chapo,MDG,2012,aiddata:35501|chapo:35501,direct_reference
PM-6D1A266F111F34,2,2,aiddata|chapo,MDG,2012,aiddata:61128|chapo:61128,direct_reference
PM-155F3E0E27BFD1,2,2,aiddata|chapo,MDG,2013,aiddata:60026|chapo:60026,direct_reference
PM-3D53DFA6F082BF,2,2,aiddata|chapo,MDG,2013,aiddata:53131|chapo:53131,direct_reference
PM-2DCB5B6CCEC7AE,2,2,aiddata|chapo,MDG,2014,aiddata:60027|chapo:60027,direct_reference
PM-37D01101FB0F04,2,2,aiddata|chapo,MDG,2014,aiddata:35502|chapo:35502,direct_reference
PM-A13D89CC148165,2,2,aiddata|chapo,MDG,2015,aiddata:72747|chapo:72747,direct_reference
PM-51B924106BED29,2,2,aiddata|chapo,MDG,2016,aiddata:59719|chapo:59719,direct_reference
PM-8123F00D40BE03,2,2,aiddata|chapo,MDG,2016,aiddata:60028|chapo:60028,direct_reference
PM-696F991465EDB9,2,2,aiddata|chapo,MDG,2017,aiddata:60996|chapo:60996,direct_reference
PM-AC6A581FE4CA05,2,2,aiddata|chapo,MDG,2017,aiddata:60995|chapo:60995,direct_reference
PM-ACB631E737DB16,2,2,aiddata|chapo,MDG,2017,aiddata:60024|chapo:60024,direct_reference
PM-C21251D87F7443,2,2,aiddata|chapo,MDG,2017,aiddata:58729|chapo:58729,direct_reference
PM-CCEC81A4E5C29F,3,3,aiddata|cla|codf,MDG,2017,aiddata:52287|cla:MG.010|codf:MG.010,human_confirmed
PM-FAD4BD8F51B666,2,2,aiddata|chapo,MDG,2017,aiddata:72748|chapo:72748,direct_reference
PM-23C210D5FC7395,2,2,aiddata|chapo,MDG,2018,aiddata:60906|chapo:60906,direct_reference
PM-3772D720291D06,2,2,cla|codf,MDG,2018,cla:MG.021|codf:MG.021,automatic_high_confidence
PM-7DBB708655107B,2,2,cla|codf,MDG,2018,cla:MG.011|codf:MG.011,automatic_high_confidence
PM-8082C3024A7B0E,2,2,aiddata|chapo,MDG,2018,aiddata:88237|chapo:88237,direct_reference
PM-9057E518A19B08,2,2,aiddata|chapo,MDG,2018,aiddata:60023|chapo:60023,direct_reference
PM-D6B96CA60AC58E,2,2,aiddata|chapo,MDG,2018,aiddata:72728|chapo:72728,direct_reference
PM-1DB356421C2809,2,2,cla|codf,MDG,2019,cla:MG.020|codf:MG.020,automatic_high_confidence
PM-5D84A7B5358207,2,2,aiddata|chapo,MDG,2019,aiddata:88228|chapo:88228,direct_reference
PM-71FF3BA9A3EBA5,2,2,aiddata|chapo,MDG,2019,aiddata:89163|chapo:89163,direct_reference
PM-0B9DEADE243783,2,2,aiddata|chapo,MDG,2020,aiddata:91912|chapo:91912,direct_reference
PM-3B1FA674581E9A,2,2,aiddata|chapo,MDG,2020,aiddata:91877|chapo:91877,direct_reference
PM-3B6E3B4364641B,2,2,cla|codf,MDG,2020,cla:MG.022|codf:MG.022,automatic_high_confidence
PM-9322E6752AE267,2,2,aiddata|chapo,MDG,2020,aiddata:91915|chapo:91915,direct_reference
PM-CF160F343C7175,2,2,aiddata|chapo,MDG,2020,aiddata:97113|chapo:97113,direct_reference
PM-0226D99074F5D0,2,2,aiddata|chapo,MDG,2021,aiddata:97170|chapo:97170,direct_reference
PM-451EEB7CDAE37F,2,2,aiddata|chapo,MDG,2021,aiddata:92040|chapo:92040,direct_reference
PM-46F67B665B0B72,2,2,aiddata|chapo,MDG,2021,aiddata:97171|chapo:97171,direct_reference
PM-B4F68055CB3FDE,2,2,aiddata|chapo,MDG,2021,aiddata:92030|chapo:92030,direct_reference
PM-D21A1EBAC2971F,2,2,aiddata|chapo,MDG,2021,aiddata:95406|chapo:95406,direct_reference
PM-E0DD6F33427C9A,2,2,aiddata|chapo,MDG,2021,aiddata:97092|chapo:97092,direct_reference
PM-E21B7DF78A5B40,2,2,aiddata|chapo,MDG,2021,aiddata:96857|chapo:96857,direct_reference
PM-E5F232EE0E50B0,2,2,aiddata|chapo,MDG,2021,aiddata:89164|chapo:89164,direct_reference
PM-ED9804AE732711,2,2,aiddata|chapo,MDG,2021,aiddata:92039|chapo:92039,direct_reference
PM-EEDAAAA79D5D02,2,2,aiddata|chapo,MDG,2021,aiddata:96856|chapo:96856,direct_reference
PM-89D39AFCFE0C24,5,5,aiddata|cgef|cgp|cla|codf,MDG,2023,aiddata:57569|cgef:MG.008|cgp:MG.001|cla:MG.008|codf:MG.008,human_confirmed
PM-25560E848A653F,2,2,aiddata|chapo,MLI,2001,aiddata:73240|chapo:73240,direct_reference
PM-913223752CD43C,2,2,aiddata|chapo,MLI,2003,aiddata:73241|chapo:73241,direct_reference
PM-0FF2561AD74D6A,2,2,aiddata|chapo,MLI,2005,aiddata:60170|chapo:60170,direct_reference
PM-2EE8820AC485D8,2,2,aiddata|chapo,MLI,2005,aiddata:60216|chapo:60216,direct_reference
PM-3344D685504A46,2,2,aiddata|chapo,MLI,2006,aiddata:60171|chapo:60171,direct_reference
PM-4C8AABD6CE7824,2,2,aiddata|chapo,MLI,2007,aiddata:59534|chapo:59534,direct_reference
PM-970A4CA69D74C6,2,2,aiddata|chapo,MLI,2007,aiddata:58793|chapo:58793,direct_reference
PM-F4FEB0245A91C1,2,2,aiddata|chapo,MLI,2007,aiddata:35220|chapo:35220,direct_reference
PM-0AE233EC8F8404,2,2,aiddata|chapo,MLI,2008,aiddata:59130|chapo:59130,direct_reference
PM-2C1D1569C6FAC4,2,2,aiddata|chapo,MLI,2008,aiddata:1505|chapo:1505,direct_reference
PM-8D0F696220DD1F,2,2,aiddata|chapo,MLI,2008,aiddata:1508|chapo:1508,direct_reference
PM-D4DA6E4AA0715A,2,2,aiddata|chapo,MLI,2008,aiddata:35221|chapo:35221,direct_reference
PM-DE2AFC0D7A0EE6,2,2,aiddata|chapo,MLI,2008,aiddata:58717|chapo:58717,direct_reference
PM-18E76FDFCB007A,2,2,aiddata|chapo,MLI,2009,aiddata:30665|chapo:30665,direct_reference
PM-2088B68C9C5503,2,2,aiddata|chapo,MLI,2009,aiddata:59516|chapo:59516,direct_reference
PM-44712BC1B683D8,2,2,aiddata|chapo,MLI,2009,aiddata:30664|chapo:30664,direct_reference
PM-945BE3AE02B50F,2,2,aiddata|chapo,MLI,2009,aiddata:30663|chapo:30663,direct_reference
PM-1B48481A1037F6,2,2,cla|codf,MLI,2010,cla:ML.003|codf:ML.003,automatic_high_confidence
PM-5DBD688B0BF992,2,2,cla|codf,MLI,2011,cla:ML.013|codf:ML.013,automatic_high_confidence
PM-7EA2294CB5AE49,2,2,aiddata|chapo,MLI,2011,aiddata:35440|chapo:35440,direct_reference
PM-ECE793463D8A0C,2,2,aiddata|chapo,MLI,2011,aiddata:73242|chapo:73242,direct_reference
PM-F51DF4E6A811A3,2,2,aiddata|chapo,MLI,2011,aiddata:72186|chapo:72186,direct_reference
PM-FDC42504DBB4B5,2,2,aiddata|chapo,MLI,2011,aiddata:59693|chapo:59693,direct_reference
PM-78E7EE994081F0,2,2,aiddata|chapo,MLI,2012,aiddata:30229|chapo:30229,direct_reference
PM-D78D4854D45EB7,2,2,aiddata|chapo,MLI,2012,aiddata:30397|chapo:30397,direct_reference
PM-1F8EAB11CF844E,2,2,aiddata|chapo,MLI,2013,aiddata:35022|chapo:35022,direct_reference
PM-66F90CAFFB5B15,2,2,aiddata|chapo,MLI,2013,aiddata:59463|chapo:59463,direct_reference
PM-9CD21CA60EF602,8,6,aiddata|cgef|cgp|cla|codf|cofi,MLI,2013,aiddata:53100|cgef:ML.006|cgp:ML.001.1|cgp:ML.001.2|cgp:ML.001.3|cla:ML.006|codf:ML.006|cofi:MLI2021001:debt,human_confirmed
PM-184DA6DD3FB2CF,3,3,aiddata|cla|codf,MLI,2014,aiddata:36438|cla:ML.023|codf:ML.023,human_confirmed
PM-3045F9DDE6B7BC,2,2,aiddata|chapo,MLI,2014,aiddata:59315|chapo:59315,direct_reference
PM-6E7C1A94169614,2,2,aiddata|cofi,MLI,2014,aiddata:30225|cofi:MLI2021002:debt,automatic_high_confidence
PM-A7A52E741B80C0,2,2,aiddata|chapo,MLI,2014,aiddata:36447|chapo:36447,direct_reference
PM-4432CDF1751174,2,2,aiddata|chapo,MLI,2015,aiddata:59736|chapo:59736,direct_reference
PM-918DA61BE0951B,2,2,aiddata|chapo,MLI,2015,aiddata:59583|chapo:59583,direct_reference
PM-DD14F0A83D3EA6,2,2,aiddata|chapo,MLI,2016,aiddata:59629|chapo:59629,direct_reference
PM-027AE9B7E17BA7,2,2,aiddata|chapo,MLI,2017,aiddata:58704|chapo:58704,direct_reference
PM-E21395E246103F,2,2,aiddata|chapo,MLI,2017,aiddata:71990|chapo:71990,direct_reference
PM-E2D9668131BF67,2,2,aiddata|chapo,MLI,2017,aiddata:59588|chapo:59588,direct_reference
PM-5346CD89EC88E4,2,2,cla|codf,MLI,2018,cla:ML.027|codf:ML.027,automatic_high_confidence
PM-95C8DE1006B37B,2,2,aiddata|chapo,MLI,2018,aiddata:98260|chapo:98260,direct_reference
PM-F075D6AE38F3D5,2,2,aiddata|chapo,MLI,2019,aiddata:85656|chapo:85656,direct_reference
PM-2051BAB56FFE04,2,2,aiddata|chapo,MLI,2020,aiddata:93491|chapo:93491,direct_reference
PM-473300C736BE8B,2,2,aiddata|chapo,MLI,2020,aiddata:93589|chapo:93589,direct_reference
PM-504A08CA9AC1E3,2,2,aiddata|chapo,MLI,2020,aiddata:93474|chapo:93474,direct_reference
PM-768FDD09EA724A,2,2,aiddata|chapo,MLI,2020,aiddata:93476|chapo:93476,direct_reference
PM-A4D81FCF9FF57F,2,2,aiddata|chapo,MLI,2020,aiddata:93591|chapo:93591,direct_reference
PM-EB56DCEBBF9A63,2,2,aiddata|chapo,MLI,2020,aiddata:94889|chapo:94889,direct_reference
PM-25E5E19359402B,2,2,aiddata|chapo,MLI,2021,aiddata:93492|chapo:93492,direct_reference
PM-3E368E33FBE55E,2,2,aiddata|chapo,MLI,2021,aiddata:93518|chapo:93518,direct_reference
PM-715691C3D3EB1D,2,2,aiddata|chapo,MLI,2021,aiddata:93519|chapo:93519,direct_reference
PM-2340B80A1180EB,2,2,aiddata|cla,MOZ,2001,aiddata:21904|cla:MZ.001,automatic_high_confidence
PM-DEDF3CB0DF5A01,2,2,aiddata|chapo,MOZ,2002,aiddata:758|chapo:758,direct_reference
PM-00DB06029D7224,2,2,aiddata|chapo,MOZ,2004,aiddata:58090|chapo:58090,direct_reference
PM-528338D52CC1F1,2,2,aiddata|chapo,MOZ,2004,aiddata:35668|chapo:35668,direct_reference
PM-83586343053457,2,2,aiddata|chapo,MOZ,2006,aiddata:57430|chapo:57430,direct_reference
PM-166122A90476E7,2,2,aiddata|chapo,MOZ,2008,aiddata:27498|chapo:27498,direct_reference
PM-4ABBFFAA1BFFE4,2,2,aiddata|chapo,MOZ,2008,aiddata:57950|chapo:57950,direct_reference
PM-91A2B4C77DB15B,2,2,cla|codf,MOZ,2009,cla:MZ.005.02|codf:MZ.005.02,automatic_high_confidence
PM-A852AAB8D7A77A,2,2,aiddata|chapo,MOZ,2009,aiddata:68605|chapo:68605,direct_reference
PM-D96FE68EA9EA6D,2,2,cla|codf,MOZ,2009,cla:MZ.006|codf:MZ.006,automatic_high_confidence
PM-1D6BB0F62E9BD0,2,2,aiddata|chapo,MOZ,2010,aiddata:1230|chapo:1230,direct_reference
PM-252F8D9B9EB705,2,2,aiddata|chapo,MOZ,2010,aiddata:1233|chapo:1233,direct_reference
PM-2C58AD30BE523C,2,2,aiddata|chapo,MOZ,2010,aiddata:33863|chapo:33863,direct_reference
PM-26AFFB455F625F,2,2,aiddata|chapo,MOZ,2011,aiddata:57908|chapo:57908,direct_reference
PM-8D502D6726235A,2,2,cla|codf,MOZ,2011,cla:MZ.009|codf:MZ.009,automatic_high_confidence
PM-255D7E389AB45A,2,2,cla|codf,MOZ,2012,cla:MZ.076|codf:MZ.076,automatic_high_confidence
PM-708DF191F2AB02,2,2,cla|codf,MOZ,2012,cla:MZ.011|codf:MZ.011,automatic_high_confidence
PM-73D0883760F8B1,2,2,cla|codf,MOZ,2012,cla:MZ.038|codf:MZ.038,automatic_high_confidence
PM-A75D4622768615,2,2,cla|codf,MOZ,2012,cla:MZ.062|codf:MZ.062,automatic_high_confidence
PM-A836470ACCE2AD,2,2,cla|codf,MOZ,2012,cla:MZ.010|codf:MZ.010,automatic_high_confidence
PM-CBEF7E87EB56BB,2,2,aiddata|chapo,MOZ,2012,aiddata:30375|chapo:30375,direct_reference
PM-06A8943E1CB6DB,2,2,aiddata|chapo,MOZ,2013,aiddata:31064|chapo:31064,direct_reference
PM-642F84FDB07A63,2,2,cla|codf,MOZ,2013,cla:MZ.044|codf:MZ.044,automatic_high_confidence
PM-D81355455E7A93,2,2,cla|codf,MOZ,2013,cla:MZ.063|codf:MZ.063,automatic_high_confidence
PM-DAA22506F54685,2,2,aiddata|chapo,MOZ,2013,aiddata:30391|chapo:30391,direct_reference
PM-8B804D570F0EE6,3,3,aiddata|cla|codf,MOZ,2014,aiddata:40735|cla:MZ.056|codf:MZ.056,human_confirmed
PM-A53D320A756BDB,2,2,aiddata|chapo,MOZ,2014,aiddata:60784|chapo:60784,direct_reference
PM-F3119F400C9007,2,2,cla|codf,MOZ,2014,cla:MZ.068|codf:MZ.068,automatic_high_confidence
PM-ACFFFA69B123ED,2,2,aiddata|chapo,MOZ,2015,aiddata:57712|chapo:57712,direct_reference
PM-EEB6B8D2804B5C,2,2,aiddata|chapo,MOZ,2016,aiddata:57436|chapo:57436,direct_reference
PM-47A71A17884440,3,3,aiddata|cla|codf,MOZ,2017,aiddata:57313|cla:MZ.055|codf:MZ.055,human_confirmed
PM-F2866D1A0FF571,2,2,aiddata|chapo,MOZ,2017,aiddata:72895|chapo:72895,direct_reference
PM-20C4214E414E8D,2,2,aiddata|chapo,MOZ,2020,aiddata:92093|chapo:92093,direct_reference
PM-2929C6860A1D4C,2,2,aiddata|chapo,MOZ,2020,aiddata:92128|chapo:92128,direct_reference
PM-485E3E98121EB4,2,2,aiddata|chapo,MOZ,2020,aiddata:92130|chapo:92130,direct_reference
PM-6E10FA9DDE8802,2,2,aiddata|chapo,MOZ,2020,aiddata:97890|chapo:97890,direct_reference
PM-9BA63482B997F3,2,2,aiddata|chapo,MOZ,2020,aiddata:92129|chapo:92129,direct_reference
PM-A07A0B22E97C70,2,2,aiddata|chapo,MOZ,2020,aiddata:92017|chapo:92017,direct_reference
PM-BAA322CD604F48,2,2,cla|codf,MOZ,2020,cla:MZ.071|codf:MZ.071,automatic_high_confidence
PM-C3557A7720B6E8,4,2,aiddata|chapo,MOZ,2020,aiddata:91935|aiddata:92166|chapo:91935|chapo:92166,human_confirmed
PM-D7146EC116D71B,2,2,aiddata|chapo,MOZ,2020,aiddata:92094|chapo:92094,direct_reference
PM-DE70BBD2C30BB8,2,2,aiddata|chapo,MOZ,2020,aiddata:92134|chapo:92134,direct_reference
PM-5A883E0C7DAE45,2,2,aiddata|chapo,MOZ,2021,aiddata:95809|chapo:95809,direct_reference
PM-6579504087EFEB,2,2,aiddata|chapo,MOZ,2021,aiddata:97036|chapo:97036,direct_reference
PM-92373053E0DC72,2,2,aiddata|chapo,MOZ,2021,aiddata:95808|chapo:95808,direct_reference
PM-BB77F726E5F1DE,2,2,aiddata|chapo,MOZ,2021,aiddata:95810|chapo:95810,direct_reference
PM-D3B45631C4364A,2,2,aiddata|chapo,MOZ,2021,aiddata:95811|chapo:95811,direct_reference
PM-FCB35953A84C70,2,2,aiddata|chapo,MRT,2002,aiddata:73329|chapo:73329,direct_reference
PM-278B5F93BBA372,2,2,aiddata|chapo,MRT,2004,aiddata:73333|chapo:73333,direct_reference
PM-199F252F1BAC13,2,2,aiddata|chapo,MRT,2005,aiddata:35589|chapo:35589,direct_reference
PM-6F162589768A42,2,2,aiddata|chapo,MRT,2008,aiddata:35588|chapo:35588,direct_reference
PM-4DA5D86EF2AB40,2,2,aiddata|chapo,MRT,2009,aiddata:32980|chapo:32980,direct_reference
PM-50D0BC975E6885,2,2,aiddata|chapo,MRT,2009,aiddata:2416|chapo:2416,direct_reference
PM-F7A9E9CD30C18E,2,2,cla|codf,MRT,2009,cla:MR.003|codf:MR.003,automatic_high_confidence
PM-A62288ACCF4F3E,2,2,aiddata|chapo,MRT,2010,aiddata:35587|chapo:35587,direct_reference
PM-CD89260D154F13,2,2,cla|codf,MRT,2010,cla:MR.004|codf:MR.004,automatic_high_confidence
PM-10DFE50DC235B7,2,2,aiddata|chapo,MRT,2011,aiddata:18750|chapo:18750,direct_reference
PM-43FB1294606688,2,2,aiddata|cla,MRT,2011,aiddata:32587|cla:MR.014,automatic_high_confidence
PM-AEA7CDBEA28EF3,2,2,aiddata|chapo,MRT,2011,aiddata:34154|chapo:34154,direct_reference
PM-E739DBCB4F15F7,2,2,aiddata|chapo,MRT,2011,aiddata:56935|chapo:56935,direct_reference
PM-E03CD015F18273,2,2,aiddata|chapo,MRT,2012,aiddata:35586|chapo:35586,direct_reference
PM-F9B99156DA21D9,2,2,aiddata|chapo,MRT,2012,aiddata:56921|chapo:56921,direct_reference
PM-66CAB6B8FF7857,2,2,aiddata|chapo,MRT,2013,aiddata:56843|chapo:56843,direct_reference
PM-77811E8003268D,3,3,cgef|cla|codf,MRT,2013,cgef:MR.013|cla:MR.013|codf:MR.013,human_confirmed
PM-2A2DD44F19558F,2,2,aiddata|chapo,MRT,2014,aiddata:35584|chapo:35584,direct_reference
PM-F377CDD149137E,2,2,aiddata|chapo,MRT,2014,aiddata:36189|chapo:36189,direct_reference
PM-4DC43EAF25D6F6,2,2,aiddata|chapo,MRT,2015,aiddata:56942|chapo:56942,direct_reference
PM-4DD6575286C21A,2,2,aiddata|cla,MRT,2015,aiddata:53448|cla:MR.010,automatic_high_confidence
PM-68CE4184111328,2,2,aiddata|chapo,MRT,2015,aiddata:57244|chapo:57244,direct_reference
PM-73AAA787481C8B,2,2,aiddata|chapo,MRT,2016,aiddata:56936|chapo:56936,direct_reference
PM-AEABBF851A9C13,2,2,aiddata|chapo,MRT,2016,aiddata:60757|chapo:60757,direct_reference
PM-D56ED7E11FB115,2,2,aiddata|chapo,MRT,2016,aiddata:53139|chapo:53139,direct_reference
PM-E1F0CFD5A8A1EB,2,2,aiddata|chapo,MRT,2016,aiddata:56939|chapo:56939,direct_reference
PM-8A9BE031F6BDE0,2,2,aiddata|chapo,MRT,2017,aiddata:56930|chapo:56930,direct_reference
PM-9D685936E91B35,2,2,aiddata|chapo,MRT,2017,aiddata:57011|chapo:57011,direct_reference
PM-AB067D144F8C8D,2,2,aiddata|chapo,MRT,2017,aiddata:56861|chapo:56861,direct_reference
PM-7B2E66CF1A0A82,2,2,aiddata|chapo,MRT,2018,aiddata:87977|chapo:87977,direct_reference
PM-C7B8DEB5D0D3CE,2,2,aiddata|chapo,MRT,2018,aiddata:57187|chapo:57187,direct_reference
PM-E622150FC27DF9,2,2,aiddata|chapo,MRT,2018,aiddata:56932|chapo:56932,direct_reference
PM-F5D9992267AE93,2,2,aiddata|chapo,MRT,2018,aiddata:57268|chapo:57268,direct_reference
PM-33EE4E8759CEE6,2,2,cla|codf,MRT,2019,cla:MR.012|codf:MR.012,automatic_high_confidence
PM-58A7BF12A8115B,2,2,aiddata|chapo,MRT,2019,aiddata:88684|chapo:88684,direct_reference
PM-793751ED4B4B9C,2,2,aiddata|chapo,MRT,2019,aiddata:87978|chapo:87978,direct_reference
PM-CBEDFFF88A4804,2,2,aiddata|chapo,MRT,2019,aiddata:87858|chapo:87858,direct_reference
PM-DF8421332345F3,2,2,aiddata|chapo,MRT,2019,aiddata:57270|chapo:57270,direct_reference
PM-132FC2C20E78F6,2,2,aiddata|chapo,MRT,2020,aiddata:93011|chapo:93011,direct_reference
PM-13CE3139395CAE,2,2,aiddata|chapo,MRT,2020,aiddata:93058|chapo:93058,direct_reference
PM-281C1A41FD23EF,2,2,aiddata|chapo,MRT,2020,aiddata:93008|chapo:93008,direct_reference
PM-2DD80AD5344F3D,2,2,aiddata|chapo,MRT,2020,aiddata:93057|chapo:93057,direct_reference
PM-32BD9BC9DB7536,2,2,aiddata|chapo,MRT,2020,aiddata:93054|chapo:93054,direct_reference
PM-3A1A58EECF4E45,2,2,aiddata|chapo,MRT,2020,aiddata:93053|chapo:93053,direct_reference
PM-44D257AF5A2BD9,2,2,aiddata|chapo,MRT,2020,aiddata:93010|chapo:93010,direct_reference
PM-7A28943F021BE9,2,2,aiddata|chapo,MRT,2020,aiddata:93006|chapo:93006,direct_reference
PM-A499DBD11066EC,2,2,aiddata|chapo,MRT,2020,aiddata:93042|chapo:93042,direct_reference
PM-B51CCC00DD0A72,2,2,aiddata|chapo,MRT,2020,aiddata:93055|chapo:93055,direct_reference
PM-E79747B0A3441C,2,2,aiddata|chapo,MRT,2020,aiddata:93050|chapo:93050,direct_reference
PM-F1B073A372A006,2,2,aiddata|chapo,MRT,2020,aiddata:93012|chapo:93012,direct_reference
PM-18ECB3D938BE9D,2,2,aiddata|chapo,MRT,2021,aiddata:93036|chapo:93036,direct_reference
PM-1F67E729978DE3,2,2,aiddata|chapo,MRT,2021,aiddata:93030|chapo:93030,direct_reference
PM-219427246C1D6A,2,2,aiddata|chapo,MRT,2021,aiddata:93029|chapo:93029,direct_reference
PM-3E9935BD372669,2,2,aiddata|chapo,MRT,2021,aiddata:93041|chapo:93041,direct_reference
PM-4001F4CE951B72,2,2,aiddata|chapo,MRT,2021,aiddata:93065|chapo:93065,direct_reference
PM-4E255BFA41EF60,2,2,aiddata|chapo,MRT,2021,aiddata:93035|chapo:93035,direct_reference
PM-592ED70E9727B1,2,2,aiddata|chapo,MRT,2021,aiddata:93034|chapo:93034,direct_reference
PM-85B6822A4793F7,2,2,aiddata|chapo,MRT,2021,aiddata:93066|chapo:93066,direct_reference
PM-95860CD90CA72A,2,2,aiddata|chapo,MRT,2021,aiddata:93009|chapo:93009,direct_reference
PM-EF34B1C15A261C,2,2,aiddata|cla,MUS,2000,aiddata:20864|cla:MU.001,automatic_high_confidence
PM-B81A5099363A39,2,2,aiddata|cla,MUS,2001,aiddata:20881|cla:MU.005,automatic_high_confidence
PM-571DF415C329F9,2,2,aiddata|chapo,MUS,2008,aiddata:34156|chapo:34156,direct_reference
PM-5B7342FB81BD5D,2,2,aiddata|chapo,MUS,2008,aiddata:67620|chapo:67620,direct_reference
PM-054F8A2448A974,2,2,aiddata|chapo,MUS,2009,aiddata:34155|chapo:34155,direct_reference
PM-0DD05574825EF3,2,2,aiddata|chapo,MUS,2009,aiddata:14352|chapo:14352,direct_reference
PM-6BBDEB37092ADC,2,2,cla|codf,MUS,2009,cla:MU.002|codf:MU.002,automatic_high_confidence
PM-B605D55F8ED119,2,2,cla|codf,MUS,2009,cla:MU.016|codf:MU.016,automatic_high_confidence
PM-4E09A81351BE2E,2,2,cgef|cla,MUS,2011,cgef:MU.038|cla:MU.038,automatic_high_confidence
PM-638AD38F3977CD,2,2,cla|codf,MUS,2011,cla:MU.018|codf:MU.018,automatic_high_confidence
PM-C0C5F1CCD76865,3,3,aiddata|cla|codf,MUS,2018,aiddata:55627|cla:MU.032|codf:MU.032,human_confirmed
PM-18F6BB71B40889,2,2,aiddata|chapo,MUS,2019,aiddata:86373|chapo:86373,direct_reference
PM-087D06D19D7BDB,2,2,aiddata|chapo,MUS,2020,aiddata:92239|chapo:92239,direct_reference
PM-D1FC619BD617CD,2,2,aiddata|chapo,MUS,2020,aiddata:92238|chapo:92238,direct_reference
PM-E3C357D63F3D70,2,2,aiddata|chapo,MUS,2020,aiddata:92229|chapo:92229,direct_reference
PM-B2783B906AC18E,2,2,aiddata|chapo,MUS,2021,aiddata:92241|chapo:92241,direct_reference
PM-49FC8669EBE291,2,2,aiddata|chapo,MWI,2008,aiddata:35417|chapo:35417,direct_reference
PM-8EABD4BFADE12A,2,2,cla|codf,MWI,2009,cla:MW.001|codf:MW.001,automatic_high_confidence
PM-E0118736CC4CD8,2,2,aiddata|chapo,MWI,2009,aiddata:58150|chapo:58150,direct_reference
PM-B140ABDDB6C039,2,2,aiddata|chapo,MWI,2010,aiddata:58142|chapo:58142,direct_reference
PM-9A2A3E64AF7469,2,2,aiddata|chapo,MWI,2011,aiddata:23346|chapo:23346,direct_reference
PM-CAF15C41480BA0,2,2,cla|codf,MWI,2011,cla:MW.002|codf:MW.002,automatic_high_confidence
PM-237CF33303D37D,2,2,cla|codf,MWI,2012,cla:MW.003|codf:MW.003,automatic_high_confidence
PM-23F88816EC765B,2,2,aiddata|chapo,MWI,2013,aiddata:35021|chapo:35021,direct_reference
PM-5B4EF0F2CEDABF,2,2,aiddata|chapo,MWI,2013,aiddata:58110|chapo:58110,direct_reference
PM-B00D1023F30B2D,2,2,aiddata|chapo,MWI,2013,aiddata:57763|chapo:57763,direct_reference
PM-551B27D6B9D5FF,2,2,aiddata|chapo,MWI,2014,aiddata:57762|chapo:57762,direct_reference
PM-19F4F45FAC8F9D,2,2,aiddata|chapo,MWI,2015,aiddata:58015|chapo:58015,direct_reference
PM-A40D494CB433FF,2,2,aiddata|chapo,MWI,2015,aiddata:58092|chapo:58092,direct_reference
PM-C7538B08E1050C,2,2,aiddata|chapo,MWI,2015,aiddata:57704|chapo:57704,direct_reference
PM-2AEC0808104575,2,2,aiddata|chapo,MWI,2016,aiddata:58652|chapo:58652,direct_reference
PM-51705DD7430EDA,2,2,aiddata|chapo,MWI,2017,aiddata:58010|chapo:58010,direct_reference
PM-9BC9D33FD192B9,2,2,aiddata|chapo,MWI,2017,aiddata:57601|chapo:57601,direct_reference
PM-D2183B1DEB2268,2,2,aiddata|chapo,MWI,2017,aiddata:58016|chapo:58016,direct_reference
PM-DED2321A18F81D,2,2,aiddata|chapo,MWI,2017,aiddata:58630|chapo:58630,direct_reference
PM-F32362F048C3C2,2,2,aiddata|chapo,MWI,2017,aiddata:58260|chapo:58260,direct_reference
PM-ACCC22425D29B4,2,2,aiddata|chapo,MWI,2018,aiddata:57919|chapo:57919,direct_reference
PM-B3A27DE3C39255,2,2,aiddata|chapo,MWI,2018,aiddata:57899|chapo:57899,direct_reference
PM-47F73FBFC2EAE6,2,2,aiddata|chapo,MWI,2019,aiddata:57900|chapo:57900,direct_reference
PM-5B7BC6334A7F1A,2,2,aiddata|chapo,MWI,2019,aiddata:57764|chapo:57764,direct_reference
PM-858051756B5B94,2,2,aiddata|cla,MWI,2019,aiddata:69255|cla:MW.026,automatic_high_confidence
PM-13E4647972AEF2,2,2,aiddata|chapo,MWI,2020,aiddata:92587|chapo:92587,direct_reference
PM-163DC883D4547A,2,2,aiddata|chapo,MWI,2020,aiddata:98138|chapo:98138,direct_reference
PM-1C5E1C2968CDC4,2,2,cla|codf,MWI,2020,cla:MW.018|codf:MW.018,automatic_high_confidence
PM-2906FFDBD03931,2,2,aiddata|chapo,MWI,2020,aiddata:92586|chapo:92586,direct_reference
PM-5FF8CB3BA96989,2,2,aiddata|chapo,MWI,2020,aiddata:92593|chapo:92593,direct_reference
PM-708665B5D84DFB,2,2,aiddata|chapo,MWI,2020,aiddata:92589|chapo:92589,direct_reference
PM-8B1BFDF6AA4366,2,2,aiddata|chapo,MWI,2020,aiddata:92590|chapo:92590,direct_reference
PM-A78C31D8CD819C,2,2,aiddata|chapo,MWI,2020,aiddata:92588|chapo:92588,direct_reference
PM-CDD192485C643E,2,2,aiddata|chapo,MWI,2020,aiddata:92591|chapo:92591,direct_reference
PM-D6CB66F3E1B3C3,2,2,aiddata|chapo,MWI,2020,aiddata:88336|chapo:88336,direct_reference
PM-DC0B5BE9F9D674,2,2,aiddata|chapo,MWI,2020,aiddata:92595|chapo:92595,direct_reference
PM-28BC0D8E23240F,2,2,aiddata|chapo,MWI,2021,aiddata:92594|chapo:92594,direct_reference
PM-38C8221D63E2A5,2,2,aiddata|chapo,MWI,2021,aiddata:96977|chapo:96977,direct_reference
PM-5BF67D31EBE58B,2,2,aiddata|chapo,MWI,2021,aiddata:96947|chapo:96947,direct_reference
PM-BCC67D35A6C24C,2,2,aiddata|chapo,MWI,2021,aiddata:95451|chapo:95451,direct_reference
PM-CE8F65F3E47D9C,2,2,aiddata|chapo,MWI,2021,aiddata:96949|chapo:96949,direct_reference
PM-DE736878156306,2,2,aiddata|chapo,MWI,2021,aiddata:96948|chapo:96948,direct_reference
PM-461DE87F87768D,2,2,aiddata|cla,NAM,2000,aiddata:1128|cla:NA.026,automatic_high_confidence
PM-C8330E69EA5E0D,2,2,aiddata|chapo,NAM,2002,aiddata:73228|chapo:73228,direct_reference
PM-0D7212656B078A,2,2,aiddata|chapo,NAM,2004,aiddata:73230|chapo:73230,direct_reference
PM-4FB09D35B6B1BD,2,2,aiddata|chapo,NAM,2006,aiddata:73231|chapo:73231,direct_reference
PM-C38F2635B1E325,2,2,aiddata|chapo,NAM,2007,aiddata:35222|chapo:35222,direct_reference
PM-CA20D2AC8681A7,2,2,aiddata|chapo,NAM,2008,aiddata:35693|chapo:35693,direct_reference
PM-075F1A632BBC09,2,2,aiddata|chapo,NAM,2009,aiddata:30403|chapo:30403,direct_reference
PM-EFF03BCAFDFD5D,2,2,aiddata|chapo,NAM,2010,aiddata:35692|chapo:35692,direct_reference
PM-96117AB81A8B70,2,2,cla|codf,NAM,2012,cla:NA.020|codf:NA.020,automatic_high_confidence
PM-B348E0942EA1E8,2,2,aiddata|chapo,NAM,2012,aiddata:35691|chapo:35691,direct_reference
PM-DB65CBCA21A76C,2,2,cla|codf,NAM,2012,cla:NA.021|codf:NA.021,automatic_high_confidence
PM-2C09AEFA159321,2,2,aiddata|chapo,NAM,2014,aiddata:62435|chapo:62435,direct_reference
PM-CAEFC9E6A84929,2,2,aiddata|chapo,NAM,2014,aiddata:41532|chapo:41532,direct_reference
PM-2A8847C79E1869,2,2,aiddata|chapo,NAM,2016,aiddata:61334|chapo:61334,direct_reference
PM-BF1D3424498ABA,2,2,aiddata|chapo,NAM,2016,aiddata:68345|chapo:68345,direct_reference
PM-3DE97728B2DA22,2,2,aiddata|chapo,NAM,2018,aiddata:87476|chapo:87476,direct_reference
PM-42DB59759ABD67,2,2,aiddata|chapo,NAM,2018,aiddata:62633|chapo:62633,direct_reference
PM-46B6D658A81BE8,2,2,aiddata|chapo,NAM,2018,aiddata:67797|chapo:67797,direct_reference
PM-8824DE8F7735A1,2,2,aiddata|chapo,NAM,2018,aiddata:67811|chapo:67811,direct_reference
PM-C82091485650A9,2,2,aiddata|chapo,NAM,2018,aiddata:62628|chapo:62628,direct_reference
PM-E829B4D24B6140,2,2,aiddata|chapo,NAM,2018,aiddata:62619|chapo:62619,direct_reference
PM-2B915A53D8ED58,2,2,aiddata|chapo,NAM,2020,aiddata:93220|chapo:93220,direct_reference
PM-3206EEB052D673,2,2,aiddata|chapo,NAM,2020,aiddata:93204|chapo:93204,direct_reference
PM-7431BDA59FC92B,2,2,aiddata|chapo,NAM,2020,aiddata:93444|chapo:93444,direct_reference
PM-796F16448E4CA8,2,2,aiddata|chapo,NAM,2020,aiddata:93213|chapo:93213,direct_reference
PM-7AF9B250AA4916,2,2,aiddata|chapo,NAM,2020,aiddata:93216|chapo:93216,direct_reference
PM-7E394E6EB8473F,2,2,aiddata|chapo,NAM,2020,aiddata:93316|chapo:93316,direct_reference
PM-7EEBDC30E088A3,2,2,aiddata|chapo,NAM,2020,aiddata:93317|chapo:93317,direct_reference
PM-C161A603AAAE00,2,2,aiddata|chapo,NAM,2020,aiddata:93201|chapo:93201,direct_reference
PM-C4C0624BD4EDE1,2,2,aiddata|chapo,NAM,2020,aiddata:93212|chapo:93212,direct_reference
PM-D6C584C5BEED7D,2,2,aiddata|chapo,NAM,2020,aiddata:93185|chapo:93185,direct_reference
PM-EA0F2A06EE56AD,2,2,aiddata|chapo,NAM,2020,aiddata:93215|chapo:93215,direct_reference
PM-F50BF54A955860,2,2,aiddata|chapo,NAM,2020,aiddata:93202|chapo:93202,direct_reference
PM-44293C73D82142,2,2,aiddata|chapo,NAM,2021,aiddata:93439|chapo:93439,direct_reference
PM-65F4B2FCD1B814,2,2,aiddata|chapo,NAM,2021,aiddata:93441|chapo:93441,direct_reference
PM-70901251D17BD3,2,2,aiddata|chapo,NAM,2021,aiddata:93312|chapo:93312,direct_reference
PM-85ABF3C75407DD,2,2,aiddata|chapo,NAM,2021,aiddata:93440|chapo:93440,direct_reference
PM-C3732AEAFA080B,2,2,aiddata|chapo,NAM,2021,aiddata:93258|chapo:93258,direct_reference
PM-C4B372815FDBCB,2,2,aiddata|chapo,NAM,2021,aiddata:93448|chapo:93448,direct_reference
PM-E568E579D2C283,2,2,aiddata|chapo,NAM,2021,aiddata:93302|chapo:93302,direct_reference
PM-E89E7292E8C9FF,2,2,aiddata|chapo,NAM,2021,aiddata:93259|chapo:93259,direct_reference
PM-BFD7F15A391553,2,2,aiddata|chapo,NER,2001,aiddata:73321|chapo:73321,direct_reference
PM-2FBB00470D82E3,2,2,aiddata|chapo,NER,2002,aiddata:58564|chapo:58564,direct_reference
PM-BD3D73CF0C6AF3,2,2,aiddata|chapo,NER,2002,aiddata:58568|chapo:58568,direct_reference
PM-385A92C3AACC88,2,2,aiddata|chapo,NER,2003,aiddata:58569|chapo:58569,direct_reference
PM-6DD4EFBEF752C2,2,2,aiddata|chapo,NER,2003,aiddata:73322|chapo:73322,direct_reference
PM-FCFC5B4D104883,2,2,aiddata|chapo,NER,2003,aiddata:58567|chapo:58567,direct_reference
PM-7C022515DDCD81,2,2,aiddata|chapo,NER,2004,aiddata:32814|chapo:32814,direct_reference
PM-C36070774B63E3,2,2,aiddata|chapo,NER,2004,aiddata:32854|chapo:32854,direct_reference
PM-8986E0AFFF7A9E,2,2,aiddata|chapo,NER,2005,aiddata:58570|chapo:58570,direct_reference
PM-A79BF2A9BB6976,2,2,aiddata|chapo,NER,2006,aiddata:21265|chapo:21265,direct_reference
PM-CD424981034FEC,2,2,aiddata|chapo,NER,2006,aiddata:32796|chapo:32796,direct_reference
PM-E89E8B96AE3CA8,2,2,aiddata|chapo,NER,2007,aiddata:35695|chapo:35695,direct_reference
PM-86CFDA8EA16328,2,2,aiddata|chapo,NER,2008,aiddata:58572|chapo:58572,direct_reference
PM-9020E4230579E0,2,2,aiddata|chapo,NER,2008,aiddata:21243|chapo:21243,direct_reference
PM-481997DC5F9B37,2,2,aiddata|chapo,NER,2009,aiddata:60813|chapo:60813,direct_reference
PM-561191291697FE,2,2,aiddata|chapo,NER,2009,aiddata:15643|chapo:15643,direct_reference
PM-C6F194FF3574DC,2,2,aiddata|chapo,NER,2009,aiddata:32660|chapo:32660,direct_reference
PM-1D33AA3825FBB5,2,2,aiddata|chapo,NER,2010,aiddata:58573|chapo:58573,direct_reference
PM-28A4FA4B5086BF,2,2,aiddata|chapo,NER,2010,aiddata:21286|chapo:21286,direct_reference
PM-B28F323544B42F,2,2,aiddata|chapo,NER,2010,aiddata:35694|chapo:35694,direct_reference
PM-7842858727B729,4,4,aiddata|cgef|cla|codf,NER,2011,aiddata:256|cgef:NE.003|cla:NE.003|codf:NE.003,human_confirmed
PM-A6009F33A9D610,2,2,aiddata|chapo,NER,2011,aiddata:21273|chapo:21273,direct_reference
PM-DA0B0439DFE562,4,2,aiddata|chapo,NER,2011,aiddata:32724|aiddata:58576|chapo:32724|chapo:58576,human_confirmed
PM-64F6C560FFDBB4,2,2,aiddata|chapo,NER,2012,aiddata:58578|chapo:58578,direct_reference
PM-B0EC2FEB1165E8,2,2,aiddata|chapo,NER,2012,aiddata:32673|chapo:32673,direct_reference
PM-E06073AD75442E,2,2,cla|codf,NER,2012,cla:NE.004|codf:NE.004,automatic_high_confidence
PM-E751ABE92C9CE7,2,2,aiddata|chapo,NER,2012,aiddata:58381|chapo:58381,direct_reference
PM-42AC39360BC48F,2,2,aiddata|chapo,NER,2013,aiddata:32661|chapo:32661,direct_reference
PM-D2F61AE80797CE,4,4,aiddata|cgef|cla|codf,NER,2013,aiddata:58130|cgef:NE.009|cla:NE.009|codf:NE.009,human_confirmed
PM-AD441938F4695F,2,2,aiddata|chapo,NER,2014,aiddata:58558|chapo:58558,direct_reference
PM-E2C3DAAF2D74F0,3,3,aiddata|cla|codf,NER,2014,aiddata:58683|cla:NE.007|codf:NE.007,human_confirmed
PM-C25B101BD48F6F,2,2,aiddata|chapo,NER,2016,aiddata:58391|chapo:58391,direct_reference
PM-1516A9851A6201,2,2,aiddata|chapo,NER,2017,aiddata:58559|chapo:58559,direct_reference
PM-B3260806738A9A,2,2,aiddata|chapo,NER,2017,aiddata:58561|chapo:58561,direct_reference
PM-98F0DEDE0DC11B,2,2,aiddata|chapo,NER,2018,aiddata:58563|chapo:58563,direct_reference
PM-DA285A35C63CAC,2,2,aiddata|chapo,NER,2019,aiddata:58562|chapo:58562,direct_reference
PM-00FFD2F07A4B41,2,2,aiddata|chapo,NER,2020,aiddata:93135|chapo:93135,direct_reference
PM-30F2BC54BD9CD6,2,2,aiddata|chapo,NER,2020,aiddata:97948|chapo:97948,direct_reference
PM-3BA22EA63B1707,2,2,aiddata|chapo,NER,2020,aiddata:92840|chapo:92840,direct_reference
PM-3FD5A78C4F7E53,2,2,aiddata|chapo,NER,2020,aiddata:92867|chapo:92867,direct_reference
PM-7EFAC4F280AF43,2,2,aiddata|chapo,NER,2020,aiddata:92841|chapo:92841,direct_reference
PM-34C4B77A699FEC,2,2,aiddata|chapo,NER,2021,aiddata:92815|chapo:92815,direct_reference
PM-579BF738D79743,2,2,aiddata|chapo,NER,2021,aiddata:92813|chapo:92813,direct_reference
PM-7FDE067C41202E,2,2,aiddata|chapo,NER,2021,aiddata:92812|chapo:92812,direct_reference
PM-4F2198AE8AEDFE,3,3,aiddata|cla|cofi,NGA,2002,aiddata:27948|cla:NG.004|cofi:NGA2021006:debt,human_confirmed
PM-C703B964DAB084,2,2,aiddata|chapo,NGA,2002,aiddata:1994|chapo:1994,direct_reference
PM-0BFBE94F9E75B9,2,2,aiddata|chapo,NGA,2006,aiddata:1821|chapo:1821,direct_reference
PM-24B7DC183105D4,2,2,aiddata|chapo,NGA,2007,aiddata:30629|chapo:30629,direct_reference
PM-7F607537812F23,2,2,aiddata|chapo,NGA,2007,aiddata:1987|chapo:1987,direct_reference
PM-88DFFD09548D45,2,2,aiddata|chapo,NGA,2009,aiddata:73396|chapo:73396,direct_reference
PM-E73FA239BC471C,2,2,aiddata|chapo,NGA,2009,aiddata:34916|chapo:34916,direct_reference
PM-C4A2D23D3578E9,2,2,cla|codf,NGA,2010,cla:NG.012|codf:NG.012,automatic_high_confidence
PM-D4FECCDD440F9D,3,3,aiddata|cla|codf,NGA,2010,aiddata:30450|cla:NG.006|codf:NG.006,human_confirmed
PM-DE901BE64E4EDE,2,2,cla|codf,NGA,2012,cla:NG.007|codf:NG.007,automatic_high_confidence
PM-4848AB335B4887,9,6,aiddata|cgef|cgp|cla|codf|cofi,NGA,2013,aiddata:30371|cgef:NG.010|cgp:NG.005.1|cgp:NG.005.2|cgp:NG.005.3|cgp:NG.005.4|cla:NG.010|codf:NG.010|cofi:NGA2021007:debt,human_confirmed
PM-9A73342FE56C71,2,2,cla|codf,NGA,2013,cla:NG.015|codf:NG.015,automatic_high_confidence
PM-A58E11FAF6B5B1,2,2,aiddata|chapo,NGA,2013,aiddata:31020|chapo:31020,direct_reference
PM-DA738FFD197B70,2,2,cla|codf,NGA,2013,cla:NG.008|codf:NG.008,automatic_high_confidence
PM-48920FBFFFB72D,2,2,aiddata|chapo,NGA,2014,aiddata:73399|chapo:73399,direct_reference
PM-0C4E53F1C373BA,2,2,aiddata|chapo,NGA,2015,aiddata:61178|chapo:61178,direct_reference
PM-DF9523B6846FB2,2,2,aiddata|chapo,NGA,2015,aiddata:73398|chapo:73398,direct_reference
PM-6EE7F6191BCF00,2,2,cla|codf,NGA,2016,cla:NG.076|codf:NG.076,automatic_high_confidence
PM-14866F4523B505,2,2,cla|codf,NGA,2017,cla:NG.070|codf:NG.070,automatic_high_confidence
PM-295F6CC7A51A31,2,2,cla|codf,NGA,2017,cla:NG.060|codf:NG.060,automatic_high_confidence
PM-7B6E6358417115,2,2,cla|codf,NGA,2017,cla:NG.041|codf:NG.041,automatic_high_confidence
PM-F92544CAA8DDA8,2,2,cla|codf,NGA,2017,cla:NG.069|codf:NG.069,automatic_high_confidence
PM-8DDC930DBC391D,2,2,aiddata|chapo,NGA,2018,aiddata:85710|chapo:85710,direct_reference
PM-A32486D3B1D227,2,2,cla|codf,NGA,2018,cla:NG.058|codf:NG.058,automatic_high_confidence
PM-C3288421DBC380,2,2,cla|codf,NGA,2018,cla:NG.052|codf:NG.052,automatic_high_confidence
PM-FD124E45FBC2B5,3,3,aiddata|cla|codf,NGA,2018,aiddata:73400|cla:NG.053|codf:NG.053,human_confirmed
PM-1C038F79443EFA,2,2,aiddata|chapo,NGA,2019,aiddata:87068|chapo:87068,direct_reference
PM-8A8C4B858DBBBB,2,2,cla|codf,NGA,2019,cla:NG.066|codf:NG.066,automatic_high_confidence
PM-93456F7F7D1FF7,3,3,aiddata|cla|codf,NGA,2019,aiddata:85628|cla:NG.063|codf:NG.063,human_confirmed
PM-D1BBEDA6254F53,2,2,cla|codf,NGA,2019,cla:NG.065|codf:NG.065,automatic_high_confidence
PM-0A6612C94D7B53,2,2,aiddata|chapo,NGA,2020,aiddata:93282|chapo:93282,direct_reference
PM-1BCEECE1EBE21E,2,2,aiddata|chapo,NGA,2020,aiddata:93776|chapo:93776,direct_reference
PM-2CE685936022A8,2,2,aiddata|chapo,NGA,2020,aiddata:93420|chapo:93420,direct_reference
PM-40C6D53E6E6590,2,2,aiddata|chapo,NGA,2020,aiddata:93020|chapo:93020,direct_reference
PM-84A564AD2415CD,2,2,aiddata|chapo,NGA,2020,aiddata:93289|chapo:93289,direct_reference
PM-9D81C06076259E,2,2,aiddata|chapo,NGA,2020,aiddata:93436|chapo:93436,direct_reference
PM-A53E0DC7907659,2,2,aiddata|chapo,NGA,2020,aiddata:97934|chapo:97934,direct_reference
PM-A8F821AC796A0C,2,2,aiddata|chapo,NGA,2020,aiddata:93152|chapo:93152,direct_reference
PM-C48F6F1FA7D518,2,2,aiddata|chapo,NGA,2020,aiddata:92929|chapo:92929,direct_reference
PM-C4F0BC0674961E,2,2,aiddata|chapo,NGA,2020,aiddata:93092|chapo:93092,direct_reference
PM-C8792687466A53,2,2,aiddata|chapo,NGA,2020,aiddata:92908|chapo:92908,direct_reference
PM-CE927AF2A24905,2,2,aiddata|chapo,NGA,2020,aiddata:93093|chapo:93093,direct_reference
PM-DD69DF1E4B801B,2,2,aiddata|chapo,NGA,2020,aiddata:92953|chapo:92953,direct_reference
PM-E96A721843BA54,2,2,aiddata|chapo,NGA,2020,aiddata:92957|chapo:92957,direct_reference
PM-C114AB17D9FDE7,2,2,aiddata|chapo,NGA,2021,aiddata:92995|chapo:92995,direct_reference
PM-F996E1AD437E21,2,2,aiddata|chapo,NGA,2021,aiddata:93028|chapo:93028,direct_reference
PM-68493DC02A5B76,2,2,cla|codf,NGA,2023,cla:NG.034|codf:NG.034,automatic_high_confidence
PM-07F8B9CFDFB7D5,2,2,aiddata|chapo,RWA,2006,aiddata:56850|chapo:56850,direct_reference
PM-AEF3F5CEE1EBB3,2,2,aiddata|chapo,RWA,2007,aiddata:24282|chapo:24282,direct_reference
PM-C924C6C1123DFB,2,2,aiddata|chapo,RWA,2007,aiddata:1897|chapo:1897,direct_reference
PM-6CF3A5ECF8D408,2,2,aiddata|chapo,RWA,2008,aiddata:1984|chapo:1984,direct_reference
PM-59CFAF5996FAF9,2,2,cla|codf,RWA,2009,cla:RW.001|codf:RW.001,automatic_high_confidence
PM-700AFF48F868B9,2,2,aiddata|chapo,RWA,2009,aiddata:34176|chapo:34176,direct_reference
PM-9BE01594704EB0,2,2,aiddata|chapo,RWA,2009,aiddata:2016|chapo:2016,direct_reference
PM-D09830FEF9DFA9,2,2,aiddata|chapo,RWA,2011,aiddata:35807|chapo:35807,direct_reference
PM-06E68C9FB59868,2,2,cla|codf,RWA,2012,cla:RW.006|codf:RW.006,automatic_high_confidence
PM-3BD4D3FB1BDF64,2,2,aiddata|chapo,RWA,2013,aiddata:30392|chapo:30392,direct_reference
PM-89500064D1D282,2,2,aiddata|chapo,RWA,2013,aiddata:35805|chapo:35805,direct_reference
PM-2CC7E349269207,2,2,aiddata|chapo,RWA,2015,aiddata:53368|chapo:53368,direct_reference
PM-0F003FD35B1A98,2,2,aiddata|chapo,RWA,2016,aiddata:53267|chapo:53267,direct_reference
PM-B329A4701304E3,2,2,cla|codf,RWA,2016,cla:RW.020|codf:RW.020,automatic_high_confidence
PM-A401D78F08F965,2,2,aiddata|chapo,RWA,2017,aiddata:53367|chapo:53367,direct_reference
PM-BF817B4801C936,2,2,aiddata|chapo,RWA,2017,aiddata:56834|chapo:56834,direct_reference
PM-0E84B70D4342A5,2,2,aiddata|chapo,RWA,2018,aiddata:57660|chapo:57660,direct_reference
PM-6E45687468E8CD,3,3,aiddata|cla|codf,RWA,2018,aiddata:53369|cla:RW.021|codf:RW.021,human_confirmed
PM-9C886DCCE1C559,2,2,cla|codf,RWA,2018,cla:RW.022|codf:RW.022,automatic_high_confidence
PM-B1B640BB0C3BD0,2,2,aiddata|chapo,RWA,2019,aiddata:88212|chapo:88212,direct_reference
PM-838FE0BC64D581,2,2,aiddata|chapo,RWA,2020,aiddata:92431|chapo:92431,direct_reference
PM-914603B49B1417,2,2,aiddata|chapo,RWA,2020,aiddata:92438|chapo:92438,direct_reference
PM-A8B0C6209F2DB4,2,2,aiddata|chapo,RWA,2020,aiddata:92423|chapo:92423,direct_reference
PM-B0DC0BAC88B88E,2,2,aiddata|chapo,RWA,2020,aiddata:92421|chapo:92421,direct_reference
PM-B1BEB5798231DA,2,2,aiddata|chapo,RWA,2020,aiddata:92429|chapo:92429,direct_reference
PM-C746652F02DB48,2,2,aiddata|chapo,RWA,2020,aiddata:92419|chapo:92419,direct_reference
PM-E1BAE675C5693C,7,6,aiddata|cgef|cgp|cla|codf|cofi,RWA,2020,aiddata:52337|cgef:RW.024|cgp:RW.001.1|cgp:RW.001.2|cla:RW.024|codf:RW.024|cofi:RWA2023001:debt,human_confirmed
PM-EB4216AA9BF8BC,2,2,aiddata|chapo,RWA,2020,aiddata:97875|chapo:97875,direct_reference
PM-ED8FCCBED17F1E,2,2,aiddata|chapo,RWA,2020,aiddata:92422|chapo:92422,direct_reference
PM-EEE77D12E444F4,2,2,aiddata|chapo,RWA,2020,aiddata:98163|chapo:98163,direct_reference
PM-72BFE09B414978,2,2,aiddata|chapo,RWA,2021,aiddata:96612|chapo:96612,direct_reference
PM-8E4A27EAA7C80D,2,2,aiddata|chapo,RWA,2021,aiddata:96548|chapo:96548,direct_reference
PM-903B39768BFAB3,2,2,aiddata|chapo,RWA,2021,aiddata:95960|chapo:95960,direct_reference
PM-DAE8481DD194BA,2,2,aiddata|chapo,RWA,2021,aiddata:95959|chapo:95959,direct_reference
PM-B0C6501ED82F60,3,3,aiddata|cla|codf,RWA,2022,aiddata:92705|cla:RW.027|codf:RW.027,human_confirmed
PM-2DA53CBF0DD5A6,2,2,aiddata|chapo,SDN,2001,aiddata:35487|chapo:35487,direct_reference
PM-7BA4460E2F534C,2,2,aiddata|cla,SDN,2001,aiddata:158|cla:SD.002,human_confirmed
PM-190CD5E68E2877,2,2,aiddata|chapo,SDN,2002,aiddata:2154|chapo:2154,direct_reference
PM-5BE6469C82A400,3,3,aiddata|cgef|cla,SDN,2002,aiddata:47128|cgef:SD.004|cla:SD.004,human_confirmed
PM-DD9326A1804B0E,2,2,cgef|cla,SDN,2002,cgef:SD.003|cla:SD.003,automatic_high_confidence
PM-5E3E235975E387,2,2,aiddata|chapo,SDN,2003,aiddata:35486|chapo:35486,direct_reference
PM-5FE146B2C1A69F,17,5,aiddata|cgef|cgp|cla|cofi,SDN,2003,aiddata:178|aiddata:695|cgef:SD.005|cgef:SD.077|cgp:SD.001.1|cgp:SD.001.10|cgp:SD.001.2|cgp:SD.001.3|cgp:SD.001.4|cgp:SD.001.5|cgp:SD.001.6|cgp:SD.001.7|cgp:SD.001.8|cgp:SD.001.9|cla:SD.005|cla:SD.077|cofi:SDN2021005:debt,human_confirmed
PM-BB2FF10BB90187,2,2,aiddata|cla,SDN,2003,aiddata:56927|cla:SD.078,human_confirmed
PM-BA7887AA7F4BF4,2,2,aiddata|chapo,SDN,2004,aiddata:20532|chapo:20532,direct_reference
PM-C5D724378A40A4,2,2,aiddata|chapo,SDN,2004,aiddata:56804|chapo:56804,direct_reference
PM-DA85F545D12DC0,2,2,aiddata|chapo,SDN,2004,aiddata:20573|chapo:20573,direct_reference
PM-DB74E6B34CDA0E,2,2,aiddata|cla,SDN,2004,aiddata:2163|cla:SD.057,automatic_high_confidence
PM-E18CE671AB3293,2,2,aiddata|chapo,SDN,2004,aiddata:20508|chapo:20508,direct_reference
PM-ECBF34D7D91BF7,2,2,aiddata|cla,SDN,2004,aiddata:55858|cla:SD.059,human_confirmed
PM-EEBE72EC9D4AF5,2,2,aiddata|chapo,SDN,2004,aiddata:20579|chapo:20579,direct_reference
PM-434AAE59C27698,5,4,cgef|cgp|cla|cofi,SDN,2005,cgef:SD.063|cgp:SD.002.1|cgp:SD.002.2|cla:SD.063|cofi:SDN2021003:debt,human_confirmed
PM-71CB200CE51D71,2,2,cgef|cla,SDN,2005,cgef:SD.018|cla:SD.018,automatic_high_confidence
PM-8114D0222F5919,2,2,aiddata|cla,SDN,2005,aiddata:47017|cla:SD.017,automatic_high_confidence
PM-C2B0BD4F4A001C,2,2,aiddata|chapo,SDN,2005,aiddata:35454|chapo:35454,direct_reference
PM-E1B48A8B347409,2,2,aiddata|cla,SDN,2005,aiddata:21570|cla:SD.033,automatic_high_confidence
PM-E94A0059A338B1,2,2,aiddata|cla,SDN,2005,aiddata:248|cla:SD.011,automatic_high_confidence
PM-1D12520A954D63,2,2,aiddata|cla,SDN,2006,aiddata:208|cla:SD.024,automatic_high_confidence
PM-27A3918FE72D12,2,2,aiddata|chapo,SDN,2006,aiddata:20556|chapo:20556,direct_reference
PM-637B2C6BAB9D07,2,2,aiddata|cla,SDN,2006,aiddata:55788|cla:SD.115,automatic_high_confidence
PM-9AF465850BC37F,2,2,aiddata|chapo,SDN,2006,aiddata:56743|chapo:56743,direct_reference
PM-ED77A3C9DCA045,2,2,cgef|cla,SDN,2006,cgef:SD.028|cla:SD.028,automatic_high_confidence
PM-FF39A8B5AA4140,2,2,aiddata|cla,SDN,2006,aiddata:47060|cla:SD.025,automatic_high_confidence
PM-04D12A9F1C7074,2,2,aiddata|chapo,SDN,2007,aiddata:20569|chapo:20569,direct_reference
PM-932B2C50665FEA,2,2,aiddata|chapo,SDN,2007,aiddata:20801|chapo:20801,direct_reference
PM-BEA27E06951262,2,2,aiddata|chapo,SDN,2007,aiddata:43162|chapo:43162,direct_reference
PM-D4128A9392E4C5,2,2,aiddata|chapo,SDN,2007,aiddata:35448|chapo:35448,direct_reference
PM-039E5EF1E94885,2,2,aiddata|chapo,SDN,2008,aiddata:47301|chapo:47301,direct_reference
PM-460E48244CAD97,2,2,aiddata|chapo,SDN,2008,aiddata:2409|chapo:2409,direct_reference
PM-A39B7E30F8260F,2,2,aiddata|chapo,SDN,2008,aiddata:35176|chapo:35176,direct_reference
PM-A5D97A34F71C9C,2,2,cla|codf,SDN,2008,cla:SD.031|codf:SD.031,automatic_high_confidence
PM-0EEB4C39F65BA8,5,5,aiddata|cgef|cgp|cla|cofi,SDN,2009,aiddata:1007|cgef:SD.097.05|cgp:SD.003|cla:SD.097.05|cofi:SDN2021001:debt,human_confirmed
PM-4FDFD28F2C1586,2,2,cla|codf,SDN,2009,cla:SD.097.08|codf:SD.097.08,automatic_high_confidence
PM-60065F02E62448,2,2,aiddata|chapo,SDN,2009,aiddata:34914|chapo:34914,direct_reference
PM-62E5B104E43BDE,2,2,cla|codf,SDN,2009,cla:SD.097.02|codf:SD.097.02,automatic_high_confidence
PM-793623F4882429,2,2,cla|codf,SDN,2009,cla:SD.097.06|codf:SD.097.06,automatic_high_confidence
PM-84FDB23C902C90,2,2,cla|codf,SDN,2009,cla:SD.097.04|codf:SD.097.04,automatic_high_confidence
PM-8A3BA6A28F82A3,2,2,cla|codf,SDN,2009,cla:SD.097.03|codf:SD.097.03,automatic_high_confidence
PM-D185E02B14F729,2,2,aiddata|chapo,SDN,2009,aiddata:34178|chapo:34178,direct_reference
PM-DA0ADFCED57F02,2,2,aiddata|cla,SDN,2009,aiddata:73345|cla:SD.040,automatic_high_confidence
PM-E0DCAA7C75570C,2,2,aiddata|chapo,SDN,2009,aiddata:35442|chapo:35442,direct_reference
PM-FAB9B1B48C55AB,2,2,cla|codf,SDN,2009,cla:SD.097.07|codf:SD.097.07,automatic_high_confidence
PM-0B11AEC0AC1AED,2,2,aiddata|chapo,SDN,2010,aiddata:71824|chapo:71824,direct_reference
PM-253F2B62FBD9DB,2,2,aiddata|chapo,SDN,2010,aiddata:2455|chapo:2455,direct_reference
PM-2A5A5D5CA5BDEA,3,3,aiddata|cla|codf,SDN,2010,aiddata:47051|cla:SD.097.11|codf:SD.097.11,human_confirmed
PM-58FCDADD69EB54,2,2,aiddata|chapo,SDN,2010,aiddata:59179|chapo:59179,direct_reference
PM-6794E06532747D,2,2,cla|codf,SDN,2010,cla:SD.097.13|codf:SD.097.13,automatic_high_confidence
PM-A3B2F1A4C5B350,3,3,cgef|cla|codf,SDN,2010,cgef:SD.097.09|cla:SD.097.09|codf:SD.097.09,human_confirmed
PM-E9A0BD39EE3328,2,2,aiddata|chapo,SDN,2010,aiddata:53415|chapo:53415,direct_reference
PM-F9B24872332E8F,2,2,aiddata|cla,SDN,2010,aiddata:1052|cla:SD.097.10,automatic_high_confidence
PM-1C29CBBF56EC0E,2,2,aiddata|cla,SDN,2011,aiddata:55696|cla:SD.052,automatic_high_confidence
PM-DCE920600429B6,2,2,aiddata|chapo,SDN,2011,aiddata:30423|chapo:30423,direct_reference
PM-1A2CAB9D85159B,3,3,aiddata|cla|codf,SDN,2012,aiddata:30440|cla:SD.083|codf:SD.083,human_confirmed
PM-4765ECC0946A7D,2,2,aiddata|chapo,SDN,2012,aiddata:32593|chapo:32593,direct_reference
PM-FA2A5EF49D3850,2,2,aiddata|chapo,SDN,2013,aiddata:35024|chapo:35024,direct_reference
PM-59239D488EACF7,2,2,aiddata|chapo,SDN,2014,aiddata:56796|chapo:56796,direct_reference
PM-8DF86402C57F60,2,2,aiddata|chapo,SDN,2014,aiddata:56795|chapo:56795,direct_reference
PM-2E936AF98E5194,2,2,aiddata|chapo,SDN,2015,aiddata:56801|chapo:56801,direct_reference
PM-6140F6BBA3398F,2,2,aiddata|chapo,SDN,2016,aiddata:87628|chapo:87628,direct_reference
PM-97EA978F39697A,2,2,aiddata|chapo,SDN,2016,aiddata:53310|chapo:53310,direct_reference
PM-EB859B0A480863,2,2,aiddata|chapo,SDN,2016,aiddata:53314|chapo:53314,direct_reference
PM-7648D5BDD931B3,2,2,aiddata|chapo,SDN,2017,aiddata:56680|chapo:56680,direct_reference
PM-C58B745DD28F50,2,2,aiddata|cla,SDN,2017,aiddata:72211|cla:SD.111,human_confirmed
PM-C8AE8CE07F716F,2,2,aiddata|chapo,SDN,2018,aiddata:87114|chapo:87114,direct_reference
PM-DE32B8622A7070,2,2,aiddata|chapo,SDN,2018,aiddata:86799|chapo:86799,direct_reference
PM-03CD3541E73BEE,2,2,aiddata|chapo,SDN,2019,aiddata:86893|chapo:86893,direct_reference
PM-B474FF871EF42C,2,2,aiddata|chapo,SDN,2019,aiddata:86894|chapo:86894,direct_reference
PM-599CC29CC36D4D,2,2,aiddata|chapo,SDN,2020,aiddata:93421|chapo:93421,direct_reference
PM-979E492CF320CB,2,2,aiddata|chapo,SDN,2020,aiddata:93447|chapo:93447,direct_reference
PM-D828FF0897C1A7,4,2,aiddata|chapo,SDN,2020,aiddata:93408|aiddata:93409|chapo:93408|chapo:93409,human_confirmed
PM-E848FB9C25F4FB,2,2,aiddata|chapo,SDN,2020,aiddata:93445|chapo:93445,direct_reference
PM-CC1C47F2A12E90,2,2,aiddata|chapo,SDN,2021,aiddata:86836|chapo:86836,direct_reference
PM-CDA850331EA65C,2,2,aiddata|chapo,SDN,2021,aiddata:93406|chapo:93406,direct_reference
PM-6C1AEB48EB4A8F,2,2,aiddata|chapo,SEN,2006,aiddata:12550|chapo:12550,direct_reference
PM-09DE2A39AD8694,2,2,aiddata|chapo,SEN,2007,aiddata:1760|chapo:1760,direct_reference
PM-25104B67BD44E6,2,2,cgef|cla,SEN,2007,cgef:SN.001|cla:SN.001,automatic_high_confidence
PM-621830950FC8F5,2,2,aiddata|chapo,SEN,2007,aiddata:1615|chapo:1615,direct_reference
PM-02510B8AF5F3C6,2,2,aiddata|chapo,SEN,2009,aiddata:35811|chapo:35811,direct_reference
PM-2DA3BFABE6F61D,3,3,aiddata|cla|codf,SEN,2009,aiddata:85245|cla:SN.009|codf:SN.009,human_confirmed
PM-38112B2505886C,2,2,aiddata|chapo,SEN,2009,aiddata:72662|chapo:72662,direct_reference
PM-B2E592ACD94902,2,2,aiddata|chapo,SEN,2009,aiddata:34838|chapo:34838,direct_reference
PM-5E72C47B4DC1FC,2,2,aiddata|chapo,SEN,2010,aiddata:53281|chapo:53281,direct_reference
PM-695FCF88E7DFCD,2,2,aiddata|chapo,SEN,2010,aiddata:32884|chapo:32884,direct_reference
PM-8AF5920A2D0516,3,3,cgef|cla|codf,SEN,2010,cgef:SN.006|cla:SN.006|codf:SN.006,human_confirmed
PM-136945A9D7851D,2,2,aiddata|chapo,SEN,2011,aiddata:35812|chapo:35812,direct_reference
PM-C66B915929304D,2,2,aiddata|chapo,SEN,2011,aiddata:72658|chapo:72658,direct_reference
PM-1DD65F0B73242B,3,3,aiddata|cla|codf,SEN,2012,aiddata:58409|cla:SN.007|codf:SN.007,human_confirmed
PM-EC1B74B9972655,2,2,aiddata|chapo,SEN,2012,aiddata:30646|chapo:30646,direct_reference
PM-0097946560CAE0,3,3,cgef|cla|codf,SEN,2013,cgef:SN.011|cla:SN.011|codf:SN.011,human_confirmed
PM-542F68D71A2CA6,2,2,aiddata|chapo,SEN,2013,aiddata:72661|chapo:72661,direct_reference
PM-CDC8DF9164C922,2,2,aiddata|chapo,SEN,2013,aiddata:35813|chapo:35813,direct_reference
PM-91A3C68EC12F6B,2,2,aiddata|chapo,SEN,2014,aiddata:41527|chapo:41527,direct_reference
PM-54B390B0B3F89C,2,2,cla|codf,SEN,2015,cla:SN.012|codf:SN.012,automatic_high_confidence
PM-5C24CBC6A407D0,2,2,aiddata|chapo,SEN,2015,aiddata:73513|chapo:73513,direct_reference
PM-5C99E2BA03078D,2,2,cla|codf,SEN,2015,cla:SN.018|codf:SN.018,automatic_high_confidence
PM-984AD5E7879EEA,2,2,cla|codf,SEN,2015,cla:SN.008|codf:SN.008,automatic_high_confidence
PM-18ED5804271583,2,2,aiddata|chapo,SEN,2016,aiddata:86538|chapo:86538,direct_reference
PM-3C332C1DDF67B9,2,2,aiddata|chapo,SEN,2016,aiddata:85165|chapo:85165,direct_reference
PM-96A16ED707B28E,3,3,aiddata|cla|codf,SEN,2016,aiddata:53182|cla:SN.023|codf:SN.023,human_confirmed
PM-C9879B89B21E4C,2,2,cla|codf,SEN,2016,cla:SN.021|codf:SN.021,automatic_high_confidence
PM-DD16314C04161A,2,2,cla|codf,SEN,2016,cla:SN.020|codf:SN.020,automatic_high_confidence
PM-01B992A6B6D244,2,2,aiddata|chapo,SEN,2017,aiddata:58274|chapo:58274,direct_reference
PM-186D8F3B21899E,2,2,aiddata|chapo,SEN,2017,aiddata:72659|chapo:72659,direct_reference
PM-EA8A88D53C2CEB,2,2,aiddata|chapo,SEN,2017,aiddata:73514|chapo:73514,direct_reference
PM-10CF08168C4941,2,2,aiddata|cla,SEN,2018,aiddata:86733|cla:SN.026,automatic_high_confidence
PM-495C0F6D94C41B,2,2,aiddata|chapo,SEN,2018,aiddata:86404|chapo:86404,direct_reference
PM-72DED3290541E1,2,2,cla|codf,SEN,2018,cla:SN.022|codf:SN.022,automatic_high_confidence
PM-B78BB484BF1B0A,2,2,aiddata|chapo,SEN,2018,aiddata:88638|chapo:88638,direct_reference
PM-C05911A6493045,2,2,aiddata|chapo,SEN,2018,aiddata:86620|chapo:86620,direct_reference
PM-C5911AF01EC500,2,2,aiddata|chapo,SEN,2018,aiddata:66703|chapo:66703,direct_reference
PM-09E07E79144565,2,2,aiddata|chapo,SEN,2019,aiddata:86704|chapo:86704,direct_reference
PM-4C06909CB303B7,2,2,aiddata|chapo,SEN,2019,aiddata:86106|chapo:86106,direct_reference
PM-80E7982A4926C9,2,2,aiddata|chapo,SEN,2019,aiddata:85967|chapo:85967,direct_reference
PM-FB8F17FFAE43BC,2,2,aiddata|chapo,SEN,2019,aiddata:86113|chapo:86113,direct_reference
PM-20A2F6A0FB422D,2,2,aiddata|chapo,SEN,2020,aiddata:94212|chapo:94212,direct_reference
PM-3626DD36FA2C8D,2,2,aiddata|chapo,SEN,2020,aiddata:92997|chapo:92997,direct_reference
PM-3D2839D81CD718,2,2,aiddata|chapo,SEN,2020,aiddata:86105|chapo:86105,direct_reference
PM-693BCFEB086ECB,2,2,aiddata|chapo,SEN,2020,aiddata:96744|chapo:96744,direct_reference
PM-77238499E6FC48,2,2,aiddata|chapo,SEN,2020,aiddata:93005|chapo:93005,direct_reference
PM-AD789879D76512,2,2,aiddata|chapo,SEN,2020,aiddata:94190|chapo:94190,direct_reference
PM-E22580DDD866C7,2,2,aiddata|chapo,SEN,2020,aiddata:93014|chapo:93014,direct_reference
PM-402459CB134227,2,2,aiddata|chapo,SEN,2021,aiddata:96881|chapo:96881,direct_reference
PM-67184803480EA0,2,2,aiddata|chapo,SEN,2021,aiddata:93004|chapo:93004,direct_reference
PM-7559A2A3E77DCC,2,2,aiddata|chapo,SEN,2021,aiddata:94210|chapo:94210,direct_reference
PM-CBDA9B98B25CF4,2,2,cla|codf,SEN,2021,cla:SN.030|codf:SN.030,automatic_high_confidence
PM-E09AA61CF8F489,2,2,cla|codf,SEN,2021,cla:SN.027|codf:SN.027,automatic_high_confidence
PM-8A4F6819CD054C,2,2,cla|codf,SEN,2024,cla:SN.040|codf:SN.040,automatic_high_confidence
PM-DEAB52F17D9BF8,2,2,aiddata|chapo,SLE,2002,aiddata:86110|chapo:86110,direct_reference
PM-4CA90B1319EFDE,2,2,aiddata|chapo,SLE,2003,aiddata:35406|chapo:35406,direct_reference
PM-C479E1CF6797B8,2,2,aiddata|chapo,SLE,2005,aiddata:35404|chapo:35404,direct_reference
PM-065FB37C031049,2,2,aiddata|chapo,SLE,2006,aiddata:88020|chapo:88020,direct_reference
PM-C67F0E1506527D,2,2,aiddata|chapo,SLE,2006,aiddata:63176|chapo:63176,direct_reference
PM-77550D8CE8D28D,2,2,aiddata|chapo,SLE,2007,aiddata:35403|chapo:35403,direct_reference
PM-24F3217372332A,2,2,aiddata|chapo,SLE,2008,aiddata:2254|chapo:2254,direct_reference
PM-5FF47C852CBF57,2,2,aiddata|chapo,SLE,2008,aiddata:63190|chapo:63190,direct_reference
PM-41BD016E213DFA,2,2,aiddata|chapo,SLE,2009,aiddata:2257|chapo:2257,direct_reference
PM-420FB1C07B2179,2,2,aiddata|chapo,SLE,2009,aiddata:22222|chapo:22222,direct_reference
PM-C539080EFCEBA6,2,2,aiddata|chapo,SLE,2009,aiddata:2260|chapo:2260,direct_reference
PM-515263513CE7A4,2,2,aiddata|chapo,SLE,2011,aiddata:62608|chapo:62608,direct_reference
PM-6F265D78EE26F2,2,2,aiddata|chapo,SLE,2011,aiddata:35407|chapo:35407,direct_reference
PM-A789BB62467809,2,2,aiddata|chapo,SLE,2011,aiddata:63125|chapo:63125,direct_reference
PM-A4A33B82935513,2,2,aiddata|chapo,SLE,2012,aiddata:62732|chapo:62732,direct_reference
PM-DFAC361280C95A,2,2,aiddata|chapo,SLE,2012,aiddata:30274|chapo:30274,direct_reference
PM-0BE0FED467B6DA,2,2,aiddata|chapo,SLE,2013,aiddata:62731|chapo:62731,direct_reference
PM-641FF842443D54,2,2,aiddata|chapo,SLE,2013,aiddata:35023|chapo:35023,direct_reference
PM-2378268731E80D,2,2,aiddata|chapo,SLE,2014,aiddata:62730|chapo:62730,direct_reference
PM-47F68A3F60B740,2,2,aiddata|chapo,SLE,2014,aiddata:35246|chapo:35246,direct_reference
PM-422278574CE47E,2,2,aiddata|chapo,SLE,2015,aiddata:53019|chapo:53019,direct_reference
PM-4EF6F3C128D470,2,2,aiddata|chapo,SLE,2015,aiddata:53021|chapo:53021,direct_reference
PM-4FB34A4744FC41,2,2,aiddata|chapo,SLE,2015,aiddata:62729|chapo:62729,direct_reference
PM-D67E903BA2F353,2,2,aiddata|chapo,SLE,2015,aiddata:53018|chapo:53018,direct_reference
PM-F352EF68FC66C4,2,2,aiddata|chapo,SLE,2015,aiddata:35411|chapo:35411,direct_reference
PM-1902D889151932,2,2,aiddata|chapo,SLE,2016,aiddata:62744|chapo:62744,direct_reference
PM-8F899B00659DAB,2,2,aiddata|chapo,SLE,2016,aiddata:53011|chapo:53011,direct_reference
PM-9AF01AA3BA445F,2,2,aiddata|chapo,SLE,2016,aiddata:53013|chapo:53013,direct_reference
PM-E5247BCFDFA1B0,2,2,aiddata|chapo,SLE,2016,aiddata:62554|chapo:62554,direct_reference
PM-F4117666DC31E9,2,2,aiddata|chapo,SLE,2016,aiddata:63226|chapo:63226,direct_reference
PM-FD74FA5C0DCD77,2,2,aiddata|chapo,SLE,2016,aiddata:53016|chapo:53016,direct_reference
PM-03FFE91AEC4416,2,2,aiddata|chapo,SLE,2017,aiddata:63230|chapo:63230,direct_reference
PM-2BA2113CB3BA1D,2,2,aiddata|chapo,SLE,2017,aiddata:63229|chapo:63229,direct_reference
PM-38F2BC1C3C6947,2,2,aiddata|chapo,SLE,2017,aiddata:63232|chapo:63232,direct_reference
PM-4B0D6456D48B4E,2,2,aiddata|chapo,SLE,2017,aiddata:62745|chapo:62745,direct_reference
PM-93E49F21169C32,2,2,aiddata|chapo,SLE,2017,aiddata:63238|chapo:63238,direct_reference
PM-E0AABA95FC3D92,2,2,aiddata|chapo,SLE,2017,aiddata:63024|chapo:63024,direct_reference
PM-FA834C8EEF7CA3,2,2,cla|codf,SLE,2017,cla:SL.041|codf:SL.041,automatic_high_confidence
PM-0BF0CE9AA24AEA,2,2,aiddata|chapo,SLE,2018,aiddata:62595|chapo:62595,direct_reference
PM-2FB5F4CF763F4A,2,2,aiddata|chapo,SLE,2018,aiddata:86675|chapo:86675,direct_reference
PM-504E8B60DA95CC,2,2,aiddata|chapo,SLE,2018,aiddata:62749|chapo:62749,direct_reference
PM-735157EAD167B3,2,2,aiddata|chapo,SLE,2018,aiddata:63046|chapo:63046,direct_reference
PM-B354692C346B31,2,2,aiddata|chapo,SLE,2018,aiddata:62753|chapo:62753,direct_reference
PM-C9120215F90479,2,2,aiddata|chapo,SLE,2018,aiddata:88688|chapo:88688,direct_reference
PM-D54A84380081C0,2,2,aiddata|chapo,SLE,2018,aiddata:62600|chapo:62600,direct_reference
PM-F37EA1FDCEEBDF,2,2,aiddata|chapo,SLE,2018,aiddata:86080|chapo:86080,direct_reference
PM-21CDAD2367B587,2,2,aiddata|chapo,SLE,2019,aiddata:86092|chapo:86092,direct_reference
PM-2BD96A2A75C2D5,2,2,aiddata|chapo,SLE,2019,aiddata:86945|chapo:86945,direct_reference
PM-34EC6078685EDA,2,2,aiddata|chapo,SLE,2019,aiddata:85977|chapo:85977,direct_reference
PM-A284B9D14D381F,2,2,aiddata|chapo,SLE,2019,aiddata:67838|chapo:67838,direct_reference
PM-A3F67D198225C7,2,2,cla|codf,SLE,2019,cla:SL.038|codf:SL.038,automatic_high_confidence
PM-D2709A127F130E,2,2,aiddata|chapo,SLE,2019,aiddata:85994|chapo:85994,direct_reference
PM-EB9DBC226B457F,2,2,aiddata|chapo,SLE,2019,aiddata:85972|chapo:85972,direct_reference
PM-F8D249E0F6D44C,2,2,aiddata|chapo,SLE,2019,aiddata:86463|chapo:86463,direct_reference
PM-5E2D0AFDE9040B,2,2,aiddata|chapo,SLE,2020,aiddata:93363|chapo:93363,direct_reference
PM-C55265819D51C7,2,2,aiddata|chapo,SLE,2020,aiddata:93364|chapo:93364,direct_reference
PM-DB6A576A0E2E88,2,2,aiddata|chapo,SLE,2020,aiddata:93565|chapo:93565,direct_reference
PM-1C8D7879CF4279,2,2,aiddata|chapo,SLE,2021,aiddata:86159|chapo:86159,direct_reference
PM-5A6F8F6B3E1097,2,2,aiddata|chapo,SLE,2021,aiddata:93305|chapo:93305,direct_reference
PM-AC1E0CA310819A,2,2,aiddata|chapo,SLE,2021,aiddata:93458|chapo:93458,direct_reference
PM-6202424B4AD73B,2,2,aiddata|chapo,SOM,2007,aiddata:28502|chapo:28502,direct_reference
PM-223B756A02B630,2,2,aiddata|chapo,SOM,2009,aiddata:35217|chapo:35217,direct_reference
PM-5313B2858D119E,2,2,aiddata|chapo,SOM,2009,aiddata:35216|chapo:35216,direct_reference
PM-608081FE939F2B,2,2,aiddata|chapo,SOM,2014,aiddata:36408|chapo:36408,direct_reference
PM-78538F27688C68,2,2,aiddata|chapo,SOM,2017,aiddata:61104|chapo:61104,direct_reference
PM-B4D3B9F565A398,2,2,aiddata|chapo,SOM,2019,aiddata:88273|chapo:88273,direct_reference
PM-95BFF193867572,2,2,aiddata|chapo,SOM,2020,aiddata:97876|chapo:97876,direct_reference
PM-5C815FC70A32BF,2,2,aiddata|chapo,SOM,2021,aiddata:91810|chapo:91810,direct_reference
PM-D7E8F9D91DC945,2,2,aiddata|chapo,SOM,2021,aiddata:91812|chapo:91812,direct_reference
PM-05638E852B40B3,2,2,aiddata|chapo,SSD,2011,aiddata:35428|chapo:35428,direct_reference
PM-39DC3D929E4EF5,2,2,aiddata|chapo,SSD,2011,aiddata:35423|chapo:35423,direct_reference
PM-93C638A4F155B9,2,2,aiddata|chapo,SSD,2011,aiddata:2466|chapo:2466,direct_reference
PM-352EDD6F72A645,2,2,aiddata|chapo,SSD,2012,aiddata:30343|chapo:30343,direct_reference
PM-729FD9C66D1524,2,2,aiddata|chapo,SSD,2012,aiddata:69056|chapo:69056,direct_reference
PM-733BC95CB4BDD5,2,2,aiddata|chapo,SSD,2012,aiddata:60586|chapo:60586,direct_reference
PM-144D50EF74F576,2,2,aiddata|chapo,SSD,2014,aiddata:60732|chapo:60732,direct_reference
PM-27E2412323B7B4,2,2,aiddata|chapo,SSD,2014,aiddata:58596|chapo:58596,direct_reference
PM-6144040E1D5F93,2,2,aiddata|chapo,SSD,2014,aiddata:31211|chapo:31211,direct_reference
PM-8881FAEC63207A,2,2,cla|codf,SSD,2014,cla:SS.005|codf:SS.005,automatic_high_confidence
PM-03EF24C0A8B1DC,2,2,aiddata|chapo,SSD,2015,aiddata:59012|chapo:59012,direct_reference
PM-193DA1D664C10F,2,2,aiddata|chapo,SSD,2015,aiddata:53328|chapo:53328,direct_reference
PM-5C3BE22DE24DCB,2,2,aiddata|chapo,SSD,2015,aiddata:53330|chapo:53330,direct_reference
PM-7640C70B6300B2,2,2,aiddata|chapo,SSD,2015,aiddata:53331|chapo:53331,direct_reference
PM-88223B0EADC8E2,2,2,aiddata|chapo,SSD,2015,aiddata:53336|chapo:53336,direct_reference
PM-2FEC3996B086D6,2,2,aiddata|chapo,SSD,2016,aiddata:58731|chapo:58731,direct_reference
PM-5F106598B32970,2,2,aiddata|chapo,SSD,2016,aiddata:59181|chapo:59181,direct_reference
PM-7A171EB753A29C,2,2,aiddata|chapo,SSD,2016,aiddata:59013|chapo:59013,direct_reference
PM-13BE6D786A9D98,2,2,aiddata|chapo,SSD,2017,aiddata:59182|chapo:59182,direct_reference
PM-22C0A493028FC3,2,2,aiddata|chapo,SSD,2017,aiddata:60788|chapo:60788,direct_reference
PM-4B2EB5D6E414FD,2,2,aiddata|chapo,SSD,2017,aiddata:58723|chapo:58723,direct_reference
PM-6F0821AF621F16,2,2,aiddata|chapo,SSD,2017,aiddata:60786|chapo:60786,direct_reference
PM-82D0607C511E16,2,2,aiddata|chapo,SSD,2017,aiddata:72511|chapo:72511,direct_reference
PM-BEA20298E18F0D,2,2,aiddata|chapo,SSD,2017,aiddata:59017|chapo:59017,direct_reference
PM-CB1721BDB44B3F,2,2,aiddata|chapo,SSD,2017,aiddata:60787|chapo:60787,direct_reference
PM-FD6986F6A22C71,2,2,aiddata|chapo,SSD,2017,aiddata:58668|chapo:58668,direct_reference
PM-0632DC4F3DD4E8,2,2,aiddata|chapo,SSD,2018,aiddata:58595|chapo:58595,direct_reference
PM-15FE8AE695119C,2,2,aiddata|chapo,SSD,2018,aiddata:71302|chapo:71302,direct_reference
PM-1E17A2795D3C41,2,2,aiddata|chapo,SSD,2018,aiddata:58728|chapo:58728,direct_reference
PM-391FBCF2B49A67,2,2,aiddata|chapo,SSD,2018,aiddata:59019|chapo:59019,direct_reference
PM-3CD999D3F12B33,2,2,aiddata|chapo,SSD,2018,aiddata:59184|chapo:59184,direct_reference
PM-5A4EF23149D951,2,2,aiddata|chapo,SSD,2018,aiddata:71453|chapo:71453,direct_reference
PM-6B834C4B5A0104,2,2,aiddata|chapo,SSD,2018,aiddata:72580|chapo:72580,direct_reference
PM-89F7E52C189114,2,2,cla|codf,SSD,2018,cla:SS.018|codf:SS.018,automatic_high_confidence
PM-C0EDB17E1508B7,2,2,aiddata|chapo,SSD,2018,aiddata:72513|chapo:72513,direct_reference
PM-0A3577183105C7,2,2,aiddata|chapo,SSD,2019,aiddata:92076|chapo:92076,direct_reference
PM-3C680228FB9D54,2,2,aiddata|chapo,SSD,2019,aiddata:60776|chapo:60776,direct_reference
PM-4B447509CE982F,2,2,aiddata|chapo,SSD,2019,aiddata:59020|chapo:59020,direct_reference
PM-7325524C5B5637,2,2,aiddata|chapo,SSD,2019,aiddata:58594|chapo:58594,direct_reference
PM-B560A4C10C1522,2,2,aiddata|chapo,SSD,2019,aiddata:60778|chapo:60778,direct_reference
PM-E14941FCCDBB18,2,2,aiddata|chapo,SSD,2019,aiddata:71150|chapo:71150,direct_reference
PM-E6637704D7C1DB,2,2,aiddata|chapo,SSD,2019,aiddata:87709|chapo:87709,direct_reference
PM-134EDEC8878A7D,2,2,aiddata|chapo,SSD,2020,aiddata:97880|chapo:97880,direct_reference
PM-1D59FC18058545,2,2,aiddata|chapo,SSD,2020,aiddata:93191|chapo:93191,direct_reference
PM-29192A03CD4333,2,2,aiddata|chapo,SSD,2020,aiddata:69332|chapo:69332,direct_reference
PM-4C0730CDE66CEF,2,2,aiddata|chapo,SSD,2020,aiddata:92991|chapo:92991,direct_reference
PM-5AA31569C3DDF0,2,2,aiddata|chapo,SSD,2020,aiddata:93331|chapo:93331,direct_reference
PM-5BF1234F8FFD38,2,2,aiddata|chapo,SSD,2020,aiddata:93193|chapo:93193,direct_reference
PM-6CFBAC4C42DDD9,2,2,aiddata|chapo,SSD,2020,aiddata:93198|chapo:93198,direct_reference
PM-87F7773865FDB1,2,2,aiddata|chapo,SSD,2020,aiddata:94236|chapo:94236,direct_reference
PM-B3AF27DB0E792F,2,2,aiddata|chapo,SSD,2020,aiddata:69362|chapo:69362,direct_reference
PM-BEC169689B9F7B,2,2,aiddata|chapo,SSD,2020,aiddata:93311|chapo:93311,direct_reference
PM-C2E70E6B89F0C2,2,2,aiddata|chapo,SSD,2020,aiddata:93309|chapo:93309,direct_reference
PM-C42CFEAA6BBE85,2,2,aiddata|chapo,SSD,2020,aiddata:97877|chapo:97877,direct_reference
PM-C540B5A7CACF96,2,2,aiddata|chapo,SSD,2020,aiddata:97878|chapo:97878,direct_reference
PM-CCBCB57D3D6088,2,2,aiddata|chapo,SSD,2020,aiddata:97879|chapo:97879,direct_reference
PM-E99516635745EB,2,2,aiddata|chapo,SSD,2020,aiddata:93310|chapo:93310,direct_reference
PM-16986C10E38034,2,2,aiddata|chapo,SSD,2021,aiddata:95646|chapo:95646,direct_reference
PM-8EA497671305FB,2,2,aiddata|chapo,SSD,2021,aiddata:93327|chapo:93327,direct_reference
PM-A1AF852AB9203F,2,2,aiddata|chapo,SSD,2021,aiddata:93228|chapo:93228,direct_reference
PM-497F4BDEAFC2C0,2,2,aiddata|chapo,STP,2017,aiddata:55527|chapo:55527,direct_reference
PM-A75AFCA0809B1C,2,2,aiddata|chapo,STP,2017,aiddata:67518|chapo:67518,direct_reference
PM-E2B86EFC10F3B5,2,2,aiddata|chapo,STP,2017,aiddata:67516|chapo:67516,direct_reference
PM-9C4224DDD59F52,2,2,aiddata|chapo,STP,2018,aiddata:67519|chapo:67519,direct_reference
PM-C62494F55FB638,2,2,aiddata|chapo,STP,2018,aiddata:70985|chapo:70985,direct_reference
PM-14CAD0969F949E,2,2,aiddata|chapo,STP,2019,aiddata:56375|chapo:56375,direct_reference
PM-272B9843D9A6B7,2,2,aiddata|chapo,STP,2019,aiddata:56405|chapo:56405,direct_reference
PM-5CBE3270B1E7D1,2,2,aiddata|chapo,STP,2019,aiddata:56399|chapo:56399,direct_reference
PM-870BBF41D91772,2,2,aiddata|chapo,STP,2019,aiddata:67521|chapo:67521,direct_reference
PM-9E55BBC5ACC63B,2,2,aiddata|chapo,STP,2019,aiddata:85767|chapo:85767,direct_reference
PM-E7A140ABEC0433,2,2,aiddata|chapo,STP,2019,aiddata:85764|chapo:85764,direct_reference
PM-F831707AECF2E9,2,2,aiddata|chapo,STP,2019,aiddata:85771|chapo:85771,direct_reference
PM-FA56A7EBAAA523,2,2,aiddata|chapo,STP,2019,aiddata:85765|chapo:85765,direct_reference
PM-0920B66EF38CF1,2,2,aiddata|chapo,STP,2020,aiddata:93026|chapo:93026,direct_reference
PM-53516D81F1A083,2,2,aiddata|chapo,STP,2020,aiddata:92988|chapo:92988,direct_reference
PM-8BFE01235BF2C9,2,2,aiddata|chapo,STP,2020,aiddata:93037|chapo:93037,direct_reference
PM-906D347FCDD647,2,2,aiddata|chapo,STP,2020,aiddata:93060|chapo:93060,direct_reference
PM-AC86B744DB9BCB,2,2,aiddata|chapo,STP,2020,aiddata:93040|chapo:93040,direct_reference
PM-B2E168779DB0CC,2,2,aiddata|chapo,STP,2020,aiddata:92782|chapo:92782,direct_reference
PM-C76CAC706EFCC4,2,2,aiddata|chapo,STP,2020,aiddata:93039|chapo:93039,direct_reference
PM-D3714079C72B9C,2,2,aiddata|chapo,STP,2020,aiddata:92924|chapo:92924,direct_reference
PM-D73FAC1EAE3AFC,2,2,aiddata|chapo,STP,2020,aiddata:92786|chapo:92786,direct_reference
PM-E4F6CB8BEEE917,2,2,aiddata|chapo,STP,2020,aiddata:93022|chapo:93022,direct_reference
PM-756E3CD11636D2,2,2,aiddata|chapo,STP,2021,aiddata:96334|chapo:96334,direct_reference
PM-93D2A95999303E,2,2,aiddata|chapo,STP,2021,aiddata:92926|chapo:92926,direct_reference
PM-D5883894C47028,2,2,aiddata|chapo,SYC,2000,aiddata:73580|chapo:73580,direct_reference
PM-A4DFDA3D3CD58B,2,2,aiddata|chapo,SYC,2002,aiddata:73579|chapo:73579,direct_reference
PM-EF99F1455B141F,2,2,aiddata|chapo,SYC,2004,aiddata:73581|chapo:73581,direct_reference
PM-4CAFC2910F1B82,2,2,aiddata|chapo,SYC,2005,aiddata:89617|chapo:89617,direct_reference
PM-91C9E4871372DE,2,2,aiddata|chapo,SYC,2006,aiddata:55673|chapo:55673,direct_reference
PM-8CFBD258770C98,2,2,aiddata|chapo,SYC,2008,aiddata:73582|chapo:73582,direct_reference
PM-F7B2AAFC09C198,2,2,aiddata|chapo,SYC,2008,aiddata:32969|chapo:32969,direct_reference
PM-9E4FC8A67886B7,2,2,aiddata|chapo,SYC,2009,aiddata:55670|chapo:55670,direct_reference
PM-32B2D0B9E50895,2,2,aiddata|chapo,SYC,2010,aiddata:56320|chapo:56320,direct_reference
PM-6DE47449906B13,2,2,aiddata|chapo,SYC,2010,aiddata:55668|chapo:55668,direct_reference
PM-FEA033B8CF609B,2,2,aiddata|chapo,SYC,2010,aiddata:73583|chapo:73583,direct_reference
PM-79B96340B5882D,2,2,cla|restruct,SYC,2011,cla:SC.015|restruct:R.SC.01,automatic_high_confidence
PM-69E1F33C8E0674,2,2,aiddata|chapo,SYC,2012,aiddata:30380|chapo:30380,direct_reference
PM-CC01A30D2F954E,2,2,aiddata|chapo,SYC,2012,aiddata:55674|chapo:55674,direct_reference
PM-0060C0ADD4470B,2,2,aiddata|chapo,SYC,2013,aiddata:56145|chapo:56145,direct_reference
PM-558BA4CD6317C4,2,2,aiddata|chapo,SYC,2013,aiddata:55686|chapo:55686,direct_reference
PM-9C445E01AF104E,2,2,aiddata|chapo,SYC,2014,aiddata:73586|chapo:73586,direct_reference
PM-73E61268A895E6,2,2,aiddata|chapo,SYC,2016,aiddata:55684|chapo:55684,direct_reference
PM-324176904CD911,2,2,aiddata|chapo,TCD,2006,aiddata:56558|chapo:56558,direct_reference
PM-77B9A6C4B5E921,2,2,aiddata|chapo,TCD,2007,aiddata:34926|chapo:34926,direct_reference
PM-572E2709C22094,2,2,aiddata|chapo,TCD,2008,aiddata:56043|chapo:56043,direct_reference
PM-B39283A2C7356A,2,2,aiddata|chapo,TCD,2008,aiddata:35671|chapo:35671,direct_reference
PM-E02BFD8BB99BDF,2,2,aiddata|chapo,TCD,2009,aiddata:34153|chapo:34153,direct_reference
PM-56D3AAD21031C6,2,2,aiddata|chapo,TCD,2010,aiddata:56038|chapo:56038,direct_reference
PM-EBB10215DAD040,2,2,aiddata|chapo,TCD,2010,aiddata:71609|chapo:71609,direct_reference
PM-307698F0B60C74,2,2,cla|codf,TCD,2011,cla:TD.002|codf:TD.002,automatic_high_confidence
PM-3F64437CDA871B,2,2,aiddata|chapo,TCD,2011,aiddata:35672|chapo:35672,direct_reference
PM-44A226D92566BB,2,2,aiddata|chapo,TCD,2012,aiddata:56220|chapo:56220,direct_reference
PM-5CF097C3BD834F,3,3,cgef|cla|codf,TCD,2012,cgef:TD.006|cla:TD.006|codf:TD.006,human_confirmed
PM-E16FC974050097,2,2,aiddata|chapo,TCD,2012,aiddata:56046|chapo:56046,direct_reference
PM-12F3E4A30504D4,2,2,aiddata|chapo,TCD,2013,aiddata:30852|chapo:30852,direct_reference
PM-6D5E9BCB086B8D,2,2,aiddata|chapo,TCD,2013,aiddata:35673|chapo:35673,direct_reference
PM-CE7E0311C148E1,2,2,aiddata|chapo,TCD,2013,aiddata:30853|chapo:30853,direct_reference
PM-A2CC446C374491,2,2,aiddata|chapo,TCD,2015,aiddata:56697|chapo:56697,direct_reference
PM-AA7D6F7AEA2A5F,2,2,aiddata|chapo,TCD,2015,aiddata:35038|chapo:35038,direct_reference
PM-BF07A6A35D8ADE,2,2,aiddata|chapo,TCD,2015,aiddata:52209|chapo:52209,direct_reference
PM-8C8823B24EAAC8,2,2,aiddata|chapo,TCD,2016,aiddata:73444|chapo:73444,direct_reference
PM-0DFDEFBF61EBB2,2,2,aiddata|chapo,TCD,2017,aiddata:56009|chapo:56009,direct_reference
PM-137D719B16EE48,2,2,aiddata|chapo,TCD,2017,aiddata:56700|chapo:56700,direct_reference
PM-EDE1E3789BB19D,2,2,aiddata|chapo,TCD,2017,aiddata:86658|chapo:86658,direct_reference
PM-4ECA4679611D29,2,2,aiddata|chapo,TCD,2018,aiddata:56021|chapo:56021,direct_reference
PM-BF5574FE26E0AA,2,2,aiddata|chapo,TCD,2018,aiddata:56022|chapo:56022,direct_reference
PM-AF2E7A4AACEE91,2,2,aiddata|chapo,TCD,2019,aiddata:86622|chapo:86622,direct_reference
PM-D07B13ABA3E1A9,2,2,aiddata|chapo,TCD,2019,aiddata:87446|chapo:87446,direct_reference
PM-E9FEEAFD7D587D,2,2,cla|codf,TCD,2019,cla:TD.012|codf:TD.012,automatic_high_confidence
PM-02742E966FCD4B,2,2,aiddata|chapo,TCD,2020,aiddata:93713|chapo:93713,direct_reference
PM-412405FDBFBAC5,2,2,aiddata|chapo,TCD,2020,aiddata:93125|chapo:93125,direct_reference
PM-49C2BECE233269,2,2,aiddata|chapo,TCD,2020,aiddata:93120|chapo:93120,direct_reference
PM-91E12EB880C275,2,2,aiddata|chapo,TCD,2020,aiddata:93145|chapo:93145,direct_reference
PM-988CC34C9D9CC3,2,2,aiddata|chapo,TCD,2020,aiddata:93124|chapo:93124,direct_reference
PM-9CAF3ED8114970,2,2,aiddata|chapo,TCD,2020,aiddata:97950|chapo:97950,direct_reference
PM-A1584731087E79,2,2,aiddata|chapo,TCD,2020,aiddata:93266|chapo:93266,direct_reference
PM-C0FBE9F727E6E2,2,2,aiddata|chapo,TCD,2020,aiddata:93122|chapo:93122,direct_reference
PM-CE944806A26E0E,2,2,aiddata|chapo,TCD,2020,aiddata:93261|chapo:93261,direct_reference
PM-EEAFE1B86585A6,2,2,aiddata|chapo,TCD,2020,aiddata:93119|chapo:93119,direct_reference
PM-060A7201C12240,2,2,aiddata|chapo,TCD,2021,aiddata:93123|chapo:93123,direct_reference
PM-35ABDBDF092FAD,2,2,aiddata|chapo,TCD,2021,aiddata:93097|chapo:93097,direct_reference
PM-B9D5287D4726B0,2,2,aiddata|chapo,TGO,2000,aiddata:35535|chapo:35535,direct_reference
PM-39660C3ED2CD8D,2,2,aiddata|chapo,TGO,2003,aiddata:2173|chapo:2173,direct_reference
PM-A38D63A354399C,2,2,aiddata|chapo,TGO,2003,aiddata:72446|chapo:72446,direct_reference
PM-2B062A12051961,2,2,aiddata|chapo,TGO,2004,aiddata:2172|chapo:2172,direct_reference
PM-AE8B613476DCD2,2,2,aiddata|chapo,TGO,2004,aiddata:72447|chapo:72447,direct_reference
PM-234B760FCF9171,2,2,aiddata|chapo,TGO,2005,aiddata:35534|chapo:35534,direct_reference
PM-3F0F6AD77E63E6,2,2,aiddata|chapo,TGO,2005,aiddata:2100|chapo:2100,direct_reference
PM-97255F50D344C3,2,2,aiddata|chapo,TGO,2005,aiddata:2174|chapo:2174,direct_reference
PM-0BD6DEC8D04BE8,2,2,aiddata|chapo,TGO,2007,aiddata:1562|chapo:1562,direct_reference
PM-48C40074D90974,2,2,aiddata|chapo,TGO,2008,aiddata:13957|chapo:13957,direct_reference
PM-7A252750A39781,2,2,aiddata|chapo,TGO,2008,aiddata:2189|chapo:2189,direct_reference
PM-C6EF9120846E2E,2,2,aiddata|chapo,TGO,2008,aiddata:25286|chapo:25286,direct_reference
PM-20D2469EF13A39,2,2,cla|codf,TGO,2009,cla:TG.004|codf:TG.004,automatic_high_confidence
PM-241B4D73AE2F5D,2,2,cla|codf,TGO,2009,cla:TG.003|codf:TG.003,automatic_high_confidence
PM-7D2341CDA38E21,2,2,aiddata|chapo,TGO,2010,aiddata:35203|chapo:35203,direct_reference
PM-2B630E6D9BB791,2,2,aiddata|chapo,TGO,2011,aiddata:64887|chapo:64887,direct_reference
PM-CC4F22DFDBFBD9,2,2,aiddata|chapo,TGO,2011,aiddata:64886|chapo:64886,direct_reference
PM-D36A5C9BFC49BF,2,2,aiddata|chapo,TGO,2011,aiddata:35492|chapo:35492,direct_reference
PM-1D7D8E170846AD,2,2,cla|codf,TGO,2012,cla:TG.008|codf:TG.008,automatic_high_confidence
PM-6678A4F988746A,2,2,cla|codf,TGO,2012,cla:TG.020|codf:TG.020,automatic_high_confidence
PM-6D19BA7E31F1E9,2,2,aiddata|chapo,TGO,2012,aiddata:64888|chapo:64888,direct_reference
PM-FCF23424E491CD,2,2,aiddata|chapo,TGO,2012,aiddata:64885|chapo:64885,direct_reference
PM-13FC4AB597A72F,2,2,cgef|cla,TGO,2013,cgef:TG.013|cla:TG.013,automatic_high_confidence
PM-238DA20DF29548,2,2,cla|codf,TGO,2013,cla:TG.014|codf:TG.014,automatic_high_confidence
PM-439B248E453D97,2,2,aiddata|chapo,TGO,2013,aiddata:72457|chapo:72457,direct_reference
PM-78F8DB60C6A8A7,3,3,cgef|cla|codf,TGO,2013,cgef:TG.030|cla:TG.030|codf:TG.030,human_confirmed
PM-A886406246D1D9,2,2,aiddata|chapo,TGO,2013,aiddata:35012|chapo:35012,direct_reference
PM-396D60190F8BCE,2,2,aiddata|chapo,TGO,2014,aiddata:64975|chapo:64975,direct_reference
PM-439BB576C5D198,2,2,aiddata|chapo,TGO,2014,aiddata:36400|chapo:36400,direct_reference
PM-B0BE4A66321225,3,3,cgef|cla|codf,TGO,2014,cgef:TG.012|cla:TG.012|codf:TG.012,human_confirmed
PM-72315AAF6B9C9F,2,2,aiddata|chapo,TGO,2015,aiddata:72405|chapo:72405,direct_reference
PM-C7B70BAEA7C015,2,2,cla|codf,TGO,2015,cla:TG.031|codf:TG.031,automatic_high_confidence
PM-043EF062ED0F34,2,2,cla|codf,TGO,2016,cla:TG.032|codf:TG.032,automatic_high_confidence
PM-354642055BCC18,2,2,cla|codf,TGO,2016,cla:TG.022|codf:TG.022,automatic_high_confidence
PM-0385C6C59FD259,2,2,aiddata|chapo,TGO,2017,aiddata:72406|chapo:72406,direct_reference
PM-7879D1A2CFD0B8,2,2,aiddata|chapo,TGO,2017,aiddata:72440|chapo:72440,direct_reference
PM-7A4BF868FAD018,2,2,aiddata|chapo,TGO,2018,aiddata:88138|chapo:88138,direct_reference
PM-CD07B500936A73,2,2,aiddata|chapo,TGO,2019,aiddata:87096|chapo:87096,direct_reference
PM-E7C68EC4072E13,2,2,aiddata|chapo,TGO,2019,aiddata:87095|chapo:87095,direct_reference
PM-256DEA4DC8FB58,2,2,aiddata|chapo,TGO,2020,aiddata:93531|chapo:93531,direct_reference
PM-3ACA72255A09C2,2,2,aiddata|chapo,TGO,2020,aiddata:93523|chapo:93523,direct_reference
PM-5B56DC81D5D815,2,2,aiddata|chapo,TGO,2020,aiddata:72442|chapo:72442,direct_reference
PM-7AC2AD0AE48EF6,2,2,aiddata|chapo,TGO,2020,aiddata:93525|chapo:93525,direct_reference
PM-7D66FF23B2D3A1,2,2,aiddata|chapo,TGO,2020,aiddata:93521|chapo:93521,direct_reference
PM-8C0645836AE76B,2,2,aiddata|chapo,TGO,2020,aiddata:93512|chapo:93512,direct_reference
PM-AAA540F7458525,2,2,aiddata|chapo,TGO,2020,aiddata:93524|chapo:93524,direct_reference
PM-C9D7AF46AC0F4E,2,2,aiddata|chapo,TGO,2020,aiddata:93526|chapo:93526,direct_reference
PM-FB27857DF77CD8,2,2,aiddata|chapo,TGO,2020,aiddata:93514|chapo:93514,direct_reference
PM-24069FA58D3B44,2,2,aiddata|chapo,TGO,2021,aiddata:93515|chapo:93515,direct_reference
PM-6D7E36B9DB6649,2,2,aiddata|chapo,TGO,2021,aiddata:95454|chapo:95454,direct_reference
PM-6DF90F6BA39C50,2,2,aiddata|chapo,TGO,2021,aiddata:93516|chapo:93516,direct_reference
PM-B22AB446AB42E2,2,2,aiddata|chapo,TGO,2021,aiddata:88122|chapo:88122,direct_reference
PM-E6680D7DF66683,2,2,aiddata|chapo,TGO,2021,aiddata:93716|chapo:93716,direct_reference
PM-78BCF334E7271F,2,2,aiddata|chapo,TUN,2000,aiddata:35605|chapo:35605,direct_reference
PM-04DD219B4AEB87,2,2,aiddata|chapo,TUN,2002,aiddata:14020|chapo:14020,direct_reference
PM-6EAC26D1A299F1,2,2,aiddata|chapo,TUN,2004,aiddata:35604|chapo:35604,direct_reference
PM-6E038BCA1BE01C,2,2,aiddata|chapo,TUN,2006,aiddata:35603|chapo:35603,direct_reference
PM-945E238ABC2802,2,2,aiddata|chapo,TUN,2008,aiddata:12970|chapo:12970,direct_reference
PM-9C37B12A7B1A0E,2,2,cla|codf,TUN,2009,cla:TN.012|codf:TN.012,automatic_high_confidence
PM-99E3CF4345432B,2,2,aiddata|chapo,TUN,2010,aiddata:19565|chapo:19565,direct_reference
PM-2056A8FD5EE226,2,2,aiddata|chapo,TUN,2012,aiddata:13505|chapo:13505,direct_reference
PM-52DE16992A14E7,2,2,aiddata|chapo,TUN,2012,aiddata:31082|chapo:31082,direct_reference
PM-071E772F3AEE12,2,2,aiddata|chapo,TUN,2014,aiddata:35585|chapo:35585,direct_reference
PM-C0F3EBAEA19DFF,2,2,aiddata|chapo,TUN,2014,aiddata:30323|chapo:30323,direct_reference
PM-0DAF3BC2375DCE,2,2,aiddata|chapo,TUN,2016,aiddata:56660|chapo:56660,direct_reference
PM-6D8934D95D42B9,2,2,aiddata|chapo,TUN,2018,aiddata:56661|chapo:56661,direct_reference
PM-6F29380A05EA28,2,2,aiddata|chapo,TUN,2019,aiddata:57004|chapo:57004,direct_reference
PM-D55A0D985ADEEA,2,2,aiddata|chapo,TUN,2019,aiddata:66243|chapo:66243,direct_reference
PM-21E6D62711F9CC,2,2,aiddata|chapo,TUN,2020,aiddata:94096|chapo:94096,direct_reference
PM-56E3CBB9F05046,2,2,aiddata|chapo,TUN,2020,aiddata:94177|chapo:94177,direct_reference
PM-74EAD45C479A63,2,2,aiddata|chapo,TUN,2020,aiddata:94213|chapo:94213,direct_reference
PM-EA097DA88FC1C0,2,2,aiddata|chapo,TUN,2020,aiddata:94179|chapo:94179,direct_reference
PM-58418E4E1CDEAA,2,2,aiddata|chapo,TUN,2021,aiddata:94209|chapo:94209,direct_reference
PM-8D5CA024B1F38D,2,2,aiddata|chapo,TUN,2021,aiddata:94094|chapo:94094,direct_reference
PM-0B7D7F0213414F,2,2,aiddata|chapo,TZA,2001,aiddata:35678|chapo:35678,direct_reference
PM-84A7617DB670BD,2,2,aiddata|chapo,TZA,2001,aiddata:35682|chapo:35682,direct_reference
PM-0280D2095FDF00,2,2,aiddata|chapo,TZA,2003,aiddata:35681|chapo:35681,direct_reference
PM-2D615F462BC8E8,2,2,aiddata|chapo,TZA,2003,aiddata:35677|chapo:35677,direct_reference
PM-116E0403A5A5A5,2,2,aiddata|chapo,TZA,2005,aiddata:1515|chapo:1515,direct_reference
PM-1C0531FCE3AFD3,2,2,aiddata|chapo,TZA,2005,aiddata:35680|chapo:35680,direct_reference
PM-20CB105565CE29,2,2,aiddata|chapo,TZA,2005,aiddata:35676|chapo:35676,direct_reference
PM-F27AC3618805DC,2,2,aiddata|chapo,TZA,2005,aiddata:1521|chapo:1521,direct_reference
PM-3582B7BF96DC52,2,2,aiddata|chapo,TZA,2006,aiddata:14897|chapo:14897,direct_reference
PM-954287D1A68E5F,2,2,aiddata|chapo,TZA,2006,aiddata:32963|chapo:32963,direct_reference
PM-E113749DD60A19,2,2,aiddata|chapo,TZA,2006,aiddata:14902|chapo:14902,direct_reference
PM-51850324A38533,2,2,aiddata|chapo,TZA,2007,aiddata:32991|chapo:32991,direct_reference
PM-6E048805F9F63A,2,2,aiddata|chapo,TZA,2007,aiddata:35679|chapo:35679,direct_reference
PM-ADF5CBBEBF7090,2,2,aiddata|chapo,TZA,2007,aiddata:35674|chapo:35674,direct_reference
PM-79BBC0B1C1912B,2,2,aiddata|chapo,TZA,2008,aiddata:60845|chapo:60845,direct_reference
PM-79D814D20EFF16,2,2,cla|codf,TZA,2008,cla:TZ.002|codf:TZ.002,automatic_high_confidence
PM-1674E997637E10,2,2,aiddata|chapo,TZA,2009,aiddata:35666|chapo:35666,direct_reference
PM-A162E7725518D6,2,2,aiddata|chapo,TZA,2009,aiddata:33031|chapo:33031,direct_reference
PM-E4384630BEC8F0,2,2,aiddata|chapo,TZA,2009,aiddata:60842|chapo:60842,direct_reference
PM-562D02E26A647D,2,2,aiddata|chapo,TZA,2010,aiddata:60846|chapo:60846,direct_reference
PM-AE4B8528B124FC,2,2,cla|codf,TZA,2010,cla:TZ.003|codf:TZ.003,automatic_high_confidence
PM-AF4F5E33FDF988,2,2,aiddata|chapo,TZA,2010,aiddata:65378|chapo:65378,direct_reference
PM-BA01F5B37FFE79,2,2,aiddata|chapo,TZA,2010,aiddata:1923|chapo:1923,direct_reference
PM-D3B2E39E02BC03,2,2,aiddata|chapo,TZA,2010,aiddata:30711|chapo:30711,direct_reference
PM-E6A628E409EEED,2,2,cla|codf,TZA,2010,cla:TZ.004|codf:TZ.004,automatic_high_confidence
PM-3EB65239C755A3,2,2,aiddata|chapo,TZA,2011,aiddata:60843|chapo:60843,direct_reference
PM-BDC8B3CEEF8C26,2,2,aiddata|chapo,TZA,2011,aiddata:33050|chapo:33050,direct_reference
PM-E75AFABF1F96F3,2,2,aiddata|chapo,TZA,2011,aiddata:35665|chapo:35665,direct_reference
PM-57205B4A026259,3,3,cgef|cla|codf,TZA,2012,cgef:TZ.006|cla:TZ.006|codf:TZ.006,human_confirmed
PM-83777F8FA019FA,2,2,aiddata|chapo,TZA,2012,aiddata:60847|chapo:60847,direct_reference
PM-9C6743BFF82289,3,3,cgef|cla|codf,TZA,2012,cgef:TZ.007|cla:TZ.007|codf:TZ.007,human_confirmed
PM-11250617EDD17E,2,2,cla|codf,TZA,2013,cla:TZ.001|codf:TZ.001,automatic_high_confidence
PM-24F2EAF37F97AD,2,2,aiddata|chapo,TZA,2013,aiddata:35025|chapo:35025,direct_reference
PM-58A49E3F5331C5,2,2,cla|codf,TZA,2013,cla:TZ.025|codf:TZ.025,automatic_high_confidence
PM-5E41421D3B8F63,2,2,aiddata|chapo,TZA,2013,aiddata:60844|chapo:60844,direct_reference
PM-63BB8642F10E3F,2,2,aiddata|chapo,TZA,2013,aiddata:35026|chapo:35026,direct_reference
PM-7D2D64B27CE8D8,2,2,aiddata|chapo,TZA,2013,aiddata:60892|chapo:60892,direct_reference
PM-BCA96ED2AECAEA,2,2,aiddata|chapo,TZA,2013,aiddata:61053|chapo:61053,direct_reference
PM-D9F3505665F641,2,2,aiddata|chapo,TZA,2013,aiddata:60895|chapo:60895,direct_reference
PM-4504CCF893BFF0,2,2,aiddata|chapo,TZA,2014,aiddata:35683|chapo:35683,direct_reference
PM-8B4EAC1482CFBC,2,2,cla|codf,TZA,2014,cla:TZ.044|codf:TZ.044,automatic_high_confidence
PM-F5664435E67E40,2,2,aiddata|chapo,TZA,2014,aiddata:60959|chapo:60959,direct_reference
PM-05E8713646F4CC,2,2,aiddata|chapo,TZA,2015,aiddata:61418|chapo:61418,direct_reference
PM-798D4CF61E874D,2,2,aiddata|chapo,TZA,2015,aiddata:53027|chapo:53027,direct_reference
PM-9F48DA714AA8CC,2,2,cla|codf,TZA,2015,cla:TZ.030|codf:TZ.030,automatic_high_confidence
PM-C8AD010EB47A83,2,2,aiddata|chapo,TZA,2015,aiddata:60897|chapo:60897,direct_reference
PM-DF1068F666721A,2,2,aiddata|chapo,TZA,2015,aiddata:60957|chapo:60957,direct_reference
PM-178C2987DA7A6F,2,2,aiddata|chapo,TZA,2016,aiddata:60962|chapo:60962,direct_reference
PM-B2BF9DCDE4E8B3,2,2,aiddata|chapo,TZA,2016,aiddata:88301|chapo:88301,direct_reference
PM-4EBFE2778052C6,2,2,aiddata|chapo,TZA,2017,aiddata:60894|chapo:60894,direct_reference
PM-8061715231BE2C,2,2,aiddata|chapo,TZA,2017,aiddata:60958|chapo:60958,direct_reference
PM-E0C1C4E23C9C2D,2,2,aiddata|chapo,TZA,2017,aiddata:61362|chapo:61362,direct_reference
PM-031217E4105B6B,2,2,aiddata|chapo,TZA,2018,aiddata:72461|chapo:72461,direct_reference
PM-0A8A8F8DE20DF3,2,2,aiddata|chapo,TZA,2018,aiddata:88102|chapo:88102,direct_reference
PM-0BB8A7C186C696,2,2,aiddata|chapo,TZA,2018,aiddata:88025|chapo:88025,direct_reference
PM-12902788256172,2,2,aiddata|chapo,TZA,2018,aiddata:88307|chapo:88307,direct_reference
PM-203B41696D423A,2,2,aiddata|chapo,TZA,2018,aiddata:88100|chapo:88100,direct_reference
PM-A2661DC5BE9448,2,2,aiddata|chapo,TZA,2018,aiddata:60961|chapo:60961,direct_reference
PM-B178DE240EB50B,2,2,aiddata|chapo,TZA,2018,aiddata:88304|chapo:88304,direct_reference
PM-BC62145C204A01,2,2,aiddata|chapo,TZA,2018,aiddata:88321|chapo:88321,direct_reference
PM-D2B43E177A3A09,2,2,aiddata|chapo,TZA,2018,aiddata:89268|chapo:89268,direct_reference
PM-AC56CB458186EB,2,2,aiddata|chapo,TZA,2019,aiddata:88308|chapo:88308,direct_reference
PM-B1EFCDDBF91A6A,2,2,aiddata|chapo,TZA,2019,aiddata:88283|chapo:88283,direct_reference
PM-0F11CAD685A46C,2,2,aiddata|chapo,TZA,2020,aiddata:92853|chapo:92853,direct_reference
PM-2BBAF3F9AA4F5A,2,2,aiddata|chapo,TZA,2020,aiddata:92871|chapo:92871,direct_reference
PM-3D430A906E1FB8,2,2,aiddata|chapo,TZA,2020,aiddata:92851|chapo:92851,direct_reference
PM-43C780CF5A1F19,2,2,aiddata|chapo,TZA,2020,aiddata:92872|chapo:92872,direct_reference
PM-4B596418DE8CC7,2,2,aiddata|chapo,TZA,2020,aiddata:92777|chapo:92777,direct_reference
PM-620E601C3D4082,2,2,aiddata|chapo,TZA,2020,aiddata:92951|chapo:92951,direct_reference
PM-703250AA7FC1F4,2,2,aiddata|chapo,TZA,2020,aiddata:97881|chapo:97881,direct_reference
PM-AC38D349FB224C,2,2,aiddata|chapo,TZA,2020,aiddata:92852|chapo:92852,direct_reference
PM-B10F23F25B3F22,6,2,aiddata|chapo,TZA,2020,aiddata:92878|aiddata:94315|aiddata:94316|chapo:92878|chapo:94315|chapo:94316,human_confirmed
PM-EC4DE9F6B735B0,2,2,aiddata|chapo,TZA,2020,aiddata:92828|chapo:92828,direct_reference
PM-F47DB154581619,2,2,aiddata|chapo,TZA,2020,aiddata:92918|chapo:92918,direct_reference
PM-00EF750E3EF059,2,2,aiddata|chapo,TZA,2021,aiddata:92825|chapo:92825,direct_reference
PM-1F6E5BEF5BC10E,2,2,aiddata|chapo,TZA,2021,aiddata:92960|chapo:92960,direct_reference
PM-2E934F3AF2A005,2,2,aiddata|chapo,TZA,2021,aiddata:92848|chapo:92848,direct_reference
PM-32B2819EC67998,2,2,aiddata|chapo,TZA,2021,aiddata:92842|chapo:92842,direct_reference
PM-3B14192929B0D4,2,2,aiddata|chapo,TZA,2021,aiddata:92824|chapo:92824,direct_reference
PM-3D34E378370996,2,2,aiddata|chapo,TZA,2021,aiddata:92849|chapo:92849,direct_reference
PM-628F84E5DD5123,2,2,aiddata|chapo,TZA,2021,aiddata:92778|chapo:92778,direct_reference
PM-920AAA1453C3B5,2,2,aiddata|chapo,TZA,2021,aiddata:92899|chapo:92899,direct_reference
PM-B9C4A728239F37,2,2,aiddata|chapo,TZA,2021,aiddata:92844|chapo:92844,direct_reference
PM-E152F80417A8EB,2,2,aiddata|chapo,TZA,2021,aiddata:92847|chapo:92847,direct_reference
PM-F8B21786D0E891,2,2,aiddata|chapo,TZA,2021,aiddata:92843|chapo:92843,direct_reference
PM-5F19E9954B2A37,2,2,aiddata|chapo,TZA,2022,aiddata:95624|chapo:95624,direct_reference
PM-7FA0CD39EE92E2,2,2,cla|codf,TZA,2022,cla:TZ.058|codf:TZ.058,automatic_high_confidence
PM-68FB30BAFEA2DB,2,2,aiddata|chapo,UGA,2000,aiddata:30946|chapo:30946,direct_reference
PM-39FC19B4D0F624,2,2,aiddata|chapo,UGA,2001,aiddata:2496|chapo:2496,direct_reference
PM-94549A638178A2,2,2,aiddata|chapo,UGA,2001,aiddata:18606|chapo:18606,direct_reference
PM-E6A5A7394A2A73,2,2,aiddata|chapo,UGA,2003,aiddata:35625|chapo:35625,direct_reference
PM-FA28C2F4FDE14D,2,2,aiddata|chapo,UGA,2005,aiddata:35624|chapo:35624,direct_reference
PM-0599D3111B6FA3,2,2,aiddata|chapo,UGA,2006,aiddata:60078|chapo:60078,direct_reference
PM-8004983AA4601C,2,2,aiddata|chapo,UGA,2006,aiddata:16519|chapo:16519,direct_reference
PM-BCEDFFCA561D34,2,2,aiddata|chapo,UGA,2006,aiddata:34837|chapo:34837,direct_reference
PM-D9CEBC40B371E0,2,2,aiddata|chapo,UGA,2006,aiddata:85127|chapo:85127,direct_reference
PM-50E258B118CF67,2,2,aiddata|chapo,UGA,2007,aiddata:60074|chapo:60074,direct_reference
PM-C6D25C2D57DF0C,2,2,aiddata|chapo,UGA,2007,aiddata:35623|chapo:35623,direct_reference
PM-6358B61AAFD8A8,2,2,aiddata|chapo,UGA,2008,aiddata:69135|chapo:69135,direct_reference
PM-6F69A3CB765A52,2,2,aiddata|chapo,UGA,2008,aiddata:23467|chapo:23467,direct_reference
PM-C4CB3E29FD09F2,2,2,aiddata|chapo,UGA,2008,aiddata:12177|chapo:12177,direct_reference
PM-06410BD1F22954,2,2,aiddata|chapo,UGA,2009,aiddata:35621|chapo:35621,direct_reference
PM-7E3F934906B656,2,2,aiddata|chapo,UGA,2009,aiddata:12360|chapo:12360,direct_reference
PM-91C4522DAE8A5E,2,2,aiddata|chapo,UGA,2009,aiddata:12448|chapo:12448,direct_reference
PM-9520BAA9A41BEC,2,2,cla|codf,UGA,2009,cla:UG.003|codf:UG.003,automatic_high_confidence
PM-E55FFB06DAF653,2,2,aiddata|chapo,UGA,2009,aiddata:69136|chapo:69136,direct_reference
PM-49532C58811312,2,2,aiddata|chapo,UGA,2010,aiddata:69138|chapo:69138,direct_reference
PM-5140F218755FD7,2,2,aiddata|chapo,UGA,2010,aiddata:35618|chapo:35618,direct_reference
PM-99F3FA93283E84,2,2,aiddata|chapo,UGA,2010,aiddata:14359|chapo:14359,direct_reference
PM-A04EDDFF5EE64C,2,2,aiddata|chapo,UGA,2010,aiddata:14612|chapo:14612,direct_reference
PM-BB49812085975D,2,2,aiddata|chapo,UGA,2010,aiddata:69137|chapo:69137,direct_reference
PM-E67ABC580DA4FD,2,2,aiddata|chapo,UGA,2010,aiddata:35622|chapo:35622,direct_reference
PM-0FE45694087396,2,2,cla|codf,UGA,2011,cla:UG.002|codf:UG.002,automatic_high_confidence
PM-B583054E6C8455,2,2,cla|codf,UGA,2011,cla:UG.004|codf:UG.004,automatic_high_confidence
PM-D36F01E6641BBD,2,2,aiddata|chapo,UGA,2011,aiddata:35620|chapo:35620,direct_reference
PM-C9D26E59CE9218,2,2,aiddata|chapo,UGA,2012,aiddata:60758|chapo:60758,direct_reference
PM-29A3B3C54FD8E1,2,2,aiddata|chapo,UGA,2013,aiddata:35037|chapo:35037,direct_reference
PM-4514864FA1A609,2,2,aiddata|chapo,UGA,2013,aiddata:37927|chapo:37927,direct_reference
PM-50B4685A8518DC,2,2,aiddata|chapo,UGA,2014,aiddata:37951|chapo:37951,direct_reference
PM-B50A31672E308B,7,4,cgef|cgp|cla|codf,UGA,2014,cgef:UG.009|cgp:UG.001.1|cgp:UG.001.2|cgp:UG.001.3|cgp:UG.001.4|cla:UG.009|codf:UG.009,human_confirmed
PM-12EB882C946121,2,2,aiddata|chapo,UGA,2015,aiddata:53488|chapo:53488,direct_reference
PM-20F6D8717E5EC6,2,2,aiddata|chapo,UGA,2015,aiddata:53406|chapo:53406,direct_reference
PM-25579FF2D8E440,6,4,cgef|cgp|cla|codf,UGA,2015,cgef:UG.039|cgp:UG.002.2|cgp:UG.002.3|cgp:UG.002.5|cla:UG.039|codf:UG.039,human_confirmed
PM-29A509BF12D883,3,3,aiddata|cla|codf,UGA,2015,aiddata:59753|cla:UG.018|codf:UG.018,human_confirmed
PM-A618A0ABEBE0CB,7,5,cgef|cgp|cla|codf|cofi,UGA,2015,cgef:UG.008|cgp:UG.002.1|cgp:UG.002.4|cgp:UG.002.6|cla:UG.008|codf:UG.008|cofi:UGA2021002:debt,human_confirmed
PM-C50308365055B6,2,2,aiddata|chapo,UGA,2015,aiddata:60060|chapo:60060,direct_reference
PM-F53F3B487BE4B5,2,2,aiddata|chapo,UGA,2015,aiddata:53487|chapo:53487,direct_reference
PM-1E48EB1460A291,2,2,aiddata|chapo,UGA,2016,aiddata:53481|chapo:53481,direct_reference
PM-76AA43B857D79D,2,2,aiddata|chapo,UGA,2016,aiddata:53489|chapo:53489,direct_reference
PM-850BB12420BB74,3,3,cgef|cla|codf,UGA,2016,cgef:UG.026|cla:UG.026|codf:UG.026,human_confirmed
PM-8A98125D04DFB8,2,2,aiddata|chapo,UGA,2016,aiddata:53485|chapo:53485,direct_reference
PM-8CE357C595C489,2,2,aiddata|chapo,UGA,2016,aiddata:53491|chapo:53491,direct_reference
PM-CFE9FFEE8BA801,2,2,aiddata|chapo,UGA,2016,aiddata:52347|chapo:52347,direct_reference
PM-B78A6AEF798610,2,2,aiddata|chapo,UGA,2017,aiddata:60063|chapo:60063,direct_reference
PM-18D3F904DC9597,2,2,aiddata|chapo,UGA,2018,aiddata:60070|chapo:60070,direct_reference
PM-CD965A1B796E2F,2,2,aiddata|chapo,UGA,2018,aiddata:60599|chapo:60599,direct_reference
PM-215794A57004B2,4,4,aiddata|cgef|cla|codf,UGA,2019,aiddata:69109|cgef:UG.034|cla:UG.034|codf:UG.034,human_confirmed
PM-22BF771CF351BD,2,2,aiddata|chapo,UGA,2019,aiddata:60478|chapo:60478,direct_reference
PM-320A153DF998FD,3,3,aiddata|cla|codf,UGA,2019,aiddata:60237|cla:UG.035|codf:UG.035,human_confirmed
PM-576679F4071FF9,2,2,aiddata|chapo,UGA,2019,aiddata:88601|chapo:88601,direct_reference
PM-6F9258E121A010,2,2,aiddata|chapo,UGA,2019,aiddata:60477|chapo:60477,direct_reference
PM-EE5741E29D1B64,2,2,aiddata|chapo,UGA,2019,aiddata:88235|chapo:88235,direct_reference
PM-20CD174DFF171C,2,2,aiddata|chapo,UGA,2020,aiddata:92846|chapo:92846,direct_reference
PM-3DBD9C7B35C204,2,2,aiddata|chapo,UGA,2020,aiddata:94682|chapo:94682,direct_reference
PM-3F3B7E61BF0901,2,2,cla|codf,UGA,2020,cla:UG.033|codf:UG.033,automatic_high_confidence
PM-5B7D791B56FAF2,2,2,aiddata|chapo,UGA,2020,aiddata:94681|chapo:94681,direct_reference
PM-5D32A8A125C7E7,2,2,aiddata|chapo,UGA,2020,aiddata:92925|chapo:92925,direct_reference
PM-68D777F710AB19,2,2,cla|codf,UGA,2020,cla:UG.042|codf:UG.042,automatic_high_confidence
PM-7E255ABFC3F9A9,2,2,aiddata|chapo,UGA,2020,aiddata:93661|chapo:93661,direct_reference
PM-816C171F1FB4D1,2,2,aiddata|chapo,UGA,2020,aiddata:97882|chapo:97882,direct_reference
PM-A7EB052B5DC17E,2,2,aiddata|chapo,UGA,2020,aiddata:92922|chapo:92922,direct_reference
PM-CBFD564A76A249,2,2,cla|codf,UGA,2020,cla:UG.043|codf:UG.043,automatic_high_confidence
PM-D5D87607EF90BE,2,2,aiddata|chapo,UGA,2020,aiddata:93662|chapo:93662,direct_reference
PM-E948B753D50C95,2,2,aiddata|chapo,UGA,2020,aiddata:92861|chapo:92861,direct_reference
PM-FA0C1B00318FF7,2,2,aiddata|chapo,UGA,2020,aiddata:92921|chapo:92921,direct_reference
PM-1784FB0E95EA45,2,2,aiddata|chapo,UGA,2021,aiddata:92944|chapo:92944,direct_reference
PM-21658C506A3736,2,2,aiddata|chapo,UGA,2021,aiddata:96070|chapo:96070,direct_reference
PM-70AB10D641CCBD,2,2,aiddata|chapo,UGA,2021,aiddata:94683|chapo:94683,direct_reference
PM-710AFD628AAA5B,2,2,aiddata|chapo,UGA,2021,aiddata:96071|chapo:96071,direct_reference
PM-7E8B3530970EA2,2,2,aiddata|chapo,UGA,2021,aiddata:92873|chapo:92873,direct_reference
PM-A7EB4DEBB89E34,2,2,aiddata|chapo,UGA,2021,aiddata:92927|chapo:92927,direct_reference
PM-C3BDB686DD19DC,2,2,aiddata|chapo,UGA,2021,aiddata:92943|chapo:92943,direct_reference
PM-083091EE8FB98D,2,2,cla|codf,UGA,2022,cla:UG.036|codf:UG.036,automatic_high_confidence
PM-5637A0B1A7AFB2,3,3,cgef|cla|codf,UGA,2023,cgef:UG.045|cla:UG.045|codf:UG.045,human_confirmed
PM-BCF7DEBE2EB3CC,3,3,aiddata|cla|codf,UGA,2023,aiddata:106497|cla:UG.037|codf:UG.037,human_confirmed
PM-7F662AE8DE9035,19,6,aiddata|cgef|cgp|cla|codf|cofi,ZAF,2016,aiddata:52560|cgef:ZA.005|cgef:ZA.045|cgp:ZA.001.1|cgp:ZA.001.2|cgp:ZA.001.3|cgp:ZA.001.4|cgp:ZA.001.5|cgp:ZA.001.6|cgp:ZA.003.1|cgp:ZA.003.2|cgp:ZA.003.3|cgp:ZA.003.4|cla:ZA.005|cla:ZA.045|codf:ZA.005|codf:ZA.045|cofi:ZAF2021006:debt|cofi:ZAF2023012:debt,human_confirmed
PM-2709E4005EE26F,2,2,aiddata|chapo,ZAF,2017,aiddata:60287|chapo:60287,direct_reference
PM-868FA9F0F01A72,2,2,cgp|cofi,ZAF,2017,cgp:ZA.F.004.2|cofi:ZAF2021002:equity,human_confirmed
PM-DA779969B42ECE,2,2,cgp|cofi,ZAF,2017,cgp:ZA.F.004.1|cofi:ZAF2021001:equity,human_confirmed
PM-049312FC2063C0,4,2,aiddata|chapo,ZAF,2018,aiddata:96797|aiddata:96798|chapo:96797|chapo:96798,human_confirmed
PM-2342836E5CBE79,12,6,aiddata|cgef|cgp|cla|codf|cofi,ZAF,2018,aiddata:58379|cgef:ZA.044|cgp:ZA.005.1|cgp:ZA.005.2|cgp:ZA.005.3|cgp:ZA.005.4|cgp:ZA.005.5|cgp:ZA.005.6|cla:ZA.044|codf:ZA.044|cofi:ZAF2021003:debt|cofi:ZAF2021004:debt,human_confirmed
PM-259EA231E1DC58,2,2,aiddata|chapo,ZAF,2018,aiddata:96777|chapo:96777,direct_reference
PM-2F8BC92C0D684E,2,2,aiddata|chapo,ZAF,2018,aiddata:96800|chapo:96800,direct_reference
PM-30E249CB763468,4,2,aiddata|chapo,ZAF,2018,aiddata:96773|aiddata:96774|chapo:96773|chapo:96774,human_confirmed
PM-7461D54426921F,2,2,aiddata|chapo,ZAF,2018,aiddata:96799|chapo:96799,direct_reference
PM-9EC937A36A3562,2,2,aiddata|chapo,ZAF,2018,aiddata:96776|chapo:96776,direct_reference
PM-A0FB2949ABD59A,4,2,aiddata|chapo,ZAF,2018,aiddata:96795|aiddata:96796|chapo:96795|chapo:96796,human_confirmed
PM-01295E9109B91C,2,2,aiddata|chapo,ZAF,2020,aiddata:93808|chapo:93808,direct_reference
PM-02AFF19C57A48E,2,2,aiddata|chapo,ZAF,2020,aiddata:88576|chapo:88576,direct_reference
PM-0B9FE88CCDBAE8,2,2,aiddata|chapo,ZAF,2020,aiddata:93500|chapo:93500,direct_reference
PM-12DB9E66B084C5,2,2,aiddata|chapo,ZAF,2020,aiddata:93818|chapo:93818,direct_reference
PM-1C6D654BD816C9,2,2,aiddata|chapo,ZAF,2020,aiddata:93800|chapo:93800,direct_reference
PM-22D52EA0A81126,2,2,aiddata|chapo,ZAF,2020,aiddata:93779|chapo:93779,direct_reference
PM-30D30B2E955E8E,2,2,aiddata|chapo,ZAF,2020,aiddata:93848|chapo:93848,direct_reference
PM-323C6F3457663A,2,2,aiddata|chapo,ZAF,2020,aiddata:93847|chapo:93847,direct_reference
PM-37D91711AC481D,2,2,aiddata|chapo,ZAF,2020,aiddata:93813|chapo:93813,direct_reference
PM-37F8281BDA5954,2,2,aiddata|chapo,ZAF,2020,aiddata:93805|chapo:93805,direct_reference
PM-40D8351373F9CA,2,2,aiddata|chapo,ZAF,2020,aiddata:93501|chapo:93501,direct_reference
PM-4FC7C61FA314CC,2,2,aiddata|chapo,ZAF,2020,aiddata:93600|chapo:93600,direct_reference
PM-6796E9613EB0E9,2,2,aiddata|chapo,ZAF,2020,aiddata:93839|chapo:93839,direct_reference
PM-6928FF00255225,2,2,aiddata|chapo,ZAF,2020,aiddata:88574|chapo:88574,direct_reference
PM-6A9964B80F4859,2,2,aiddata|chapo,ZAF,2020,aiddata:93814|chapo:93814,direct_reference
PM-6E6A85B1A25684,2,2,aiddata|chapo,ZAF,2020,aiddata:93502|chapo:93502,direct_reference
PM-6EE1167A71A9CB,2,2,aiddata|chapo,ZAF,2020,aiddata:93844|chapo:93844,direct_reference
PM-72F6888D7AAA65,2,2,aiddata|chapo,ZAF,2020,aiddata:87211|chapo:87211,direct_reference
PM-7887CABA819972,2,2,aiddata|chapo,ZAF,2020,aiddata:93882|chapo:93882,direct_reference
PM-7AC646B08366D6,2,2,aiddata|chapo,ZAF,2020,aiddata:93614|chapo:93614,direct_reference
PM-8F209D02113B16,2,2,aiddata|chapo,ZAF,2020,aiddata:93791|chapo:93791,direct_reference
PM-9F5D68C1F94AF9,2,2,aiddata|chapo,ZAF,2020,aiddata:93817|chapo:93817,direct_reference
PM-AD4CC08036D1EB,2,2,aiddata|chapo,ZAF,2020,aiddata:93792|chapo:93792,direct_reference
PM-BA74A42B9EB4C3,2,2,aiddata|chapo,ZAF,2020,aiddata:93484|chapo:93484,direct_reference
PM-BC681AEC215F05,2,2,aiddata|chapo,ZAF,2020,aiddata:93686|chapo:93686,direct_reference
PM-C05761329A48F0,2,2,aiddata|chapo,ZAF,2020,aiddata:93481|chapo:93481,direct_reference
PM-C5C964B69CD3DF,2,2,aiddata|chapo,ZAF,2020,aiddata:93460|chapo:93460,direct_reference
PM-CE14878F788F17,2,2,aiddata|chapo,ZAF,2020,aiddata:93482|chapo:93482,direct_reference
PM-CFFD0727AACCD9,2,2,aiddata|chapo,ZAF,2020,aiddata:93586|chapo:93586,direct_reference
PM-D1E13392383448,2,2,aiddata|chapo,ZAF,2020,aiddata:93815|chapo:93815,direct_reference
PM-D35043D5E87705,2,2,aiddata|chapo,ZAF,2020,aiddata:93845|chapo:93845,direct_reference
PM-D6E328061B7A70,2,2,aiddata|chapo,ZAF,2020,aiddata:88512|chapo:88512,direct_reference
PM-E29D73CBE1AA42,2,2,aiddata|chapo,ZAF,2020,aiddata:93812|chapo:93812,direct_reference
PM-EB3C3698B29457,2,2,aiddata|chapo,ZAF,2020,aiddata:93625|chapo:93625,direct_reference
PM-F1C6C0D25DAD02,2,2,aiddata|chapo,ZAF,2020,aiddata:93780|chapo:93780,direct_reference
PM-F28C37631241B9,2,2,aiddata|chapo,ZAF,2020,aiddata:93819|chapo:93819,direct_reference
PM-3ADEA095043215,2,2,aiddata|chapo,ZAF,2021,aiddata:96142|chapo:96142,direct_reference
PM-9557B9BAC5C177,2,2,aiddata|chapo,ZAF,2021,aiddata:93584|chapo:93584,direct_reference
PM-4E793AD5A6A845,2,2,aiddata|chapo,ZMB,2001,aiddata:35654|chapo:35654,direct_reference
PM-3343A37E8B7535,2,2,aiddata|chapo,ZMB,2003,aiddata:35653|chapo:35653,direct_reference
PM-6D8AE776CC696B,2,2,aiddata|chapo,ZMB,2005,aiddata:35652|chapo:35652,direct_reference
PM-9C070B03B08C45,2,2,aiddata|chapo,ZMB,2006,aiddata:34719|chapo:34719,direct_reference
PM-228AC5502E4F75,2,2,aiddata|cla,ZMB,2007,aiddata:2303|cla:ZM.004,human_confirmed
PM-3E669B4930905C,2,2,aiddata|chapo,ZMB,2007,aiddata:35651|chapo:35651,direct_reference
PM-F0CCCE02106FB3,7,6,aiddata|cgef|cgp|cla|codf|cofi,ZMB,2008,aiddata:354|cgef:ZM.012|cgp:ZM.001.1|cgp:ZM.001.2|cla:ZM.012|codf:ZM.012|cofi:ZMB2021002:debt,human_confirmed
PM-0D47DF2A4423F3,2,2,aiddata|cla,ZMB,2009,aiddata:56956|cla:ZM.034,automatic_high_confidence
PM-17870EEB8C0E62,2,2,aiddata|chapo,ZMB,2009,aiddata:32627|chapo:32627,direct_reference
PM-9A5BC32C241445,2,2,cla|codf,ZMB,2009,cla:ZM.006|codf:ZM.006,automatic_high_confidence
PM-AB38752A2C0912,2,2,cla|codf,ZMB,2009,cla:ZM.005|codf:ZM.005,automatic_high_confidence
PM-CBB22476F4700C,2,2,aiddata|cla,ZMB,2009,aiddata:30471|cla:ZM.010,automatic_high_confidence
PM-D95A21A685820E,2,2,aiddata|chapo,ZMB,2009,aiddata:35650|chapo:35650,direct_reference
PM-F2CFA9166787C8,2,2,aiddata|chapo,ZMB,2009,aiddata:34166|chapo:34166,direct_reference
PM-023DF487C5FBC5,2,2,cla|codf,ZMB,2010,cla:ZM.011|codf:ZM.011,automatic_high_confidence
PM-30244F6B8E16CE,2,2,cla|codf,ZMB,2010,cla:ZM.013|codf:ZM.013,automatic_high_confidence
PM-7A45CB50B79042,2,2,aiddata|chapo,ZMB,2010,aiddata:35630|chapo:35630,direct_reference
PM-BF24E885735057,3,3,aiddata|cla|codf,ZMB,2010,aiddata:2339|cla:ZM.014|codf:ZM.014,human_confirmed
PM-DF3CE3ACAD8547,4,4,aiddata|chapo|cla|codf,ZMB,2010,aiddata:2324|chapo:2324|cla:ZM.015|codf:ZM.015,human_confirmed
PM-194DD8C4C3F221,2,2,cla|codf,ZMB,2011,cla:ZM.020|codf:ZM.020,automatic_high_confidence
PM-95314D9EE86D23,2,2,aiddata|chapo,ZMB,2011,aiddata:15507|chapo:15507,direct_reference
PM-D321612D19DCE5,2,2,aiddata|chapo,ZMB,2011,aiddata:38741|chapo:38741,direct_reference
PM-F109FCBA7A52A3,2,2,aiddata|chapo,ZMB,2011,aiddata:2340|chapo:2340,direct_reference
PM-FCA082B714F0E8,2,2,aiddata|chapo,ZMB,2011,aiddata:2337|chapo:2337,direct_reference
PM-53A6EC0FA7DAA6,2,2,aiddata|chapo,ZMB,2012,aiddata:35629|chapo:35629,direct_reference
PM-34BA34D784245B,2,2,cla|codf,ZMB,2013,cla:ZM.051|codf:ZM.051,automatic_high_confidence
PM-81F1880A8CE18C,2,2,cla|codf,ZMB,2013,cla:ZM.053|codf:ZM.053,automatic_high_confidence
PM-88C9760A559E67,5,5,cgef|cgp|cla|codf|cofi,ZMB,2013,cgef:ZM.023|cgp:ZM.004|cla:ZM.023|codf:ZM.023|cofi:ZMB2021006:debt,human_confirmed
PM-EAC19EA0BA57B8,2,2,aiddata|chapo,ZMB,2013,aiddata:31452|chapo:31452,direct_reference
PM-F4A60AD6F28A5D,3,3,aiddata|cla|codf,ZMB,2013,aiddata:31329|cla:ZM.085|codf:ZM.085,human_confirmed
PM-FCDC3935137FEE,2,2,aiddata|chapo,ZMB,2013,aiddata:31146|chapo:31146,direct_reference
PM-3B057269AC7C91,4,4,aiddata|cgef|cla|codf,ZMB,2014,aiddata:40801|cgef:ZM.048|cla:ZM.048|codf:ZM.048,human_confirmed
PM-6952942FA66023,2,2,aiddata|chapo,ZMB,2014,aiddata:40924|chapo:40924,direct_reference
PM-6964122B2BBE26,3,3,aiddata|cla|codf,ZMB,2014,aiddata:40893|cla:ZM.054|codf:ZM.054,human_confirmed
PM-6D7E21194E0FD0,2,2,aiddata|chapo,ZMB,2014,aiddata:40923|chapo:40923,direct_reference
PM-AF4170A42ACA43,2,2,aiddata|chapo,ZMB,2014,aiddata:35628|chapo:35628,direct_reference
PM-CE59557E3B30F0,2,2,aiddata|chapo,ZMB,2014,aiddata:35626|chapo:35626,direct_reference
PM-4C2320AF232376,2,2,cla|codf,ZMB,2015,cla:ZM.059|codf:ZM.059,automatic_high_confidence
PM-805535994C8D5E,2,2,cla|codf,ZMB,2015,cla:ZM.047|codf:ZM.047,automatic_high_confidence
PM-A21EF52440EC6C,2,2,cla|codf,ZMB,2015,cla:ZM.030|codf:ZM.030,automatic_high_confidence
PM-A5D436F9F41E83,2,2,aiddata|chapo,ZMB,2015,aiddata:53041|chapo:53041,direct_reference
PM-EE767D5DCB71A8,2,2,aiddata|chapo,ZMB,2015,aiddata:35627|chapo:35627,direct_reference
PM-0D68A1BB7E97C1,3,3,aiddata|cla|codf,ZMB,2016,aiddata:53044|cla:ZM.052|codf:ZM.052,human_confirmed
PM-4B319902FE0462,3,3,aiddata|cla|codf,ZMB,2016,aiddata:53038|cla:ZM.079|codf:ZM.079,human_confirmed
PM-52FC6B827B7734,2,2,aiddata|cla,ZMB,2016,aiddata:57556|cla:ZM.103,automatic_high_confidence
PM-583857AF7C2779,2,2,aiddata|chapo,ZMB,2016,aiddata:59054|chapo:59054,direct_reference
PM-61AC95E9A6131D,2,2,aiddata|cla,ZMB,2016,aiddata:72963|cla:ZM.087,human_confirmed
PM-655D3A611D2F49,2,2,aiddata|chapo,ZMB,2016,aiddata:59374|chapo:59374,direct_reference
PM-751E0509164D72,2,2,aiddata|chapo,ZMB,2016,aiddata:40727|chapo:40727,direct_reference
PM-7E6F748933159D,2,2,cla|codf,ZMB,2016,cla:ZM.077|codf:ZM.077,automatic_high_confidence
PM-B5E54952153FA0,3,3,aiddata|cla|codf,ZMB,2016,aiddata:52463|cla:ZM.078|codf:ZM.078,human_confirmed
PM-CA2A9AACE454BF,3,3,aiddata|cla|codf,ZMB,2016,aiddata:57218|cla:ZM.080|codf:ZM.080,human_confirmed
PM-D6B09104B5DEBF,2,2,aiddata|chapo,ZMB,2016,aiddata:57339|chapo:57339,direct_reference
PM-E90E5DCDED4766,2,2,cla|codf,ZMB,2016,cla:ZM.065|codf:ZM.065,automatic_high_confidence
PM-F8EA32AC40DC52,2,2,aiddata|cla,ZMB,2016,aiddata:52198|cla:ZM.063,human_confirmed
PM-0621F2E1715E40,2,2,cla|codf,ZMB,2017,cla:ZM.057|codf:ZM.057,automatic_high_confidence
PM-275F75FB97E752,2,2,aiddata|chapo,ZMB,2017,aiddata:73200|chapo:73200,direct_reference
PM-3A13D03B5747CA,3,3,aiddata|cla|cofi,ZMB,2017,aiddata:57560|cla:ZM.101|cofi:ZMB2021008:debt,human_confirmed
PM-3BA3B95708DEA3,2,2,aiddata|chapo,ZMB,2017,aiddata:57346|chapo:57346,direct_reference
PM-4366DC1E31E6A5,10,5,aiddata|cgef|cgp|cla|cofi,ZMB,2017,aiddata:57536|aiddata:92289|cgef:ZM.025|cgp:ZM.002.1|cgp:ZM.002.2|cgp:ZM.002.3|cgp:ZM.002.4|cgp:ZM.002.5|cla:ZM.025|cofi:ZMB2021001:debt,human_confirmed
PM-7C960FE40BBBDF,2,2,aiddata|chapo,ZMB,2017,aiddata:59257|chapo:59257,direct_reference
PM-7FD1B648300FC7,4,4,aiddata|cgef|cla|codf,ZMB,2017,aiddata:72967|cgef:ZM.097|cla:ZM.097|codf:ZM.097,human_confirmed
PM-BF1D6FF225AED9,2,2,aiddata|chapo,ZMB,2017,aiddata:85187|chapo:85187,direct_reference
PM-C06C1D517F94BB,2,2,aiddata|chapo,ZMB,2017,aiddata:85188|chapo:85188,direct_reference
PM-CB0521C6659264,2,2,aiddata|cla,ZMB,2017,aiddata:57573|cla:ZM.102,automatic_high_confidence
PM-D71C335F4677F7,2,2,aiddata|chapo,ZMB,2017,aiddata:57325|chapo:57325,direct_reference
PM-0A4B4E01BDB4D9,2,2,aiddata|cla,ZMB,2018,aiddata:89492|cla:ZM.150,human_confirmed
PM-63B538AB74CB2A,2,2,aiddata|cla,ZMB,2018,aiddata:57288|cla:ZM.117,human_confirmed
PM-68FC1BAC047777,2,2,aiddata|cla,ZMB,2018,aiddata:73172|cla:ZM.151,human_confirmed
PM-9830523D856322,2,2,cla|codf,ZMB,2018,cla:ZM.122|codf:ZM.122,human_confirmed
PM-BDBF0F190171B3,2,2,aiddata|chapo,ZMB,2018,aiddata:57334|chapo:57334,direct_reference
PM-D3019F77E45BFE,2,2,aiddata|chapo,ZMB,2018,aiddata:66583|chapo:66583,direct_reference
PM-E50E29C0B838EF,3,3,aiddata|cla|codf,ZMB,2018,aiddata:56989|cla:ZM.116|codf:ZM.116,human_confirmed
PM-EE54DCB7216116,2,2,aiddata|chapo,ZMB,2018,aiddata:57350|chapo:57350,direct_reference
PM-5430F85E2ECF17,2,2,aiddata|chapo,ZMB,2019,aiddata:88408|chapo:88408,direct_reference
PM-C31C60C3F9B764,2,2,aiddata|cla,ZMB,2019,aiddata:88391|cla:ZM.123,automatic_high_confidence
PM-E2A39A392E989C,2,2,aiddata|chapo,ZMB,2019,aiddata:88354|chapo:88354,direct_reference
PM-00ACA83F9F6125,2,2,aiddata|chapo,ZMB,2020,aiddata:97935|chapo:97935,direct_reference
PM-41F1299CBA22CB,2,2,aiddata|chapo,ZMB,2020,aiddata:93063|chapo:93063,direct_reference
PM-B9BD67CF8513C7,2,2,aiddata|chapo,ZMB,2020,aiddata:93062|chapo:93062,direct_reference
PM-14D1BF990034B5,2,2,aiddata|chapo,ZMB,2021,aiddata:95657|chapo:95657,direct_reference
PM-64E62ADE0AC134,2,2,aiddata|chapo,ZMB,2021,aiddata:92881|chapo:92881,direct_reference
PM-A2936EEADCCBAE,2,2,aiddata|chapo,ZMB,2021,aiddata:92903|chapo:92903,direct_reference
PM-C59FAB652D6867,2,2,aiddata|chapo,ZMB,2021,aiddata:98594|chapo:98594,direct_reference
PM-EF0EDC704C38A8,2,2,aiddata|chapo,ZMB,2021,aiddata:97400|chapo:97400,direct_reference
PM-1F194DC97DA851,2,2,aiddata|chapo,ZWE,2000,aiddata:72639|chapo:72639,direct_reference
PM-3D49619BAB22ED,2,2,aiddata|chapo,ZWE,2002,aiddata:35664|chapo:35664,direct_reference
PM-84EA546A1C239F,2,2,aiddata|chapo,ZWE,2005,aiddata:35663|chapo:35663,direct_reference
PM-7A33A4B96AA5F3,2,2,aiddata|chapo,ZWE,2008,aiddata:20007|chapo:20007,direct_reference
PM-74812797C174F2,2,2,aiddata|chapo,ZWE,2009,aiddata:20443|chapo:20443,direct_reference
PM-D6BBB32F312F1C,2,2,aiddata|chapo,ZWE,2009,aiddata:20251|chapo:20251,direct_reference
PM-44B20B897C85CE,2,2,cla|codf,ZWE,2010,cla:ZW.011|codf:ZW.011,automatic_high_confidence
PM-A317FA6E7031DE,2,2,aiddata|chapo,ZWE,2010,aiddata:21460|chapo:21460,direct_reference
PM-13C5D5140457AD,2,2,cla|codf,ZWE,2011,cla:ZW.014|codf:ZW.014,automatic_high_confidence
PM-20B29231C13873,2,2,aiddata|chapo,ZWE,2011,aiddata:22506|chapo:22506,direct_reference
PM-64F0690F666E98,2,2,aiddata|chapo,ZWE,2011,aiddata:35083|chapo:35083,direct_reference
PM-6A6ECB863AD2F0,2,2,cla|codf,ZWE,2011,cla:ZW.015|codf:ZW.015,automatic_high_confidence
PM-773E7E6C9EA213,2,2,cla|codf,ZWE,2011,cla:ZW.017|codf:ZW.017,automatic_high_confidence
PM-9A40964A64C584,2,2,aiddata|chapo,ZWE,2011,aiddata:22136|chapo:22136,direct_reference
PM-AA2DDC5E07E970,2,2,aiddata|chapo,ZWE,2011,aiddata:22062|chapo:22062,direct_reference
PM-74710E3193D454,2,2,aiddata|chapo,ZWE,2012,aiddata:35659|chapo:35659,direct_reference
PM-BFDDB1E75E09B6,3,3,aiddata|cla|codf,ZWE,2012,aiddata:30137|cla:ZW.016|codf:ZW.016,human_confirmed
PM-FB3E274511B96A,2,2,cla|codf,ZWE,2012,cla:ZW.108|codf:ZW.108,automatic_high_confidence
PM-052B1E2336ACE5,2,2,aiddata|cla,ZWE,2013,aiddata:30648|cla:ZW.045,human_confirmed
PM-94EE971ED713D6,2,2,aiddata|chapo,ZWE,2013,aiddata:34933|chapo:34933,direct_reference
PM-E1F8FD3792D16C,2,2,aiddata|chapo,ZWE,2013,aiddata:35655|chapo:35655,direct_reference
PM-F8A093AA91DD2C,10,6,aiddata|cgef|cgp|cla|codf|cofi,ZWE,2013,aiddata:62674|cgef:ZW.018|cgef:ZW.086|cgp:ZW.001.1|cgp:ZW.001.2|cla:ZW.018|cla:ZW.086|codf:ZW.018|codf:ZW.086|cofi:ZWE2021002:debt,human_confirmed
PM-E301B25F0093D1,2,2,cla|codf,ZWE,2014,cla:ZW.023|codf:ZW.023,automatic_high_confidence
PM-7DF832998370D2,2,2,aiddata|chapo,ZWE,2015,aiddata:72669|chapo:72669,direct_reference
PM-B35684773A43B5,2,2,aiddata|chapo,ZWE,2015,aiddata:52603|chapo:52603,direct_reference
PM-B46BEC88F6E7B1,2,2,cla|codf,ZWE,2015,cla:ZW.065|codf:ZW.065,automatic_high_confidence
PM-105793D13356C8,2,2,aiddata|chapo,ZWE,2016,aiddata:72671|chapo:72671,direct_reference
PM-2EFD737E075AA0,5,4,cgef|cgp|cla|codf,ZWE,2016,cgef:ZW.064|cgp:ZW.002.1|cgp:ZW.002.2|cla:ZW.064|codf:ZW.064,human_confirmed
PM-6105E6C5BD3755,2,2,aiddata|chapo,ZWE,2016,aiddata:98323|chapo:98323,direct_reference
PM-9268DC8F8D34A8,2,2,aiddata|chapo,ZWE,2017,aiddata:62215|chapo:62215,direct_reference
PM-CA92866373DA69,2,2,aiddata|chapo,ZWE,2017,aiddata:72842|chapo:72842,direct_reference
PM-5E90DB5F95C997,2,2,cla|codf,ZWE,2018,cla:ZW.096|codf:ZW.096,automatic_high_confidence
PM-BE1BE4C420C34C,2,2,aiddata|chapo,ZWE,2018,aiddata:62220|chapo:62220,direct_reference
PM-45D02A02994C09,2,2,cla|codf,ZWE,2019,cla:ZW.079|codf:ZW.079,automatic_high_confidence
PM-4ABC6CC039B6AF,2,2,aiddata|chapo,ZWE,2019,aiddata:62221|chapo:62221,direct_reference
PM-AF0CC13B4B40C3,2,2,aiddata|chapo,ZWE,2019,aiddata:62141|chapo:62141,direct_reference
PM-04AC3AB997FC1E,2,2,aiddata|chapo,ZWE,2020,aiddata:91987|chapo:91987,direct_reference
PM-08BBDE6163D98C,2,2,aiddata|chapo,ZWE,2020,aiddata:97939|chapo:97939,direct_reference
PM-0A1AE5A6324451,2,2,aiddata|chapo,ZWE,2020,aiddata:91965|chapo:91965,direct_reference
PM-37E1A97D7714CE,2,2,aiddata|chapo,ZWE,2020,aiddata:91966|chapo:91966,direct_reference
PM-3AA758E537B1E2,2,2,aiddata|chapo,ZWE,2020,aiddata:91960|chapo:91960,direct_reference
PM-3B62E546C0E010,2,2,aiddata|chapo,ZWE,2020,aiddata:93333|chapo:93333,direct_reference
PM-3CE8EB2F22F458,2,2,aiddata|chapo,ZWE,2020,aiddata:97937|chapo:97937,direct_reference
PM-3F9FA7CD75AF6B,2,2,aiddata|chapo,ZWE,2020,aiddata:97942|chapo:97942,direct_reference
PM-425CB6C52DE621,2,2,aiddata|chapo,ZWE,2020,aiddata:91956|chapo:91956,direct_reference
PM-50BE22CECC03EA,2,2,aiddata|chapo,ZWE,2020,aiddata:93329|chapo:93329,direct_reference
PM-87F1295D6B2202,2,2,aiddata|chapo,ZWE,2020,aiddata:91959|chapo:91959,direct_reference
PM-8873EE1C64F4C7,2,2,aiddata|chapo,ZWE,2020,aiddata:91961|chapo:91961,direct_reference
PM-88AD6DB79CC763,2,2,aiddata|chapo,ZWE,2020,aiddata:92090|chapo:92090,direct_reference
PM-8C4C391A19AB24,2,2,aiddata|chapo,ZWE,2020,aiddata:93293|chapo:93293,direct_reference
PM-989A68443C839F,2,2,aiddata|chapo,ZWE,2020,aiddata:93330|chapo:93330,direct_reference
PM-A417526D8AED25,2,2,aiddata|chapo,ZWE,2020,aiddata:91963|chapo:91963,direct_reference
PM-BB62E12479C953,2,2,aiddata|chapo,ZWE,2020,aiddata:91954|chapo:91954,direct_reference
PM-BCDA0A130380DF,2,2,aiddata|chapo,ZWE,2020,aiddata:97938|chapo:97938,direct_reference
PM-C0F314C4C4045E,2,2,aiddata|chapo,ZWE,2020,aiddata:97936|chapo:97936,direct_reference
PM-C5CFC74D239868,2,2,aiddata|chapo,ZWE,2020,aiddata:93300|chapo:93300,direct_reference
PM-E2AB2A6E0DAF02,2,2,aiddata|chapo,ZWE,2020,aiddata:97943|chapo:97943,direct_reference
PM-EB23664AE90166,2,2,aiddata|chapo,ZWE,2020,aiddata:93295|chapo:93295,direct_reference
PM-1A71756F64D1CC,2,2,aiddata|chapo,ZWE,2021,aiddata:95674|chapo:95674,direct_reference
PM-34377347818415,2,2,aiddata|chapo,ZWE,2021,aiddata:95671|chapo:95671,direct_reference
PM-625B77433B0947,2,2,aiddata|chapo,ZWE,2021,aiddata:97042|chapo:97042,direct_reference
PM-A413C0DA6183BA,2,2,aiddata|chapo,ZWE,2021,aiddata:95673|chapo:95673,direct_reference
PM-A52634FC896B4D,2,2,aiddata|chapo,ZWE,2021,aiddata:97015|chapo:97015,direct_reference
PM-EF5A268B551D4D,2,2,aiddata|chapo,ZWE,2021,aiddata:95672|chapo:95672,direct_reference
PM-FBE57E948440A8,2,2,aiddata|chapo,ZWE,2021,aiddata:95670|chapo:95670,direct_reference
