panel_id,iso3,country_name_en,year,source,fund_type,amount_usd,amount_known_count,price_basis
AGO::aiddata::grant,AGO,Angola,2001,aiddata,grant,1393513.045241,1,constant_2023_usd
AGO::aiddata::loan,AGO,Angola,2001,aiddata,loan,13935130.452407,1,constant_2023_usd
AGO::chapo::loan,AGO,Angola,2001,chapo,loan,15087226.60448,1,constant_2021_usd
AGO::aiddata::grant,AGO,Angola,2002,aiddata,grant,4164877.680659,3,constant_2023_usd
AGO::aiddata::loan,AGO,Angola,2002,aiddata,loan,452482717.627645,9,constant_2023_usd
AGO::cgef::loan,AGO,Angola,2002,cgef,loan,55000000.0,3,nominal_usd
AGO::cla::loan,AGO,Angola,2002,cla,loan,145000000.0,4,nominal_usd
AGO::aiddata::loan,AGO,Angola,2003,aiddata,loan,24750384.126445,1,constant_2023_usd
AGO::chapo::grant,AGO,Angola,2003,chapo,grant,730819.122114,1,constant_2021_usd
AGO::cla::loan,AGO,Angola,2003,cla,loan,11000000.0,1,nominal_usd
AGO::aiddata::loan,AGO,Angola,2004,aiddata,loan,914380747.315697,4,constant_2023_usd
AGO::cgef::loan,AGO,Angola,2004,cgef,loan,40060000.0,1,nominal_usd
AGO::cla::loan,AGO,Angola,2004,cla,loan,435050000.0,4,nominal_usd
AGO::aiddata::grant,AGO,Angola,2005,aiddata,grant,2004931.818189,1,constant_2023_usd
AGO::aiddata::loan,AGO,Angola,2005,aiddata,loan,2639055282.60602,34,constant_2023_usd
AGO::cgef::loan,AGO,Angola,2005,cgef,loan,99640000.0,4,nominal_usd
AGO::chapo::grant,AGO,Angola,2005,chapo,grant,264867.186736,1,constant_2021_usd
AGO::chapo::loan,AGO,Angola,2005,chapo,loan,486525872.037338,10,constant_2021_usd
AGO::cla::loan,AGO,Angola,2005,cla,loan,1042700000.0,32,nominal_usd
AGO::aiddata::grant,AGO,Angola,2006,aiddata,grant,1081435.072777,2,constant_2023_usd
AGO::aiddata::loan,AGO,Angola,2006,aiddata,loan,6891614533.85323,15,constant_2023_usd
AGO::cla::loan,AGO,Angola,2006,cla,loan,705000000.0,11,nominal_usd
AGO::aiddata::debt_relief,AGO,Angola,2007,aiddata,debt_relief,10922412.021096,1,constant_2023_usd
AGO::aiddata::grant,AGO,Angola,2007,aiddata,grant,436896.480844,1,constant_2023_usd
AGO::aiddata::loan,AGO,Angola,2007,aiddata,loan,3597751501.850492,33,constant_2023_usd
AGO::cancel::debt_relief,AGO,Angola,2007,cancel,debt_relief,7000000.0,1,nominal_usd
AGO::cgef::loan,AGO,Angola,2007,cgef,loan,186870000.0,4,nominal_usd
AGO::chapo::grant,AGO,Angola,2007,chapo,grant,473103.668737,1,constant_2021_usd
AGO::chapo::loan,AGO,Angola,2007,chapo,loan,258145760.0619,3,constant_2021_usd
AGO::cla::loan,AGO,Angola,2007,cla,loan,2708730000.0,31,nominal_usd
AGO::aiddata::loan,AGO,Angola,2008,aiddata,loan,2225835919.27118,6,constant_2023_usd
AGO::cgef::loan,AGO,Angola,2008,cgef,loan,227740000.0,4,nominal_usd
AGO::cla::loan,AGO,Angola,2008,cla,loan,880930000.0,6,nominal_usd
AGO::codf::loan,AGO,Angola,2008,codf,loan,880930000.0,6,nominal_usd
AGO::aiddata::debt_relief,AGO,Angola,2009,aiddata,debt_relief,3529468.373949,1,constant_2023_usd
AGO::aiddata::loan,AGO,Angola,2009,aiddata,loan,3941331077.672107,6,constant_2023_usd
AGO::cancel::debt_relief,AGO,Angola,2009,cancel,debt_relief,3000000.0,1,nominal_usd
AGO::cgef::loan,AGO,Angola,2009,cgef,loan,27320000.0,1,nominal_usd
AGO::cla::loan,AGO,Angola,2009,cla,loan,756890000.0,8,nominal_usd
AGO::codf::loan,AGO,Angola,2009,codf,loan,724100000.0,6,nominal_usd
AGO::aiddata::grant,AGO,Angola,2010,aiddata,grant,57665506.126771,2,constant_2023_usd
AGO::aiddata::loan,AGO,Angola,2010,aiddata,loan,3971595604.9392,4,constant_2023_usd
AGO::cgef::loan,AGO,Angola,2010,cgef,loan,3720000.0,1,nominal_usd
AGO::cla::loan,AGO,Angola,2010,cla,loan,2781440000.0,8,nominal_usd
AGO::codf::loan,AGO,Angola,2010,codf,loan,277190000.0,6,nominal_usd
AGO::aiddata::grant,AGO,Angola,2011,aiddata,grant,352473.242598,2,constant_2023_usd
AGO::aiddata::loan,AGO,Angola,2011,aiddata,loan,2421875421.982237,3,constant_2023_usd
AGO::cgef::loan,AGO,Angola,2011,cgef,loan,2000000000.0,1,nominal_usd
AGO::chapo::grant,AGO,Angola,2011,chapo,grant,380499.351977,1,constant_2021_usd
AGO::cla::loan,AGO,Angola,2011,cla,loan,2620510000.0,14,nominal_usd
AGO::codf::loan,AGO,Angola,2011,codf,loan,2586040000.0,12,nominal_usd
AGO::aiddata::grant,AGO,Angola,2012,aiddata,grant,17179926.676133,1,constant_2023_usd
AGO::aiddata::loan,AGO,Angola,2012,aiddata,loan,2256508731.23679,5,constant_2023_usd
AGO::aiddata::unspecified,AGO,Angola,2012,aiddata,unspecified,27095445.860192,1,constant_2023_usd
AGO::cgef::loan,AGO,Angola,2012,cgef,loan,1000000000.0,1,nominal_usd
AGO::chapo::grant,AGO,Angola,2012,chapo,grant,18611390.211078,1,constant_2021_usd
AGO::cla::loan,AGO,Angola,2012,cla,loan,1510440000.0,9,nominal_usd
AGO::codf::loan,AGO,Angola,2012,codf,loan,1348670000.0,5,nominal_usd
AGO::aiddata::grant,AGO,Angola,2013,aiddata,grant,33632264.992053,1,constant_2023_usd
AGO::aiddata::loan,AGO,Angola,2013,aiddata,loan,5050537209.430529,18,constant_2023_usd
AGO::cgef::loan,AGO,Angola,2013,cgef,loan,3553000000.0,3,nominal_usd
AGO::chapo::grant,AGO,Angola,2013,chapo,grant,36691951.284432,1,constant_2021_usd
AGO::cla::loan,AGO,Angola,2013,cla,loan,4325900000.0,17,nominal_usd
AGO::codf::loan,AGO,Angola,2013,codf,loan,3815600000.0,7,nominal_usd
AGO::cofi::loan,AGO,Angola,2013,cofi,loan,180000000.0,1,nominal_usd
AGO::aiddata::grant,AGO,Angola,2014,aiddata,grant,58255.80844,1,constant_2023_usd
AGO::aiddata::loan,AGO,Angola,2014,aiddata,loan,4614096118.80939,5,constant_2023_usd
AGO::cgef::loan,AGO,Angola,2014,cgef,loan,2080750000.0,2,nominal_usd
AGO::cla::loan,AGO,Angola,2014,cla,loan,4898940000.0,12,nominal_usd
AGO::codf::loan,AGO,Angola,2014,codf,loan,4791520000.0,8,nominal_usd
AGO::cofi::loan,AGO,Angola,2014,cofi,loan,112000000.0,1,nominal_usd
AGO::aiddata::grant,AGO,Angola,2015,aiddata,grant,33290.013533,1,constant_2023_usd
AGO::aiddata::loan,AGO,Angola,2015,aiddata,loan,17102104803.912193,3,constant_2023_usd
AGO::cla::loan,AGO,Angola,2015,cla,loan,2210300000.0,11,nominal_usd
AGO::codf::loan,AGO,Angola,2015,codf,loan,1013350000.0,6,nominal_usd
AGO::cofi::loan,AGO,Angola,2015,cofi,loan,838000000.0,1,nominal_usd
AGO::aiddata::grant,AGO,Angola,2016,aiddata,grant,13683261.671722,4,constant_2023_usd
AGO::aiddata::loan,AGO,Angola,2016,aiddata,loan,8670096495.128443,21,constant_2023_usd
AGO::aiddata::unspecified,AGO,Angola,2016,aiddata,unspecified,43628862.911499,1,constant_2023_usd
AGO::cgef::loan,AGO,Angola,2016,cgef,loan,14936600000.0,8,nominal_usd
AGO::cla::loan,AGO,Angola,2016,cla,loan,19538160000.0,83,nominal_usd
AGO::codf::loan,AGO,Angola,2016,codf,loan,15089740000.0,56,nominal_usd
AGO::cofi::loan,AGO,Angola,2016,cofi,loan,4100000000.0,1,nominal_usd
AGO::restruct::loan,AGO,Angola,2016,restruct,loan,7500000000.0,1,nominal_usd
AGO::aiddata::grant,AGO,Angola,2017,aiddata,grant,31923.79143,1,constant_2023_usd
AGO::aiddata::loan,AGO,Angola,2017,aiddata,loan,2769495319.147868,8,constant_2023_usd
AGO::cancel::debt_relief,AGO,Angola,2017,cancel,debt_relief,7270000.0,1,nominal_usd
AGO::chapo::grant,AGO,Angola,2017,chapo,grant,34570.144711,1,constant_2021_usd
AGO::cla::loan,AGO,Angola,2017,cla,loan,811260000.0,9,nominal_usd
AGO::codf::loan,AGO,Angola,2017,codf,loan,627960000.0,6,nominal_usd
AGO::aiddata::grant,AGO,Angola,2018,aiddata,grant,15990556.19621,5,constant_2023_usd
AGO::aiddata::loan,AGO,Angola,2018,aiddata,loan,5467685649.116798,9,constant_2023_usd
AGO::chapo::grant,AGO,Angola,2018,chapo,grant,834812.911062,2,constant_2021_usd
AGO::cla::loan,AGO,Angola,2018,cla,loan,1861380000.0,3,nominal_usd
AGO::codf::loan,AGO,Angola,2018,codf,loan,174480000.0,1,nominal_usd
AGO::aiddata::grant,AGO,Angola,2019,aiddata,grant,29063649.745409,1,constant_2023_usd
AGO::aiddata::loan,AGO,Angola,2019,aiddata,loan,110470698.097125,1,constant_2023_usd
AGO::cla::loan,AGO,Angola,2019,cla,loan,171430000.0,2,nominal_usd
AGO::codf::loan,AGO,Angola,2019,codf,loan,65000000.0,1,nominal_usd
AGO::aiddata::grant,AGO,Angola,2020,aiddata,grant,1638140.48645,5,constant_2023_usd
AGO::aiddata::loan,AGO,Angola,2020,aiddata,loan,59840561.639314,2,constant_2023_usd
AGO::chapo::grant,AGO,Angola,2020,chapo,grant,1229545.613184,3,constant_2021_usd
AGO::aiddata::grant,AGO,Angola,2021,aiddata,grant,3319709.893841,1,constant_2023_usd
AGO::aiddata::loan,AGO,Angola,2021,aiddata,loan,73494688.483088,1,constant_2023_usd
AGO::chapo::grant,AGO,Angola,2021,chapo,grant,3600000.0,1,constant_2021_usd
AGO::cla::loan,AGO,Angola,2021,cla,loan,110030000.0,2,nominal_usd
AGO::codf::loan,AGO,Angola,2021,codf,loan,79700000.0,1,nominal_usd
AGO::cla::loan,AGO,Angola,2022,cla,loan,18570000.0,1,nominal_usd
AGO::aiddata::loan,AGO,Angola,2023,aiddata,loan,291911706.220017,2,constant_2023_usd
AGO::cla::loan,AGO,Angola,2023,cla,loan,249000000.0,1,nominal_usd
AGO::codf::loan,AGO,Angola,2023,codf,loan,249000000.0,1,nominal_usd
AGO::cla::loan,AGO,Angola,2024,cla,loan,1450600000.0,2,nominal_usd
AGO::codf::loan,AGO,Angola,2024,codf,loan,1450600000.0,2,nominal_usd
BDI::aiddata::debt_relief,BDI,Burundi,2001,aiddata,debt_relief,107406039.959016,1,constant_2023_usd
BDI::aiddata::grant,BDI,Burundi,2001,aiddata,grant,1683566.429873,1,constant_2023_usd
BDI::cancel::debt_relief,BDI,Burundi,2001,cancel,debt_relief,47500000.0,1,nominal_usd
BDI::aiddata::grant,BDI,Burundi,2004,aiddata,grant,2869175.172628,3,constant_2023_usd
BDI::aiddata::loan,BDI,Burundi,2004,aiddata,loan,16640554.12489,1,constant_2023_usd
BDI::chapo::grant,BDI,Burundi,2004,chapo,grant,1138826.060943,1,constant_2021_usd
BDI::aiddata::grant,BDI,Burundi,2005,aiddata,grant,21045470.449845,2,constant_2023_usd
BDI::chapo::grant,BDI,Burundi,2005,chapo,grant,1085116.674807,1,constant_2021_usd
BDI::aiddata::grant,BDI,Burundi,2006,aiddata,grant,938258.046444,1,constant_2023_usd
BDI::aiddata::debt_relief,BDI,Burundi,2007,aiddata,debt_relief,46529475.209871,1,constant_2023_usd
BDI::aiddata::grant,BDI,Burundi,2007,aiddata,grant,10757888.071491,7,constant_2023_usd
BDI::cancel::debt_relief,BDI,Burundi,2007,cancel,debt_relief,15000000.0,1,nominal_usd
BDI::chapo::grant,BDI,Burundi,2007,chapo,grant,1264439.936237,3,constant_2021_usd
BDI::aiddata::grant,BDI,Burundi,2008,aiddata,grant,16987796.335739,4,constant_2023_usd
BDI::aiddata::loan,BDI,Burundi,2008,aiddata,loan,4053018.296488,1,constant_2023_usd
BDI::chapo::grant,BDI,Burundi,2008,chapo,grant,13819769.406035,1,constant_2021_usd
BDI::cla::loan,BDI,Burundi,2008,cla,loan,2880000.0,1,nominal_usd
BDI::aiddata::grant,BDI,Burundi,2009,aiddata,grant,683616.416313,2,constant_2023_usd
BDI::cla::loan,BDI,Burundi,2009,cla,loan,7320000.0,1,nominal_usd
BDI::aiddata::grant,BDI,Burundi,2010,aiddata,grant,1800593.862343,1,constant_2023_usd
BDI::aiddata::loan,BDI,Burundi,2010,aiddata,loan,7600066.70534,1,constant_2023_usd
BDI::chapo::grant,BDI,Burundi,2010,chapo,grant,1949817.710115,1,constant_2021_usd
BDI::aiddata::grant,BDI,Burundi,2011,aiddata,grant,36647212.460496,3,constant_2023_usd
BDI::cla::loan,BDI,Burundi,2011,cla,loan,30960000.0,2,nominal_usd
BDI::aiddata::grant,BDI,Burundi,2012,aiddata,grant,11641414.80651,3,constant_2023_usd
BDI::chapo::grant,BDI,Burundi,2012,chapo,grant,234824.711585,1,constant_2021_usd
BDI::cla::loan,BDI,Burundi,2012,cla,loan,7930000.0,1,nominal_usd
BDI::aiddata::grant,BDI,Burundi,2013,aiddata,grant,672645.299841,1,constant_2023_usd
BDI::aiddata::loan,BDI,Burundi,2013,aiddata,loan,15488889.941261,1,constant_2023_usd
BDI::codf::loan,BDI,Burundi,2013,codf,loan,31530000.0,1,nominal_usd
BDI::aiddata::grant,BDI,Burundi,2014,aiddata,grant,934781.152942,2,constant_2023_usd
BDI::cla::loan,BDI,Burundi,2014,cla,loan,15910000.0,1,nominal_usd
BDI::aiddata::grant,BDI,Burundi,2015,aiddata,grant,992042.403272,1,constant_2023_usd
BDI::aiddata::grant,BDI,Burundi,2016,aiddata,grant,95464727.80264,2,constant_2023_usd
BDI::aiddata::grant,BDI,Burundi,2017,aiddata,grant,1108505.365993,2,constant_2023_usd
BDI::aiddata::loan,BDI,Burundi,2017,aiddata,loan,34690520.020065,1,constant_2023_usd
BDI::cla::loan,BDI,Burundi,2017,cla,loan,62500000.0,2,nominal_usd
BDI::codf::loan,BDI,Burundi,2017,codf,loan,32500000.0,1,nominal_usd
BDI::aiddata::grant,BDI,Burundi,2018,aiddata,grant,503148.147069,1,constant_2023_usd
BDI::chapo::grant,BDI,Burundi,2018,chapo,grant,544924.873939,1,constant_2021_usd
BDI::aiddata::grant,BDI,Burundi,2019,aiddata,grant,40700.116857,1,constant_2023_usd
BDI::aiddata::grant,BDI,Burundi,2020,aiddata,grant,1055388.452265,5,constant_2023_usd
BDI::chapo::grant,BDI,Burundi,2020,chapo,grant,1084082.406781,3,constant_2021_usd
BDI::aiddata::grant,BDI,Burundi,2021,aiddata,grant,8374393.314507,5,constant_2023_usd
BDI::aiddata::grant,BDI,Burundi,2022,aiddata,grant,109515144.498966,2,constant_2023_usd
BEN::aiddata::loan,BEN,Benin,2000,aiddata,loan,42950747.062333,2,constant_2023_usd
BEN::cla::loan,BEN,Benin,2000,cla,loan,8880000.0,1,nominal_usd
BEN::cla::loan,BEN,Benin,2001,cla,loan,15700000.0,1,nominal_usd
BEN::aiddata::debt_relief,BEN,Benin,2002,aiddata,debt_relief,51943169.115419,1,constant_2023_usd
BEN::aiddata::grant,BEN,Benin,2002,aiddata,grant,11156602.622692,2,constant_2023_usd
BEN::cancel::debt_relief,BEN,Benin,2002,cancel,debt_relief,10000000.0,1,nominal_usd
BEN::aiddata::grant,BEN,Benin,2004,aiddata,grant,4748971.880898,2,constant_2023_usd
BEN::chapo::grant,BEN,Benin,2004,chapo,grant,1725091.074961,1,constant_2021_usd
BEN::restruct::loan,BEN,Benin,2004,restruct,loan,17000000.0,1,nominal_usd
BEN::aiddata::grant,BEN,Benin,2005,aiddata,grant,19324940.099547,2,constant_2023_usd
BEN::aiddata::loan,BEN,Benin,2005,aiddata,loan,142467209.480782,2,constant_2023_usd
BEN::cla::loan,BEN,Benin,2005,cla,loan,31000000.0,1,nominal_usd
BEN::aiddata::grant,BEN,Benin,2006,aiddata,grant,7044551.972627,3,constant_2023_usd
BEN::chapo::grant,BEN,Benin,2006,chapo,grant,509747.462563,1,constant_2021_usd
BEN::aiddata::loan,BEN,Benin,2007,aiddata,loan,34951718.467509,1,constant_2023_usd
BEN::cla::loan,BEN,Benin,2007,cla,loan,24960000.0,2,nominal_usd
BEN::aiddata::grant,BEN,Benin,2008,aiddata,grant,40530182.964879,2,constant_2023_usd
BEN::aiddata::grant,BEN,Benin,2009,aiddata,grant,26451738.721285,2,constant_2023_usd
BEN::chapo::grant,BEN,Benin,2009,chapo,grant,19092370.529784,1,constant_2021_usd
BEN::aiddata::loan,BEN,Benin,2010,aiddata,loan,41800366.879373,1,constant_2023_usd
BEN::cla::loan,BEN,Benin,2010,cla,loan,31200000.0,1,nominal_usd
BEN::codf::loan,BEN,Benin,2010,codf,loan,31530000.0,1,nominal_usd
BEN::aiddata::debt_relief,BEN,Benin,2011,aiddata,debt_relief,14064343.334438,1,constant_2023_usd
BEN::aiddata::debt_relief,BEN,Benin,2012,aiddata,debt_relief,31207992.265483,1,constant_2023_usd
BEN::aiddata::grant,BEN,Benin,2012,aiddata,grant,2638390.471405,2,constant_2023_usd
BEN::chapo::grant,BEN,Benin,2012,chapo,grant,558341.706332,1,constant_2021_usd
BEN::aiddata::grant,BEN,Benin,2013,aiddata,grant,16409453.312988,2,constant_2023_usd
BEN::aiddata::loan,BEN,Benin,2013,aiddata,loan,219131022.555718,3,constant_2023_usd
BEN::chapo::grant,BEN,Benin,2013,chapo,grant,2109787.198855,1,constant_2021_usd
BEN::cla::loan,BEN,Benin,2013,cla,loan,234390000.0,4,nominal_usd
BEN::codf::loan,BEN,Benin,2013,codf,loan,129030000.0,1,nominal_usd
BEN::aiddata::grant,BEN,Benin,2014,aiddata,grant,8104215.179777,3,constant_2023_usd
BEN::chapo::grant,BEN,Benin,2014,chapo,grant,1796792.73658,1,constant_2021_usd
BEN::aiddata::loan,BEN,Benin,2015,aiddata,loan,303631413.534855,2,constant_2023_usd
BEN::cla::loan,BEN,Benin,2015,cla,loan,79610000.0,1,nominal_usd
BEN::codf::loan,BEN,Benin,2015,codf,loan,79610000.0,1,nominal_usd
BEN::cofi::loan,BEN,Benin,2015,cofi,loan,229000000.0,1,nominal_usd
BEN::aiddata::grant,BEN,Benin,2016,aiddata,grant,27739666.691187,3,constant_2023_usd
BEN::aiddata::loan,BEN,Benin,2016,aiddata,loan,65656015.83713,1,constant_2023_usd
BEN::aiddata::grant,BEN,Benin,2017,aiddata,grant,11653122.666017,2,constant_2023_usd
BEN::aiddata::loan,BEN,Benin,2017,aiddata,loan,95389375.641252,1,constant_2023_usd
BEN::cla::loan,BEN,Benin,2017,cla,loan,89590000.0,1,nominal_usd
BEN::codf::loan,BEN,Benin,2017,codf,loan,89610000.0,1,nominal_usd
BEN::aiddata::grant,BEN,Benin,2018,aiddata,grant,1543976.504836,1,constant_2023_usd
BEN::aiddata::grant,BEN,Benin,2019,aiddata,grant,15115777.713104,1,constant_2023_usd
BEN::aiddata::loan,BEN,Benin,2019,aiddata,loan,349405860.474319,4,constant_2023_usd
BEN::cla::loan,BEN,Benin,2019,cla,loan,186640000.0,1,nominal_usd
BEN::aiddata::grant,BEN,Benin,2020,aiddata,grant,1912137.428133,9,constant_2023_usd
BEN::aiddata::loan,BEN,Benin,2020,aiddata,loan,12896672.767093,1,constant_2023_usd
BEN::chapo::grant,BEN,Benin,2020,chapo,grant,1968323.534615,8,constant_2021_usd
BEN::aiddata::grant,BEN,Benin,2021,aiddata,grant,1659854.94692,1,constant_2023_usd
BEN::aiddata::loan,BEN,Benin,2021,aiddata,loan,774598975.229531,1,constant_2023_usd
BEN::chapo::grant,BEN,Benin,2021,chapo,grant,1800000.0,1,constant_2021_usd
BEN::aiddata::grant,BEN,Benin,2022,aiddata,grant,22183101.85918,5,constant_2023_usd
BEN::aiddata::loan,BEN,Benin,2022,aiddata,loan,36505048.166322,1,constant_2023_usd
BEN::cla::loan,BEN,Benin,2022,cla,loan,39330000.0,1,nominal_usd
BEN::codf::loan,BEN,Benin,2022,codf,loan,39320000.0,1,nominal_usd
BEN::aiddata::loan,BEN,Benin,2023,aiddata,loan,76229438.235295,2,constant_2023_usd
BFA::aiddata::debt_relief,BFA,Burkina Faso,2018,aiddata,debt_relief,18827014.326978,1,constant_2023_usd
BFA::aiddata::grant,BFA,Burkina Faso,2018,aiddata,grant,113399140.958118,4,constant_2023_usd
BFA::aiddata::unspecified,BFA,Burkina Faso,2018,aiddata,unspecified,7607489.22215,1,constant_2023_usd
BFA::chapo::grant,BFA,Burkina Faso,2018,chapo,grant,117871260.927219,3,constant_2021_usd
BFA::aiddata::grant,BFA,Burkina Faso,2019,aiddata,grant,18678806.555442,7,constant_2023_usd
BFA::aiddata::loan,BFA,Burkina Faso,2019,aiddata,loan,80288332.421691,1,constant_2023_usd
BFA::cla::loan,BFA,Burkina Faso,2019,cla,loan,77350000.0,1,nominal_usd
BFA::aiddata::grant,BFA,Burkina Faso,2020,aiddata,grant,2781385.393803,7,constant_2023_usd
BFA::aiddata::loan,BFA,Burkina Faso,2020,aiddata,loan,143554897.601862,2,constant_2023_usd
BFA::chapo::grant,BFA,Burkina Faso,2020,chapo,grant,3010809.630707,7,constant_2021_usd
BFA::cla::loan,BFA,Burkina Faso,2020,cla,loan,80000000.0,1,nominal_usd
BFA::codf::loan,BFA,Burkina Faso,2020,codf,loan,80000000.0,1,nominal_usd
BFA::aiddata::grant,BFA,Burkina Faso,2021,aiddata,grant,27594401.572518,6,constant_2023_usd
BFA::chapo::grant,BFA,Burkina Faso,2021,chapo,grant,7740998.68357,3,constant_2021_usd
BFA::aiddata::grant,BFA,Burkina Faso,2023,aiddata,grant,49458.364959,1,constant_2023_usd
BFA::aiddata::loan,BFA,Burkina Faso,2023,aiddata,loan,50150809.751479,1,constant_2023_usd
BFA::cgef::loan,BFA,Burkina Faso,2023,cgef,loan,50130000.0,1,nominal_usd
BFA::cla::loan,BFA,Burkina Faso,2023,cla,loan,50140000.0,1,nominal_usd
BFA::codf::loan,BFA,Burkina Faso,2023,codf,loan,50130000.0,1,nominal_usd
BWA::aiddata::loan,BWA,Botswana,2000,aiddata,loan,5580882.917227,1,constant_2023_usd
BWA::cla::loan,BWA,Botswana,2000,cla,loan,2470000.0,1,nominal_usd
BWA::aiddata::loan,BWA,Botswana,2001,aiddata,loan,22447552.398302,1,constant_2023_usd
BWA::cla::loan,BWA,Botswana,2001,cla,loan,8790000.0,3,nominal_usd
BWA::aiddata::loan,BWA,Botswana,2003,aiddata,loan,75272864.679638,4,constant_2023_usd
BWA::cla::loan,BWA,Botswana,2003,cla,loan,31040000.0,3,nominal_usd
BWA::cla::loan,BWA,Botswana,2004,cla,loan,24160000.0,1,nominal_usd
BWA::cla::loan,BWA,Botswana,2005,cla,loan,3660000.0,1,nominal_usd
BWA::aiddata::grant,BWA,Botswana,2006,aiddata,grant,225181.931146,1,constant_2023_usd
BWA::aiddata::loan,BWA,Botswana,2006,aiddata,loan,50299956.292191,2,constant_2023_usd
BWA::cla::loan,BWA,Botswana,2006,cla,loan,43360000.0,3,nominal_usd
BWA::aiddata::grant,BWA,Botswana,2007,aiddata,grant,2730603.005274,3,constant_2023_usd
BWA::aiddata::loan,BWA,Botswana,2007,aiddata,loan,29848297.907535,1,constant_2023_usd
BWA::chapo::grant,BWA,Botswana,2007,chapo,grant,473103.668737,1,constant_2021_usd
BWA::cla::loan,BWA,Botswana,2007,cla,loan,10510000.0,1,nominal_usd
BWA::aiddata::grant,BWA,Botswana,2008,aiddata,grant,6406061.744917,2,constant_2023_usd
BWA::chapo::grant,BWA,Botswana,2008,chapo,grant,245264.72741,1,constant_2021_usd
BWA::cla::loan,BWA,Botswana,2008,cla,loan,3220000.0,1,nominal_usd
BWA::aiddata::grant,BWA,Botswana,2009,aiddata,grant,19400.904989,2,constant_2023_usd
BWA::aiddata::loan,BWA,Botswana,2009,aiddata,loan,1338829015.119833,2,constant_2023_usd
BWA::cla::loan,BWA,Botswana,2009,cla,loan,825000000.0,1,nominal_usd
BWA::cofi::loan,BWA,Botswana,2009,cofi,loan,825000000.0,1,nominal_usd
BWA::aiddata::grant,BWA,Botswana,2011,aiddata,grant,3483080.974619,3,constant_2023_usd
BWA::chapo::grant,BWA,Botswana,2011,chapo,grant,3766039.453612,2,constant_2021_usd
BWA::aiddata::grant,BWA,Botswana,2013,aiddata,grant,13969891.64239,2,constant_2023_usd
BWA::chapo::grant,BWA,Botswana,2013,chapo,grant,564018.276095,1,constant_2021_usd
BWA::aiddata::grant,BWA,Botswana,2014,aiddata,grant,20002.861578,1,constant_2023_usd
BWA::aiddata::grant,BWA,Botswana,2015,aiddata,grant,15409426.81634,9,constant_2023_usd
BWA::aiddata::grant,BWA,Botswana,2016,aiddata,grant,13131203.167426,1,constant_2023_usd
BWA::aiddata::grant,BWA,Botswana,2017,aiddata,grant,1080601.061073,2,constant_2023_usd
BWA::aiddata::grant,BWA,Botswana,2018,aiddata,grant,360561.761514,2,constant_2023_usd
BWA::cancel::debt_relief,BWA,Botswana,2018,cancel,debt_relief,7760000.0,1,nominal_usd
BWA::aiddata::grant,BWA,Botswana,2020,aiddata,grant,3703661.754597,5,constant_2023_usd
BWA::chapo::grant,BWA,Botswana,2020,chapo,grant,253857.050643,3,constant_2021_usd
BWA::aiddata::grant,BWA,Botswana,2021,aiddata,grant,3448227.741814,7,constant_2023_usd
BWA::chapo::grant,BWA,Botswana,2021,chapo,grant,3668808.66426,3,constant_2021_usd
BWA::aiddata::grant,BWA,Botswana,2022,aiddata,grant,54661.584056,2,constant_2023_usd
BWA::aiddata::loan,BWA,Botswana,2023,aiddata,loan,2000000000.0,1,constant_2023_usd
CAF::chapo::grant,CAF,CAR,2002,chapo,grant,241580.202276,1,constant_2021_usd
CAF::chapo::grant,CAF,CAR,2006,chapo,grant,36394153.291556,4,constant_2021_usd
CAF::cancel::debt_relief,CAF,CAR,2007,cancel,debt_relief,10000000.0,1,nominal_usd
CAF::chapo::grant,CAF,CAR,2007,chapo,grant,189241.467495,1,constant_2021_usd
CAF::chapo::grant,CAF,CAR,2008,chapo,grant,219361.419143,1,constant_2021_usd
CAF::cofi::loan,CAF,CAR,2011,cofi,loan,30000000.0,1,nominal_usd
CAF::chapo::grant,CAF,CAR,2016,chapo,grant,119471.463719,1,constant_2021_usd
CAF::cancel::debt_relief,CAF,CAR,2017,cancel,debt_relief,31740000.0,1,nominal_usd
CAF::chapo::grant,CAF,CAR,2017,chapo,grant,296979.062167,1,constant_2021_usd
CAF::chapo::grant,CAF,CAR,2018,chapo,grant,3922439.258156,1,constant_2021_usd
CAF::cancel::debt_relief,CAF,CAR,2019,cancel,debt_relief,2560000.0,1,nominal_usd
CAF::chapo::grant,CAF,CAR,2019,chapo,grant,395960.43728,1,constant_2021_usd
CAF::chapo::grant,CAF,CAR,2020,chapo,grant,1183681.930654,7,constant_2021_usd
CAF::chapo::grant,CAF,CAR,2021,chapo,grant,2700000.0,1,constant_2021_usd
CIV::aiddata::loan,CIV,Cote d'Ivoire,2000,aiddata,loan,2863383.137489,1,constant_2023_usd
CIV::aiddata::loan,CIV,Cote d'Ivoire,2002,aiddata,loan,52995663.02188,2,constant_2023_usd
CIV::aiddata::grant,CIV,Cote d'Ivoire,2006,aiddata,grant,5618795.67461,2,constant_2023_usd
CIV::aiddata::debt_relief,CIV,Cote d'Ivoire,2007,aiddata,debt_relief,39320683.275947,1,constant_2023_usd
CIV::aiddata::grant,CIV,Cote d'Ivoire,2007,aiddata,grant,2080144.500279,1,constant_2023_usd
CIV::cancel::debt_relief,CIV,Cote d'Ivoire,2007,cancel,debt_relief,24600000.0,1,nominal_usd
CIV::aiddata::grant,CIV,Cote d'Ivoire,2008,aiddata,grant,1453182.031241,4,constant_2023_usd
CIV::aiddata::loan,CIV,Cote d'Ivoire,2008,aiddata,loan,48636219.557855,1,constant_2023_usd
CIV::chapo::grant,CIV,Cote d'Ivoire,2008,chapo,grant,1538996.226775,3,constant_2021_usd
CIV::codf::loan,CIV,Cote d'Ivoire,2008,codf,loan,34530000.0,1,nominal_usd
CIV::aiddata::grant,CIV,Cote d'Ivoire,2009,aiddata,grant,10149760.030492,1,constant_2023_usd
CIV::chapo::grant,CIV,Cote d'Ivoire,2009,chapo,grant,10988860.581097,1,constant_2021_usd
CIV::aiddata::loan,CIV,Cote d'Ivoire,2010,aiddata,loan,36480320.185634,1,constant_2023_usd
CIV::codf::loan,CIV,Cote d'Ivoire,2010,codf,loan,59080000.0,1,nominal_usd
CIV::aiddata::debt_relief,CIV,Cote d'Ivoire,2011,aiddata,debt_relief,13185321.876036,1,constant_2023_usd
CIV::aiddata::grant,CIV,Cote d'Ivoire,2011,aiddata,grant,6749219.011544,3,constant_2023_usd
CIV::aiddata::loan,CIV,Cote d'Ivoire,2011,aiddata,loan,130444051.353343,1,constant_2023_usd
CIV::aiddata::grant,CIV,Cote d'Ivoire,2012,aiddata,grant,48993055.442993,6,constant_2023_usd
CIV::aiddata::loan,CIV,Cote d'Ivoire,2012,aiddata,loan,115602081.952953,3,constant_2023_usd
CIV::chapo::grant,CIV,Cote d'Ivoire,2012,chapo,grant,7725311.633498,1,constant_2021_usd
CIV::codf::loan,CIV,Cote d'Ivoire,2012,codf,loan,210170000.0,2,nominal_usd
CIV::aiddata::grant,CIV,Cote d'Ivoire,2013,aiddata,grant,4120328.200792,3,constant_2023_usd
CIV::aiddata::loan,CIV,Cote d'Ivoire,2013,aiddata,loan,516985645.56945,1,constant_2023_usd
CIV::cgef::loan,CIV,Cote d'Ivoire,2013,cgef,loan,500000000.0,1,nominal_usd
CIV::chapo::grant,CIV,Cote d'Ivoire,2013,chapo,grant,1462715.334364,1,constant_2021_usd
CIV::codf::loan,CIV,Cote d'Ivoire,2013,codf,loan,500000000.0,1,nominal_usd
CIV::cofi::equity,CIV,Cote d'Ivoire,2013,cofi,equity,72000000.0,1,nominal_usd
CIV::cofi::loan,CIV,Cote d'Ivoire,2013,cofi,loan,486200000.0,1,nominal_usd
CIV::aiddata::grant,CIV,Cote d'Ivoire,2014,aiddata,grant,19420519.442313,3,constant_2023_usd
CIV::aiddata::loan,CIV,Cote d'Ivoire,2014,aiddata,loan,985128997.167801,4,constant_2023_usd
CIV::chapo::grant,CIV,Cote d'Ivoire,2014,chapo,grant,898396.36829,1,constant_2021_usd
CIV::codf::loan,CIV,Cote d'Ivoire,2014,codf,loan,891410000.0,2,nominal_usd
CIV::aiddata::grant,CIV,Cote d'Ivoire,2015,aiddata,grant,37466001.127514,2,constant_2023_usd
CIV::aiddata::loan,CIV,Cote d'Ivoire,2015,aiddata,loan,813726424.780944,2,constant_2023_usd
CIV::cgef::loan,CIV,Cote d'Ivoire,2015,cgef,loan,769380000.0,2,nominal_usd
CIV::codf::loan,CIV,Cote d'Ivoire,2015,codf,loan,769380000.0,2,nominal_usd
CIV::aiddata::grant,CIV,Cote d'Ivoire,2016,aiddata,grant,16553.557581,1,constant_2023_usd
CIV::aiddata::loan,CIV,Cote d'Ivoire,2016,aiddata,loan,100342938.999033,2,constant_2023_usd
CIV::codf::loan,CIV,Cote d'Ivoire,2016,codf,loan,57110000.0,1,nominal_usd
CIV::aiddata::grant,CIV,Cote d'Ivoire,2017,aiddata,grant,24069590.580638,3,constant_2023_usd
CIV::aiddata::loan,CIV,Cote d'Ivoire,2017,aiddata,loan,127554450.803696,2,constant_2023_usd
CIV::codf::loan,CIV,Cote d'Ivoire,2017,codf,loan,127960000.0,2,nominal_usd
CIV::aiddata::grant,CIV,Cote d'Ivoire,2018,aiddata,grant,30855087.44951,4,constant_2023_usd
CIV::aiddata::loan,CIV,Cote d'Ivoire,2018,aiddata,loan,1210844266.748527,13,constant_2023_usd
CIV::chapo::grant,CIV,Cote d'Ivoire,2018,chapo,grant,346044.053705,1,constant_2021_usd
CIV::codf::loan,CIV,Cote d'Ivoire,2018,codf,loan,297430000.0,1,nominal_usd
CIV::aiddata::grant,CIV,Cote d'Ivoire,2019,aiddata,grant,242444.948489,2,constant_2023_usd
CIV::aiddata::loan,CIV,Cote d'Ivoire,2019,aiddata,loan,1241011258.887411,10,constant_2023_usd
CIV::cgef::loan,CIV,Cote d'Ivoire,2019,cgef,loan,289100000.0,1,nominal_usd
CIV::codf::loan,CIV,Cote d'Ivoire,2019,codf,loan,572910000.0,2,nominal_usd
CIV::cofi::loan,CIV,Cote d'Ivoire,2019,cofi,loan,290000000.0,1,nominal_usd
CIV::aiddata::grant,CIV,Cote d'Ivoire,2020,aiddata,grant,1403794.401613,14,constant_2023_usd
CIV::aiddata::loan,CIV,Cote d'Ivoire,2020,aiddata,loan,920969230.965444,4,constant_2023_usd
CIV::chapo::grant,CIV,Cote d'Ivoire,2020,chapo,grant,1519587.222011,14,constant_2021_usd
CIV::aiddata::grant,CIV,Cote d'Ivoire,2021,aiddata,grant,15244107.832517,2,constant_2023_usd
CIV::chapo::grant,CIV,Cote d'Ivoire,2021,chapo,grant,16531200.0,2,constant_2021_usd
CIV::aiddata::grant,CIV,Cote d'Ivoire,2022,aiddata,grant,51505788.231037,1,constant_2023_usd
CIV::aiddata::loan,CIV,Cote d'Ivoire,2022,aiddata,loan,33420297.699409,1,constant_2023_usd
CIV::codf::loan,CIV,Cote d'Ivoire,2022,codf,loan,199660000.0,1,nominal_usd
CIV::aiddata::grant,CIV,Cote d'Ivoire,2023,aiddata,grant,582742.947742,4,constant_2023_usd
CIV::aiddata::loan,CIV,Cote d'Ivoire,2023,aiddata,loan,209687693.496455,3,constant_2023_usd
CMR::aiddata::debt_relief,CMR,Cameroon,2001,aiddata,debt_relief,78965739.230307,1,constant_2023_usd
CMR::aiddata::grant,CMR,Cameroon,2001,aiddata,grant,56960664.210693,1,constant_2023_usd
CMR::cancel::debt_relief,CMR,Cameroon,2001,cancel,debt_relief,22900000.0,1,nominal_usd
CMR::cancel::debt_relief,CMR,Cameroon,2002,cancel,debt_relief,71000000.0,1,nominal_usd
CMR::restruct::loan,CMR,Cameroon,2002,restruct,loan,5150000.0,1,nominal_usd
CMR::aiddata::grant,CMR,Cameroon,2003,aiddata,grant,13868899.063226,3,constant_2023_usd
CMR::chapo::grant,CMR,Cameroon,2003,chapo,grant,15015554.566637,3,constant_2021_usd
CMR::cla::loan,CMR,Cameroon,2004,cla,loan,3620000.0,1,nominal_usd
CMR::aiddata::grant,CMR,Cameroon,2006,aiddata,grant,1753292.931776,2,constant_2023_usd
CMR::cla::loan,CMR,Cameroon,2006,cla,loan,5020000.0,1,nominal_usd
CMR::aiddata::debt_relief,CMR,Cameroon,2007,aiddata,debt_relief,53251699.207143,1,constant_2023_usd
CMR::aiddata::grant,CMR,Cameroon,2007,aiddata,grant,15608620.899839,4,constant_2023_usd
CMR::aiddata::loan,CMR,Cameroon,2007,aiddata,loan,124515497.040499,6,constant_2023_usd
CMR::cancel::debt_relief,CMR,Cameroon,2007,cancel,debt_relief,32000000.0,1,nominal_usd
CMR::chapo::grant,CMR,Cameroon,2007,chapo,grant,5806252.571366,3,constant_2021_usd
CMR::chapo::loan,CMR,Cameroon,2007,chapo,loan,7096555.031048,1,constant_2021_usd
CMR::cla::loan,CMR,Cameroon,2007,cla,loan,105880000.0,9,nominal_usd
CMR::aiddata::loan,CMR,Cameroon,2008,aiddata,loan,34554738.245906,1,constant_2023_usd
CMR::aiddata::grant,CMR,Cameroon,2009,aiddata,grant,11374939.460638,4,constant_2023_usd
CMR::aiddata::loan,CMR,Cameroon,2009,aiddata,loan,284129108.739437,5,constant_2023_usd
CMR::chapo::grant,CMR,Cameroon,2009,chapo,grant,12092583.672676,3,constant_2021_usd
CMR::chapo::loan,CMR,Cameroon,2009,chapo,loan,10993257.884251,1,constant_2021_usd
CMR::cla::loan,CMR,Cameroon,2009,cla,loan,204790000.0,5,nominal_usd
CMR::codf::loan,CMR,Cameroon,2009,codf,loan,190160000.0,3,nominal_usd
CMR::cofi::loan,CMR,Cameroon,2009,cofi,loan,53000000.0,1,nominal_usd
CMR::aiddata::debt_relief,CMR,Cameroon,2010,aiddata,debt_relief,5700050.029005,1,constant_2023_usd
CMR::aiddata::loan,CMR,Cameroon,2010,aiddata,loan,135049856.171994,5,constant_2023_usd
CMR::cancel::debt_relief,CMR,Cameroon,2010,cancel,debt_relief,4100000.0,1,nominal_usd
CMR::cgef::loan,CMR,Cameroon,2010,cgef,loan,44470000.0,1,nominal_usd
CMR::cla::loan,CMR,Cameroon,2010,cla,loan,97690000.0,4,nominal_usd
CMR::codf::loan,CMR,Cameroon,2010,codf,loan,76300000.0,2,nominal_usd
CMR::aiddata::grant,CMR,Cameroon,2011,aiddata,grant,2021749.354326,2,constant_2023_usd
CMR::aiddata::loan,CMR,Cameroon,2011,aiddata,loan,653553912.245368,4,constant_2023_usd
CMR::cgef::loan,CMR,Cameroon,2011,cgef,loan,541570000.0,1,nominal_usd
CMR::chapo::grant,CMR,Cameroon,2011,chapo,grant,2187871.273867,2,constant_2021_usd
CMR::cla::loan,CMR,Cameroon,2011,cla,loan,1113150000.0,5,nominal_usd
CMR::codf::loan,CMR,Cameroon,2011,codf,loan,1097670000.0,4,nominal_usd
CMR::aiddata::grant,CMR,Cameroon,2012,aiddata,grant,20414516.785339,5,constant_2023_usd
CMR::aiddata::loan,CMR,Cameroon,2012,aiddata,loan,740174416.69372,3,constant_2023_usd
CMR::chapo::grant,CMR,Cameroon,2012,chapo,grant,744455.608443,1,constant_2021_usd
CMR::cla::loan,CMR,Cameroon,2012,cla,loan,974830000.0,3,nominal_usd
CMR::codf::loan,CMR,Cameroon,2012,codf,loan,974820000.0,3,nominal_usd
CMR::cofi::loan,CMR,Cameroon,2012,cofi,loan,541000000.0,1,nominal_usd
CMR::aiddata::grant,CMR,Cameroon,2013,aiddata,grant,59613189.698414,4,constant_2023_usd
CMR::aiddata::loan,CMR,Cameroon,2013,aiddata,loan,971190162.0709,4,constant_2023_usd
CMR::chapo::grant,CMR,Cameroon,2013,chapo,grant,1009028.660322,1,constant_2021_usd
CMR::cla::loan,CMR,Cameroon,2013,cla,loan,423150000.0,5,nominal_usd
CMR::codf::loan,CMR,Cameroon,2013,codf,loan,395710000.0,3,nominal_usd
CMR::aiddata::grant,CMR,Cameroon,2014,aiddata,grant,1659.423617,1,constant_2023_usd
CMR::aiddata::loan,CMR,Cameroon,2014,aiddata,loan,395667450.88298,1,constant_2023_usd
CMR::chapo::grant,CMR,Cameroon,2014,chapo,grant,1791.364902,1,constant_2021_usd
CMR::cla::loan,CMR,Cameroon,2014,cla,loan,385810000.0,1,nominal_usd
CMR::codf::loan,CMR,Cameroon,2014,codf,loan,385810000.0,1,nominal_usd
CMR::aiddata::grant,CMR,Cameroon,2015,aiddata,grant,16227276.090368,3,constant_2023_usd
CMR::aiddata::loan,CMR,Cameroon,2015,aiddata,loan,2190409064.667526,6,constant_2023_usd
CMR::cla::loan,CMR,Cameroon,2015,cla,loan,1187860000.0,4,nominal_usd
CMR::codf::loan,CMR,Cameroon,2015,codf,loan,1097760000.0,3,nominal_usd
CMR::cofi::loan,CMR,Cameroon,2015,cofi,loan,90000000.0,1,nominal_usd
CMR::aiddata::grant,CMR,Cameroon,2016,aiddata,grant,5533562.248243,3,constant_2023_usd
CMR::aiddata::loan,CMR,Cameroon,2016,aiddata,loan,656149808.272321,2,constant_2023_usd
CMR::cla::loan,CMR,Cameroon,2016,cla,loan,206980000.0,2,nominal_usd
CMR::codf::loan,CMR,Cameroon,2016,codf,loan,206490000.0,2,nominal_usd
CMR::cofi::loan,CMR,Cameroon,2016,cofi,loan,81000000.0,1,nominal_usd
CMR::aiddata::grant,CMR,Cameroon,2017,aiddata,grant,16307071.901787,6,constant_2023_usd
CMR::aiddata::loan,CMR,Cameroon,2017,aiddata,loan,1031797640.692977,5,constant_2023_usd
CMR::cgef::loan,CMR,Cameroon,2017,cgef,loan,141840000.0,1,nominal_usd
CMR::cla::loan,CMR,Cameroon,2017,cla,loan,969440000.0,5,nominal_usd
CMR::codf::loan,CMR,Cameroon,2017,codf,loan,814270000.0,3,nominal_usd
CMR::cofi::loan,CMR,Cameroon,2017,cofi,loan,142000000.0,1,nominal_usd
CMR::aiddata::grant,CMR,Cameroon,2018,aiddata,grant,11203987.405902,3,constant_2023_usd
CMR::aiddata::loan,CMR,Cameroon,2018,aiddata,loan,173145634.670264,3,constant_2023_usd
CMR::cla::loan,CMR,Cameroon,2018,cla,loan,131530000.0,2,nominal_usd
CMR::codf::loan,CMR,Cameroon,2018,codf,loan,122360000.0,2,nominal_usd
CMR::aiddata::grant,CMR,Cameroon,2019,aiddata,grant,84194881.861988,1,constant_2023_usd
CMR::aiddata::loan,CMR,Cameroon,2019,aiddata,loan,104759191.151936,3,constant_2023_usd
CMR::cancel::debt_relief,CMR,Cameroon,2019,cancel,debt_relief,78000000.0,1,nominal_usd
CMR::cla::loan,CMR,Cameroon,2019,cla,loan,100910000.0,2,nominal_usd
CMR::restruct::loan,CMR,Cameroon,2019,restruct,loan,253000000.0,1,nominal_usd
CMR::aiddata::grant,CMR,Cameroon,2020,aiddata,grant,6835788.469173,12,constant_2023_usd
CMR::aiddata::loan,CMR,Cameroon,2020,aiddata,loan,70244469.955432,1,constant_2023_usd
CMR::chapo::grant,CMR,Cameroon,2020,chapo,grant,7302607.256661,12,constant_2021_usd
CMR::aiddata::grant,CMR,Cameroon,2021,aiddata,grant,62808568.068999,3,constant_2023_usd
CMR::aiddata::loan,CMR,Cameroon,2021,aiddata,loan,46215569.110333,1,constant_2023_usd
CMR::chapo::grant,CMR,Cameroon,2021,chapo,grant,21600000.0,2,constant_2021_usd
CMR::aiddata::grant,CMR,Cameroon,2022,aiddata,grant,65814.387058,1,constant_2023_usd
COD::aiddata::grant,COD,"Congo, Dem. Rep.",2000,aiddata,grant,23696902.437371,4,constant_2023_usd
COD::aiddata::loan,COD,"Congo, Dem. Rep.",2000,aiddata,loan,22907065.099911,1,constant_2023_usd
COD::aiddata::debt_relief,COD,"Congo, Dem. Rep.",2002,aiddata,debt_relief,55220194.289052,2,constant_2023_usd
COD::cancel::debt_relief,COD,"Congo, Dem. Rep.",2002,cancel,debt_relief,17800000.0,1,nominal_usd
COD::aiddata::grant,COD,"Congo, Dem. Rep.",2003,aiddata,grant,14679260.239533,2,constant_2023_usd
COD::aiddata::grant,COD,"Congo, Dem. Rep.",2004,aiddata,grant,7625004.859089,1,constant_2023_usd
COD::cla::loan,COD,"Congo, Dem. Rep.",2005,cla,loan,1220000.0,1,nominal_usd
COD::aiddata::grant,COD,"Congo, Dem. Rep.",2006,aiddata,grant,6418163.436687,1,constant_2023_usd
COD::aiddata::loan,COD,"Congo, Dem. Rep.",2006,aiddata,loan,370345992.602666,3,constant_2023_usd
COD::aiddata::debt_relief,COD,"Congo, Dem. Rep.",2007,aiddata,debt_relief,54553079.080568,1,constant_2023_usd
COD::aiddata::grant,COD,"Congo, Dem. Rep.",2007,aiddata,grant,26964319.64527,2,constant_2023_usd
COD::aiddata::loan,COD,"Congo, Dem. Rep.",2007,aiddata,loan,174464276.094817,1,constant_2023_usd
COD::cancel::debt_relief,COD,"Congo, Dem. Rep.",2007,cancel,debt_relief,37400000.0,1,nominal_usd
COD::cla::loan,COD,"Congo, Dem. Rep.",2007,cla,loan,1310000.0,1,nominal_usd
COD::aiddata::grant,COD,"Congo, Dem. Rep.",2008,aiddata,grant,4765488.87506,4,constant_2023_usd
COD::aiddata::loan,COD,"Congo, Dem. Rep.",2008,aiddata,loan,8797727335.13766,7,constant_2023_usd
COD::cla::loan,COD,"Congo, Dem. Rep.",2008,cla,loan,402170000.0,8,nominal_usd
COD::codf::loan,COD,"Congo, Dem. Rep.",2008,codf,loan,345250000.0,5,nominal_usd
COD::aiddata::grant,COD,"Congo, Dem. Rep.",2009,aiddata,grant,27475766.858099,6,constant_2023_usd
COD::cla::loan,COD,"Congo, Dem. Rep.",2009,cla,loan,98590000.0,5,nominal_usd
COD::codf::loan,COD,"Congo, Dem. Rep.",2009,codf,loan,55200000.0,2,nominal_usd
COD::aiddata::grant,COD,"Congo, Dem. Rep.",2010,aiddata,grant,3761423.189843,7,constant_2023_usd
COD::cla::loan,COD,"Congo, Dem. Rep.",2010,cla,loan,37860000.0,2,nominal_usd
COD::aiddata::grant,COD,"Congo, Dem. Rep.",2011,aiddata,grant,7715277.782513,7,constant_2023_usd
COD::aiddata::loan,COD,"Congo, Dem. Rep.",2011,aiddata,loan,1048861662.777779,4,constant_2023_usd
COD::cgef::loan,COD,"Congo, Dem. Rep.",2011,cgef,loan,360000000.0,1,nominal_usd
COD::cla::loan,COD,"Congo, Dem. Rep.",2011,cla,loan,620130000.0,9,nominal_usd
COD::codf::loan,COD,"Congo, Dem. Rep.",2011,codf,loan,412630000.0,2,nominal_usd
COD::cofi::loan,COD,"Congo, Dem. Rep.",2011,cofi,loan,367000000.0,1,nominal_usd
COD::aiddata::grant,COD,"Congo, Dem. Rep.",2012,aiddata,grant,32366559.204825,10,constant_2023_usd
COD::aiddata::loan,COD,"Congo, Dem. Rep.",2012,aiddata,loan,93585459.91229,2,constant_2023_usd
COD::cla::loan,COD,"Congo, Dem. Rep.",2012,cla,loan,304160000.0,2,nominal_usd
COD::codf::loan,COD,"Congo, Dem. Rep.",2012,codf,loan,304130000.0,2,nominal_usd
COD::aiddata::grant,COD,"Congo, Dem. Rep.",2013,aiddata,grant,10962010.538865,9,constant_2023_usd
COD::aiddata::loan,COD,"Congo, Dem. Rep.",2013,aiddata,loan,2781382773.163642,2,constant_2023_usd
COD::cla::loan,COD,"Congo, Dem. Rep.",2013,cla,loan,8000000.0,1,nominal_usd
COD::aiddata::grant,COD,"Congo, Dem. Rep.",2014,aiddata,grant,18484642.84648,6,constant_2023_usd
COD::aiddata::loan,COD,"Congo, Dem. Rep.",2014,aiddata,loan,230749465.704839,1,constant_2023_usd
COD::cla::loan,COD,"Congo, Dem. Rep.",2014,cla,loan,46290000.0,2,nominal_usd
COD::codf::loan,COD,"Congo, Dem. Rep.",2014,codf,loan,30000000.0,1,nominal_usd
COD::aiddata::grant,COD,"Congo, Dem. Rep.",2015,aiddata,grant,30967882.78512,9,constant_2023_usd
COD::aiddata::loan,COD,"Congo, Dem. Rep.",2015,aiddata,loan,770622679.899362,5,constant_2023_usd
COD::cgef::loan,COD,"Congo, Dem. Rep.",2015,cgef,loan,509430000.0,1,nominal_usd
COD::cla::loan,COD,"Congo, Dem. Rep.",2015,cla,loan,656700000.0,14,nominal_usd
COD::codf::loan,COD,"Congo, Dem. Rep.",2015,codf,loan,543600000.0,2,nominal_usd
COD::cofi::loan,COD,"Congo, Dem. Rep.",2015,cofi,loan,825000000.0,1,nominal_usd
COD::aiddata::grant,COD,"Congo, Dem. Rep.",2016,aiddata,grant,1911862.921211,2,constant_2023_usd
COD::aiddata::loan,COD,"Congo, Dem. Rep.",2016,aiddata,loan,1570639064.813977,5,constant_2023_usd
COD::cgef::loan,COD,"Congo, Dem. Rep.",2016,cgef,loan,10000000.0,1,nominal_usd
COD::cla::loan,COD,"Congo, Dem. Rep.",2016,cla,loan,98430000.0,11,nominal_usd
COD::aiddata::grant,COD,"Congo, Dem. Rep.",2017,aiddata,grant,82489969.222489,4,constant_2023_usd
COD::aiddata::loan,COD,"Congo, Dem. Rep.",2017,aiddata,loan,1336647787.561769,4,constant_2023_usd
COD::cla::loan,COD,"Congo, Dem. Rep.",2017,cla,loan,10500000.0,2,nominal_usd
COD::aiddata::grant,COD,"Congo, Dem. Rep.",2018,aiddata,grant,1006296.294138,1,constant_2023_usd
COD::aiddata::loan,COD,"Congo, Dem. Rep.",2018,aiddata,loan,1074603686.583897,5,constant_2023_usd
COD::cgef::loan,COD,"Congo, Dem. Rep.",2018,cgef,loan,299000000.0,1,nominal_usd
COD::cla::loan,COD,"Congo, Dem. Rep.",2018,cla,loan,694650000.0,9,nominal_usd
COD::codf::loan,COD,"Congo, Dem. Rep.",2018,codf,loan,667150000.0,4,nominal_usd
COD::aiddata::loan,COD,"Congo, Dem. Rep.",2019,aiddata,loan,482238193.205697,3,constant_2023_usd
COD::aiddata::grant,COD,"Congo, Dem. Rep.",2020,aiddata,grant,2381086.899642,3,constant_2023_usd
COD::aiddata::loan,COD,"Congo, Dem. Rep.",2020,aiddata,loan,2592976803.404491,6,constant_2023_usd
COD::cla::loan,COD,"Congo, Dem. Rep.",2020,cla,loan,150000000.0,1,nominal_usd
COD::codf::loan,COD,"Congo, Dem. Rep.",2020,codf,loan,150000000.0,1,nominal_usd
COD::aiddata::grant,COD,"Congo, Dem. Rep.",2021,aiddata,grant,23053540.92945,3,constant_2023_usd
COD::aiddata::loan,COD,"Congo, Dem. Rep.",2021,aiddata,loan,276642491.153404,2,constant_2023_usd
COD::aiddata::loan,COD,"Congo, Dem. Rep.",2022,aiddata,loan,18898382.627642,1,constant_2023_usd
COD::cla::loan,COD,"Congo, Dem. Rep.",2022,cla,loan,23990000.0,1,nominal_usd
COD::aiddata::loan,COD,"Congo, Dem. Rep.",2023,aiddata,loan,496972112.980579,2,constant_2023_usd
COD::cla::loan,COD,"Congo, Dem. Rep.",2024,cla,loan,240000000.0,1,nominal_usd
COD::codf::loan,COD,"Congo, Dem. Rep.",2024,codf,loan,240000000.0,1,nominal_usd
COG::cla::loan,COG,"Congo, Rep.",2000,cla,loan,24160000.0,1,nominal_usd
COG::chapo::grant,COG,"Congo, Rep.",2002,chapo,grant,24158020.227576,1,constant_2021_usd
COG::cla::loan,COG,"Congo, Rep.",2003,cla,loan,238000000.0,1,nominal_usd
COG::cofi::loan,COG,"Congo, Rep.",2003,cofi,loan,238000000.0,1,nominal_usd
COG::cla::loan,COG,"Congo, Rep.",2005,cla,loan,551510000.0,1,nominal_usd
COG::chapo::loan,COG,"Congo, Rep.",2006,chapo,loan,52830676.216674,1,constant_2021_usd
COG::cla::loan,COG,"Congo, Rep.",2006,cla,loan,1460360000.0,10,nominal_usd
COG::cancel::debt_relief,COG,"Congo, Rep.",2007,cancel,debt_relief,64000000.0,1,nominal_usd
COG::chapo::grant,COG,"Congo, Rep.",2008,chapo,grant,1020436.456288,1,constant_2021_usd
COG::cla::loan,COG,"Congo, Rep.",2008,cla,loan,160000000.0,1,nominal_usd
COG::codf::loan,COG,"Congo, Rep.",2008,codf,loan,266250000.0,2,nominal_usd
COG::chapo::grant,COG,"Congo, Rep.",2009,chapo,grant,26527777.180325,2,constant_2021_usd
COG::cofi::loan,COG,"Congo, Rep.",2009,cofi,loan,264000000.0,1,nominal_usd
COG::chapo::grant,COG,"Congo, Rep.",2012,chapo,grant,16437729.810962,1,constant_2021_usd
COG::cla::loan,COG,"Congo, Rep.",2012,cla,loan,1047600000.0,2,nominal_usd
COG::codf::loan,COG,"Congo, Rep.",2012,codf,loan,1046620000.0,2,nominal_usd
COG::cofi::loan,COG,"Congo, Rep.",2012,cofi,loan,142000000.0,1,nominal_usd
COG::cgef::loan,COG,"Congo, Rep.",2013,cgef,loan,128980000.0,2,nominal_usd
COG::chapo::grant,COG,"Congo, Rep.",2013,chapo,grant,1834597.564222,1,constant_2021_usd
COG::cla::loan,COG,"Congo, Rep.",2013,cla,loan,585790000.0,7,nominal_usd
COG::codf::loan,COG,"Congo, Rep.",2013,codf,loan,563290000.0,6,nominal_usd
COG::chapo::grant,COG,"Congo, Rep.",2014,chapo,grant,898396.36829,1,constant_2021_usd
COG::cla::loan,COG,"Congo, Rep.",2014,cla,loan,601290000.0,8,nominal_usd
COG::codf::loan,COG,"Congo, Rep.",2014,codf,loan,566540000.0,5,nominal_usd
COG::chapo::grant,COG,"Congo, Rep.",2016,chapo,grant,1234538.458425,1,constant_2021_usd
COG::chapo::grant,COG,"Congo, Rep.",2017,chapo,grant,1744544.235554,2,constant_2021_usd
COG::cla::loan,COG,"Congo, Rep.",2017,cla,loan,376640000.0,3,nominal_usd
COG::codf::loan,COG,"Congo, Rep.",2017,codf,loan,376690000.0,3,nominal_usd
COG::restruct::loan,COG,"Congo, Rep.",2018,restruct,loan,116000000.0,1,nominal_usd
COG::cancel::debt_relief,COG,"Congo, Rep.",2019,cancel,debt_relief,20000000.0,1,nominal_usd
COG::restruct::loan,COG,"Congo, Rep.",2019,restruct,loan,1612000000.0,1,nominal_usd
COG::chapo::grant,COG,"Congo, Rep.",2020,chapo,grant,224199.444045,3,constant_2021_usd
COG::chapo::grant,COG,"Congo, Rep.",2021,chapo,grant,6253446.341947,4,constant_2021_usd
COM::aiddata::grant,COM,Comoros,2000,aiddata,grant,11858788.212714,1,constant_2023_usd
COM::aiddata::debt_relief,COM,Comoros,2001,aiddata,debt_relief,11612608.710339,1,constant_2023_usd
COM::aiddata::grant,COM,Comoros,2001,aiddata,grant,5611888.099576,1,constant_2023_usd
COM::cancel::debt_relief,COM,Comoros,2001,cancel,debt_relief,5000000.0,1,nominal_usd
COM::aiddata::grant,COM,Comoros,2002,aiddata,grant,82562.942617,1,constant_2023_usd
COM::aiddata::grant,COM,Comoros,2004,aiddata,grant,19140757.63602,2,constant_2023_usd
COM::cla::loan,COM,Comoros,2004,cla,loan,8000000.0,1,nominal_usd
COM::aiddata::debt_relief,COM,Comoros,2005,aiddata,debt_relief,6012991.557099,1,constant_2023_usd
COM::aiddata::grant,COM,Comoros,2005,aiddata,grant,33996.598214,2,constant_2023_usd
COM::cancel::debt_relief,COM,Comoros,2005,cancel,debt_relief,3300000.0,1,nominal_usd
COM::aiddata::grant,COM,Comoros,2006,aiddata,grant,2589150.132068,1,constant_2023_usd
COM::aiddata::grant,COM,Comoros,2007,aiddata,grant,531700.650956,1,constant_2023_usd
COM::chapo::grant,COM,Comoros,2007,chapo,grant,575764.602523,1,constant_2021_usd
COM::aiddata::grant,COM,Comoros,2008,aiddata,grant,1418556.403771,1,constant_2023_usd
COM::aiddata::grant,COM,Comoros,2009,aiddata,grant,15358670.490318,1,constant_2023_usd
COM::chapo::grant,COM,Comoros,2009,chapo,grant,16628401.875718,1,constant_2021_usd
COM::aiddata::grant,COM,Comoros,2010,aiddata,grant,1385168.403293,1,constant_2023_usd
COM::aiddata::loan,COM,Comoros,2010,aiddata,loan,40850358.541205,1,constant_2023_usd
COM::cla::loan,COM,Comoros,2010,cla,loan,31760000.0,1,nominal_usd
COM::codf::loan,COM,Comoros,2010,codf,loan,31760000.0,1,nominal_usd
COM::aiddata::grant,COM,Comoros,2012,aiddata,grant,783149.782506,2,constant_2023_usd
COM::aiddata::grant,COM,Comoros,2013,aiddata,grant,558162.433197,1,constant_2023_usd
COM::aiddata::grant,COM,Comoros,2014,aiddata,grant,34828651.188505,2,constant_2023_usd
COM::aiddata::grant,COM,Comoros,2015,aiddata,grant,370627.62508,2,constant_2023_usd
COM::aiddata::unspecified,COM,Comoros,2015,aiddata,unspecified,743615.93567,1,constant_2023_usd
COM::aiddata::grant,COM,Comoros,2016,aiddata,grant,6225967.801771,2,constant_2023_usd
COM::aiddata::debt_relief,COM,Comoros,2017,aiddata,debt_relief,1536428.216913,1,constant_2023_usd
COM::aiddata::grant,COM,Comoros,2017,aiddata,grant,2194897.452732,1,constant_2023_usd
COM::cancel::debt_relief,COM,Comoros,2017,cancel,debt_relief,1430000.0,1,nominal_usd
COM::aiddata::grant,COM,Comoros,2018,aiddata,grant,10276440.191803,5,constant_2023_usd
COM::aiddata::loan,COM,Comoros,2018,aiddata,loan,86268927.779187,1,constant_2023_usd
COM::cla::loan,COM,Comoros,2018,cla,loan,85670000.0,1,nominal_usd
COM::codf::loan,COM,Comoros,2018,codf,loan,85650000.0,1,nominal_usd
COM::aiddata::grant,COM,Comoros,2019,aiddata,grant,13722335.639318,2,constant_2023_usd
COM::chapo::grant,COM,Comoros,2019,chapo,grant,130896.012324,1,constant_2021_usd
COM::aiddata::grant,COM,Comoros,2020,aiddata,grant,128592.911069,2,constant_2023_usd
COM::chapo::grant,COM,Comoros,2020,chapo,grant,139199.974211,2,constant_2021_usd
COM::aiddata::grant,COM,Comoros,2021,aiddata,grant,4992631.928951,4,constant_2023_usd
COM::chapo::grant,COM,Comoros,2021,chapo,grant,5400000.0,3,constant_2021_usd
CPV::aiddata::grant,CPV,Cape Verde,2000,aiddata,grant,6585781.216224,1,constant_2023_usd
CPV::aiddata::debt_relief,CPV,Cape Verde,2001,aiddata,debt_relief,13945541.927445,1,constant_2023_usd
CPV::aiddata::grant,CPV,Cape Verde,2001,aiddata,grant,1974385.602782,1,constant_2023_usd
CPV::chapo::grant,CPV,Cape Verde,2001,chapo,grant,2137619.241924,1,constant_2021_usd
CPV::aiddata::grant,CPV,Cape Verde,2002,aiddata,grant,12149340.464405,3,constant_2023_usd
CPV::chapo::grant,CPV,Cape Verde,2002,chapo,grant,2234697.367191,1,constant_2021_usd
CPV::aiddata::grant,CPV,Cape Verde,2004,aiddata,grant,5259340.747437,1,constant_2023_usd
CPV::aiddata::loan,CPV,Cape Verde,2005,aiddata,loan,7583204.34286,1,constant_2023_usd
CPV::chapo::loan,CPV,Cape Verde,2005,chapo,loan,8210882.78881,1,constant_2021_usd
CPV::aiddata::grant,CPV,Cape Verde,2006,aiddata,grant,187651.609289,1,constant_2023_usd
CPV::chapo::grant,CPV,Cape Verde,2006,chapo,grant,203194.908526,1,constant_2021_usd
CPV::chapo::loan,CPV,Cape Verde,2006,chapo,loan,5098092.019496,1,constant_2021_usd
CPV::cla::loan,CPV,Cape Verde,2006,cla,loan,2400000.0,1,nominal_usd
CPV::aiddata::debt_relief,CPV,Cape Verde,2007,aiddata,debt_relief,32798450.618125,1,constant_2023_usd
CPV::aiddata::loan,CPV,Cape Verde,2007,aiddata,loan,3380221.14081,2,constant_2023_usd
CPV::aiddata::grant,CPV,Cape Verde,2008,aiddata,grant,1682.597079,1,constant_2023_usd
CPV::aiddata::loan,CPV,Cape Verde,2008,aiddata,loan,41748114.962974,2,constant_2023_usd
CPV::cla::loan,CPV,Cape Verde,2008,cla,loan,12700000.0,1,nominal_usd
CPV::aiddata::loan,CPV,Cape Verde,2009,aiddata,loan,27642763.812536,1,constant_2023_usd
CPV::cla::loan,CPV,Cape Verde,2010,cla,loan,17000000.0,1,nominal_usd
CPV::aiddata::grant,CPV,Cape Verde,2011,aiddata,grant,19374845.735779,3,constant_2023_usd
CPV::chapo::grant,CPV,Cape Verde,2011,chapo,grant,3901725.282415,2,constant_2021_usd
CPV::aiddata::grant,CPV,Cape Verde,2012,aiddata,grant,17124321.783641,2,constant_2023_usd
CPV::aiddata::loan,CPV,Cape Verde,2012,aiddata,loan,86813457.440884,3,constant_2023_usd
CPV::cla::loan,CPV,Cape Verde,2012,cla,loan,12000000.0,1,nominal_usd
CPV::aiddata::loan,CPV,Cape Verde,2013,aiddata,loan,2088563.656006,1,constant_2023_usd
CPV::chapo::loan,CPV,Cape Verde,2013,chapo,loan,2278570.174763,1,constant_2021_usd
CPV::aiddata::grant,CPV,Cape Verde,2014,aiddata,grant,2153661.679912,2,constant_2023_usd
CPV::aiddata::grant,CPV,Cape Verde,2015,aiddata,grant,13139536.737932,4,constant_2023_usd
CPV::chapo::grant,CPV,Cape Verde,2015,chapo,grant,3161794.76343,1,constant_2021_usd
CPV::aiddata::grant,CPV,Cape Verde,2016,aiddata,grant,80239858.354953,4,constant_2023_usd
CPV::aiddata::grant,CPV,Cape Verde,2017,aiddata,grant,69888220.873344,6,constant_2023_usd
CPV::aiddata::loan,CPV,Cape Verde,2017,aiddata,loan,13306606.287546,1,constant_2023_usd
CPV::cla::loan,CPV,Cape Verde,2017,cla,loan,12500000.0,1,nominal_usd
CPV::aiddata::grant,CPV,Cape Verde,2018,aiddata,grant,23699.466026,1,constant_2023_usd
CPV::aiddata::grant,CPV,Cape Verde,2019,aiddata,grant,46923.681623,1,constant_2023_usd
CPV::aiddata::grant,CPV,Cape Verde,2020,aiddata,grant,54166.025622,1,constant_2023_usd
CPV::chapo::grant,CPV,Cape Verde,2020,chapo,grant,58633.942625,1,constant_2021_usd
CPV::aiddata::grant,CPV,Cape Verde,2021,aiddata,grant,20927190.801369,3,constant_2023_usd
CPV::chapo::grant,CPV,Cape Verde,2021,chapo,grant,900000.0,1,constant_2021_usd
CPV::aiddata::grant,CPV,Cape Verde,2022,aiddata,grant,36145.425353,1,constant_2023_usd
CPV::aiddata::grant,CPV,Cape Verde,2023,aiddata,grant,1598972.479597,3,constant_2023_usd
DJI::aiddata::grant,DJI,Djibouti,2001,aiddata,grant,5597277.398384,1,constant_2023_usd
DJI::aiddata::grant,DJI,Djibouti,2002,aiddata,grant,6623023.389763,4,constant_2023_usd
DJI::aiddata::loan,DJI,Djibouti,2002,aiddata,loan,4155453.529233,1,constant_2023_usd
DJI::aiddata::grant,DJI,Djibouti,2003,aiddata,grant,4535235.745923,5,constant_2023_usd
DJI::aiddata::loan,DJI,Djibouti,2003,aiddata,loan,62941679.556794,2,constant_2023_usd
DJI::chapo::grant,DJI,Djibouti,2003,chapo,grant,276023.018313,1,constant_2021_usd
DJI::cla::loan,DJI,Djibouti,2003,cla,loan,28040000.0,2,nominal_usd
DJI::aiddata::loan,DJI,Djibouti,2006,aiddata,loan,34321479.338909,1,constant_2023_usd
DJI::cla::loan,DJI,Djibouti,2006,cla,loan,18290000.0,1,nominal_usd
DJI::aiddata::debt_relief,DJI,Djibouti,2007,aiddata,debt_relief,11866108.419719,1,constant_2023_usd
DJI::aiddata::grant,DJI,Djibouti,2007,aiddata,grant,598354.331739,3,constant_2023_usd
DJI::chapo::grant,DJI,Djibouti,2007,chapo,grant,526452.96791,2,constant_2021_usd
DJI::aiddata::grant,DJI,Djibouti,2008,aiddata,grant,10568018.454563,3,constant_2023_usd
DJI::aiddata::loan,DJI,Djibouti,2008,aiddata,loan,50643157.821582,1,constant_2023_usd
DJI::aiddata::grant,DJI,Djibouti,2009,aiddata,grant,13403044.458033,1,constant_2023_usd
DJI::chapo::grant,DJI,Djibouti,2009,chapo,grant,14511100.407211,1,constant_2021_usd
DJI::aiddata::grant,DJI,Djibouti,2011,aiddata,grant,10548257.500829,3,constant_2023_usd
DJI::cla::loan,DJI,Djibouti,2011,cla,loan,43570000.0,2,nominal_usd
DJI::codf::loan,DJI,Djibouti,2011,codf,loan,36000000.0,1,nominal_usd
DJI::aiddata::grant,DJI,Djibouti,2012,aiddata,grant,16716445.411164,5,constant_2023_usd
DJI::aiddata::loan,DJI,Djibouti,2012,aiddata,loan,73186487.640328,1,constant_2023_usd
DJI::cla::loan,DJI,Djibouti,2012,cla,loan,64000000.0,1,nominal_usd
DJI::codf::loan,DJI,Djibouti,2012,codf,loan,64000000.0,1,nominal_usd
DJI::aiddata::grant,DJI,Djibouti,2013,aiddata,grant,1693417.501202,2,constant_2023_usd
DJI::aiddata::loan,DJI,Djibouti,2013,aiddata,loan,508499843.183073,1,constant_2023_usd
DJI::cla::loan,DJI,Djibouti,2013,cla,loan,813850000.0,2,nominal_usd
DJI::codf::loan,DJI,Djibouti,2013,codf,loan,813800000.0,2,nominal_usd
DJI::aiddata::grant,DJI,Djibouti,2014,aiddata,grant,20511063.618208,1,constant_2023_usd
DJI::aiddata::loan,DJI,Djibouti,2014,aiddata,loan,330279401.912193,1,constant_2023_usd
DJI::chapo::grant,DJI,Djibouti,2014,chapo,grant,22141904.62817,1,constant_2021_usd
DJI::aiddata::grant,DJI,Djibouti,2015,aiddata,grant,487228.186798,1,constant_2023_usd
DJI::aiddata::loan,DJI,Djibouti,2015,aiddata,loan,25548309.895398,1,constant_2023_usd
DJI::aiddata::grant,DJI,Djibouti,2016,aiddata,grant,16275.747309,1,constant_2023_usd
DJI::aiddata::loan,DJI,Djibouti,2016,aiddata,loan,430260024.741488,2,constant_2023_usd
DJI::cgef::loan,DJI,Djibouti,2016,cgef,loan,20400000.0,1,nominal_usd
DJI::cla::loan,DJI,Djibouti,2016,cla,loan,414870000.0,3,nominal_usd
DJI::codf::loan,DJI,Djibouti,2016,codf,loan,344470000.0,1,nominal_usd
DJI::aiddata::grant,DJI,Djibouti,2017,aiddata,grant,102381962.389923,3,constant_2023_usd
DJI::aiddata::loan,DJI,Djibouti,2017,aiddata,loan,207437703.482167,2,constant_2023_usd
DJI::cla::loan,DJI,Djibouti,2017,cla,loan,194910000.0,2,nominal_usd
DJI::codf::loan,DJI,Djibouti,2017,codf,loan,44920000.0,1,nominal_usd
DJI::aiddata::grant,DJI,Djibouti,2018,aiddata,grant,7396277.761913,2,constant_2023_usd
DJI::aiddata::loan,DJI,Djibouti,2019,aiddata,loan,249116997.817788,1,constant_2023_usd
DJI::aiddata::grant,DJI,Djibouti,2020,aiddata,grant,361106.837479,1,constant_2023_usd
DJI::chapo::grant,DJI,Djibouti,2020,chapo,grant,390892.950836,1,constant_2021_usd
DJI::aiddata::grant,DJI,Djibouti,2021,aiddata,grant,40020947.053526,3,constant_2023_usd
DJI::chapo::grant,DJI,Djibouti,2021,chapo,grant,23400000.0,2,constant_2021_usd
DJI::aiddata::grant,DJI,Djibouti,2022,aiddata,grant,18709398.801366,1,constant_2023_usd
DJI::aiddata::grant,DJI,Djibouti,2023,aiddata,grant,557135.407418,3,constant_2023_usd
DZA::aiddata::grant,DZA,Algeria,2003,aiddata,grant,1359193.045706,1,constant_2023_usd
DZA::aiddata::loan,DZA,Algeria,2003,aiddata,loan,45000698.411717,1,constant_2023_usd
DZA::cla::loan,DZA,Algeria,2003,cla,loan,40000000.0,1,nominal_usd
DZA::aiddata::grant,DZA,Algeria,2004,aiddata,grant,2541688.144252,1,constant_2023_usd
DZA::aiddata::loan,DZA,Algeria,2005,aiddata,loan,60129915.570988,1,constant_2023_usd
DZA::aiddata::grant,DZA,Algeria,2007,aiddata,grant,852627.09116,2,constant_2023_usd
DZA::aiddata::grant,DZA,Algeria,2009,aiddata,grant,1927250.483428,1,constant_2023_usd
DZA::aiddata::grant,DZA,Algeria,2010,aiddata,grant,60800533.642724,1,constant_2023_usd
DZA::aiddata::grant,DZA,Algeria,2016,aiddata,grant,19045168.793956,2,constant_2023_usd
DZA::aiddata::grant,DZA,Algeria,2017,aiddata,grant,31494926.124369,1,constant_2023_usd
DZA::aiddata::grant,DZA,Algeria,2018,aiddata,grant,146727.278968,2,constant_2023_usd
DZA::aiddata::grant,DZA,Algeria,2020,aiddata,grant,7012075.743541,3,constant_2023_usd
DZA::chapo::grant,DZA,Algeria,2020,chapo,grant,7590471.003025,3,constant_2021_usd
DZA::aiddata::grant,DZA,Algeria,2021,aiddata,grant,56435068.195295,2,constant_2023_usd
DZA::chapo::grant,DZA,Algeria,2021,chapo,grant,61200000.0,2,constant_2021_usd
DZA::aiddata::grant,DZA,Algeria,2022,aiddata,grant,53193.674274,1,constant_2023_usd
DZA::aiddata::grant,DZA,Algeria,2023,aiddata,grant,22098.340562,2,constant_2023_usd
EGY::aiddata::grant,EGY,Egypt,2002,aiddata,grant,17601793.143093,2,constant_2023_usd
EGY::cla::loan,EGY,Egypt,2002,cla,loan,12080000.0,1,nominal_usd
EGY::aiddata::grant,EGY,Egypt,2003,aiddata,grant,2718386.091411,1,constant_2023_usd
EGY::aiddata::grant,EGY,Egypt,2004,aiddata,grant,27958569.586775,2,constant_2023_usd
EGY::aiddata::loan,EGY,Egypt,2005,aiddata,loan,31805480.547215,1,constant_2023_usd
EGY::cla::loan,EGY,Egypt,2005,cla,loan,16300000.0,1,nominal_usd
EGY::aiddata::grant,EGY,Egypt,2006,aiddata,grant,8238204.965671,1,constant_2023_usd
EGY::cla::loan,EGY,Egypt,2006,cla,loan,59740000.0,1,nominal_usd
EGY::aiddata::grant,EGY,Egypt,2007,aiddata,grant,696195.539845,1,constant_2023_usd
EGY::aiddata::loan,EGY,Egypt,2007,aiddata,loan,545790785.884015,1,constant_2023_usd
EGY::aiddata::grant,EGY,Egypt,2008,aiddata,grant,14248.800326,1,constant_2023_usd
EGY::aiddata::grant,EGY,Egypt,2009,aiddata,grant,6272684.777594,3,constant_2023_usd
EGY::aiddata::loan,EGY,Egypt,2009,aiddata,loan,147197006.706861,2,constant_2023_usd
EGY::chapo::grant,EGY,Egypt,2009,chapo,grant,81152.425531,1,constant_2021_usd
EGY::aiddata::grant,EGY,Egypt,2010,aiddata,grant,128613.84731,1,constant_2023_usd
EGY::aiddata::loan,EGY,Egypt,2010,aiddata,loan,1286138.473102,1,constant_2023_usd
EGY::aiddata::grant,EGY,Egypt,2011,aiddata,grant,15384139.500615,2,constant_2023_usd
EGY::aiddata::grant,EGY,Egypt,2012,aiddata,grant,5497576.536363,1,constant_2023_usd
EGY::aiddata::loan,EGY,Egypt,2012,aiddata,loan,446532947.775966,3,constant_2023_usd
EGY::cla::loan,EGY,Egypt,2012,cla,loan,200000000.0,1,nominal_usd
EGY::codf::loan,EGY,Egypt,2012,codf,loan,200000000.0,1,nominal_usd
EGY::aiddata::grant,EGY,Egypt,2014,aiddata,grant,108580.90573,1,constant_2023_usd
EGY::aiddata::grant,EGY,Egypt,2015,aiddata,grant,4993502.029894,1,constant_2023_usd
EGY::aiddata::loan,EGY,Egypt,2015,aiddata,loan,104619838.140144,1,constant_2023_usd
EGY::cla::loan,EGY,Egypt,2015,cla,loan,100000000.0,1,nominal_usd
EGY::codf::loan,EGY,Egypt,2015,codf,loan,100000000.0,1,nominal_usd
EGY::aiddata::grant,EGY,Egypt,2016,aiddata,grant,49324081.897644,4,constant_2023_usd
EGY::aiddata::loan,EGY,Egypt,2016,aiddata,loan,1963298831.017467,3,constant_2023_usd
EGY::cla::loan,EGY,Egypt,2016,cla,loan,1700000000.0,3,nominal_usd
EGY::codf::loan,EGY,Egypt,2016,codf,loan,1700000000.0,3,nominal_usd
EGY::aiddata::grant,EGY,Egypt,2017,aiddata,grant,30262804.402182,3,constant_2023_usd
EGY::aiddata::loan,EGY,Egypt,2017,aiddata,loan,4432323443.284571,14,constant_2023_usd
EGY::cgef::loan,EGY,Egypt,2017,cgef,loan,690000000.0,1,nominal_usd
EGY::chapo::grant,EGY,Egypt,2017,chapo,grant,115233.815702,1,constant_2021_usd
EGY::cla::loan,EGY,Egypt,2017,cla,loan,1190000000.0,2,nominal_usd
EGY::codf::loan,EGY,Egypt,2017,codf,loan,500000000.0,1,nominal_usd
EGY::cofi::equity,EGY,Egypt,2017,cofi,equity,19760000.0,2,nominal_usd
EGY::cofi::loan,EGY,Egypt,2017,cofi,loan,133000000.0,3,nominal_usd
EGY::aiddata::grant,EGY,Egypt,2018,aiddata,grant,45678808.915599,2,constant_2023_usd
EGY::aiddata::loan,EGY,Egypt,2018,aiddata,loan,3095246669.183789,9,constant_2023_usd
EGY::cla::loan,EGY,Egypt,2018,cla,loan,2606250000.0,5,nominal_usd
EGY::codf::loan,EGY,Egypt,2018,codf,loan,2352870000.0,3,nominal_usd
EGY::aiddata::grant,EGY,Egypt,2019,aiddata,grant,84406502.749972,2,constant_2023_usd
EGY::aiddata::loan,EGY,Egypt,2019,aiddata,loan,2238406866.404887,10,constant_2023_usd
EGY::cla::loan,EGY,Egypt,2019,cla,loan,461000000.0,1,nominal_usd
EGY::codf::loan,EGY,Egypt,2019,codf,loan,461000000.0,1,nominal_usd
EGY::aiddata::grant,EGY,Egypt,2020,aiddata,grant,5503606.254512,10,constant_2023_usd
EGY::aiddata::loan,EGY,Egypt,2020,aiddata,loan,928560439.210091,8,constant_2023_usd
EGY::chapo::grant,EGY,Egypt,2020,chapo,grant,5947522.97342,9,constant_2021_usd
EGY::aiddata::grant,EGY,Egypt,2021,aiddata,grant,73586902.646805,4,constant_2023_usd
EGY::aiddata::loan,EGY,Egypt,2021,aiddata,loan,825735920.563906,4,constant_2023_usd
EGY::chapo::grant,EGY,Egypt,2021,chapo,grant,79800000.0,4,constant_2021_usd
EGY::aiddata::grant,EGY,Egypt,2022,aiddata,grant,170088888.666445,2,constant_2023_usd
EGY::aiddata::loan,EGY,Egypt,2022,aiddata,loan,318437747.275771,4,constant_2023_usd
EGY::aiddata::grant,EGY,Egypt,2023,aiddata,grant,2700000.0,1,constant_2023_usd
EGY::aiddata::loan,EGY,Egypt,2023,aiddata,loan,1304638565.604078,4,constant_2023_usd
EGY::cla::loan,EGY,Egypt,2023,cla,loan,1288400000.0,2,nominal_usd
EGY::codf::loan,EGY,Egypt,2023,codf,loan,1288140000.0,2,nominal_usd
EGY::cla::loan,EGY,Egypt,2024,cla,loan,76500000.0,1,nominal_usd
EGY::codf::loan,EGY,Egypt,2024,codf,loan,76500000.0,1,nominal_usd
ERI::aiddata::loan,ERI,Eritrea,2000,aiddata,loan,22907065.099911,1,constant_2023_usd
ERI::chapo::loan,ERI,Eritrea,2000,chapo,loan,24801200.057924,1,constant_2021_usd
ERI::cla::loan,ERI,Eritrea,2000,cla,loan,10000000.0,1,nominal_usd
ERI::aiddata::debt_relief,ERI,Eritrea,2001,aiddata,debt_relief,6967565.226204,1,constant_2023_usd
ERI::aiddata::grant,ERI,Eritrea,2002,aiddata,grant,5540604.705645,1,constant_2023_usd
ERI::aiddata::debt_relief,ERI,Eritrea,2003,aiddata,debt_relief,6750104.761758,1,constant_2023_usd
ERI::aiddata::grant,ERI,Eritrea,2003,aiddata,grant,4500069.841172,1,constant_2023_usd
ERI::cancel::debt_relief,ERI,Eritrea,2003,cancel,debt_relief,3000000.0,1,nominal_usd
ERI::aiddata::grant,ERI,Eritrea,2005,aiddata,grant,14677169.695859,1,constant_2023_usd
ERI::aiddata::loan,ERI,Eritrea,2006,aiddata,loan,39072629.265756,1,constant_2023_usd
ERI::cla::loan,ERI,Eritrea,2006,cla,loan,65070000.0,2,nominal_usd
ERI::aiddata::debt_relief,ERI,Eritrea,2007,aiddata,debt_relief,10922412.021096,1,constant_2023_usd
ERI::aiddata::grant,ERI,Eritrea,2007,aiddata,grant,16628752.236788,2,constant_2023_usd
ERI::aiddata::loan,ERI,Eritrea,2007,aiddata,loan,209928167.487638,2,constant_2023_usd
ERI::chapo::grant,ERI,Eritrea,2007,chapo,grant,14193.110062,1,constant_2021_usd
ERI::aiddata::grant,ERI,Eritrea,2009,aiddata,grant,6936588.848712,1,constant_2023_usd
ERI::aiddata::loan,ERI,Eritrea,2009,aiddata,loan,12387829.279435,1,constant_2023_usd
ERI::chapo::grant,ERI,Eritrea,2009,chapo,grant,7510050.241374,1,constant_2021_usd
ERI::aiddata::loan,ERI,Eritrea,2010,aiddata,loan,84885139.224737,2,constant_2023_usd
ERI::cla::loan,ERI,Eritrea,2010,cla,loan,6000000.0,1,nominal_usd
ERI::aiddata::loan,ERI,Eritrea,2011,aiddata,loan,139789149.18058,2,constant_2023_usd
ERI::cla::loan,ERI,Eritrea,2011,cla,loan,100000000.0,1,nominal_usd
ERI::codf::loan,ERI,Eritrea,2011,codf,loan,100000000.0,1,nominal_usd
ERI::aiddata::grant,ERI,Eritrea,2012,aiddata,grant,4118507.770749,1,constant_2023_usd
ERI::aiddata::loan,ERI,Eritrea,2012,aiddata,loan,174931687.589088,2,constant_2023_usd
ERI::cla::loan,ERI,Eritrea,2012,cla,loan,161400000.0,2,nominal_usd
ERI::codf::loan,ERI,Eritrea,2012,codf,loan,161380000.0,2,nominal_usd
ERI::aiddata::loan,ERI,Eritrea,2013,aiddata,loan,110634928.151862,1,constant_2023_usd
ERI::aiddata::grant,ERI,Eritrea,2014,aiddata,grant,29960130.054628,1,constant_2023_usd
ERI::aiddata::loan,ERI,Eritrea,2014,aiddata,loan,101119543.637765,1,constant_2023_usd
ERI::cgef::loan,ERI,Eritrea,2014,cgef,loan,98000000.0,1,nominal_usd
ERI::cla::loan,ERI,Eritrea,2014,cla,loan,98000000.0,1,nominal_usd
ERI::codf::loan,ERI,Eritrea,2014,codf,loan,98000000.0,1,nominal_usd
ERI::cofi::loan,ERI,Eritrea,2014,cofi,loan,100000000.0,1,nominal_usd
ERI::aiddata::grant,ERI,Eritrea,2015,aiddata,grant,998700.405979,1,constant_2023_usd
ERI::aiddata::loan,ERI,Eritrea,2015,aiddata,loan,100958143.805239,1,constant_2023_usd
ERI::chapo::grant,ERI,Eritrea,2015,chapo,grant,1071323.648443,1,constant_2021_usd
ERI::cla::loan,ERI,Eritrea,2015,cla,loan,96460000.0,1,nominal_usd
ERI::codf::loan,ERI,Eritrea,2015,codf,loan,96460000.0,1,nominal_usd
ERI::aiddata::debt_relief,ERI,Eritrea,2016,aiddata,debt_relief,7635051.009512,1,constant_2023_usd
ERI::aiddata::loan,ERI,Eritrea,2016,aiddata,loan,41035009.898207,1,constant_2023_usd
ERI::cancel::debt_relief,ERI,Eritrea,2016,cancel,debt_relief,7000000.0,1,nominal_usd
ERI::aiddata::grant,ERI,Eritrea,2017,aiddata,grant,629898.522487,1,constant_2023_usd
ERI::aiddata::loan,ERI,Eritrea,2018,aiddata,loan,88151555.366473,1,constant_2023_usd
ERI::cla::loan,ERI,Eritrea,2018,cla,loan,87000000.0,1,nominal_usd
ERI::codf::loan,ERI,Eritrea,2018,codf,loan,87000000.0,1,nominal_usd
ERI::aiddata::loan,ERI,Eritrea,2023,aiddata,loan,291000000.0,2,constant_2023_usd
ERI::cla::loan,ERI,Eritrea,2023,cla,loan,85800000.0,1,nominal_usd
ETH::aiddata::grant,ETH,Ethiopia,2000,aiddata,grant,531357.555379,2,constant_2023_usd
ETH::aiddata::debt_relief,ETH,Ethiopia,2001,aiddata,debt_relief,284648264.707834,1,constant_2023_usd
ETH::aiddata::grant,ETH,Ethiopia,2001,aiddata,grant,232252.174207,1,constant_2023_usd
ETH::aiddata::loan,ETH,Ethiopia,2001,aiddata,loan,35766834.827845,2,constant_2023_usd
ETH::cancel::debt_relief,ETH,Ethiopia,2001,cancel,debt_relief,122560000.0,1,nominal_usd
ETH::cla::loan,ETH,Ethiopia,2001,cla,loan,13000000.0,2,nominal_usd
ETH::aiddata::grant,ETH,Ethiopia,2002,aiddata,grant,4691311.236386,2,constant_2023_usd
ETH::cofi::loan,ETH,Ethiopia,2002,cofi,loan,50000000.0,1,nominal_usd
ETH::aiddata::grant,ETH,Ethiopia,2003,aiddata,grant,41340736.727094,2,constant_2023_usd
ETH::aiddata::loan,ETH,Ethiopia,2003,aiddata,loan,13591930.457056,1,constant_2023_usd
ETH::aiddata::loan,ETH,Ethiopia,2004,aiddata,loan,15250128.865513,1,constant_2023_usd
ETH::aiddata::grant,ETH,Ethiopia,2005,aiddata,grant,833600.619629,3,constant_2023_usd
ETH::aiddata::grant,ETH,Ethiopia,2006,aiddata,grant,21916722.651975,5,constant_2023_usd
ETH::aiddata::loan,ETH,Ethiopia,2006,aiddata,loan,2917152651.23793,4,constant_2023_usd
ETH::cla::loan,ETH,Ethiopia,2006,cla,loan,1933440000.0,4,nominal_usd
ETH::aiddata::debt_relief,ETH,Ethiopia,2007,aiddata,debt_relief,30738943.883373,1,constant_2023_usd
ETH::aiddata::grant,ETH,Ethiopia,2007,aiddata,grant,95623038.945302,3,constant_2023_usd
ETH::cancel::debt_relief,ETH,Ethiopia,2007,cancel,debt_relief,18500000.0,1,nominal_usd
ETH::cgef::loan,ETH,Ethiopia,2007,cgef,loan,120640000.0,2,nominal_usd
ETH::cla::loan,ETH,Ethiopia,2007,cla,loan,211670000.0,3,nominal_usd
ETH::cofi::loan,ETH,Ethiopia,2007,cofi,loan,116000000.0,1,nominal_usd
ETH::aiddata::grant,ETH,Ethiopia,2008,aiddata,grant,32189828.149279,8,constant_2023_usd
ETH::aiddata::loan,ETH,Ethiopia,2008,aiddata,loan,709647640.588716,16,constant_2023_usd
ETH::cgef::loan,ETH,Ethiopia,2008,cgef,loan,191500000.0,4,nominal_usd
ETH::chapo::grant,ETH,Ethiopia,2008,chapo,grant,18881145.921864,3,constant_2021_usd
ETH::cla::loan,ETH,Ethiopia,2008,cla,loan,191570000.0,4,nominal_usd
ETH::codf::loan,ETH,Ethiopia,2008,codf,loan,191500000.0,4,nominal_usd
ETH::aiddata::grant,ETH,Ethiopia,2009,aiddata,grant,1109854.215794,1,constant_2023_usd
ETH::aiddata::loan,ETH,Ethiopia,2009,aiddata,loan,484173901.640066,1,constant_2023_usd
ETH::cgef::loan,ETH,Ethiopia,2009,cgef,loan,270000000.0,1,nominal_usd
ETH::cla::loan,ETH,Ethiopia,2009,cla,loan,619000000.0,2,nominal_usd
ETH::codf::loan,ETH,Ethiopia,2009,codf,loan,619000000.0,2,nominal_usd
ETH::cofi::loan,ETH,Ethiopia,2009,cofi,loan,1050800000.0,5,nominal_usd
ETH::aiddata::grant,ETH,Ethiopia,2010,aiddata,grant,13848030.115008,3,constant_2023_usd
ETH::aiddata::loan,ETH,Ethiopia,2010,aiddata,loan,1789007977.930831,10,constant_2023_usd
ETH::cgef::loan,ETH,Ethiopia,2010,cgef,loan,99450000.0,1,nominal_usd
ETH::cla::loan,ETH,Ethiopia,2010,cla,loan,579380000.0,5,nominal_usd
ETH::codf::loan,ETH,Ethiopia,2010,codf,loan,124860000.0,2,nominal_usd
ETH::cofi::loan,ETH,Ethiopia,2010,cofi,loan,524000000.0,2,nominal_usd
ETH::aiddata::grant,ETH,Ethiopia,2011,aiddata,grant,38808346.012346,10,constant_2023_usd
ETH::aiddata::loan,ETH,Ethiopia,2011,aiddata,loan,1077089872.591477,8,constant_2023_usd
ETH::cgef::loan,ETH,Ethiopia,2011,cgef,loan,188300000.0,1,nominal_usd
ETH::cla::loan,ETH,Ethiopia,2011,cla,loan,995640000.0,6,nominal_usd
ETH::codf::loan,ETH,Ethiopia,2011,codf,loan,991000000.0,5,nominal_usd
ETH::cofi::loan,ETH,Ethiopia,2011,cofi,loan,277000000.0,1,nominal_usd
ETH::aiddata::grant,ETH,Ethiopia,2012,aiddata,grant,45888011.335649,8,constant_2023_usd
ETH::aiddata::loan,ETH,Ethiopia,2012,aiddata,loan,38991562.781436,1,constant_2023_usd
ETH::cla::loan,ETH,Ethiopia,2012,cla,loan,276350000.0,5,nominal_usd
ETH::codf::loan,ETH,Ethiopia,2012,codf,loan,248000000.0,3,nominal_usd
ETH::aiddata::grant,ETH,Ethiopia,2013,aiddata,grant,4265326.448437,1,constant_2023_usd
ETH::aiddata::loan,ETH,Ethiopia,2013,aiddata,loan,6622523894.017205,16,constant_2023_usd
ETH::cgef::loan,ETH,Ethiopia,2013,cgef,loan,293300000.0,1,nominal_usd
ETH::cla::loan,ETH,Ethiopia,2013,cla,loan,5791760000.0,12,nominal_usd
ETH::codf::loan,ETH,Ethiopia,2013,codf,loan,3930170000.0,9,nominal_usd
ETH::cofi::loan,ETH,Ethiopia,2013,cofi,loan,293250000.0,1,nominal_usd
ETH::aiddata::grant,ETH,Ethiopia,2014,aiddata,grant,3716196.913409,3,constant_2023_usd
ETH::aiddata::loan,ETH,Ethiopia,2014,aiddata,loan,1300396124.620674,8,constant_2023_usd
ETH::cla::loan,ETH,Ethiopia,2014,cla,loan,1148250000.0,7,nominal_usd
ETH::codf::loan,ETH,Ethiopia,2014,codf,loan,687000000.0,2,nominal_usd
ETH::cofi::loan,ETH,Ethiopia,2014,cofi,loan,446400000.0,2,nominal_usd
ETH::aiddata::grant,ETH,Ethiopia,2015,aiddata,grant,50081618.141006,3,constant_2023_usd
ETH::aiddata::loan,ETH,Ethiopia,2015,aiddata,loan,684722019.595102,3,constant_2023_usd
ETH::cgef::loan,ETH,Ethiopia,2015,cgef,loan,31000000.0,1,nominal_usd
ETH::cla::loan,ETH,Ethiopia,2015,cla,loan,31000000.0,1,nominal_usd
ETH::codf::loan,ETH,Ethiopia,2015,codf,loan,31000000.0,1,nominal_usd
ETH::aiddata::grant,ETH,Ethiopia,2016,aiddata,grant,24118580.778264,6,constant_2023_usd
ETH::aiddata::loan,ETH,Ethiopia,2016,aiddata,loan,933462480.65543,6,constant_2023_usd
ETH::cgef::loan,ETH,Ethiopia,2016,cgef,loan,560870000.0,3,nominal_usd
ETH::cla::loan,ETH,Ethiopia,2016,cla,loan,780910000.0,5,nominal_usd
ETH::codf::loan,ETH,Ethiopia,2016,codf,loan,780910000.0,5,nominal_usd
ETH::aiddata::grant,ETH,Ethiopia,2017,aiddata,grant,22154392.406918,3,constant_2023_usd
ETH::aiddata::loan,ETH,Ethiopia,2017,aiddata,loan,937078654.084336,7,constant_2023_usd
ETH::cgef::loan,ETH,Ethiopia,2017,cgef,loan,301990000.0,2,nominal_usd
ETH::chapo::grant,ETH,Ethiopia,2017,chapo,grant,24008.949998,1,constant_2021_usd
ETH::cla::loan,ETH,Ethiopia,2017,cla,loan,639560000.0,5,nominal_usd
ETH::codf::loan,ETH,Ethiopia,2017,codf,loan,621280000.0,4,nominal_usd
ETH::cofi::loan,ETH,Ethiopia,2017,cofi,loan,218705000.0,1,nominal_usd
ETH::aiddata::grant,ETH,Ethiopia,2018,aiddata,grant,138531001.095146,5,constant_2023_usd
ETH::aiddata::loan,ETH,Ethiopia,2018,aiddata,loan,244961152.953245,2,constant_2023_usd
ETH::cla::loan,ETH,Ethiopia,2018,cla,loan,243270000.0,2,nominal_usd
ETH::codf::loan,ETH,Ethiopia,2018,codf,loan,161630000.0,1,nominal_usd
ETH::restruct::loan,ETH,Ethiopia,2018,restruct,loan,2490000000.0,1,nominal_usd
ETH::aiddata::grant,ETH,Ethiopia,2019,aiddata,grant,82286274.833312,5,constant_2023_usd
ETH::chapo::grant,ETH,Ethiopia,2019,chapo,grant,83041.084698,1,constant_2021_usd
ETH::cla::loan,ETH,Ethiopia,2019,cla,loan,500000000.0,1,nominal_usd
ETH::aiddata::grant,ETH,Ethiopia,2020,aiddata,grant,14097151.545093,19,constant_2023_usd
ETH::chapo::grant,ETH,Ethiopia,2020,chapo,grant,4480147.937992,14,constant_2021_usd
ETH::aiddata::grant,ETH,Ethiopia,2021,aiddata,grant,63906997.444697,9,constant_2023_usd
ETH::chapo::grant,ETH,Ethiopia,2021,chapo,grant,67302799.990974,8,constant_2021_usd
ETH::aiddata::grant,ETH,Ethiopia,2022,aiddata,grant,76200361.983574,5,constant_2023_usd
ETH::aiddata::grant,ETH,Ethiopia,2023,aiddata,grant,24831219.967334,2,constant_2023_usd
GAB::aiddata::loan,GAB,Gabon,2000,aiddata,loan,14316915.687444,1,constant_2023_usd
GAB::cla::loan,GAB,Gabon,2000,cla,loan,6040000.0,1,nominal_usd
GAB::aiddata::grant,GAB,Gabon,2001,aiddata,grant,1402972.024894,1,constant_2023_usd
GAB::aiddata::loan,GAB,Gabon,2001,aiddata,loan,16835664.298727,1,constant_2023_usd
GAB::cla::loan,GAB,Gabon,2001,cla,loan,7250000.0,1,nominal_usd
GAB::aiddata::grant,GAB,Gabon,2002,aiddata,grant,780962.183588,1,constant_2023_usd
GAB::cla::loan,GAB,Gabon,2003,cla,loan,4830000.0,1,nominal_usd
GAB::cla::loan,GAB,Gabon,2004,cla,loan,10870000.0,2,nominal_usd
GAB::aiddata::loan,GAB,Gabon,2005,aiddata,loan,733858.484793,1,constant_2023_usd
GAB::chapo::loan,GAB,Gabon,2005,chapo,loan,794601.560207,1,constant_2021_usd
GAB::cla::loan,GAB,Gabon,2005,cla,loan,2750000.0,1,nominal_usd
GAB::aiddata::loan,GAB,Gabon,2006,aiddata,loan,11768864.236674,1,constant_2023_usd
GAB::cla::loan,GAB,Gabon,2006,cla,loan,6280000.0,1,nominal_usd
GAB::aiddata::grant,GAB,Gabon,2007,aiddata,grant,109224.120211,1,constant_2023_usd
GAB::aiddata::loan,GAB,Gabon,2007,aiddata,loan,6511505.150497,1,constant_2023_usd
GAB::cla::loan,GAB,Gabon,2007,cla,loan,3940000.0,1,nominal_usd
GAB::aiddata::grant,GAB,Gabon,2008,aiddata,grant,6079527.444732,1,constant_2023_usd
GAB::aiddata::loan,GAB,Gabon,2008,aiddata,loan,521125051.144354,2,constant_2023_usd
GAB::cgef::loan,GAB,Gabon,2008,cgef,loan,370000000.0,2,nominal_usd
GAB::cla::loan,GAB,Gabon,2008,cla,loan,378630000.0,3,nominal_usd
GAB::codf::loan,GAB,Gabon,2008,codf,loan,370000000.0,2,nominal_usd
GAB::cofi::loan,GAB,Gabon,2008,cofi,loan,336000000.0,1,nominal_usd
GAB::aiddata::loan,GAB,Gabon,2009,aiddata,loan,394703144.740335,3,constant_2023_usd
GAB::cla::loan,GAB,Gabon,2009,cla,loan,7320000.0,1,nominal_usd
GAB::aiddata::grant,GAB,Gabon,2010,aiddata,grant,2565022.513052,3,constant_2023_usd
GAB::aiddata::loan,GAB,Gabon,2010,aiddata,loan,156546751.604599,2,constant_2023_usd
GAB::chapo::grant,GAB,Gabon,2010,chapo,grant,2057480.169465,1,constant_2021_usd
GAB::cla::loan,GAB,Gabon,2010,cla,loan,33980000.0,3,nominal_usd
GAB::aiddata::loan,GAB,Gabon,2011,aiddata,loan,158525625.110883,2,constant_2023_usd
GAB::cgef::loan,GAB,Gabon,2011,cgef,loan,131580000.0,1,nominal_usd
GAB::cla::loan,GAB,Gabon,2011,cla,loan,146280000.0,2,nominal_usd
GAB::codf::loan,GAB,Gabon,2011,codf,loan,131580000.0,1,nominal_usd
GAB::aiddata::grant,GAB,Gabon,2013,aiddata,grant,798766.293561,1,constant_2023_usd
GAB::aiddata::loan,GAB,Gabon,2013,aiddata,loan,657647876.420975,2,constant_2023_usd
GAB::cla::loan,GAB,Gabon,2013,cla,loan,639450000.0,2,nominal_usd
GAB::codf::loan,GAB,Gabon,2013,codf,loan,645730000.0,2,nominal_usd
GAB::cla::loan,GAB,Gabon,2014,cla,loan,118580000.0,1,nominal_usd
GAB::aiddata::loan,GAB,Gabon,2015,aiddata,loan,373649842.643847,5,constant_2023_usd
GAB::cla::loan,GAB,Gabon,2015,cla,loan,284400000.0,4,nominal_usd
GAB::codf::loan,GAB,Gabon,2015,codf,loan,100790000.0,1,nominal_usd
GAB::aiddata::grant,GAB,Gabon,2016,aiddata,grant,24089520.490722,2,constant_2023_usd
GAB::aiddata::loan,GAB,Gabon,2016,aiddata,loan,79180966.388876,1,constant_2023_usd
GAB::cla::loan,GAB,Gabon,2016,cla,loan,102850000.0,1,nominal_usd
GAB::codf::loan,GAB,Gabon,2016,codf,loan,102850000.0,1,nominal_usd
GAB::aiddata::grant,GAB,Gabon,2018,aiddata,grant,22822467.666451,1,constant_2023_usd
GAB::aiddata::loan,GAB,Gabon,2018,aiddata,loan,35844844.451474,1,constant_2023_usd
GAB::cgef::loan,GAB,Gabon,2018,cgef,loan,3110000.0,1,nominal_usd
GAB::chapo::grant,GAB,Gabon,2018,chapo,grant,24717432.407482,1,constant_2021_usd
GAB::cla::loan,GAB,Gabon,2018,cla,loan,55590000.0,3,nominal_usd
GAB::cofi::loan,GAB,Gabon,2018,cofi,loan,3110000.0,1,nominal_usd
GAB::aiddata::loan,GAB,Gabon,2019,aiddata,loan,37398063.330309,1,constant_2023_usd
GAB::cla::loan,GAB,Gabon,2019,cla,loan,137280000.0,1,nominal_usd
GAB::codf::loan,GAB,Gabon,2019,codf,loan,137810000.0,1,nominal_usd
GAB::aiddata::grant,GAB,Gabon,2020,aiddata,grant,66650.00486,1,constant_2023_usd
GAB::aiddata::loan,GAB,Gabon,2020,aiddata,loan,52570355.473064,1,constant_2023_usd
GAB::chapo::grant,GAB,Gabon,2020,chapo,grant,72147.670354,1,constant_2021_usd
GAB::aiddata::grant,GAB,Gabon,2021,aiddata,grant,13278839.575362,4,constant_2023_usd
GAB::aiddata::loan,GAB,Gabon,2021,aiddata,loan,10848725.143271,1,constant_2023_usd
GAB::chapo::grant,GAB,Gabon,2021,chapo,grant,14400000.0,4,constant_2021_usd
GAB::aiddata::grant,GAB,Gabon,2023,aiddata,grant,14000000.0,1,constant_2023_usd
GHA::aiddata::grant,GHA,Ghana,2000,aiddata,grant,24178584.524062,2,constant_2023_usd
GHA::aiddata::loan,GHA,Ghana,2000,aiddata,loan,61557683.391437,2,constant_2023_usd
GHA::chapo::grant,GHA,Ghana,2000,chapo,grant,20531653.830362,1,constant_2021_usd
GHA::cla::loan,GHA,Ghana,2000,cla,loan,25970000.0,2,nominal_usd
GHA::aiddata::debt_relief,GHA,Ghana,2002,aiddata,debt_relief,123509313.229995,1,constant_2023_usd
GHA::aiddata::grant,GHA,Ghana,2002,aiddata,grant,6233180.29385,2,constant_2023_usd
GHA::cancel::debt_relief,GHA,Ghana,2002,cancel,debt_relief,53500000.0,1,nominal_usd
GHA::aiddata::grant,GHA,Ghana,2003,aiddata,grant,5436772.182822,1,constant_2023_usd
GHA::aiddata::loan,GHA,Ghana,2003,aiddata,loan,91517856.105049,2,constant_2023_usd
GHA::cla::loan,GHA,Ghana,2003,cla,loan,44220000.0,3,nominal_usd
GHA::aiddata::grant,GHA,Ghana,2004,aiddata,grant,145157.804629,2,constant_2023_usd
GHA::aiddata::grant,GHA,Ghana,2005,aiddata,grant,2808112.642969,2,constant_2023_usd
GHA::aiddata::grant,GHA,Ghana,2006,aiddata,grant,470754.569467,1,constant_2023_usd
GHA::aiddata::loan,GHA,Ghana,2006,aiddata,loan,208293286.310495,2,constant_2023_usd
GHA::cancel::debt_relief,GHA,Ghana,2006,cancel,debt_relief,83000000.0,1,nominal_usd
GHA::chapo::grant,GHA,Ghana,2006,chapo,grant,509747.462563,1,constant_2021_usd
GHA::cla::loan,GHA,Ghana,2006,cla,loan,111000000.0,2,nominal_usd
GHA::aiddata::debt_relief,GHA,Ghana,2007,aiddata,debt_relief,41539113.355909,1,constant_2023_usd
GHA::aiddata::grant,GHA,Ghana,2007,aiddata,grant,8699951.901262,2,constant_2023_usd
GHA::aiddata::loan,GHA,Ghana,2007,aiddata,loan,537526199.229667,2,constant_2023_usd
GHA::cancel::debt_relief,GHA,Ghana,2007,cancel,debt_relief,24000000.0,1,nominal_usd
GHA::cgef::loan,GHA,Ghana,2007,cgef,loan,598000000.0,2,nominal_usd
GHA::chapo::grant,GHA,Ghana,2007,chapo,grant,424626.394361,1,constant_2021_usd
GHA::cla::loan,GHA,Ghana,2007,cla,loan,330100000.0,4,nominal_usd
GHA::cofi::loan,GHA,Ghana,2007,cofi,loan,598000000.0,1,nominal_usd
GHA::aiddata::grant,GHA,Ghana,2008,aiddata,grant,3098581.385183,1,constant_2023_usd
GHA::aiddata::loan,GHA,Ghana,2008,aiddata,loan,1310362974.480929,4,constant_2023_usd
GHA::chapo::grant,GHA,Ghana,2008,chapo,grant,381146.480487,1,constant_2021_usd
GHA::cla::loan,GHA,Ghana,2008,cla,loan,510400000.0,5,nominal_usd
GHA::cofi::equity,GHA,Ghana,2008,cofi,equity,200000000.0,1,nominal_usd
GHA::aiddata::grant,GHA,Ghana,2009,aiddata,grant,10775297.117589,3,constant_2023_usd
GHA::aiddata::loan,GHA,Ghana,2009,aiddata,loan,100895836.790482,2,constant_2023_usd
GHA::chapo::grant,GHA,Ghana,2009,chapo,grant,11606031.643019,2,constant_2021_usd
GHA::cla::loan,GHA,Ghana,2009,cla,loan,35800000.0,2,nominal_usd
GHA::codf::loan,GHA,Ghana,2009,codf,loan,30000000.0,1,nominal_usd
GHA::aiddata::grant,GHA,Ghana,2010,aiddata,grant,64306.923655,1,constant_2023_usd
GHA::aiddata::loan,GHA,Ghana,2010,aiddata,loan,503737567.774219,3,constant_2023_usd
GHA::cla::loan,GHA,Ghana,2010,cla,loan,421500000.0,3,nominal_usd
GHA::codf::loan,GHA,Ghana,2010,codf,loan,260000000.0,1,nominal_usd
GHA::aiddata::grant,GHA,Ghana,2011,aiddata,grant,49091613.443192,5,constant_2023_usd
GHA::aiddata::loan,GHA,Ghana,2011,aiddata,loan,224245552.950428,5,constant_2023_usd
GHA::chapo::grant,GHA,Ghana,2011,chapo,grant,736266.246075,2,constant_2021_usd
GHA::cla::loan,GHA,Ghana,2011,cla,loan,157500000.0,2,nominal_usd
GHA::codf::loan,GHA,Ghana,2011,codf,loan,157500000.0,2,nominal_usd
GHA::aiddata::grant,GHA,Ghana,2012,aiddata,grant,19964025.22186,3,constant_2023_usd
GHA::aiddata::loan,GHA,Ghana,2012,aiddata,loan,1446737064.260642,7,constant_2023_usd
GHA::cgef::loan,GHA,Ghana,2012,cgef,loan,1001560000.0,3,nominal_usd
GHA::chapo::grant,GHA,Ghana,2012,chapo,grant,352237.067378,1,constant_2021_usd
GHA::cla::loan,GHA,Ghana,2012,cla,loan,1329160000.0,7,nominal_usd
GHA::codf::loan,GHA,Ghana,2012,codf,loan,1065160000.0,5,nominal_usd
GHA::cofi::loan,GHA,Ghana,2012,cofi,loan,161000000.0,1,nominal_usd
GHA::aiddata::grant,GHA,Ghana,2013,aiddata,grant,7197304.708299,2,constant_2023_usd
GHA::aiddata::loan,GHA,Ghana,2013,aiddata,loan,282697339.116555,2,constant_2023_usd
GHA::chapo::grant,GHA,Ghana,2013,chapo,grant,73383.902569,1,constant_2021_usd
GHA::cla::loan,GHA,Ghana,2013,cla,loan,274070000.0,3,nominal_usd
GHA::codf::loan,GHA,Ghana,2013,codf,loan,273410000.0,2,nominal_usd
GHA::aiddata::grant,GHA,Ghana,2014,aiddata,grant,4061768.542945,4,constant_2023_usd
GHA::aiddata::loan,GHA,Ghana,2014,aiddata,loan,174344040.754768,2,constant_2023_usd
GHA::chapo::grant,GHA,Ghana,2014,chapo,grant,898396.36829,1,constant_2021_usd
GHA::aiddata::grant,GHA,Ghana,2015,aiddata,grant,22301985.368278,3,constant_2023_usd
GHA::chapo::grant,GHA,Ghana,2015,chapo,grant,1458958.240453,1,constant_2021_usd
GHA::aiddata::grant,GHA,Ghana,2016,aiddata,grant,1221786.153005,2,constant_2023_usd
GHA::aiddata::loan,GHA,Ghana,2016,aiddata,loan,768885327.249201,9,constant_2023_usd
GHA::chapo::grant,GHA,Ghana,2016,chapo,grant,141889.232842,1,constant_2021_usd
GHA::cla::loan,GHA,Ghana,2016,cla,loan,173130000.0,2,nominal_usd
GHA::aiddata::grant,GHA,Ghana,2017,aiddata,grant,17377408.829435,2,constant_2023_usd
GHA::aiddata::loan,GHA,Ghana,2017,aiddata,loan,528121981.358038,3,constant_2023_usd
GHA::aiddata::grant,GHA,Ghana,2018,aiddata,grant,57789143.16657,12,constant_2023_usd
GHA::aiddata::loan,GHA,Ghana,2018,aiddata,loan,887952947.966719,13,constant_2023_usd
GHA::cla::loan,GHA,Ghana,2018,cla,loan,1091620000.0,11,nominal_usd
GHA::codf::loan,GHA,Ghana,2018,codf,loan,119000000.0,1,nominal_usd
GHA::aiddata::grant,GHA,Ghana,2019,aiddata,grant,106777027.141647,4,constant_2023_usd
GHA::aiddata::loan,GHA,Ghana,2019,aiddata,loan,967908523.293501,6,constant_2023_usd
GHA::cancel::debt_relief,GHA,Ghana,2019,cancel,debt_relief,40000000.0,1,nominal_usd
GHA::chapo::grant,GHA,Ghana,2019,chapo,grant,147421.63388,1,constant_2021_usd
GHA::cla::loan,GHA,Ghana,2019,cla,loan,695640000.0,4,nominal_usd
GHA::codf::loan,GHA,Ghana,2019,codf,loan,595640000.0,3,nominal_usd
GHA::aiddata::grant,GHA,Ghana,2020,aiddata,grant,21822193.461818,13,constant_2023_usd
GHA::aiddata::loan,GHA,Ghana,2020,aiddata,loan,1117924124.502672,10,constant_2023_usd
GHA::chapo::grant,GHA,Ghana,2020,chapo,grant,1932911.82746,12,constant_2021_usd
GHA::cla::loan,GHA,Ghana,2020,cla,loan,473880000.0,3,nominal_usd
GHA::codf::loan,GHA,Ghana,2020,codf,loan,417490000.0,3,nominal_usd
GHA::aiddata::grant,GHA,Ghana,2021,aiddata,grant,929929.9956,2,constant_2023_usd
GHA::aiddata::loan,GHA,Ghana,2021,aiddata,loan,163350803.246228,4,constant_2023_usd
GHA::chapo::grant,GHA,Ghana,2021,chapo,grant,1000000.0,1,constant_2021_usd
GHA::aiddata::grant,GHA,Ghana,2022,aiddata,grant,10394.110445,1,constant_2023_usd
GHA::aiddata::loan,GHA,Ghana,2022,aiddata,loan,198952348.924528,3,constant_2023_usd
GHA::cla::loan,GHA,Ghana,2022,cla,loan,84990000.0,1,nominal_usd
GHA::aiddata::grant,GHA,Ghana,2023,aiddata,grant,71411.69901,3,constant_2023_usd
GHA::aiddata::loan,GHA,Ghana,2023,aiddata,loan,233333333.0,3,constant_2023_usd
GIN::aiddata::debt_relief,GIN,Guinea,2001,aiddata,debt_relief,173914556.932292,1,constant_2023_usd
GIN::aiddata::grant,GIN,Guinea,2002,aiddata,grant,13851511.764112,1,constant_2023_usd
GIN::cla::loan,GIN,Guinea,2003,cla,loan,6040000.0,1,nominal_usd
GIN::aiddata::grant,GIN,Guinea,2004,aiddata,grant,91500773.193081,1,constant_2023_usd
GIN::aiddata::loan,GIN,Guinea,2004,aiddata,loan,4207472.597949,1,constant_2023_usd
GIN::cla::loan,GIN,Guinea,2004,cla,loan,4420000.0,2,nominal_usd
GIN::aiddata::debt_relief,GIN,Guinea,2005,aiddata,debt_relief,90194873.356482,1,constant_2023_usd
GIN::cancel::debt_relief,GIN,Guinea,2005,cancel,debt_relief,45000000.0,1,nominal_usd
GIN::cla::loan,GIN,Guinea,2005,cla,loan,50980000.0,2,nominal_usd
GIN::aiddata::grant,GIN,Guinea,2006,aiddata,grant,3238298.74018,4,constant_2023_usd
GIN::aiddata::loan,GIN,Guinea,2006,aiddata,loan,7506064.371549,1,constant_2023_usd
GIN::aiddata::unspecified,GIN,Guinea,2006,aiddata,unspecified,16888644.835986,1,constant_2023_usd
GIN::chapo::grant,GIN,Guinea,2006,chapo,grant,335838.34393,2,constant_2021_usd
GIN::cla::loan,GIN,Guinea,2006,cla,loan,11510000.0,2,nominal_usd
GIN::aiddata::debt_relief,GIN,Guinea,2007,aiddata,debt_relief,6646258.136945,1,constant_2023_usd
GIN::aiddata::grant,GIN,Guinea,2007,aiddata,grant,2184482.404219,1,constant_2023_usd
GIN::aiddata::loan,GIN,Guinea,2007,aiddata,loan,21920264.556004,1,constant_2023_usd
GIN::cancel::debt_relief,GIN,Guinea,2007,cancel,debt_relief,4000000.0,1,nominal_usd
GIN::cla::loan,GIN,Guinea,2007,cla,loan,13190000.0,1,nominal_usd
GIN::aiddata::grant,GIN,Guinea,2008,aiddata,grant,14084460.841739,1,constant_2023_usd
GIN::chapo::grant,GIN,Guinea,2008,chapo,grant,15245859.219491,1,constant_2021_usd
GIN::aiddata::grant,GIN,Guinea,2011,aiddata,grant,527412.875041,1,constant_2023_usd
GIN::chapo::grant,GIN,Guinea,2011,chapo,grant,570749.027965,1,constant_2021_usd
GIN::cla::loan,GIN,Guinea,2011,cla,loan,3100000.0,1,nominal_usd
GIN::cofi::loan,GIN,Guinea,2011,cofi,loan,335000000.0,1,nominal_usd
GIN::aiddata::loan,GIN,Guinea,2012,aiddata,loan,760840119.754196,1,constant_2023_usd
GIN::aiddata::loan,GIN,Guinea,2013,aiddata,loan,397717057.136578,2,constant_2023_usd
GIN::cgef::loan,GIN,Guinea,2013,cgef,loan,335000000.0,1,nominal_usd
GIN::cla::loan,GIN,Guinea,2013,cla,loan,384650000.0,2,nominal_usd
GIN::codf::loan,GIN,Guinea,2013,codf,loan,385000000.0,2,nominal_usd
GIN::aiddata::grant,GIN,Guinea,2014,aiddata,grant,9009769.103045,4,constant_2023_usd
GIN::aiddata::loan,GIN,Guinea,2014,aiddata,loan,424784127.533085,2,constant_2023_usd
GIN::chapo::grant,GIN,Guinea,2014,chapo,grant,5535476.157042,1,constant_2021_usd
GIN::cla::loan,GIN,Guinea,2014,cla,loan,214000000.0,1,nominal_usd
GIN::codf::loan,GIN,Guinea,2014,codf,loan,214000000.0,1,nominal_usd
GIN::aiddata::grant,GIN,Guinea,2015,aiddata,grant,1681239.850733,2,constant_2023_usd
GIN::aiddata::loan,GIN,Guinea,2015,aiddata,loan,81670994.24203,1,constant_2023_usd
GIN::aiddata::grant,GIN,Guinea,2017,aiddata,grant,20865388.557395,2,constant_2023_usd
GIN::chapo::grant,GIN,Guinea,2017,chapo,grant,17052864.102533,1,constant_2021_usd
GIN::aiddata::grant,GIN,Guinea,2018,aiddata,grant,4564493.53329,1,constant_2023_usd
GIN::aiddata::loan,GIN,Guinea,2018,aiddata,loan,2478395384.392328,8,constant_2023_usd
GIN::cgef::loan,GIN,Guinea,2018,cgef,loan,1175000000.0,1,nominal_usd
GIN::cla::loan,GIN,Guinea,2018,cla,loan,2017450000.0,4,nominal_usd
GIN::codf::loan,GIN,Guinea,2018,codf,loan,1430000000.0,2,nominal_usd
GIN::cofi::loan,GIN,Guinea,2018,cofi,loan,1175000000.0,1,nominal_usd
GIN::aiddata::grant,GIN,Guinea,2019,aiddata,grant,31139624.727224,1,constant_2023_usd
GIN::cofi::loan,GIN,Guinea,2019,cofi,loan,812000000.0,1,nominal_usd
GIN::aiddata::grant,GIN,Guinea,2020,aiddata,grant,509263.814227,1,constant_2023_usd
GIN::aiddata::loan,GIN,Guinea,2020,aiddata,loan,1350539572.170028,2,constant_2023_usd
GIN::chapo::grant,GIN,Guinea,2020,chapo,grant,551270.744378,1,constant_2021_usd
GIN::aiddata::grant,GIN,Guinea,2021,aiddata,grant,4979564.840761,2,constant_2023_usd
GIN::chapo::grant,GIN,Guinea,2021,chapo,grant,9000000.0,3,constant_2021_usd
GIN::aiddata::loan,GIN,Guinea,2023,aiddata,loan,1245999999.0,3,constant_2023_usd
GMB::aiddata::grant,GMB,The Gambia,2016,aiddata,grant,49242011.877848,1,constant_2023_usd
GMB::aiddata::debt_relief,GMB,The Gambia,2017,aiddata,debt_relief,13046773.14702,1,constant_2023_usd
GMB::aiddata::grant,GMB,The Gambia,2017,aiddata,grant,92391276.98393,3,constant_2023_usd
GMB::aiddata::loan,GMB,The Gambia,2017,aiddata,loan,27561376.599253,1,constant_2023_usd
GMB::cancel::debt_relief,GMB,The Gambia,2017,cancel,debt_relief,12320000.0,1,nominal_usd
GMB::chapo::grant,GMB,The Gambia,2017,chapo,grant,119370.048718,1,constant_2021_usd
GMB::cla::loan,GMB,The Gambia,2017,cla,loan,25000000.0,1,nominal_usd
GMB::aiddata::grant,GMB,The Gambia,2018,aiddata,grant,1400435.794862,2,constant_2023_usd
GMB::cla::loan,GMB,The Gambia,2018,cla,loan,25900000.0,1,nominal_usd
GMB::codf::loan,GMB,The Gambia,2018,codf,loan,25900000.0,1,nominal_usd
GMB::aiddata::grant,GMB,The Gambia,2019,aiddata,grant,4712263.73083,4,constant_2023_usd
GMB::chapo::grant,GMB,The Gambia,2019,chapo,grant,381796.044279,3,constant_2021_usd
GMB::aiddata::grant,GMB,The Gambia,2020,aiddata,grant,302400.189654,4,constant_2023_usd
GMB::chapo::grant,GMB,The Gambia,2020,chapo,grant,284105.870885,3,constant_2021_usd
GMB::aiddata::grant,GMB,The Gambia,2021,aiddata,grant,8690559.807922,5,constant_2023_usd
GMB::chapo::grant,GMB,The Gambia,2021,chapo,grant,9380006.104817,4,constant_2021_usd
GMB::aiddata::grant,GMB,The Gambia,2022,aiddata,grant,496870.824199,3,constant_2023_usd
GMB::aiddata::grant,GMB,The Gambia,2023,aiddata,grant,8235.043884,1,constant_2023_usd
GNB::aiddata::debt_relief,GNB,Guinea-Bissau,2001,aiddata,debt_relief,17609282.434267,1,constant_2023_usd
GNB::cancel::debt_relief,GNB,Guinea-Bissau,2001,cancel,debt_relief,5800000.0,1,nominal_usd
GNB::aiddata::grant,GNB,Guinea-Bissau,2002,aiddata,grant,16027029.565535,2,constant_2023_usd
GNB::aiddata::grant,GNB,Guinea-Bissau,2003,aiddata,grant,9234315.267757,2,constant_2023_usd
GNB::chapo::grant,GNB,Guinea-Bissau,2003,chapo,grant,8526223.091325,1,constant_2021_usd
GNB::aiddata::grant,GNB,Guinea-Bissau,2004,aiddata,grant,13341241.461124,3,constant_2023_usd
GNB::aiddata::grant,GNB,Guinea-Bissau,2005,aiddata,grant,4648987.276287,4,constant_2023_usd
GNB::aiddata::grant,GNB,Guinea-Bissau,2006,aiddata,grant,750606.437155,1,constant_2023_usd
GNB::aiddata::grant,GNB,Guinea-Bissau,2007,aiddata,grant,28621274.383578,2,constant_2023_usd
GNB::aiddata::grant,GNB,Guinea-Bissau,2008,aiddata,grant,43098450.175722,3,constant_2023_usd
GNB::chapo::grant,GNB,Guinea-Bissau,2008,chapo,grant,22258954.460456,2,constant_2021_usd
GNB::aiddata::grant,GNB,Guinea-Bissau,2009,aiddata,grant,2039357.121521,1,constant_2023_usd
GNB::aiddata::loan,GNB,Guinea-Bissau,2009,aiddata,loan,10543171.108355,1,constant_2023_usd
GNB::aiddata::grant,GNB,Guinea-Bissau,2010,aiddata,grant,2873377.841157,2,constant_2023_usd
GNB::aiddata::grant,GNB,Guinea-Bissau,2011,aiddata,grant,790828.034922,1,constant_2023_usd
GNB::chapo::grant,GNB,Guinea-Bissau,2011,chapo,grant,855808.330777,1,constant_2021_usd
GNB::aiddata::grant,GNB,Guinea-Bissau,2013,aiddata,grant,8703019.07522,3,constant_2023_usd
GNB::aiddata::grant,GNB,Guinea-Bissau,2014,aiddata,grant,166445.16697,1,constant_2023_usd
GNB::chapo::grant,GNB,Guinea-Bissau,2014,chapo,grant,179679.273658,1,constant_2021_usd
GNB::aiddata::grant,GNB,Guinea-Bissau,2015,aiddata,grant,6714768.732252,4,constant_2023_usd
GNB::aiddata::debt_relief,GNB,Guinea-Bissau,2016,aiddata,debt_relief,32721647.183624,1,constant_2023_usd
GNB::aiddata::grant,GNB,Guinea-Bissau,2016,aiddata,grant,13088.658873,1,constant_2023_usd
GNB::chapo::grant,GNB,Guinea-Bissau,2016,chapo,grant,14169.6541,1,constant_2021_usd
GNB::aiddata::grant,GNB,Guinea-Bissau,2017,aiddata,grant,25038466.268874,1,constant_2023_usd
GNB::aiddata::grant,GNB,Guinea-Bissau,2018,aiddata,grant,29188651.806611,2,constant_2023_usd
GNB::aiddata::loan,GNB,Guinea-Bissau,2018,aiddata,loan,14088148.117929,1,constant_2023_usd
GNB::aiddata::grant,GNB,Guinea-Bissau,2019,aiddata,grant,7195236.035543,2,constant_2023_usd
GNB::aiddata::grant,GNB,Guinea-Bissau,2020,aiddata,grant,308859.836764,3,constant_2023_usd
GNB::chapo::grant,GNB,Guinea-Bissau,2020,chapo,grant,334336.325035,3,constant_2021_usd
GNB::aiddata::grant,GNB,Guinea-Bissau,2021,aiddata,grant,4979564.840761,2,constant_2023_usd
GNB::chapo::grant,GNB,Guinea-Bissau,2021,chapo,grant,7200000.0,3,constant_2021_usd
GNB::aiddata::grant,GNB,Guinea-Bissau,2022,aiddata,grant,5720669.477883,4,constant_2023_usd
GNQ::aiddata::debt_relief,GNQ,Equatorial Guinea,2001,aiddata,debt_relief,92668617.508507,1,constant_2023_usd
GNQ::aiddata::loan,GNQ,Equatorial Guinea,2001,aiddata,loan,39889300.611783,2,constant_2023_usd
GNQ::cla::loan,GNQ,Equatorial Guinea,2001,cla,loan,11000000.0,1,nominal_usd
GNQ::aiddata::loan,GNQ,Equatorial Guinea,2002,aiddata,loan,13945753.278364,1,constant_2023_usd
GNQ::aiddata::loan,GNQ,Equatorial Guinea,2003,aiddata,loan,23106281.776995,1,constant_2023_usd
GNQ::cla::loan,GNQ,Equatorial Guinea,2003,cla,loan,6000000.0,1,nominal_usd
GNQ::aiddata::loan,GNQ,Equatorial Guinea,2004,aiddata,loan,7913800.205944,1,constant_2023_usd
GNQ::cla::loan,GNQ,Equatorial Guinea,2004,cla,loan,4830000.0,1,nominal_usd
GNQ::aiddata::loan,GNQ,Equatorial Guinea,2005,aiddata,loan,19569559.594478,2,constant_2023_usd
GNQ::cla::loan,GNQ,Equatorial Guinea,2005,cla,loan,9760000.0,2,nominal_usd
GNQ::aiddata::debt_relief,GNQ,Equatorial Guinea,2006,aiddata,debt_relief,32125955.510231,1,constant_2023_usd
GNQ::cgef::loan,GNQ,Equatorial Guinea,2006,cgef,loan,257000000.0,1,nominal_usd
GNQ::cla::loan,GNQ,Equatorial Guinea,2006,cla,loan,257000000.0,1,nominal_usd
GNQ::cofi::loan,GNQ,Equatorial Guinea,2006,cofi,loan,257000000.0,1,nominal_usd
GNQ::aiddata::grant,GNQ,Equatorial Guinea,2007,aiddata,grant,674363.11068,3,constant_2023_usd
GNQ::aiddata::loan,GNQ,Equatorial Guinea,2007,aiddata,loan,1187576124.059373,4,constant_2023_usd
GNQ::cancel::debt_relief,GNQ,Equatorial Guinea,2007,cancel,debt_relief,10000000.0,1,nominal_usd
GNQ::chapo::grant,GNQ,Equatorial Guinea,2007,chapo,grant,354827.751552,2,constant_2021_usd
GNQ::cla::loan,GNQ,Equatorial Guinea,2007,cla,loan,753360000.0,4,nominal_usd
GNQ::aiddata::grant,GNQ,Equatorial Guinea,2008,aiddata,grant,202650.914824,1,constant_2023_usd
GNQ::aiddata::loan,GNQ,Equatorial Guinea,2008,aiddata,loan,161650541.003327,1,constant_2023_usd
GNQ::chapo::grant,GNQ,Equatorial Guinea,2008,chapo,grant,219361.419143,1,constant_2021_usd
GNQ::aiddata::grant,GNQ,Equatorial Guinea,2009,aiddata,grant,1465535.601648,4,constant_2023_usd
GNQ::aiddata::loan,GNQ,Equatorial Guinea,2009,aiddata,loan,1522609039.004614,3,constant_2023_usd
GNQ::cgef::loan,GNQ,Equatorial Guinea,2009,cgef,loan,869150000.0,3,nominal_usd
GNQ::chapo::grant,GNQ,Equatorial Guinea,2009,chapo,grant,219865.157685,1,constant_2021_usd
GNQ::cla::loan,GNQ,Equatorial Guinea,2009,cla,loan,1000910000.0,4,nominal_usd
GNQ::codf::loan,GNQ,Equatorial Guinea,2009,codf,loan,869150000.0,3,nominal_usd
GNQ::cofi::loan,GNQ,Equatorial Guinea,2009,cofi,loan,138874900.0,1,nominal_usd
GNQ::aiddata::grant,GNQ,Equatorial Guinea,2010,aiddata,grant,190001.667634,1,constant_2023_usd
GNQ::aiddata::loan,GNQ,Equatorial Guinea,2010,aiddata,loan,1504438843.361142,4,constant_2023_usd
GNQ::cgef::loan,GNQ,Equatorial Guinea,2010,cgef,loan,300000000.0,1,nominal_usd
GNQ::chapo::grant,GNQ,Equatorial Guinea,2010,chapo,grant,205748.016947,1,constant_2021_usd
GNQ::cla::loan,GNQ,Equatorial Guinea,2010,cla,loan,300000000.0,1,nominal_usd
GNQ::codf::loan,GNQ,Equatorial Guinea,2010,codf,loan,300000000.0,1,nominal_usd
GNQ::aiddata::loan,GNQ,Equatorial Guinea,2011,aiddata,loan,1019590429.964881,2,constant_2023_usd
GNQ::aiddata::loan,GNQ,Equatorial Guinea,2012,aiddata,loan,575778802.117283,2,constant_2023_usd
GNQ::cla::loan,GNQ,Equatorial Guinea,2012,cla,loan,330000000.0,1,nominal_usd
GNQ::codf::loan,GNQ,Equatorial Guinea,2012,codf,loan,330000000.0,1,nominal_usd
GNQ::aiddata::loan,GNQ,Equatorial Guinea,2013,aiddata,loan,192011732.660309,1,constant_2023_usd
GNQ::cla::loan,GNQ,Equatorial Guinea,2013,cla,loan,200660000.0,1,nominal_usd
GNQ::codf::loan,GNQ,Equatorial Guinea,2013,codf,loan,200660000.0,1,nominal_usd
GNQ::aiddata::grant,GNQ,Equatorial Guinea,2014,aiddata,grant,102555.318091,1,constant_2023_usd
GNQ::chapo::grant,GNQ,Equatorial Guinea,2014,chapo,grant,110709.523141,1,constant_2021_usd
GNQ::aiddata::loan,GNQ,Equatorial Guinea,2015,aiddata,loan,424827795.235949,2,constant_2023_usd
GNQ::cla::loan,GNQ,Equatorial Guinea,2015,cla,loan,402030000.0,1,nominal_usd
GNQ::codf::loan,GNQ,Equatorial Guinea,2015,codf,loan,402030000.0,1,nominal_usd
GNQ::aiddata::grant,GNQ,Equatorial Guinea,2016,aiddata,grant,28396226.849559,2,constant_2023_usd
GNQ::aiddata::loan,GNQ,Equatorial Guinea,2016,aiddata,loan,316660051.144734,1,constant_2023_usd
GNQ::cgef::loan,GNQ,Equatorial Guinea,2016,cgef,loan,290320000.0,1,nominal_usd
GNQ::cla::loan,GNQ,Equatorial Guinea,2016,cla,loan,290320000.0,1,nominal_usd
GNQ::codf::loan,GNQ,Equatorial Guinea,2016,codf,loan,290320000.0,1,nominal_usd
GNQ::aiddata::grant,GNQ,Equatorial Guinea,2017,aiddata,grant,15860844.796233,2,constant_2023_usd
GNQ::aiddata::loan,GNQ,Equatorial Guinea,2017,aiddata,loan,685926696.083851,3,constant_2023_usd
GNQ::chapo::grant,GNQ,Equatorial Guinea,2017,chapo,grant,122780.621538,1,constant_2021_usd
GNQ::cla::loan,GNQ,Equatorial Guinea,2017,cla,loan,772090000.0,4,nominal_usd
GNQ::codf::loan,GNQ,Equatorial Guinea,2017,codf,loan,772090000.0,4,nominal_usd
GNQ::aiddata::grant,GNQ,Equatorial Guinea,2018,aiddata,grant,2037708.361868,4,constant_2023_usd
GNQ::aiddata::loan,GNQ,Equatorial Guinea,2018,aiddata,loan,316070186.188336,1,constant_2023_usd
GNQ::chapo::grant,GNQ,Equatorial Guinea,2018,chapo,grant,1680.785403,3,constant_2021_usd
GNQ::aiddata::grant,GNQ,Equatorial Guinea,2019,aiddata,grant,51789854.573052,3,constant_2023_usd
GNQ::aiddata::loan,GNQ,Equatorial Guinea,2019,aiddata,loan,1080360856.639509,8,constant_2023_usd
GNQ::cgef::loan,GNQ,Equatorial Guinea,2019,cgef,loan,95650000.0,2,nominal_usd
GNQ::chapo::grant,GNQ,Equatorial Guinea,2019,chapo,grant,102098.889613,1,constant_2021_usd
GNQ::cla::loan,GNQ,Equatorial Guinea,2019,cla,loan,612850000.0,4,nominal_usd
GNQ::codf::loan,GNQ,Equatorial Guinea,2019,codf,loan,600520000.0,3,nominal_usd
GNQ::aiddata::grant,GNQ,Equatorial Guinea,2020,aiddata,grant,2071824.686688,3,constant_2023_usd
GNQ::chapo::grant,GNQ,Equatorial Guinea,2020,chapo,grant,2242720.384494,3,constant_2021_usd
GNQ::aiddata::grant,GNQ,Equatorial Guinea,2021,aiddata,grant,19658193.139974,6,constant_2023_usd
GNQ::aiddata::loan,GNQ,Equatorial Guinea,2021,aiddata,loan,5937738.56302,1,constant_2023_usd
GNQ::chapo::grant,GNQ,Equatorial Guinea,2021,chapo,grant,5760000.0,3,constant_2021_usd
GNQ::aiddata::grant,GNQ,Equatorial Guinea,2022,aiddata,grant,561616.125636,1,constant_2023_usd
KEN::aiddata::debt_relief,KEN,Kenya,2001,aiddata,debt_relief,31707167.762602,1,constant_2023_usd
KEN::aiddata::grant,KEN,Kenya,2001,aiddata,grant,209026.956786,2,constant_2023_usd
KEN::aiddata::loan,KEN,Kenya,2001,aiddata,loan,14029720.248939,1,constant_2023_usd
KEN::cancel::debt_relief,KEN,Kenya,2001,cancel,debt_relief,13660000.0,1,nominal_usd
KEN::cla::loan,KEN,Kenya,2001,cla,loan,6040000.0,1,nominal_usd
KEN::aiddata::grant,KEN,Kenya,2002,aiddata,grant,9380954.971135,3,constant_2023_usd
KEN::aiddata::loan,KEN,Kenya,2002,aiddata,loan,14023473.79813,1,constant_2023_usd
KEN::chapo::grant,KEN,Kenya,2002,chapo,grant,2499454.902004,1,constant_2021_usd
KEN::cla::loan,KEN,Kenya,2002,cla,loan,6040000.0,1,nominal_usd
KEN::aiddata::grant,KEN,Kenya,2003,aiddata,grant,1000066.023192,5,constant_2023_usd
KEN::chapo::grant,KEN,Kenya,2003,chapo,grant,125086.732593,1,constant_2021_usd
KEN::aiddata::grant,KEN,Kenya,2004,aiddata,grant,7138267.747845,2,constant_2023_usd
KEN::aiddata::grant,KEN,Kenya,2005,aiddata,grant,5936793.416779,4,constant_2023_usd
KEN::aiddata::grant,KEN,Kenya,2006,aiddata,grant,40360664.907161,3,constant_2023_usd
KEN::aiddata::loan,KEN,Kenya,2006,aiddata,loan,77368036.186773,2,constant_2023_usd
KEN::cgef::loan,KEN,Kenya,2006,cgef,loan,19430000.0,1,nominal_usd
KEN::chapo::grant,KEN,Kenya,2006,chapo,grant,127436.865641,1,constant_2021_usd
KEN::cla::loan,KEN,Kenya,2006,cla,loan,41240000.0,2,nominal_usd
KEN::aiddata::grant,KEN,Kenya,2007,aiddata,grant,38721864.225529,2,constant_2023_usd
KEN::aiddata::loan,KEN,Kenya,2007,aiddata,loan,128896193.976498,3,constant_2023_usd
KEN::cgef::loan,KEN,Kenya,2007,cgef,loan,4920000.0,1,nominal_usd
KEN::cla::loan,KEN,Kenya,2007,cla,loan,57250000.0,3,nominal_usd
KEN::aiddata::grant,KEN,Kenya,2008,aiddata,grant,4888331.678666,5,constant_2023_usd
KEN::aiddata::loan,KEN,Kenya,2008,aiddata,loan,244299603.634051,3,constant_2023_usd
KEN::cla::loan,KEN,Kenya,2008,cla,loan,156760000.0,2,nominal_usd
KEN::codf::loan,KEN,Kenya,2008,codf,loan,160520000.0,2,nominal_usd
KEN::aiddata::grant,KEN,Kenya,2009,aiddata,grant,51608696.649241,6,constant_2023_usd
KEN::aiddata::loan,KEN,Kenya,2009,aiddata,loan,332850102.240717,2,constant_2023_usd
KEN::cgef::loan,KEN,Kenya,2009,cgef,loan,89620000.0,1,nominal_usd
KEN::chapo::grant,KEN,Kenya,2009,chapo,grant,11542920.778463,2,constant_2021_usd
KEN::cla::loan,KEN,Kenya,2009,cla,loan,239950000.0,2,nominal_usd
KEN::codf::loan,KEN,Kenya,2009,codf,loan,239840000.0,2,nominal_usd
KEN::aiddata::grant,KEN,Kenya,2010,aiddata,grant,5444977.833786,4,constant_2023_usd
KEN::aiddata::loan,KEN,Kenya,2010,aiddata,loan,200245154.766686,4,constant_2023_usd
KEN::cgef::loan,KEN,Kenya,2010,cgef,loan,180460000.0,2,nominal_usd
KEN::chapo::grant,KEN,Kenya,2010,chapo,grant,1453603.03016,1,constant_2021_usd
KEN::cla::loan,KEN,Kenya,2010,cla,loan,105900000.0,3,nominal_usd
KEN::codf::loan,KEN,Kenya,2010,codf,loan,87510000.0,1,nominal_usd
KEN::cofi::loan,KEN,Kenya,2010,cofi,loan,99000000.0,1,nominal_usd
KEN::aiddata::grant,KEN,Kenya,2011,aiddata,grant,42192719.422301,4,constant_2023_usd
KEN::aiddata::loan,KEN,Kenya,2011,aiddata,loan,420654041.680057,5,constant_2023_usd
KEN::chapo::loan,KEN,Kenya,2011,chapo,loan,136405917.317916,1,constant_2021_usd
KEN::cla::loan,KEN,Kenya,2011,cla,loan,370270000.0,5,nominal_usd
KEN::codf::loan,KEN,Kenya,2011,codf,loan,362480000.0,4,nominal_usd
KEN::aiddata::grant,KEN,Kenya,2012,aiddata,grant,110647859.976151,4,constant_2023_usd
KEN::aiddata::loan,KEN,Kenya,2012,aiddata,loan,679520715.028053,6,constant_2023_usd
KEN::cgef::loan,KEN,Kenya,2012,cgef,loan,367700000.0,1,nominal_usd
KEN::chapo::grant,KEN,Kenya,2012,chapo,grant,234824711.585169,1,constant_2021_usd
KEN::cla::loan,KEN,Kenya,2012,cla,loan,434410000.0,2,nominal_usd
KEN::codf::loan,KEN,Kenya,2012,codf,loan,434310000.0,2,nominal_usd
KEN::cofi::loan,KEN,Kenya,2012,cofi,loan,867000000.0,2,nominal_usd
KEN::aiddata::grant,KEN,Kenya,2013,aiddata,grant,48357554.042366,3,constant_2023_usd
KEN::aiddata::loan,KEN,Kenya,2013,aiddata,loan,397669148.242473,5,constant_2023_usd
KEN::chapo::grant,KEN,Kenya,2013,chapo,grant,46206793.668525,2,constant_2021_usd
KEN::cla::loan,KEN,Kenya,2013,cla,loan,199030000.0,2,nominal_usd
KEN::codf::loan,KEN,Kenya,2013,codf,loan,69800000.0,1,nominal_usd
KEN::cofi::loan,KEN,Kenya,2013,cofi,loan,80000000.0,1,nominal_usd
KEN::aiddata::grant,KEN,Kenya,2014,aiddata,grant,38664717.563404,6,constant_2023_usd
KEN::aiddata::loan,KEN,Kenya,2014,aiddata,loan,3755561552.494633,5,constant_2023_usd
KEN::cgef::loan,KEN,Kenya,2014,cgef,loan,107490000.0,1,nominal_usd
KEN::chapo::loan,KEN,Kenya,2014,chapo,loan,30024422.897217,1,constant_2021_usd
KEN::cla::loan,KEN,Kenya,2014,cla,loan,3635350000.0,4,nominal_usd
KEN::codf::loan,KEN,Kenya,2014,codf,loan,3711150000.0,3,nominal_usd
KEN::aiddata::grant,KEN,Kenya,2015,aiddata,grant,15901541.763322,5,constant_2023_usd
KEN::aiddata::loan,KEN,Kenya,2015,aiddata,loan,1606870372.6034,2,constant_2023_usd
KEN::cgef::loan,KEN,Kenya,2015,cgef,loan,139210000.0,1,nominal_usd
KEN::cla::loan,KEN,Kenya,2015,cla,loan,1564100000.0,3,nominal_usd
KEN::codf::loan,KEN,Kenya,2015,codf,loan,1564260000.0,3,nominal_usd
KEN::aiddata::grant,KEN,Kenya,2016,aiddata,grant,10689071.413317,1,constant_2023_usd
KEN::aiddata::loan,KEN,Kenya,2016,aiddata,loan,761123969.407827,2,constant_2023_usd
KEN::cla::loan,KEN,Kenya,2016,cla,loan,892630000.0,3,nominal_usd
KEN::codf::loan,KEN,Kenya,2016,codf,loan,892630000.0,3,nominal_usd
KEN::aiddata::grant,KEN,Kenya,2017,aiddata,grant,28941826.498195,2,constant_2023_usd
KEN::aiddata::loan,KEN,Kenya,2017,aiddata,loan,933661831.618363,7,constant_2023_usd
KEN::cgef::loan,KEN,Kenya,2017,cgef,loan,647530000.0,6,nominal_usd
KEN::chapo::loan,KEN,Kenya,2017,chapo,loan,77552357.967512,1,constant_2021_usd
KEN::cla::loan,KEN,Kenya,2017,cla,loan,1497000000.0,11,nominal_usd
KEN::codf::loan,KEN,Kenya,2017,codf,loan,1297340000.0,11,nominal_usd
KEN::cofi::loan,KEN,Kenya,2017,cofi,loan,135700000.0,1,nominal_usd
KEN::aiddata::grant,KEN,Kenya,2018,aiddata,grant,13559253.128129,7,constant_2023_usd
KEN::aiddata::loan,KEN,Kenya,2018,aiddata,loan,181096828.672516,1,constant_2023_usd
KEN::chapo::grant,KEN,Kenya,2018,chapo,grant,141680.467224,1,constant_2021_usd
KEN::chapo::loan,KEN,Kenya,2018,chapo,loan,52049948.834481,1,constant_2021_usd
KEN::cla::loan,KEN,Kenya,2018,cla,loan,350870000.0,2,nominal_usd
KEN::codf::loan,KEN,Kenya,2018,codf,loan,350820000.0,2,nominal_usd
KEN::aiddata::grant,KEN,Kenya,2019,aiddata,grant,41816668.285025,5,constant_2023_usd
KEN::aiddata::loan,KEN,Kenya,2019,aiddata,loan,235380510.618974,2,constant_2023_usd
KEN::cgef::loan,KEN,Kenya,2019,cgef,loan,83290000.0,1,nominal_usd
KEN::chapo::grant,KEN,Kenya,2019,chapo,grant,1123564.612262,1,constant_2021_usd
KEN::cla::loan,KEN,Kenya,2019,cla,loan,177260000.0,1,nominal_usd
KEN::codf::loan,KEN,Kenya,2019,codf,loan,249970000.0,2,nominal_usd
KEN::aiddata::grant,KEN,Kenya,2020,aiddata,grant,1318450.507208,4,constant_2023_usd
KEN::aiddata::loan,KEN,Kenya,2020,aiddata,loan,36521032.426815,1,constant_2023_usd
KEN::chapo::grant,KEN,Kenya,2020,chapo,grant,29925.357101,2,constant_2021_usd
KEN::aiddata::grant,KEN,Kenya,2021,aiddata,grant,3538103.464199,3,constant_2023_usd
KEN::aiddata::loan,KEN,Kenya,2021,aiddata,loan,16821262.991208,1,constant_2023_usd
KEN::chapo::grant,KEN,Kenya,2021,chapo,grant,3600000.0,1,constant_2021_usd
KEN::aiddata::loan,KEN,Kenya,2023,aiddata,loan,494000000.0,2,constant_2023_usd
KEN::cla::loan,KEN,Kenya,2024,cla,loan,277790000.0,15,nominal_usd
KEN::codf::loan,KEN,Kenya,2024,codf,loan,121090000.0,4,nominal_usd
LBR::aiddata::grant,LBR,Liberia,2004,aiddata,grant,6337015.775148,2,constant_2023_usd
LBR::aiddata::grant,LBR,Liberia,2005,aiddata,grant,12521052.752399,2,constant_2023_usd
LBR::aiddata::grant,LBR,Liberia,2006,aiddata,grant,52927949.173009,7,constant_2023_usd
LBR::cancel::debt_relief,LBR,Liberia,2006,cancel,debt_relief,10000000.0,1,nominal_usd
LBR::chapo::grant,LBR,Liberia,2006,chapo,grant,315832.20384,2,constant_2021_usd
LBR::cla::loan,LBR,Liberia,2006,cla,loan,5000000.0,1,nominal_usd
LBR::aiddata::debt_relief,LBR,Liberia,2007,aiddata,debt_relief,19137423.76799,2,constant_2023_usd
LBR::aiddata::grant,LBR,Liberia,2007,aiddata,grant,218448.240422,1,constant_2023_usd
LBR::cancel::debt_relief,LBR,Liberia,2007,cancel,debt_relief,12000000.0,1,nominal_usd
LBR::chapo::grant,LBR,Liberia,2007,chapo,grant,236551.834368,1,constant_2021_usd
LBR::aiddata::grant,LBR,Liberia,2008,aiddata,grant,25684422.790996,4,constant_2023_usd
LBR::chapo::grant,LBR,Liberia,2008,chapo,grant,15245859.219491,1,constant_2021_usd
LBR::aiddata::grant,LBR,Liberia,2009,aiddata,grant,420026.040062,2,constant_2023_usd
LBR::chapo::grant,LBR,Liberia,2009,chapo,grant,527676.378444,2,constant_2021_usd
LBR::aiddata::grant,LBR,Liberia,2010,aiddata,grant,8156985.890745,5,constant_2023_usd
LBR::chapo::grant,LBR,Liberia,2010,chapo,grant,2983346.245725,3,constant_2021_usd
LBR::aiddata::grant,LBR,Liberia,2011,aiddata,grant,20434249.298464,5,constant_2023_usd
LBR::chapo::grant,LBR,Liberia,2011,chapo,grant,570749.027965,1,constant_2021_usd
LBR::aiddata::grant,LBR,Liberia,2012,aiddata,grant,47189583.084214,5,constant_2023_usd
LBR::chapo::grant,LBR,Liberia,2012,chapo,grant,1761185.336889,1,constant_2021_usd
LBR::aiddata::grant,LBR,Liberia,2013,aiddata,grant,19490358.837968,4,constant_2023_usd
LBR::aiddata::loan,LBR,Liberia,2013,aiddata,loan,516985645.56945,1,constant_2023_usd
LBR::chapo::grant,LBR,Liberia,2013,chapo,grant,564018.276095,1,constant_2021_usd
LBR::aiddata::grant,LBR,Liberia,2014,aiddata,grant,35490996.580071,11,constant_2023_usd
LBR::chapo::grant,LBR,Liberia,2014,chapo,grant,22141.904628,1,constant_2021_usd
LBR::aiddata::grant,LBR,Liberia,2015,aiddata,grant,22985553.096361,5,constant_2023_usd
LBR::aiddata::grant,LBR,Liberia,2016,aiddata,grant,6422163.981857,5,constant_2023_usd
LBR::aiddata::loan,LBR,Liberia,2016,aiddata,loan,57449013.857489,1,constant_2023_usd
LBR::chapo::grant,LBR,Liberia,2016,chapo,grant,49754.992479,1,constant_2021_usd
LBR::cla::loan,LBR,Liberia,2016,cla,loan,52710000.0,1,nominal_usd
LBR::codf::loan,LBR,Liberia,2016,codf,loan,52710000.0,1,nominal_usd
LBR::aiddata::grant,LBR,Liberia,2017,aiddata,grant,10641.26381,1,constant_2023_usd
LBR::aiddata::grant,LBR,Liberia,2018,aiddata,grant,50827365.797224,4,constant_2023_usd
LBR::chapo::grant,LBR,Liberia,2018,chapo,grant,21796994.957573,1,constant_2021_usd
LBR::aiddata::grant,LBR,Liberia,2019,aiddata,grant,39581863.987484,4,constant_2023_usd
LBR::chapo::grant,LBR,Liberia,2019,chapo,grant,23594.856857,2,constant_2021_usd
LBR::aiddata::grant,LBR,Liberia,2020,aiddata,grant,5801764.273701,6,constant_2023_usd
LBR::chapo::grant,LBR,Liberia,2020,chapo,grant,5104855.323066,4,constant_2021_usd
LBR::aiddata::grant,LBR,Liberia,2021,aiddata,grant,12445428.405204,7,constant_2023_usd
LBR::chapo::grant,LBR,Liberia,2021,chapo,grant,4840152.4,2,constant_2021_usd
LBR::aiddata::grant,LBR,Liberia,2022,aiddata,grant,66144.339197,2,constant_2023_usd
LBR::aiddata::grant,LBR,Liberia,2023,aiddata,grant,1001000.0,2,constant_2023_usd
LBY::aiddata::loan,LBY,Libya,2009,aiddata,loan,507579724.954733,2,constant_2023_usd
LBY::aiddata::grant,LBY,Libya,2011,aiddata,grant,3516085.83361,1,constant_2023_usd
LBY::aiddata::grant,LBY,Libya,2018,aiddata,grant,6037777.764827,1,constant_2023_usd
LBY::chapo::grant,LBY,Libya,2018,chapo,grant,6539098.487272,1,constant_2021_usd
LBY::aiddata::grant,LBY,Libya,2020,aiddata,grant,3879058.985707,2,constant_2023_usd
LBY::chapo::grant,LBY,Libya,2020,chapo,grant,4199025.485022,2,constant_2021_usd
LBY::aiddata::grant,LBY,Libya,2023,aiddata,grant,4237022.424017,1,constant_2023_usd
LSO::aiddata::debt_relief,LSO,Lesotho,2001,aiddata,debt_relief,10783033.051213,1,constant_2023_usd
LSO::aiddata::grant,LSO,Lesotho,2001,aiddata,grant,1347879.131402,1,constant_2023_usd
LSO::cancel::debt_relief,LSO,Lesotho,2001,cancel,debt_relief,3300000.0,1,nominal_usd
LSO::aiddata::grant,LSO,Lesotho,2002,aiddata,grant,5275539.185379,1,constant_2023_usd
LSO::aiddata::grant,LSO,Lesotho,2003,aiddata,grant,13447484.093518,4,constant_2023_usd
LSO::aiddata::grant,LSO,Lesotho,2005,aiddata,grant,2248950.013964,2,constant_2023_usd
LSO::aiddata::loan,LSO,Lesotho,2005,aiddata,loan,19931596.446976,1,constant_2023_usd
LSO::aiddata::grant,LSO,Lesotho,2006,aiddata,grant,9251323.34161,3,constant_2023_usd
LSO::cancel::debt_relief,LSO,Lesotho,2006,cancel,debt_relief,6400000.0,1,nominal_usd
LSO::aiddata::debt_relief,LSO,Lesotho,2007,aiddata,debt_relief,10922412.021096,1,constant_2023_usd
LSO::aiddata::grant,LSO,Lesotho,2008,aiddata,grant,1408446.084174,1,constant_2023_usd
LSO::aiddata::loan,LSO,Lesotho,2008,aiddata,loan,46232356.937987,1,constant_2023_usd
LSO::cla::loan,LSO,Lesotho,2008,cla,loan,32820000.0,1,nominal_usd
LSO::codf::loan,LSO,Lesotho,2008,codf,loan,32820000.0,1,nominal_usd
LSO::aiddata::grant,LSO,Lesotho,2009,aiddata,grant,8239.384331,1,constant_2023_usd
LSO::aiddata::grant,LSO,Lesotho,2010,aiddata,grant,15653200.979598,2,constant_2023_usd
LSO::aiddata::grant,LSO,Lesotho,2011,aiddata,grant,805837.889319,2,constant_2023_usd
LSO::aiddata::loan,LSO,Lesotho,2011,aiddata,loan,35160858.336095,1,constant_2023_usd
LSO::cla::loan,LSO,Lesotho,2011,cla,loan,41520000.0,2,nominal_usd
LSO::codf::loan,LSO,Lesotho,2011,codf,loan,33790000.0,1,nominal_usd
LSO::aiddata::grant,LSO,Lesotho,2012,aiddata,grant,16442240.535558,8,constant_2023_usd
LSO::aiddata::loan,LSO,Lesotho,2012,aiddata,loan,12833405.227071,1,constant_2023_usd
LSO::cla::loan,LSO,Lesotho,2012,cla,loan,8000000.0,1,nominal_usd
LSO::aiddata::grant,LSO,Lesotho,2014,aiddata,grant,12866211.406793,1,constant_2023_usd
LSO::aiddata::grant,LSO,Lesotho,2015,aiddata,grant,1046198.381401,1,constant_2023_usd
LSO::aiddata::grant,LSO,Lesotho,2016,aiddata,grant,31150.571133,2,constant_2023_usd
LSO::chapo::grant,LSO,Lesotho,2016,chapo,grant,24088.074058,1,constant_2021_usd
LSO::aiddata::grant,LSO,Lesotho,2017,aiddata,grant,49552.793466,5,constant_2023_usd
LSO::chapo::grant,LSO,Lesotho,2017,chapo,grant,40678.135949,2,constant_2021_usd
LSO::aiddata::grant,LSO,Lesotho,2018,aiddata,grant,73244610.864064,9,constant_2023_usd
LSO::aiddata::loan,LSO,Lesotho,2018,aiddata,loan,106504849.110106,1,constant_2023_usd
LSO::cancel::debt_relief,LSO,Lesotho,2018,cancel,debt_relief,11630000.0,1,nominal_usd
LSO::chapo::grant,LSO,Lesotho,2018,chapo,grant,70893663.250902,2,constant_2021_usd
LSO::cla::loan,LSO,Lesotho,2018,cla,loan,105840000.0,1,nominal_usd
LSO::codf::loan,LSO,Lesotho,2018,codf,loan,105820000.0,1,nominal_usd
LSO::aiddata::grant,LSO,Lesotho,2019,aiddata,grant,1037987.490907,1,constant_2023_usd
LSO::aiddata::grant,LSO,Lesotho,2020,aiddata,grant,1676762.287127,3,constant_2023_usd
LSO::aiddata::loan,LSO,Lesotho,2020,aiddata,loan,71997077.534557,1,constant_2023_usd
LSO::cgef::loan,LSO,Lesotho,2020,cgef,loan,66830000.0,1,nominal_usd
LSO::chapo::grant,LSO,Lesotho,2020,chapo,grant,1611763.319995,1,constant_2021_usd
LSO::cla::loan,LSO,Lesotho,2020,cla,loan,66880000.0,1,nominal_usd
LSO::codf::loan,LSO,Lesotho,2020,codf,loan,66830000.0,1,nominal_usd
LSO::cofi::loan,LSO,Lesotho,2020,cofi,loan,70000000.0,1,nominal_usd
LSO::aiddata::grant,LSO,Lesotho,2021,aiddata,grant,3836219.867657,2,constant_2023_usd
LSO::chapo::grant,LSO,Lesotho,2021,chapo,grant,4160120.0,2,constant_2021_usd
LSO::aiddata::grant,LSO,Lesotho,2022,aiddata,grant,499589.192554,2,constant_2023_usd
LSO::cla::loan,LSO,Lesotho,2022,cla,loan,30000000.0,1,nominal_usd
LSO::codf::loan,LSO,Lesotho,2022,codf,loan,30000000.0,1,nominal_usd
LSO::aiddata::grant,LSO,Lesotho,2023,aiddata,grant,1884743.590807,3,constant_2023_usd
MAR::aiddata::grant,MAR,Morocco,2000,aiddata,grant,1450023.08948,1,constant_2023_usd
MAR::aiddata::loan,MAR,Morocco,2000,aiddata,loan,14316915.687444,1,constant_2023_usd
MAR::cla::loan,MAR,Morocco,2000,cla,loan,7620000.0,1,nominal_usd
MAR::aiddata::loan,MAR,Morocco,2001,aiddata,loan,42089160.746817,1,constant_2023_usd
MAR::chapo::loan,MAR,Morocco,2001,chapo,loan,45568910.025519,1,constant_2021_usd
MAR::cla::loan,MAR,Morocco,2001,cla,loan,13040000.0,1,nominal_usd
MAR::aiddata::grant,MAR,Morocco,2002,aiddata,grant,1617707.38029,2,constant_2023_usd
MAR::aiddata::loan,MAR,Morocco,2002,aiddata,loan,13945753.278364,1,constant_2023_usd
MAR::cla::loan,MAR,Morocco,2002,cla,loan,6040000.0,1,nominal_usd
MAR::cofi::loan,MAR,Morocco,2002,cofi,loan,6390000.0,3,nominal_usd
MAR::aiddata::grant,MAR,Morocco,2004,aiddata,grant,1270844.072126,1,constant_2023_usd
MAR::aiddata::grant,MAR,Morocco,2006,aiddata,grant,7045850.774932,2,constant_2023_usd
MAR::aiddata::grant,MAR,Morocco,2008,aiddata,grant,2026509.148244,1,constant_2023_usd
MAR::aiddata::loan,MAR,Morocco,2008,aiddata,loan,725298575.770905,1,constant_2023_usd
MAR::cla::loan,MAR,Morocco,2008,cla,loan,514960000.0,1,nominal_usd
MAR::codf::loan,MAR,Morocco,2008,codf,loan,514960000.0,1,nominal_usd
MAR::aiddata::grant,MAR,Morocco,2011,aiddata,grant,3958945.979611,2,constant_2023_usd
MAR::aiddata::loan,MAR,Morocco,2011,aiddata,loan,265940332.587445,2,constant_2023_usd
MAR::cla::loan,MAR,Morocco,2011,cla,loan,183600000.0,1,nominal_usd
MAR::codf::loan,MAR,Morocco,2011,codf,loan,183600000.0,1,nominal_usd
MAR::aiddata::grant,MAR,Morocco,2014,aiddata,grant,6575504.063579,1,constant_2023_usd
MAR::aiddata::loan,MAR,Morocco,2014,aiddata,loan,410098205.982448,2,constant_2023_usd
MAR::cgef::loan,MAR,Morocco,2014,cgef,loan,304500000.0,1,nominal_usd
MAR::cla::loan,MAR,Morocco,2014,cla,loan,304500000.0,1,nominal_usd
MAR::codf::loan,MAR,Morocco,2014,codf,loan,304500000.0,1,nominal_usd
MAR::cofi::loan,MAR,Morocco,2014,cofi,loan,305000000.0,1,nominal_usd
MAR::aiddata::grant,MAR,Morocco,2015,aiddata,grant,10367454.2069,3,constant_2023_usd
MAR::aiddata::loan,MAR,Morocco,2016,aiddata,loan,181714214.026395,1,constant_2023_usd
MAR::cofi::equity,MAR,Morocco,2017,cofi,equity,1950000.0,1,nominal_usd
MAR::aiddata::grant,MAR,Morocco,2018,aiddata,grant,7240503.848703,3,constant_2023_usd
MAR::aiddata::loan,MAR,Morocco,2018,aiddata,loan,291474789.406804,3,constant_2023_usd
MAR::cofi::loan,MAR,Morocco,2018,cofi,loan,150000000.0,1,nominal_usd
MAR::aiddata::grant,MAR,Morocco,2020,aiddata,grant,1904940.356014,4,constant_2023_usd
MAR::chapo::grant,MAR,Morocco,2020,chapo,grant,2062070.500043,4,constant_2021_usd
MAR::aiddata::grant,MAR,Morocco,2021,aiddata,grant,8319812.410263,2,constant_2023_usd
MAR::chapo::grant,MAR,Morocco,2021,chapo,grant,9000000.0,1,constant_2021_usd
MDG::aiddata::grant,MDG,Madagascar,2000,aiddata,grant,29584474.576535,1,constant_2023_usd
MDG::aiddata::debt_relief,MDG,Madagascar,2001,aiddata,debt_relief,69675652.262035,1,constant_2023_usd
MDG::cancel::debt_relief,MDG,Madagascar,2001,cancel,debt_relief,30000000.0,1,nominal_usd
MDG::aiddata::grant,MDG,Madagascar,2004,aiddata,grant,15023334.370955,3,constant_2023_usd
MDG::aiddata::debt_relief,MDG,Madagascar,2006,aiddata,debt_relief,42436170.664597,1,constant_2023_usd
MDG::aiddata::grant,MDG,Madagascar,2006,aiddata,grant,16476409.931343,1,constant_2023_usd
MDG::aiddata::grant,MDG,Madagascar,2007,aiddata,grant,5664591.952639,4,constant_2023_usd
MDG::aiddata::loan,MDG,Madagascar,2007,aiddata,loan,84102572.562442,1,constant_2023_usd
MDG::chapo::grant,MDG,Madagascar,2007,chapo,grant,473103.668737,1,constant_2021_usd
MDG::cla::loan,MDG,Madagascar,2007,cla,loan,50590000.0,1,nominal_usd
MDG::aiddata::grant,MDG,Madagascar,2008,aiddata,grant,3793794.597669,1,constant_2023_usd
MDG::cla::loan,MDG,Madagascar,2008,cla,loan,4010000.0,1,nominal_usd
MDG::aiddata::grant,MDG,Madagascar,2009,aiddata,grant,10040354.430525,4,constant_2023_usd
MDG::chapo::grant,MDG,Madagascar,2009,chapo,grant,659643.760941,1,constant_2021_usd
MDG::aiddata::grant,MDG,Madagascar,2010,aiddata,grant,4679304.244612,6,constant_2023_usd
MDG::chapo::grant,MDG,Madagascar,2010,chapo,grant,534804.119659,2,constant_2021_usd
MDG::aiddata::grant,MDG,Madagascar,2011,aiddata,grant,2639415.750536,1,constant_2023_usd
MDG::aiddata::grant,MDG,Madagascar,2012,aiddata,grant,2032856.4182,1,constant_2023_usd
MDG::aiddata::loan,MDG,Madagascar,2012,aiddata,loan,14089631.8473,1,constant_2023_usd
MDG::aiddata::grant,MDG,Madagascar,2013,aiddata,grant,20179358.995232,1,constant_2023_usd
MDG::chapo::grant,MDG,Madagascar,2013,chapo,grant,22015170.770659,1,constant_2021_usd
MDG::aiddata::grant,MDG,Madagascar,2015,aiddata,grant,5954306.077114,5,constant_2023_usd
MDG::chapo::grant,MDG,Madagascar,2015,chapo,grant,3232382.584604,1,constant_2021_usd
MDG::aiddata::grant,MDG,Madagascar,2016,aiddata,grant,241809.700523,2,constant_2023_usd
MDG::chapo::grant,MDG,Madagascar,2016,chapo,grant,118080.450836,1,constant_2021_usd
MDG::aiddata::grant,MDG,Madagascar,2017,aiddata,grant,72914234.285074,7,constant_2023_usd
MDG::aiddata::loan,MDG,Madagascar,2017,aiddata,loan,111978551.134093,1,constant_2023_usd
MDG::chapo::grant,MDG,Madagascar,2017,chapo,grant,2534316.56665,2,constant_2021_usd
MDG::cla::loan,MDG,Madagascar,2017,cla,loan,105000000.0,1,nominal_usd
MDG::codf::loan,MDG,Madagascar,2017,codf,loan,105000000.0,1,nominal_usd
MDG::aiddata::grant,MDG,Madagascar,2018,aiddata,grant,606357.204097,4,constant_2023_usd
MDG::aiddata::loan,MDG,Madagascar,2018,aiddata,loan,103121791.879894,2,constant_2023_usd
MDG::chapo::grant,MDG,Madagascar,2018,chapo,grant,272462.43697,1,constant_2021_usd
MDG::chapo::loan,MDG,Madagascar,2018,chapo,loan,195259.6996,2,constant_2021_usd
MDG::cla::loan,MDG,Madagascar,2018,cla,loan,102650000.0,2,nominal_usd
MDG::codf::loan,MDG,Madagascar,2018,codf,loan,102630000.0,2,nominal_usd
MDG::cofi::loan,MDG,Madagascar,2018,cofi,loan,197000000.0,1,nominal_usd
MDG::aiddata::grant,MDG,Madagascar,2019,aiddata,grant,799250.367999,1,constant_2023_usd
MDG::aiddata::loan,MDG,Madagascar,2019,aiddata,loan,164761977.072831,1,constant_2023_usd
MDG::cla::loan,MDG,Madagascar,2019,cla,loan,157720000.0,1,nominal_usd
MDG::codf::loan,MDG,Madagascar,2019,codf,loan,157740000.0,1,nominal_usd
MDG::aiddata::grant,MDG,Madagascar,2020,aiddata,grant,262060.390627,1,constant_2023_usd
MDG::aiddata::loan,MDG,Madagascar,2020,aiddata,loan,50539810.198296,1,constant_2023_usd
MDG::chapo::grant,MDG,Madagascar,2020,chapo,grant,283676.598606,1,constant_2021_usd
MDG::cla::loan,MDG,Madagascar,2020,cla,loan,48980000.0,1,nominal_usd
MDG::codf::loan,MDG,Madagascar,2020,codf,loan,48990000.0,1,nominal_usd
MDG::aiddata::grant,MDG,Madagascar,2021,aiddata,grant,5421583.406074,5,constant_2023_usd
MDG::chapo::grant,MDG,Madagascar,2021,chapo,grant,5641860.465116,3,constant_2021_usd
MDG::aiddata::grant,MDG,Madagascar,2022,aiddata,grant,280808.062818,1,constant_2023_usd
MDG::aiddata::loan,MDG,Madagascar,2023,aiddata,loan,253515175.037045,1,constant_2023_usd
MDG::cgef::loan,MDG,Madagascar,2023,cgef,loan,240000000.0,1,nominal_usd
MDG::cla::loan,MDG,Madagascar,2023,cla,loan,240000000.0,1,nominal_usd
MDG::codf::loan,MDG,Madagascar,2023,codf,loan,240000000.0,1,nominal_usd
MLI::aiddata::loan,MLI,Mali,2000,aiddata,loan,57267662.749777,2,constant_2023_usd
MLI::aiddata::debt_relief,MLI,Mali,2001,aiddata,debt_relief,109390774.051395,1,constant_2023_usd
MLI::aiddata::loan,MLI,Mali,2001,aiddata,loan,14029720.248939,1,constant_2023_usd
MLI::cancel::debt_relief,MLI,Mali,2001,cancel,debt_relief,40050000.0,1,nominal_usd
MLI::aiddata::grant,MLI,Mali,2004,aiddata,grant,15123044.458301,1,constant_2023_usd
MLI::aiddata::grant,MLI,Mali,2005,aiddata,grant,17270633.757816,3,constant_2023_usd
MLI::cancel::debt_relief,MLI,Mali,2006,cancel,debt_relief,40000000.0,1,nominal_usd
MLI::aiddata::debt_relief,MLI,Mali,2007,aiddata,debt_relief,75546741.398781,1,constant_2023_usd
MLI::aiddata::grant,MLI,Mali,2007,aiddata,grant,77827878.883632,5,constant_2023_usd
MLI::cancel::debt_relief,MLI,Mali,2007,cancel,debt_relief,50000000.0,1,nominal_usd
MLI::chapo::grant,MLI,Mali,2007,chapo,grant,23655.183437,1,constant_2021_usd
MLI::aiddata::grant,MLI,Mali,2008,aiddata,grant,10667755.253206,3,constant_2023_usd
MLI::aiddata::loan,MLI,Mali,2008,aiddata,loan,101325457.412197,1,constant_2023_usd
MLI::chapo::grant,MLI,Mali,2008,chapo,grant,11547413.607511,3,constant_2021_usd
MLI::aiddata::grant,MLI,Mali,2009,aiddata,grant,1072764.959252,3,constant_2023_usd
MLI::chapo::grant,MLI,Mali,2009,chapo,grant,1161452.540562,3,constant_2021_usd
MLI::aiddata::loan,MLI,Mali,2010,aiddata,loan,195701717.662517,1,constant_2023_usd
MLI::cla::loan,MLI,Mali,2010,cla,loan,152130000.0,1,nominal_usd
MLI::codf::loan,MLI,Mali,2010,codf,loan,152140000.0,1,nominal_usd
MLI::aiddata::grant,MLI,Mali,2011,aiddata,grant,76185300.631719,5,constant_2023_usd
MLI::aiddata::loan,MLI,Mali,2011,aiddata,loan,51312558.844288,2,constant_2023_usd
MLI::chapo::grant,MLI,Mali,2011,chapo,grant,5779785.156529,3,constant_2021_usd
MLI::cla::loan,MLI,Mali,2011,cla,loan,50590000.0,2,nominal_usd
MLI::codf::loan,MLI,Mali,2011,codf,loan,42850000.0,1,nominal_usd
MLI::aiddata::grant,MLI,Mali,2012,aiddata,grant,15362149.58289,6,constant_2023_usd
MLI::chapo::grant,MLI,Mali,2012,chapo,grant,809604.147728,2,constant_2021_usd
MLI::cla::loan,MLI,Mali,2012,cla,loan,33600000.0,1,nominal_usd
MLI::aiddata::grant,MLI,Mali,2013,aiddata,grant,555656.997493,2,constant_2023_usd
MLI::aiddata::loan,MLI,Mali,2013,aiddata,loan,373440434.463063,2,constant_2023_usd
MLI::cgef::loan,MLI,Mali,2013,cgef,loan,145000000.0,1,nominal_usd
MLI::chapo::grant,MLI,Mali,2013,chapo,grant,594791.429089,1,constant_2021_usd
MLI::cla::loan,MLI,Mali,2013,cla,loan,145000000.0,1,nominal_usd
MLI::codf::loan,MLI,Mali,2013,codf,loan,145000000.0,1,nominal_usd
MLI::cofi::loan,MLI,Mali,2013,cofi,loan,248000000.0,1,nominal_usd
MLI::aiddata::grant,MLI,Mali,2014,aiddata,grant,22633525.876231,3,constant_2023_usd
MLI::aiddata::loan,MLI,Mali,2014,aiddata,loan,184972572.949021,2,constant_2023_usd
MLI::chapo::grant,MLI,Mali,2014,chapo,grant,1074818.941016,2,constant_2021_usd
MLI::cla::loan,MLI,Mali,2014,cla,loan,86000000.0,2,nominal_usd
MLI::codf::loan,MLI,Mali,2014,codf,loan,70880000.0,1,nominal_usd
MLI::cofi::loan,MLI,Mali,2014,cofi,loan,99000000.0,1,nominal_usd
MLI::aiddata::grant,MLI,Mali,2015,aiddata,grant,14339720.412847,2,constant_2023_usd
MLI::aiddata::loan,MLI,Mali,2016,aiddata,loan,6565601.583713,1,constant_2023_usd
MLI::aiddata::debt_relief,MLI,Mali,2017,aiddata,debt_relief,15747463.062185,1,constant_2023_usd
MLI::aiddata::grant,MLI,Mali,2017,aiddata,grant,55116120.717646,2,constant_2023_usd
MLI::aiddata::unspecified,MLI,Mali,2017,aiddata,unspecified,57950.664069,1,constant_2023_usd
MLI::aiddata::loan,MLI,Mali,2018,aiddata,loan,173624373.061491,2,constant_2023_usd
MLI::cla::loan,MLI,Mali,2018,cla,loan,168820000.0,1,nominal_usd
MLI::codf::loan,MLI,Mali,2018,codf,loan,168850000.0,1,nominal_usd
MLI::aiddata::grant,MLI,Mali,2020,aiddata,grant,54166.025622,1,constant_2023_usd
MLI::chapo::grant,MLI,Mali,2020,chapo,grant,147889.319038,2,constant_2021_usd
MLI::aiddata::grant,MLI,Mali,2021,aiddata,grant,14232720.81784,3,constant_2023_usd
MLI::chapo::grant,MLI,Mali,2021,chapo,grant,15434419.447099,3,constant_2021_usd
MLI::aiddata::grant,MLI,Mali,2022,aiddata,grant,10205126.618926,2,constant_2023_usd
MLI::aiddata::grant,MLI,Mali,2023,aiddata,grant,205955.02971,2,constant_2023_usd
MOZ::aiddata::grant,MOZ,Mozambique,2000,aiddata,grant,1327451.69936,4,constant_2023_usd
MOZ::aiddata::loan,MOZ,Mozambique,2000,aiddata,loan,17180298.824933,1,constant_2023_usd
MOZ::aiddata::debt_relief,MOZ,Mozambique,2001,aiddata,debt_relief,81288260.972374,1,constant_2023_usd
MOZ::aiddata::grant,MOZ,Mozambique,2001,aiddata,grant,348378.26131,1,constant_2023_usd
MOZ::aiddata::loan,MOZ,Mozambique,2001,aiddata,loan,25994265.677234,1,constant_2023_usd
MOZ::cancel::debt_relief,MOZ,Mozambique,2001,cancel,debt_relief,35000000.0,1,nominal_usd
MOZ::cla::loan,MOZ,Mozambique,2001,cla,loan,11190000.0,1,nominal_usd
MOZ::aiddata::grant,MOZ,Mozambique,2002,aiddata,grant,12743390.822982,2,constant_2023_usd
MOZ::aiddata::grant,MOZ,Mozambique,2003,aiddata,grant,1125017.460293,1,constant_2023_usd
MOZ::aiddata::grant,MOZ,Mozambique,2005,aiddata,grant,8017322.076132,2,constant_2023_usd
MOZ::aiddata::loan,MOZ,Mozambique,2005,aiddata,loan,7816889.024228,1,constant_2023_usd
MOZ::cancel::debt_relief,MOZ,Mozambique,2005,cancel,debt_relief,7500000.0,1,nominal_usd
MOZ::aiddata::grant,MOZ,Mozambique,2006,aiddata,grant,37530.321858,1,constant_2023_usd
MOZ::aiddata::debt_relief,MOZ,Mozambique,2007,aiddata,debt_relief,64223782.684047,1,constant_2023_usd
MOZ::aiddata::grant,MOZ,Mozambique,2007,aiddata,grant,12513122.583477,2,constant_2023_usd
MOZ::aiddata::loan,MOZ,Mozambique,2007,aiddata,loan,244137753.495548,3,constant_2023_usd
MOZ::cancel::debt_relief,MOZ,Mozambique,2007,cancel,debt_relief,30000000.0,1,nominal_usd
MOZ::cla::loan,MOZ,Mozambique,2007,cla,loan,50000000.0,1,nominal_usd
MOZ::aiddata::loan,MOZ,Mozambique,2008,aiddata,loan,32819109.246615,1,constant_2023_usd
MOZ::aiddata::grant,MOZ,Mozambique,2009,aiddata,grant,1040488.327307,1,constant_2023_usd
MOZ::aiddata::loan,MOZ,Mozambique,2009,aiddata,loan,172670767.196272,4,constant_2023_usd
MOZ::cla::loan,MOZ,Mozambique,2009,cla,loan,117000000.0,3,nominal_usd
MOZ::codf::loan,MOZ,Mozambique,2009,codf,loan,97000000.0,2,nominal_usd
MOZ::aiddata::grant,MOZ,Mozambique,2010,aiddata,grant,101090.483986,1,constant_2023_usd
MOZ::aiddata::loan,MOZ,Mozambique,2010,aiddata,loan,112170418.683197,2,constant_2023_usd
MOZ::cla::loan,MOZ,Mozambique,2010,cla,loan,23600000.0,2,nominal_usd
MOZ::aiddata::grant,MOZ,Mozambique,2011,aiddata,grant,6153150.208816,2,constant_2023_usd
MOZ::aiddata::loan,MOZ,Mozambique,2011,aiddata,loan,90919771.824768,1,constant_2023_usd
MOZ::cla::loan,MOZ,Mozambique,2011,cla,loan,40000000.0,1,nominal_usd
MOZ::codf::loan,MOZ,Mozambique,2011,codf,loan,40000000.0,1,nominal_usd
MOZ::aiddata::grant,MOZ,Mozambique,2012,aiddata,grant,5603621.004042,2,constant_2023_usd
MOZ::aiddata::loan,MOZ,Mozambique,2012,aiddata,loan,1349715626.667973,7,constant_2023_usd
MOZ::chapo::grant,MOZ,Mozambique,2012,chapo,grant,3722278.042216,1,constant_2021_usd
MOZ::cla::loan,MOZ,Mozambique,2012,cla,loan,1258980000.0,6,nominal_usd
MOZ::codf::loan,MOZ,Mozambique,2012,codf,loan,1249580000.0,5,nominal_usd
MOZ::aiddata::grant,MOZ,Mozambique,2013,aiddata,grant,25952679.407586,3,constant_2023_usd
MOZ::aiddata::loan,MOZ,Mozambique,2013,aiddata,loan,3233099820.39239,3,constant_2023_usd
MOZ::chapo::grant,MOZ,Mozambique,2013,chapo,grant,29554557.667374,3,constant_2021_usd
MOZ::cla::loan,MOZ,Mozambique,2013,cla,loan,176100000.0,2,nominal_usd
MOZ::codf::loan,MOZ,Mozambique,2013,codf,loan,176100000.0,2,nominal_usd
MOZ::aiddata::loan,MOZ,Mozambique,2014,aiddata,loan,686510660.12641,5,constant_2023_usd
MOZ::cla::loan,MOZ,Mozambique,2014,cla,loan,432380000.0,2,nominal_usd
MOZ::codf::loan,MOZ,Mozambique,2014,codf,loan,432380000.0,2,nominal_usd
MOZ::aiddata::grant,MOZ,Mozambique,2015,aiddata,grant,6676270.783232,2,constant_2023_usd
MOZ::aiddata::debt_relief,MOZ,Mozambique,2016,aiddata,debt_relief,4924201.187785,1,constant_2023_usd
MOZ::aiddata::grant,MOZ,Mozambique,2016,aiddata,grant,16251751.434534,2,constant_2023_usd
MOZ::chapo::grant,MOZ,Mozambique,2016,chapo,grant,5785942.090956,1,constant_2021_usd
MOZ::aiddata::debt_relief,MOZ,Mozambique,2017,aiddata,debt_relief,38485620.345205,1,constant_2023_usd
MOZ::aiddata::grant,MOZ,Mozambique,2017,aiddata,grant,128412595.305839,7,constant_2023_usd
MOZ::aiddata::loan,MOZ,Mozambique,2017,aiddata,loan,2193015719.410972,7,constant_2023_usd
MOZ::cancel::debt_relief,MOZ,Mozambique,2017,cancel,debt_relief,34000000.0,1,nominal_usd
MOZ::cla::loan,MOZ,Mozambique,2017,cla,loan,156000000.0,1,nominal_usd
MOZ::codf::loan,MOZ,Mozambique,2017,codf,loan,156000000.0,1,nominal_usd
MOZ::restruct::loan,MOZ,Mozambique,2017,restruct,loan,2020000000.0,1,nominal_usd
MOZ::aiddata::grant,MOZ,Mozambique,2018,aiddata,grant,20729703.659239,4,constant_2023_usd
MOZ::aiddata::grant,MOZ,Mozambique,2019,aiddata,grant,7290893.297334,3,constant_2023_usd
MOZ::aiddata::loan,MOZ,Mozambique,2019,aiddata,loan,31139624.727224,1,constant_2023_usd
MOZ::aiddata::grant,MOZ,Mozambique,2020,aiddata,grant,249224.280636,8,constant_2023_usd
MOZ::aiddata::loan,MOZ,Mozambique,2020,aiddata,loan,298686941.285884,2,constant_2023_usd
MOZ::chapo::grant,MOZ,Mozambique,2020,chapo,grant,146929.624148,6,constant_2021_usd
MOZ::cla::loan,MOZ,Mozambique,2020,cla,loan,132000000.0,1,nominal_usd
MOZ::codf::loan,MOZ,Mozambique,2020,codf,loan,132000000.0,1,nominal_usd
MOZ::aiddata::grant,MOZ,Mozambique,2021,aiddata,grant,26603050.363559,7,constant_2023_usd
MOZ::chapo::grant,MOZ,Mozambique,2021,chapo,grant,27980000.0,5,constant_2021_usd
MOZ::aiddata::loan,MOZ,Mozambique,2022,aiddata,loan,24866292.931108,1,constant_2023_usd
MRT::aiddata::grant,MRT,Mauritania,2002,aiddata,grant,1394575.327836,1,constant_2023_usd
MRT::aiddata::grant,MRT,Mauritania,2004,aiddata,grant,1051868.149487,1,constant_2023_usd
MRT::aiddata::grant,MRT,Mauritania,2006,aiddata,grant,706131.8542,1,constant_2023_usd
MRT::cla::loan,MRT,Mauritania,2006,cla,loan,75330000.0,1,nominal_usd
MRT::aiddata::debt_relief,MRT,Mauritania,2007,aiddata,debt_relief,94709178.451472,1,constant_2023_usd
MRT::cancel::debt_relief,MRT,Mauritania,2007,cancel,debt_relief,61000000.0,1,nominal_usd
MRT::aiddata::grant,MRT,Mauritania,2009,aiddata,grant,14824669.090886,3,constant_2023_usd
MRT::aiddata::loan,MRT,Mauritania,2009,aiddata,loan,406152862.364625,1,constant_2023_usd
MRT::chapo::grant,MRT,Mauritania,2009,chapo,grant,16050156.511006,2,constant_2021_usd
MRT::cla::loan,MRT,Mauritania,2009,cla,loan,292800000.0,1,nominal_usd
MRT::codf::loan,MRT,Mauritania,2009,codf,loan,292830000.0,1,nominal_usd
MRT::aiddata::grant,MRT,Mauritania,2010,aiddata,grant,30400266.821362,2,constant_2023_usd
MRT::aiddata::loan,MRT,Mauritania,2010,aiddata,loan,143181661.752509,2,constant_2023_usd
MRT::cla::loan,MRT,Mauritania,2010,cla,loan,94970000.0,2,nominal_usd
MRT::codf::loan,MRT,Mauritania,2010,codf,loan,86120000.0,1,nominal_usd
MRT::aiddata::grant,MRT,Mauritania,2011,aiddata,grant,10548257.500829,1,constant_2023_usd
MRT::aiddata::loan,MRT,Mauritania,2011,aiddata,loan,68563673.755387,4,constant_2023_usd
MRT::chapo::grant,MRT,Mauritania,2011,chapo,grant,11414980.559306,1,constant_2021_usd
MRT::chapo::loan,MRT,Mauritania,2011,chapo,loan,11414980.559306,1,constant_2021_usd
MRT::cla::loan,MRT,Mauritania,2011,cla,loan,12380000.0,1,nominal_usd
MRT::aiddata::grant,MRT,Mauritania,2012,aiddata,grant,1682179.609548,1,constant_2023_usd
MRT::aiddata::grant,MRT,Mauritania,2013,aiddata,grant,16816132.496026,1,constant_2023_usd
MRT::aiddata::loan,MRT,Mauritania,2013,aiddata,loan,191765013.802986,2,constant_2023_usd
MRT::cgef::loan,MRT,Mauritania,2013,cgef,loan,138300000.0,1,nominal_usd
MRT::chapo::grant,MRT,Mauritania,2013,chapo,grant,18345975.642216,1,constant_2021_usd
MRT::cla::loan,MRT,Mauritania,2013,cla,loan,138300000.0,1,nominal_usd
MRT::codf::loan,MRT,Mauritania,2013,codf,loan,138300000.0,1,nominal_usd
MRT::aiddata::grant,MRT,Mauritania,2014,aiddata,grant,32981288.802573,1,constant_2023_usd
MRT::aiddata::unspecified,MRT,Mauritania,2014,aiddata,unspecified,13315613.357612,1,constant_2023_usd
MRT::chapo::grant,MRT,Mauritania,2014,chapo,grant,35603641.272529,1,constant_2021_usd
MRT::aiddata::grant,MRT,Mauritania,2015,aiddata,grant,33749415.719378,3,constant_2023_usd
MRT::aiddata::loan,MRT,Mauritania,2015,aiddata,loan,16645006.766314,1,constant_2023_usd
MRT::chapo::grant,MRT,Mauritania,2015,chapo,grant,135700.99547,1,constant_2021_usd
MRT::cla::loan,MRT,Mauritania,2015,cla,loan,48150000.0,2,nominal_usd
MRT::aiddata::grant,MRT,Mauritania,2016,aiddata,grant,3324604.546827,3,constant_2023_usd
MRT::aiddata::loan,MRT,Mauritania,2016,aiddata,loan,65656015.83713,1,constant_2023_usd
MRT::chapo::grant,MRT,Mauritania,2016,chapo,grant,584621.161631,2,constant_2021_usd
MRT::aiddata::grant,MRT,Mauritania,2017,aiddata,grant,50692911.464943,3,constant_2023_usd
MRT::chapo::grant,MRT,Mauritania,2017,chapo,grant,55363501.778743,3,constant_2021_usd
MRT::aiddata::grant,MRT,Mauritania,2018,aiddata,grant,45943148.910411,2,constant_2023_usd
MRT::aiddata::loan,MRT,Mauritania,2018,aiddata,loan,60859913.777204,1,constant_2023_usd
MRT::chapo::grant,MRT,Mauritania,2018,chapo,grant,322974.450124,1,constant_2021_usd
MRT::aiddata::grant,MRT,Mauritania,2019,aiddata,grant,34107048.415556,3,constant_2023_usd
MRT::aiddata::loan,MRT,Mauritania,2019,aiddata,loan,88578457.398788,1,constant_2023_usd
MRT::chapo::grant,MRT,Mauritania,2019,chapo,grant,24031712.912853,2,constant_2021_usd
MRT::cla::loan,MRT,Mauritania,2019,cla,loan,87000000.0,1,nominal_usd
MRT::codf::loan,MRT,Mauritania,2019,codf,loan,87000000.0,1,nominal_usd
MRT::aiddata::grant,MRT,Mauritania,2020,aiddata,grant,275902.544268,2,constant_2023_usd
MRT::chapo::grant,MRT,Mauritania,2020,chapo,grant,298660.530565,2,constant_2021_usd
MRT::aiddata::grant,MRT,Mauritania,2021,aiddata,grant,41489577.165642,5,constant_2023_usd
MRT::chapo::grant,MRT,Mauritania,2021,chapo,grant,27540000.0,4,constant_2021_usd
MRT::aiddata::grant,MRT,Mauritania,2022,aiddata,grant,41126982.552403,4,constant_2023_usd
MRT::aiddata::grant,MRT,Mauritania,2023,aiddata,grant,454034.080801,2,constant_2023_usd
MUS::aiddata::loan,MUS,Mauritius,2000,aiddata,loan,7432254.539329,2,constant_2023_usd
MUS::cla::loan,MUS,Mauritius,2000,cla,loan,2420000.0,1,nominal_usd
MUS::aiddata::loan,MUS,Mauritius,2001,aiddata,loan,16560064.474156,2,constant_2023_usd
MUS::cla::loan,MUS,Mauritius,2001,cla,loan,4840000.0,2,nominal_usd
MUS::aiddata::loan,MUS,Mauritius,2002,aiddata,loan,43231835.16293,3,constant_2023_usd
MUS::cla::loan,MUS,Mauritius,2002,cla,loan,14500000.0,2,nominal_usd
MUS::aiddata::grant,MUS,Mauritius,2003,aiddata,grant,2812288.108156,1,constant_2023_usd
MUS::cla::loan,MUS,Mauritius,2003,cla,loan,2420000.0,1,nominal_usd
MUS::aiddata::grant,MUS,Mauritius,2004,aiddata,grant,71375.412717,2,constant_2023_usd
MUS::aiddata::loan,MUS,Mauritius,2004,aiddata,loan,29991920.102177,2,constant_2023_usd
MUS::cla::loan,MUS,Mauritius,2004,cla,loan,7250000.0,2,nominal_usd
MUS::aiddata::grant,MUS,Mauritius,2005,aiddata,grant,739314.759213,2,constant_2023_usd
MUS::aiddata::loan,MUS,Mauritius,2005,aiddata,loan,12826378.597211,2,constant_2023_usd
MUS::cla::loan,MUS,Mauritius,2005,cla,loan,7320000.0,2,nominal_usd
MUS::aiddata::grant,MUS,Mauritius,2006,aiddata,grant,46030.383855,1,constant_2023_usd
MUS::aiddata::loan,MUS,Mauritius,2006,aiddata,loan,42179609.424237,4,constant_2023_usd
MUS::cla::loan,MUS,Mauritius,2006,cla,loan,20080000.0,3,nominal_usd
MUS::aiddata::loan,MUS,Mauritius,2007,aiddata,loan,65534472.126579,1,constant_2023_usd
MUS::cla::loan,MUS,Mauritius,2007,cla,loan,2630000.0,1,nominal_usd
MUS::aiddata::grant,MUS,Mauritius,2008,aiddata,grant,2125808.096508,1,constant_2023_usd
MUS::aiddata::loan,MUS,Mauritius,2008,aiddata,loan,14045734.906479,2,constant_2023_usd
MUS::chapo::loan,MUS,Mauritius,2008,chapo,loan,15203939.960829,2,constant_2021_usd
MUS::cla::loan,MUS,Mauritius,2008,cla,loan,4320000.0,1,nominal_usd
MUS::aiddata::grant,MUS,Mauritius,2009,aiddata,grant,7246907.559382,3,constant_2023_usd
MUS::aiddata::loan,MUS,Mauritius,2009,aiddata,loan,458179307.10051,2,constant_2023_usd
MUS::chapo::grant,MUS,Mauritius,2009,chapo,grant,7827199.613587,2,constant_2021_usd
MUS::cla::loan,MUS,Mauritius,2009,cla,loan,350900000.0,5,nominal_usd
MUS::codf::loan,MUS,Mauritius,2009,codf,loan,330280000.0,2,nominal_usd
MUS::aiddata::grant,MUS,Mauritius,2010,aiddata,grant,3255.461739,1,constant_2023_usd
MUS::cla::loan,MUS,Mauritius,2010,cla,loan,5910000.0,1,nominal_usd
MUS::aiddata::loan,MUS,Mauritius,2011,aiddata,loan,6592660.938018,1,constant_2023_usd
MUS::cgef::loan,MUS,Mauritius,2011,cgef,loan,5800000.0,1,nominal_usd
MUS::cla::loan,MUS,Mauritius,2011,cla,loan,98590000.0,3,nominal_usd
MUS::codf::loan,MUS,Mauritius,2011,codf,loan,89780000.0,1,nominal_usd
MUS::aiddata::grant,MUS,Mauritius,2012,aiddata,grant,1485616.776108,7,constant_2023_usd
MUS::aiddata::loan,MUS,Mauritius,2012,aiddata,loan,124848604.069804,2,constant_2023_usd
MUS::aiddata::grant,MUS,Mauritius,2013,aiddata,grant,8584635.639221,2,constant_2023_usd
MUS::cla::loan,MUS,Mauritius,2013,cla,loan,8070000.0,1,nominal_usd
MUS::aiddata::grant,MUS,Mauritius,2014,aiddata,grant,21637871.70612,1,constant_2023_usd
MUS::aiddata::loan,MUS,Mauritius,2014,aiddata,loan,16013907.205336,2,constant_2023_usd
MUS::cla::loan,MUS,Mauritius,2014,cla,loan,16550000.0,2,nominal_usd
MUS::aiddata::loan,MUS,Mauritius,2015,aiddata,loan,8322503.383157,1,constant_2023_usd
MUS::cla::loan,MUS,Mauritius,2015,cla,loan,7130000.0,1,nominal_usd
MUS::aiddata::debt_relief,MUS,Mauritius,2016,aiddata,debt_relief,13811015.150342,1,constant_2023_usd
MUS::aiddata::grant,MUS,Mauritius,2016,aiddata,grant,44275785.834089,5,constant_2023_usd
MUS::aiddata::loan,MUS,Mauritius,2016,aiddata,loan,79348775.575162,2,constant_2023_usd
MUS::cla::loan,MUS,Mauritius,2016,cla,loan,14560000.0,2,nominal_usd
MUS::aiddata::grant,MUS,Mauritius,2017,aiddata,grant,3878767.608003,2,constant_2023_usd
MUS::aiddata::loan,MUS,Mauritius,2017,aiddata,loan,81937731.335736,1,constant_2023_usd
MUS::cla::loan,MUS,Mauritius,2017,cla,loan,17750000.0,1,nominal_usd
MUS::aiddata::grant,MUS,Mauritius,2018,aiddata,grant,543539.946312,13,constant_2023_usd
MUS::aiddata::loan,MUS,Mauritius,2018,aiddata,loan,123459473.438887,2,constant_2023_usd
MUS::cla::loan,MUS,Mauritius,2018,cla,loan,52330000.0,1,nominal_usd
MUS::codf::loan,MUS,Mauritius,2018,codf,loan,52280000.0,1,nominal_usd
MUS::aiddata::grant,MUS,Mauritius,2019,aiddata,grant,15315984.846489,9,constant_2023_usd
MUS::aiddata::loan,MUS,Mauritius,2019,aiddata,loan,34599582.684253,1,constant_2023_usd
MUS::aiddata::grant,MUS,Mauritius,2021,aiddata,grant,1662978.651817,4,constant_2023_usd
MUS::aiddata::loan,MUS,Mauritius,2021,aiddata,loan,48533770.426324,1,constant_2023_usd
MUS::chapo::grant,MUS,Mauritius,2021,chapo,grant,1800000.0,1,constant_2021_usd
MUS::aiddata::loan,MUS,Mauritius,2022,aiddata,loan,18898382.627642,1,constant_2023_usd
MWI::aiddata::grant,MWI,Malawi,2007,aiddata,grant,83078226.711818,1,constant_2023_usd
MWI::aiddata::grant,MWI,Malawi,2008,aiddata,grant,100009782.295946,2,constant_2023_usd
MWI::aiddata::loan,MWI,Malawi,2008,aiddata,loan,14084460.841739,1,constant_2023_usd
MWI::aiddata::grant,MWI,Malawi,2009,aiddata,grant,3883621.330336,4,constant_2023_usd
MWI::aiddata::loan,MWI,Malawi,2009,aiddata,loan,127938151.644857,1,constant_2023_usd
MWI::cla::loan,MWI,Malawi,2009,cla,loan,92230000.0,1,nominal_usd
MWI::codf::loan,MWI,Malawi,2009,codf,loan,92240000.0,1,nominal_usd
MWI::aiddata::grant,MWI,Malawi,2010,aiddata,grant,1359105.100243,2,constant_2023_usd
MWI::cla::loan,MWI,Malawi,2010,cla,loan,660000.0,1,nominal_usd
MWI::aiddata::grant,MWI,Malawi,2011,aiddata,grant,213674.51701,4,constant_2023_usd
MWI::aiddata::loan,MWI,Malawi,2011,aiddata,loan,94766842.647313,1,constant_2023_usd
MWI::cla::loan,MWI,Malawi,2011,cla,loan,80000000.0,1,nominal_usd
MWI::codf::loan,MWI,Malawi,2011,codf,loan,80000000.0,1,nominal_usd
MWI::aiddata::grant,MWI,Malawi,2012,aiddata,grant,10296269.426873,2,constant_2023_usd
MWI::cla::loan,MWI,Malawi,2012,cla,loan,189600000.0,2,nominal_usd
MWI::codf::loan,MWI,Malawi,2012,codf,loan,70000000.0,1,nominal_usd
MWI::aiddata::grant,MWI,Malawi,2013,aiddata,grant,103834.676411,2,constant_2023_usd
MWI::aiddata::loan,MWI,Malawi,2013,aiddata,loan,74627978.081465,1,constant_2023_usd
MWI::chapo::grant,MWI,Malawi,2013,chapo,grant,92853.285463,1,constant_2021_usd
MWI::aiddata::grant,MWI,Malawi,2014,aiddata,grant,18634656.571043,4,constant_2023_usd
MWI::chapo::grant,MWI,Malawi,2014,chapo,grant,393674.994113,1,constant_2021_usd
MWI::aiddata::grant,MWI,Malawi,2015,aiddata,grant,62903065.445147,11,constant_2023_usd
MWI::aiddata::loan,MWI,Malawi,2015,aiddata,loan,8322503.383157,1,constant_2023_usd
MWI::chapo::grant,MWI,Malawi,2015,chapo,grant,25812338.100316,1,constant_2021_usd
MWI::cla::loan,MWI,Malawi,2015,cla,loan,8000000.0,1,nominal_usd
MWI::aiddata::grant,MWI,Malawi,2016,aiddata,grant,35097270.440544,12,constant_2023_usd
MWI::aiddata::loan,MWI,Malawi,2016,aiddata,loan,34238441.448161,2,constant_2023_usd
MWI::chapo::grant,MWI,Malawi,2016,chapo,grant,57940.686126,1,constant_2021_usd
MWI::cla::loan,MWI,Malawi,2016,cla,loan,23000000.0,1,nominal_usd
MWI::aiddata::grant,MWI,Malawi,2017,aiddata,grant,345701.353564,6,constant_2023_usd
MWI::aiddata::loan,MWI,Malawi,2017,aiddata,loan,21282527.619672,1,constant_2023_usd
MWI::chapo::grant,MWI,Malawi,2017,chapo,grant,92141.936425,1,constant_2021_usd
MWI::aiddata::grant,MWI,Malawi,2018,aiddata,grant,23858015.262502,6,constant_2023_usd
MWI::aiddata::loan,MWI,Malawi,2018,aiddata,loan,44880814.718547,1,constant_2023_usd
MWI::chapo::grant,MWI,Malawi,2018,chapo,grant,193694.191269,1,constant_2021_usd
MWI::cofi::loan,MWI,Malawi,2018,cofi,loan,667000000.0,1,nominal_usd
MWI::aiddata::grant,MWI,Malawi,2019,aiddata,grant,4569156.654893,4,constant_2023_usd
MWI::aiddata::loan,MWI,Malawi,2019,aiddata,loan,59070410.773106,1,constant_2023_usd
MWI::chapo::grant,MWI,Malawi,2019,chapo,grant,114534.010784,1,constant_2021_usd
MWI::cla::loan,MWI,Malawi,2019,cla,loan,56910000.0,1,nominal_usd
MWI::aiddata::grant,MWI,Malawi,2020,aiddata,grant,1234293.455114,6,constant_2023_usd
MWI::aiddata::loan,MWI,Malawi,2020,aiddata,loan,166836293.294266,2,constant_2023_usd
MWI::chapo::grant,MWI,Malawi,2020,chapo,grant,1305990.101297,5,constant_2021_usd
MWI::cla::loan,MWI,Malawi,2020,cla,loan,100420000.0,1,nominal_usd
MWI::codf::loan,MWI,Malawi,2020,codf,loan,100430000.0,1,nominal_usd
MWI::aiddata::grant,MWI,Malawi,2021,aiddata,grant,28648002.339415,7,constant_2023_usd
MWI::aiddata::loan,MWI,Malawi,2021,aiddata,loan,4361729.943852,1,constant_2023_usd
MWI::chapo::grant,MWI,Malawi,2021,chapo,grant,30050085.144746,2,constant_2021_usd
MWI::aiddata::grant,MWI,Malawi,2022,aiddata,grant,1671047.440473,4,constant_2023_usd
MWI::aiddata::loan,MWI,Malawi,2022,aiddata,loan,0.0,1,constant_2023_usd
MWI::aiddata::grant,MWI,Malawi,2023,aiddata,grant,1571592.188,3,constant_2023_usd
NAM::aiddata::grant,NAM,Namibia,2000,aiddata,grant,4097032.890128,1,constant_2023_usd
NAM::aiddata::loan,NAM,Namibia,2000,aiddata,loan,14316915.687444,1,constant_2023_usd
NAM::cla::loan,NAM,Namibia,2000,cla,loan,1180000.0,1,nominal_usd
NAM::cla::loan,NAM,Namibia,2001,cla,loan,2420000.0,1,nominal_usd
NAM::aiddata::grant,NAM,Namibia,2002,aiddata,grant,11993347.819393,1,constant_2023_usd
NAM::aiddata::loan,NAM,Namibia,2002,aiddata,loan,12089777.299826,1,constant_2023_usd
NAM::aiddata::grant,NAM,Namibia,2003,aiddata,grant,67501.047618,1,constant_2023_usd
NAM::aiddata::loan,NAM,Namibia,2003,aiddata,loan,27183860.914111,1,constant_2023_usd
NAM::aiddata::grant,NAM,Namibia,2004,aiddata,grant,481213.384243,2,constant_2023_usd
NAM::aiddata::loan,NAM,Namibia,2004,aiddata,loan,9800679.923485,1,constant_2023_usd
NAM::cla::loan,NAM,Namibia,2004,cla,loan,4640000.0,1,nominal_usd
NAM::aiddata::grant,NAM,Namibia,2005,aiddata,grant,726484.988811,3,constant_2023_usd
NAM::aiddata::loan,NAM,Namibia,2005,aiddata,loan,73385848.479294,2,constant_2023_usd
NAM::cla::loan,NAM,Namibia,2005,cla,loan,36640000.0,2,nominal_usd
NAM::aiddata::grant,NAM,Namibia,2006,aiddata,grant,3295.281986,1,constant_2023_usd
NAM::cla::loan,NAM,Namibia,2006,cla,loan,2510000.0,1,nominal_usd
NAM::aiddata::grant,NAM,Namibia,2007,aiddata,grant,12788027.268008,5,constant_2023_usd
NAM::aiddata::loan,NAM,Namibia,2007,aiddata,loan,15509825.069957,2,constant_2023_usd
NAM::chapo::grant,NAM,Namibia,2007,chapo,grant,248379.426087,1,constant_2021_usd
NAM::chapo::loan,NAM,Namibia,2007,chapo,loan,1346492.095782,1,constant_2021_usd
NAM::cla::loan,NAM,Namibia,2007,cla,loan,61620000.0,3,nominal_usd
NAM::aiddata::grant,NAM,Namibia,2008,aiddata,grant,4061530.757477,2,constant_2023_usd
NAM::aiddata::loan,NAM,Namibia,2008,aiddata,loan,67557870.574191,2,constant_2023_usd
NAM::cla::loan,NAM,Namibia,2008,cla,loan,10700000.0,2,nominal_usd
NAM::aiddata::grant,NAM,Namibia,2009,aiddata,grant,14531730.365595,5,constant_2023_usd
NAM::chapo::grant,NAM,Namibia,2009,chapo,grant,15390561.037951,1,constant_2021_usd
NAM::cla::loan,NAM,Namibia,2009,cla,loan,24130000.0,2,nominal_usd
NAM::aiddata::grant,NAM,Namibia,2010,aiddata,grant,96630.928742,2,constant_2023_usd
NAM::aiddata::grant,NAM,Namibia,2011,aiddata,grant,17943128.001821,4,constant_2023_usd
NAM::aiddata::grant,NAM,Namibia,2012,aiddata,grant,6196620.44638,5,constant_2023_usd
NAM::aiddata::loan,NAM,Namibia,2012,aiddata,loan,1556926348.807942,3,constant_2023_usd
NAM::cla::loan,NAM,Namibia,2012,cla,loan,350190000.0,3,nominal_usd
NAM::codf::loan,NAM,Namibia,2012,codf,loan,120970000.0,2,nominal_usd
NAM::aiddata::grant,NAM,Namibia,2013,aiddata,grant,25541702.541509,6,constant_2023_usd
NAM::aiddata::loan,NAM,Namibia,2013,aiddata,loan,82717703.291112,1,constant_2023_usd
NAM::aiddata::grant,NAM,Namibia,2014,aiddata,grant,1745381.487746,3,constant_2023_usd
NAM::aiddata::loan,NAM,Namibia,2014,aiddata,loan,143577445.327455,1,constant_2023_usd
NAM::chapo::grant,NAM,Namibia,2014,chapo,grant,215350.200881,1,constant_2021_usd
NAM::aiddata::grant,NAM,Namibia,2016,aiddata,grant,19646230.921844,5,constant_2023_usd
NAM::aiddata::grant,NAM,Namibia,2017,aiddata,grant,59538306.258012,5,constant_2023_usd
NAM::aiddata::grant,NAM,Namibia,2018,aiddata,grant,130573768.46565,15,constant_2023_usd
NAM::chapo::grant,NAM,Namibia,2018,chapo,grant,308956.263785,2,constant_2021_usd
NAM::cofi::loan,NAM,Namibia,2018,cofi,loan,25000000.0,1,nominal_usd
NAM::aiddata::grant,NAM,Namibia,2019,aiddata,grant,1229430.590501,5,constant_2023_usd
NAM::aiddata::grant,NAM,Namibia,2020,aiddata,grant,11759578.398217,13,constant_2023_usd
NAM::chapo::grant,NAM,Namibia,2020,chapo,grant,849109.269899,10,constant_2021_usd
NAM::aiddata::grant,NAM,Namibia,2021,aiddata,grant,6668068.87719,6,constant_2023_usd
NAM::chapo::grant,NAM,Namibia,2021,chapo,grant,10001488.49797,5,constant_2021_usd
NAM::aiddata::grant,NAM,Namibia,2022,aiddata,grant,442393.64159,3,constant_2023_usd
NAM::aiddata::grant,NAM,Namibia,2023,aiddata,grant,90588.357822,2,constant_2023_usd
NER::aiddata::debt_relief,NER,Niger,2001,aiddata,debt_relief,50506992.896181,1,constant_2023_usd
NER::aiddata::grant,NER,Niger,2002,aiddata,grant,24829019.1368,6,constant_2023_usd
NER::chapo::grant,NER,Niger,2002,chapo,grant,1660863.890645,2,constant_2021_usd
NER::aiddata::grant,NER,Niger,2003,aiddata,grant,3129232.091723,7,constant_2023_usd
NER::chapo::grant,NER,Niger,2003,chapo,grant,147156.866968,1,constant_2021_usd
NER::aiddata::grant,NER,Niger,2004,aiddata,grant,127084.407213,1,constant_2023_usd
NER::chapo::grant,NER,Niger,2004,chapo,grant,137590.471718,1,constant_2021_usd
NER::aiddata::grant,NER,Niger,2005,aiddata,grant,569638.640093,1,constant_2023_usd
NER::aiddata::grant,NER,Niger,2006,aiddata,grant,588443.211833,2,constant_2023_usd
NER::aiddata::unspecified,NER,Niger,2006,aiddata,unspecified,53666020.919231,1,constant_2023_usd
NER::chapo::grant,NER,Niger,2006,chapo,grant,764621.193845,2,constant_2021_usd
NER::aiddata::grant,NER,Niger,2007,aiddata,grant,9284050.217932,3,constant_2023_usd
NER::aiddata::grant,NER,Niger,2008,aiddata,grant,303976.372237,1,constant_2023_usd
NER::aiddata::loan,NER,Niger,2008,aiddata,loan,2084500204.577408,2,constant_2023_usd
NER::chapo::grant,NER,Niger,2008,chapo,grant,329042.128715,1,constant_2021_usd
NER::aiddata::grant,NER,Niger,2009,aiddata,grant,64781381.547158,2,constant_2023_usd
NER::aiddata::loan,NER,Niger,2009,aiddata,loan,319083087.040731,1,constant_2023_usd
NER::chapo::grant,NER,Niger,2009,chapo,grant,70136985.30152,2,constant_2021_usd
NER::aiddata::grant,NER,Niger,2010,aiddata,grant,2932580.262686,3,constant_2023_usd
NER::aiddata::grant,NER,Niger,2011,aiddata,grant,6097784.357665,3,constant_2023_usd
NER::aiddata::loan,NER,Niger,2011,aiddata,loan,344981710.597657,2,constant_2023_usd
NER::cgef::loan,NER,Niger,2011,cgef,loan,100620000.0,1,nominal_usd
NER::cla::loan,NER,Niger,2011,cla,loan,324620000.0,2,nominal_usd
NER::codf::loan,NER,Niger,2011,codf,loan,100620000.0,1,nominal_usd
NER::aiddata::grant,NER,Niger,2012,aiddata,grant,5415341.072567,5,constant_2023_usd
NER::chapo::grant,NER,Niger,2012,chapo,grant,1977900.567076,1,constant_2021_usd
NER::cla::loan,NER,Niger,2012,cla,loan,49140000.0,1,nominal_usd
NER::codf::loan,NER,Niger,2012,codf,loan,49130000.0,1,nominal_usd
NER::aiddata::grant,NER,Niger,2013,aiddata,grant,151345.192464,1,constant_2023_usd
NER::aiddata::loan,NER,Niger,2013,aiddata,loan,129907181.097395,2,constant_2023_usd
NER::aiddata::unspecified,NER,Niger,2013,aiddata,unspecified,39764437.239388,1,constant_2023_usd
NER::cgef::loan,NER,Niger,2013,cgef,loan,74680000.0,1,nominal_usd
NER::chapo::grant,NER,Niger,2013,chapo,grant,165113.78078,1,constant_2021_usd
NER::cla::loan,NER,Niger,2013,cla,loan,74680000.0,1,nominal_usd
NER::codf::loan,NER,Niger,2013,codf,loan,74680000.0,1,nominal_usd
NER::aiddata::loan,NER,Niger,2014,aiddata,loan,108426839.953381,2,constant_2023_usd
NER::cla::loan,NER,Niger,2014,cla,loan,101490000.0,1,nominal_usd
NER::codf::loan,NER,Niger,2014,codf,loan,101470000.0,1,nominal_usd
NER::aiddata::grant,NER,Niger,2015,aiddata,grant,94377188.364999,2,constant_2023_usd
NER::aiddata::loan,NER,Niger,2015,aiddata,loan,9557123.067626,1,constant_2023_usd
NER::cla::loan,NER,Niger,2015,cla,loan,15000000.0,1,nominal_usd
NER::aiddata::grant,NER,Niger,2016,aiddata,grant,17694702.385429,5,constant_2023_usd
NER::chapo::grant,NER,Niger,2016,chapo,grant,1776964.017114,1,constant_2021_usd
NER::aiddata::grant,NER,Niger,2017,aiddata,grant,1579707.43254,3,constant_2023_usd
NER::aiddata::grant,NER,Niger,2018,aiddata,grant,7683564.114372,2,constant_2023_usd
NER::restruct::loan,NER,Niger,2018,restruct,loan,161000000.0,1,nominal_usd
NER::aiddata::loan,NER,Niger,2019,aiddata,loan,1702299485.088221,2,constant_2023_usd
NER::aiddata::grant,NER,Niger,2020,aiddata,grant,8990214.290691,4,constant_2023_usd
NER::chapo::grant,NER,Niger,2020,chapo,grant,1970440.411325,3,constant_2021_usd
NER::aiddata::grant,NER,Niger,2021,aiddata,grant,13278839.575364,2,constant_2023_usd
NER::chapo::grant,NER,Niger,2021,chapo,grant,14400000.0,2,constant_2021_usd
NER::aiddata::grant,NER,Niger,2022,aiddata,grant,22863937.415863,3,constant_2023_usd
NER::aiddata::grant,NER,Niger,2023,aiddata,grant,1524966.252909,2,constant_2023_usd
NGA::aiddata::grant,NGA,Nigeria,2002,aiddata,grant,12697219.117102,1,constant_2023_usd
NGA::aiddata::loan,NGA,Nigeria,2002,aiddata,loan,899450188.97395,4,constant_2023_usd
NGA::chapo::grant,NGA,Nigeria,2002,chapo,grant,13747001.96102,1,constant_2021_usd
NGA::cla::loan,NGA,Nigeria,2002,cla,loan,389520000.0,4,nominal_usd
NGA::cofi::loan,NGA,Nigeria,2002,cofi,loan,229800000.0,2,nominal_usd
NGA::aiddata::debt_relief,NGA,Nigeria,2003,aiddata,debt_relief,5496482.568379,1,constant_2023_usd
NGA::aiddata::grant,NGA,Nigeria,2005,aiddata,grant,9850827.06087,1,constant_2023_usd
NGA::aiddata::loan,NGA,Nigeria,2005,aiddata,loan,46099601.937758,1,constant_2023_usd
NGA::aiddata::grant,NGA,Nigeria,2006,aiddata,grant,1176886.423667,1,constant_2023_usd
NGA::aiddata::loan,NGA,Nigeria,2006,aiddata,loan,3415259289.054966,3,constant_2023_usd
NGA::chapo::grant,NGA,Nigeria,2006,chapo,grant,1274368.656409,1,constant_2021_usd
NGA::cla::loan,NGA,Nigeria,2006,cla,loan,200000000.0,1,nominal_usd
NGA::aiddata::grant,NGA,Nigeria,2007,aiddata,grant,21722309.767018,3,constant_2023_usd
NGA::chapo::grant,NGA,Nigeria,2007,chapo,grant,23492744.051966,2,constant_2021_usd
NGA::aiddata::loan,NGA,Nigeria,2008,aiddata,loan,64887111.097893,2,constant_2023_usd
NGA::aiddata::grant,NGA,Nigeria,2009,aiddata,grant,1015382.155912,1,constant_2023_usd
NGA::aiddata::loan,NGA,Nigeria,2009,aiddata,loan,13873177.697423,1,constant_2023_usd
NGA::chapo::grant,NGA,Nigeria,2009,chapo,grant,1099325.788425,1,constant_2021_usd
NGA::aiddata::loan,NGA,Nigeria,2010,aiddata,loan,1439960634.485083,4,constant_2023_usd
NGA::cla::loan,NGA,Nigeria,2010,cla,loan,919600000.0,3,nominal_usd
NGA::codf::loan,NGA,Nigeria,2010,codf,loan,899500000.0,2,nominal_usd
NGA::aiddata::loan,NGA,Nigeria,2012,aiddata,loan,758672484.08538,2,constant_2023_usd
NGA::chapo::grant,NGA,Nigeria,2012,chapo,grant,1848088.793533,1,constant_2021_usd
NGA::cla::loan,NGA,Nigeria,2012,cla,loan,500000000.0,1,nominal_usd
NGA::codf::loan,NGA,Nigeria,2012,codf,loan,500000000.0,1,nominal_usd
NGA::aiddata::grant,NGA,Nigeria,2013,aiddata,grant,1046957.226151,2,constant_2023_usd
NGA::aiddata::loan,NGA,Nigeria,2013,aiddata,loan,2051729912.43274,7,constant_2023_usd
NGA::cgef::loan,NGA,Nigeria,2013,cgef,loan,984320000.0,1,nominal_usd
NGA::chapo::grant,NGA,Nigeria,2013,chapo,grant,14167.326969,1,constant_2021_usd
NGA::cla::loan,NGA,Nigeria,2013,cla,loan,1584320000.0,3,nominal_usd
NGA::codf::loan,NGA,Nigeria,2013,codf,loan,1584320000.0,3,nominal_usd
NGA::cofi::loan,NGA,Nigeria,2013,cofi,loan,984000000.0,1,nominal_usd
NGA::aiddata::grant,NGA,Nigeria,2014,aiddata,grant,1914119.420157,2,constant_2023_usd
NGA::aiddata::loan,NGA,Nigeria,2014,aiddata,loan,115374732.852419,1,constant_2023_usd
NGA::chapo::grant,NGA,Nigeria,2014,chapo,grant,269518.910487,1,constant_2021_usd
NGA::aiddata::grant,NGA,Nigeria,2015,aiddata,grant,136567.829771,2,constant_2023_usd
NGA::chapo::grant,NGA,Nigeria,2015,chapo,grant,56716.688963,1,constant_2021_usd
NGA::aiddata::grant,NGA,Nigeria,2016,aiddata,grant,1345948.324661,3,constant_2023_usd
NGA::cla::loan,NGA,Nigeria,2016,cla,loan,325670000.0,1,nominal_usd
NGA::codf::loan,NGA,Nigeria,2016,codf,loan,325670000.0,1,nominal_usd
NGA::aiddata::grant,NGA,Nigeria,2017,aiddata,grant,13449215.383455,4,constant_2023_usd
NGA::aiddata::loan,NGA,Nigeria,2017,aiddata,loan,1986644931.484124,5,constant_2023_usd
NGA::cla::loan,NGA,Nigeria,2017,cla,loan,2791890000.0,5,nominal_usd
NGA::codf::loan,NGA,Nigeria,2017,codf,loan,2749390000.0,4,nominal_usd
NGA::cofi::loan,NGA,Nigeria,2017,cofi,loan,4930000000.0,1,nominal_usd
NGA::aiddata::grant,NGA,Nigeria,2018,aiddata,grant,117689.61476,7,constant_2023_usd
NGA::aiddata::loan,NGA,Nigeria,2018,aiddata,loan,1099984634.014099,6,constant_2023_usd
NGA::chapo::grant,NGA,Nigeria,2018,chapo,grant,21092.913353,1,constant_2021_usd
NGA::cla::loan,NGA,Nigeria,2018,cla,loan,884220000.0,3,nominal_usd
NGA::codf::loan,NGA,Nigeria,2018,codf,loan,885520000.0,3,nominal_usd
NGA::aiddata::grant,NGA,Nigeria,2019,aiddata,grant,51844110.524227,5,constant_2023_usd
NGA::aiddata::loan,NGA,Nigeria,2019,aiddata,loan,1222055821.996574,9,constant_2023_usd
NGA::chapo::grant,NGA,Nigeria,2019,chapo,grant,34249.868988,1,constant_2021_usd
NGA::cla::loan,NGA,Nigeria,2019,cla,loan,1021530000.0,3,nominal_usd
NGA::codf::loan,NGA,Nigeria,2019,codf,loan,1021530000.0,3,nominal_usd
NGA::cofi::loan,NGA,Nigeria,2019,cofi,loan,1000000000.0,2,nominal_usd
NGA::aiddata::grant,NGA,Nigeria,2020,aiddata,grant,9600263.190012,12,constant_2023_usd
NGA::aiddata::loan,NGA,Nigeria,2020,aiddata,loan,2725867244.57617,6,constant_2023_usd
NGA::chapo::grant,NGA,Nigeria,2020,chapo,grant,2062998.349274,7,constant_2021_usd
NGA::aiddata::grant,NGA,Nigeria,2021,aiddata,grant,7812642.320145,2,constant_2023_usd
NGA::aiddata::loan,NGA,Nigeria,2021,aiddata,loan,551736720.144252,4,constant_2023_usd
NGA::chapo::grant,NGA,Nigeria,2021,chapo,grant,8460000.0,1,constant_2021_usd
NGA::aiddata::loan,NGA,Nigeria,2022,aiddata,loan,995239305.806718,6,constant_2023_usd
NGA::aiddata::grant,NGA,Nigeria,2023,aiddata,grant,11778.808388,2,constant_2023_usd
NGA::aiddata::loan,NGA,Nigeria,2023,aiddata,loan,1250456557.88,3,constant_2023_usd
NGA::cla::loan,NGA,Nigeria,2023,cla,loan,264920000.0,1,nominal_usd
NGA::codf::loan,NGA,Nigeria,2023,codf,loan,264910000.0,1,nominal_usd
RWA::aiddata::debt_relief,RWA,Rwanda,2001,aiddata,debt_relief,38028483.459081,2,constant_2023_usd
RWA::aiddata::grant,RWA,Rwanda,2001,aiddata,grant,8844437.969484,1,constant_2023_usd
RWA::cancel::debt_relief,RWA,Rwanda,2001,cancel,debt_relief,16350000.0,1,nominal_usd
RWA::aiddata::grant,RWA,Rwanda,2002,aiddata,grant,25394438.234204,2,constant_2023_usd
RWA::cla::loan,RWA,Rwanda,2003,cla,loan,3800000.0,1,nominal_usd
RWA::aiddata::grant,RWA,Rwanda,2006,aiddata,grant,46365546.743321,4,constant_2023_usd
RWA::aiddata::unspecified,RWA,Rwanda,2006,aiddata,unspecified,16888644.835986,1,constant_2023_usd
RWA::chapo::grant,RWA,Rwanda,2006,chapo,grant,25997120.590734,2,constant_2021_usd
RWA::aiddata::debt_relief,RWA,Rwanda,2007,aiddata,debt_relief,53170065.095563,1,constant_2023_usd
RWA::aiddata::grant,RWA,Rwanda,2007,aiddata,grant,3644812.54132,1,constant_2023_usd
RWA::aiddata::grant,RWA,Rwanda,2008,aiddata,grant,2181074.272208,2,constant_2023_usd
RWA::chapo::grant,RWA,Rwanda,2008,chapo,grant,2193614.191434,1,constant_2021_usd
RWA::aiddata::grant,RWA,Rwanda,2009,aiddata,grant,97112.243882,1,constant_2023_usd
RWA::aiddata::loan,RWA,Rwanda,2009,aiddata,loan,44473738.428926,1,constant_2023_usd
RWA::cla::loan,RWA,Rwanda,2009,cla,loan,32060000.0,1,nominal_usd
RWA::codf::loan,RWA,Rwanda,2009,codf,loan,32060000.0,1,nominal_usd
RWA::aiddata::grant,RWA,Rwanda,2010,aiddata,grant,1900016.676335,1,constant_2023_usd
RWA::cla::loan,RWA,Rwanda,2010,cla,loan,6000000.0,1,nominal_usd
RWA::cla::loan,RWA,Rwanda,2011,cla,loan,20240000.0,2,nominal_usd
RWA::aiddata::grant,RWA,Rwanda,2012,aiddata,grant,22333904.678974,2,constant_2023_usd
RWA::aiddata::loan,RWA,Rwanda,2012,aiddata,loan,167048185.444466,3,constant_2023_usd
RWA::cla::loan,RWA,Rwanda,2012,cla,loan,141420000.0,3,nominal_usd
RWA::codf::loan,RWA,Rwanda,2012,codf,loan,113000000.0,1,nominal_usd
RWA::aiddata::grant,RWA,Rwanda,2013,aiddata,grant,2376793.942827,3,constant_2023_usd
RWA::chapo::grant,RWA,Rwanda,2013,chapo,grant,1831931.360756,1,constant_2021_usd
RWA::aiddata::grant,RWA,Rwanda,2014,aiddata,grant,47815031.188354,3,constant_2023_usd
RWA::cla::loan,RWA,Rwanda,2014,cla,loan,8150000.0,1,nominal_usd
RWA::aiddata::grant,RWA,Rwanda,2016,aiddata,grant,45810306.057074,1,constant_2023_usd
RWA::aiddata::loan,RWA,Rwanda,2016,aiddata,loan,80100339.321299,1,constant_2023_usd
RWA::chapo::grant,RWA,Rwanda,2016,chapo,grant,49593789.351056,1,constant_2021_usd
RWA::cla::loan,RWA,Rwanda,2016,cla,loan,75660000.0,1,nominal_usd
RWA::codf::loan,RWA,Rwanda,2016,codf,loan,73930000.0,1,nominal_usd
RWA::aiddata::grant,RWA,Rwanda,2017,aiddata,grant,7480808.458315,2,constant_2023_usd
RWA::aiddata::loan,RWA,Rwanda,2017,aiddata,loan,41971272.718755,1,constant_2023_usd
RWA::aiddata::grant,RWA,Rwanda,2018,aiddata,grant,16952779.499086,2,constant_2023_usd
RWA::aiddata::loan,RWA,Rwanda,2018,aiddata,loan,130136892.911334,2,constant_2023_usd
RWA::cla::loan,RWA,Rwanda,2018,cla,loan,134480000.0,2,nominal_usd
RWA::codf::loan,RWA,Rwanda,2018,codf,loan,134440000.0,2,nominal_usd
RWA::aiddata::grant,RWA,Rwanda,2019,aiddata,grant,45347333.139311,1,constant_2023_usd
RWA::aiddata::grant,RWA,Rwanda,2020,aiddata,grant,56027427.595377,14,constant_2023_usd
RWA::aiddata::loan,RWA,Rwanda,2020,aiddata,loan,224140434.526065,1,constant_2023_usd
RWA::cgef::loan,RWA,Rwanda,2020,cgef,loan,214000000.0,1,nominal_usd
RWA::chapo::grant,RWA,Rwanda,2020,chapo,grant,7137671.58658,9,constant_2021_usd
RWA::cla::loan,RWA,Rwanda,2020,cla,loan,214000000.0,1,nominal_usd
RWA::codf::loan,RWA,Rwanda,2020,codf,loan,214000000.0,1,nominal_usd
RWA::cofi::loan,RWA,Rwanda,2020,cofi,loan,214000000.0,1,nominal_usd
RWA::aiddata::grant,RWA,Rwanda,2021,aiddata,grant,8348047.282199,3,constant_2023_usd
RWA::chapo::grant,RWA,Rwanda,2021,chapo,grant,9052890.516631,3,constant_2021_usd
RWA::aiddata::grant,RWA,Rwanda,2022,aiddata,grant,1868.121703,2,constant_2023_usd
RWA::aiddata::loan,RWA,Rwanda,2022,aiddata,loan,65666684.681894,2,constant_2023_usd
RWA::cla::loan,RWA,Rwanda,2022,cla,loan,29460000.0,1,nominal_usd
RWA::codf::loan,RWA,Rwanda,2022,codf,loan,29450000.0,1,nominal_usd
RWA::aiddata::loan,RWA,Rwanda,2023,aiddata,loan,50000000.0,1,constant_2023_usd
SDN::aiddata::grant,SDN,Sudan,2000,aiddata,grant,51485862.804503,3,constant_2023_usd
SDN::aiddata::loan,SDN,Sudan,2000,aiddata,loan,758543828.20588,1,constant_2023_usd
SDN::cofi::loan,SDN,Sudan,2000,cofi,loan,149000000.0,1,nominal_usd
SDN::aiddata::debt_relief,SDN,Sudan,2001,aiddata,debt_relief,154215443.673304,1,constant_2023_usd
SDN::aiddata::loan,SDN,Sudan,2001,aiddata,loan,372136979.203602,3,constant_2023_usd
SDN::aiddata::unspecified,SDN,Sudan,2001,aiddata,unspecified,21599452.201231,1,constant_2023_usd
SDN::cancel::debt_relief,SDN,Sudan,2001,cancel,debt_relief,67000000.0,1,nominal_usd
SDN::cla::loan,SDN,Sudan,2001,cla,loan,127500000.0,1,nominal_usd
SDN::aiddata::grant,SDN,Sudan,2002,aiddata,grant,14138915.202066,2,constant_2023_usd
SDN::aiddata::loan,SDN,Sudan,2002,aiddata,loan,124571262.465244,3,constant_2023_usd
SDN::cgef::loan,SDN,Sudan,2002,cgef,loan,50700000.0,2,nominal_usd
SDN::chapo::grant,SDN,Sudan,2002,chapo,grant,6248637.255009,1,constant_2021_usd
SDN::cla::loan,SDN,Sudan,2002,cla,loan,54320000.0,3,nominal_usd
SDN::aiddata::grant,SDN,Sudan,2003,aiddata,grant,1125017.460293,1,constant_2023_usd
SDN::aiddata::loan,SDN,Sudan,2003,aiddata,loan,2674958198.198435,7,constant_2023_usd
SDN::cgef::loan,SDN,Sudan,2003,cgef,loan,989000000.0,2,nominal_usd
SDN::cla::loan,SDN,Sudan,2003,cla,loan,1243850000.0,8,nominal_usd
SDN::cofi::loan,SDN,Sudan,2003,cofi,loan,608000000.0,1,nominal_usd
SDN::aiddata::grant,SDN,Sudan,2004,aiddata,grant,34383653.417988,8,constant_2023_usd
SDN::aiddata::loan,SDN,Sudan,2004,aiddata,loan,791893956.225588,11,constant_2023_usd
SDN::chapo::grant,SDN,Sudan,2004,chapo,grant,7516252.002226,4,constant_2021_usd
SDN::cla::loan,SDN,Sudan,2004,cla,loan,258900000.0,8,nominal_usd
SDN::aiddata::grant,SDN,Sudan,2005,aiddata,grant,2446194.94931,1,constant_2023_usd
SDN::aiddata::loan,SDN,Sudan,2005,aiddata,loan,1624048889.65682,11,constant_2023_usd
SDN::cgef::loan,SDN,Sudan,2005,cgef,loan,170800000.0,2,nominal_usd
SDN::cla::loan,SDN,Sudan,2005,cla,loan,342960000.0,11,nominal_usd
SDN::cofi::loan,SDN,Sudan,2005,cofi,loan,175000000.0,1,nominal_usd
SDN::aiddata::grant,SDN,Sudan,2006,aiddata,grant,43261823.672279,4,constant_2023_usd
SDN::aiddata::loan,SDN,Sudan,2006,aiddata,loan,800723374.3645,11,constant_2023_usd
SDN::cgef::loan,SDN,Sudan,2006,cgef,loan,4600000.0,1,nominal_usd
SDN::chapo::grant,SDN,Sudan,2006,chapo,grant,2641533.810834,1,constant_2021_usd
SDN::cla::loan,SDN,Sudan,2006,cla,loan,248000000.0,9,nominal_usd
SDN::cofi::loan,SDN,Sudan,2006,cofi,loan,5000000.0,1,nominal_usd
SDN::aiddata::debt_relief,SDN,Sudan,2007,aiddata,debt_relief,134240399.148797,2,constant_2023_usd
SDN::aiddata::grant,SDN,Sudan,2007,aiddata,grant,42289164.097542,15,constant_2023_usd
SDN::aiddata::loan,SDN,Sudan,2007,aiddata,loan,1892047484.094557,4,constant_2023_usd
SDN::cancel::debt_relief,SDN,Sudan,2007,cancel,debt_relief,83350000.0,1,nominal_usd
SDN::chapo::grant,SDN,Sudan,2007,chapo,grant,53977.931487,1,constant_2021_usd
SDN::cla::loan,SDN,Sudan,2007,cla,loan,6790000.0,1,nominal_usd
SDN::aiddata::grant,SDN,Sudan,2008,aiddata,grant,71232471.267734,13,constant_2023_usd
SDN::aiddata::loan,SDN,Sudan,2008,aiddata,loan,169013530.100871,1,constant_2023_usd
SDN::aiddata::unspecified,SDN,Sudan,2008,aiddata,unspecified,24647806.473044,1,constant_2023_usd
SDN::chapo::grant,SDN,Sudan,2008,chapo,grant,19776598.513691,2,constant_2021_usd
SDN::cla::loan,SDN,Sudan,2008,cla,loan,188870000.0,4,nominal_usd
SDN::codf::loan,SDN,Sudan,2008,codf,loan,51000000.0,1,nominal_usd
SDN::aiddata::grant,SDN,Sudan,2009,aiddata,grant,15222130.134348,7,constant_2023_usd
SDN::aiddata::loan,SDN,Sudan,2009,aiddata,loan,2412745040.96405,10,constant_2023_usd
SDN::cgef::loan,SDN,Sudan,2009,cgef,loan,612000000.0,1,nominal_usd
SDN::cla::loan,SDN,Sudan,2009,cla,loan,1801510000.0,9,nominal_usd
SDN::codf::loan,SDN,Sudan,2009,codf,loan,668800000.0,6,nominal_usd
SDN::cofi::loan,SDN,Sudan,2009,cofi,loan,612000000.0,1,nominal_usd
SDN::aiddata::debt_relief,SDN,Sudan,2010,aiddata,debt_relief,7600066.70534,1,constant_2023_usd
SDN::aiddata::grant,SDN,Sudan,2010,aiddata,grant,5534992.982717,6,constant_2023_usd
SDN::aiddata::loan,SDN,Sudan,2010,aiddata,loan,658888739.770192,6,constant_2023_usd
SDN::cancel::debt_relief,SDN,Sudan,2010,cancel,debt_relief,5910000.0,1,nominal_usd
SDN::cgef::loan,SDN,Sudan,2010,cgef,loan,232900000.0,1,nominal_usd
SDN::chapo::grant,SDN,Sudan,2010,chapo,grant,2942349.228123,3,constant_2021_usd
SDN::cla::loan,SDN,Sudan,2010,cla,loan,356200000.0,5,nominal_usd
SDN::codf::loan,SDN,Sudan,2010,codf,loan,322200000.0,3,nominal_usd
SDN::aiddata::grant,SDN,Sudan,2011,aiddata,grant,15456361.210211,3,constant_2023_usd
SDN::aiddata::loan,SDN,Sudan,2011,aiddata,loan,224363879.492199,2,constant_2023_usd
SDN::cla::loan,SDN,Sudan,2011,cla,loan,109700000.0,2,nominal_usd
SDN::aiddata::loan,SDN,Sudan,2012,aiddata,loan,3795152385.22388,3,constant_2023_usd
SDN::cla::loan,SDN,Sudan,2012,cla,loan,1529480000.0,2,nominal_usd
SDN::codf::loan,SDN,Sudan,2012,codf,loan,1500000000.0,1,nominal_usd
SDN::aiddata::grant,SDN,Sudan,2013,aiddata,grant,77266.857415,2,constant_2023_usd
SDN::aiddata::grant,SDN,Sudan,2014,aiddata,grant,24966775.045523,1,constant_2023_usd
SDN::aiddata::loan,SDN,Sudan,2014,aiddata,loan,278673354.41962,3,constant_2023_usd
SDN::aiddata::grant,SDN,Sudan,2015,aiddata,grant,2824735.629784,1,constant_2023_usd
SDN::aiddata::grant,SDN,Sudan,2016,aiddata,grant,3333684.20413,1,constant_2023_usd
SDN::chapo::grant,SDN,Sudan,2016,chapo,grant,3609013.918759,1,constant_2021_usd
SDN::aiddata::grant,SDN,Sudan,2017,aiddata,grant,72233613.066241,1,constant_2023_usd
SDN::aiddata::loan,SDN,Sudan,2017,aiddata,loan,15747463.062185,1,constant_2023_usd
SDN::cla::loan,SDN,Sudan,2017,cla,loan,29580000.0,2,nominal_usd
SDN::aiddata::grant,SDN,Sudan,2018,aiddata,grant,29186700.228844,3,constant_2023_usd
SDN::aiddata::loan,SDN,Sudan,2018,aiddata,loan,30429956.888602,1,constant_2023_usd
SDN::chapo::grant,SDN,Sudan,2018,chapo,grant,1089849.747879,1,constant_2021_usd
SDN::cla::loan,SDN,Sudan,2018,cla,loan,30220000.0,1,nominal_usd
SDN::aiddata::grant,SDN,Sudan,2019,aiddata,grant,14531824.872704,1,constant_2023_usd
SDN::aiddata::grant,SDN,Sudan,2020,aiddata,grant,2352353.112718,2,constant_2023_usd
SDN::chapo::grant,SDN,Sudan,2020,chapo,grant,312714.360668,1,constant_2021_usd
SDN::aiddata::grant,SDN,Sudan,2021,aiddata,grant,4149637.367301,1,constant_2023_usd
SDN::chapo::grant,SDN,Sudan,2021,chapo,grant,4500000.0,1,constant_2021_usd
SDN::aiddata::grant,SDN,Sudan,2022,aiddata,grant,15989345.279579,5,constant_2023_usd
SDN::aiddata::grant,SDN,Sudan,2023,aiddata,grant,400000.0,1,constant_2023_usd
SEN::aiddata::grant,SEN,Senegal,2005,aiddata,grant,2658313.65377,1,constant_2023_usd
SEN::aiddata::loan,SEN,Senegal,2005,aiddata,loan,100028545.200416,1,constant_2023_usd
SEN::cla::loan,SEN,Senegal,2005,cla,loan,50050000.0,1,nominal_usd
SEN::aiddata::debt_relief,SEN,Senegal,2006,aiddata,debt_relief,39478401.525764,1,constant_2023_usd
SEN::aiddata::grant,SEN,Senegal,2006,aiddata,grant,126418213.647105,4,constant_2023_usd
SEN::cancel::debt_relief,SEN,Senegal,2006,cancel,debt_relief,20500000.0,1,nominal_usd
SEN::chapo::grant,SEN,Senegal,2006,chapo,grant,507987.271314,1,constant_2021_usd
SEN::aiddata::grant,SEN,Senegal,2007,aiddata,grant,51454859.527575,2,constant_2023_usd
SEN::aiddata::loan,SEN,Senegal,2007,aiddata,loan,166020662.720666,2,constant_2023_usd
SEN::cancel::debt_relief,SEN,Senegal,2007,cancel,debt_relief,6000000.0,1,nominal_usd
SEN::cgef::loan,SEN,Senegal,2007,cgef,loan,48620000.0,1,nominal_usd
SEN::cla::loan,SEN,Senegal,2007,cla,loan,99870000.0,2,nominal_usd
SEN::aiddata::loan,SEN,Senegal,2009,aiddata,loan,44284430.03198,2,constant_2023_usd
SEN::cla::loan,SEN,Senegal,2009,cla,loan,37330000.0,2,nominal_usd
SEN::codf::loan,SEN,Senegal,2009,codf,loan,32940000.0,1,nominal_usd
SEN::aiddata::grant,SEN,Senegal,2010,aiddata,grant,17350361.378558,4,constant_2023_usd
SEN::cgef::loan,SEN,Senegal,2010,cgef,loan,75780000.0,1,nominal_usd
SEN::chapo::grant,SEN,Senegal,2010,chapo,grant,13489601.004403,2,constant_2021_usd
SEN::cla::loan,SEN,Senegal,2010,cla,loan,99400000.0,2,nominal_usd
SEN::codf::loan,SEN,Senegal,2010,codf,loan,75780000.0,1,nominal_usd
SEN::aiddata::grant,SEN,Senegal,2011,aiddata,grant,2582270.551543,2,constant_2023_usd
SEN::aiddata::loan,SEN,Senegal,2011,aiddata,loan,93352078.882334,1,constant_2023_usd
SEN::aiddata::grant,SEN,Senegal,2012,aiddata,grant,3715237.174462,1,constant_2023_usd
SEN::aiddata::loan,SEN,Senegal,2012,aiddata,loan,92845726.741684,2,constant_2023_usd
SEN::cla::loan,SEN,Senegal,2012,cla,loan,48000000.0,1,nominal_usd
SEN::codf::loan,SEN,Senegal,2012,codf,loan,47010000.0,1,nominal_usd
SEN::aiddata::grant,SEN,Senegal,2013,aiddata,grant,2344008.932007,3,constant_2023_usd
SEN::aiddata::loan,SEN,Senegal,2013,aiddata,loan,160150684.710457,2,constant_2023_usd
SEN::cgef::loan,SEN,Senegal,2013,cgef,loan,138300000.0,1,nominal_usd
SEN::chapo::grant,SEN,Senegal,2013,chapo,grant,273991.555315,1,constant_2021_usd
SEN::cla::loan,SEN,Senegal,2013,cla,loan,154300000.0,2,nominal_usd
SEN::codf::loan,SEN,Senegal,2013,codf,loan,138300000.0,1,nominal_usd
SEN::aiddata::grant,SEN,Senegal,2014,aiddata,grant,39344009.693033,3,constant_2023_usd
SEN::chapo::grant,SEN,Senegal,2014,chapo,grant,33212.856942,1,constant_2021_usd
SEN::aiddata::grant,SEN,Senegal,2015,aiddata,grant,1551299.316069,1,constant_2023_usd
SEN::aiddata::loan,SEN,Senegal,2015,aiddata,loan,1241524838.443373,4,constant_2023_usd
SEN::cla::loan,SEN,Senegal,2015,cla,loan,1192270000.0,3,nominal_usd
SEN::codf::loan,SEN,Senegal,2015,codf,loan,1188710000.0,3,nominal_usd
SEN::aiddata::grant,SEN,Senegal,2016,aiddata,grant,577027.190861,2,constant_2023_usd
SEN::aiddata::loan,SEN,Senegal,2016,aiddata,loan,116817950.351797,2,constant_2023_usd
SEN::chapo::grant,SEN,Senegal,2016,chapo,grant,624683.993985,2,constant_2021_usd
SEN::cla::loan,SEN,Senegal,2016,cla,loan,190000000.0,3,nominal_usd
SEN::codf::loan,SEN,Senegal,2016,codf,loan,189120000.0,3,nominal_usd
SEN::aiddata::grant,SEN,Senegal,2017,aiddata,grant,9623775.113,4,constant_2023_usd
SEN::aiddata::loan,SEN,Senegal,2017,aiddata,loan,95503263.349411,2,constant_2023_usd
SEN::chapo::grant,SEN,Senegal,2017,chapo,grant,10214745.487432,2,constant_2021_usd
SEN::aiddata::grant,SEN,Senegal,2018,aiddata,grant,38433796.451376,2,constant_2023_usd
SEN::aiddata::loan,SEN,Senegal,2018,aiddata,loan,297377102.128524,4,constant_2023_usd
SEN::cla::loan,SEN,Senegal,2018,cla,loan,271910000.0,3,nominal_usd
SEN::codf::loan,SEN,Senegal,2018,codf,loan,150000000.0,1,nominal_usd
SEN::aiddata::grant,SEN,Senegal,2019,aiddata,grant,3495832.073175,4,constant_2023_usd
SEN::aiddata::loan,SEN,Senegal,2019,aiddata,loan,183444650.09396,2,constant_2023_usd
SEN::chapo::grant,SEN,Senegal,2019,chapo,grant,186710.349287,2,constant_2021_usd
SEN::cla::loan,SEN,Senegal,2019,cla,loan,180350000.0,2,nominal_usd
SEN::aiddata::grant,SEN,Senegal,2020,aiddata,grant,1505457.638563,6,constant_2023_usd
SEN::aiddata::loan,SEN,Senegal,2020,aiddata,loan,98834941.417897,1,constant_2023_usd
SEN::chapo::grant,SEN,Senegal,2020,chapo,grant,1626551.080344,5,constant_2021_usd
SEN::cla::loan,SEN,Senegal,2020,cla,loan,5710000.0,1,nominal_usd
SEN::aiddata::grant,SEN,Senegal,2021,aiddata,grant,13278839.575363,2,constant_2023_usd
SEN::aiddata::loan,SEN,Senegal,2021,aiddata,loan,579829110.873668,2,constant_2023_usd
SEN::chapo::grant,SEN,Senegal,2021,chapo,grant,14400000.0,2,constant_2021_usd
SEN::cla::loan,SEN,Senegal,2021,cla,loan,441360000.0,4,nominal_usd
SEN::codf::loan,SEN,Senegal,2021,codf,loan,259640000.0,2,nominal_usd
SEN::aiddata::loan,SEN,Senegal,2022,aiddata,loan,58087660.287068,2,constant_2023_usd
SEN::cla::loan,SEN,Senegal,2022,cla,loan,478740000.0,2,nominal_usd
SEN::aiddata::grant,SEN,Senegal,2023,aiddata,grant,4237.022424,1,constant_2023_usd
SEN::aiddata::loan,SEN,Senegal,2023,aiddata,loan,316062806.843138,2,constant_2023_usd
SEN::cla::loan,SEN,Senegal,2024,cla,loan,85000000.0,1,nominal_usd
SEN::codf::loan,SEN,Senegal,2024,codf,loan,85000000.0,1,nominal_usd
SLE::aiddata::grant,SLE,Sierra Leone,2000,aiddata,grant,592612.365786,1,constant_2023_usd
SLE::aiddata::grant,SLE,Sierra Leone,2002,aiddata,grant,14445011.24573,1,constant_2023_usd
SLE::aiddata::grant,SLE,Sierra Leone,2003,aiddata,grant,562508.730146,1,constant_2023_usd
SLE::aiddata::loan,SLE,Sierra Leone,2004,aiddata,loan,6311208.896924,1,constant_2023_usd
SLE::aiddata::grant,SLE,Sierra Leone,2005,aiddata,grant,20043305.190329,1,constant_2023_usd
SLE::aiddata::loan,SLE,Sierra Leone,2005,aiddata,loan,4892389.89862,1,constant_2023_usd
SLE::aiddata::grant,SLE,Sierra Leone,2006,aiddata,grant,4844509.265644,3,constant_2023_usd
SLE::aiddata::loan,SLE,Sierra Leone,2006,aiddata,loan,4707545.694669,1,constant_2023_usd
SLE::chapo::grant,SLE,Sierra Leone,2006,chapo,grant,148308.348546,2,constant_2021_usd
SLE::aiddata::debt_relief,SLE,Sierra Leone,2007,aiddata,debt_relief,39806643.23159,1,constant_2023_usd
SLE::aiddata::loan,SLE,Sierra Leone,2007,aiddata,loan,25336525.1833,1,constant_2023_usd
SLE::cancel::debt_relief,SLE,Sierra Leone,2007,cancel,debt_relief,22000000.0,1,nominal_usd
SLE::cla::loan,SLE,Sierra Leone,2007,cla,loan,17480000.0,1,nominal_usd
SLE::aiddata::grant,SLE,Sierra Leone,2008,aiddata,grant,1696626.829011,1,constant_2023_usd
SLE::aiddata::grant,SLE,Sierra Leone,2011,aiddata,grant,31735692.274311,2,constant_2023_usd
SLE::aiddata::loan,SLE,Sierra Leone,2011,aiddata,loan,17580429.168048,1,constant_2023_usd
SLE::chapo::grant,SLE,Sierra Leone,2011,chapo,grant,98390.414507,1,constant_2021_usd
SLE::cla::loan,SLE,Sierra Leone,2011,cla,loan,15480000.0,1,nominal_usd
SLE::aiddata::grant,SLE,Sierra Leone,2012,aiddata,grant,171799.266761,1,constant_2023_usd
SLE::aiddata::loan,SLE,Sierra Leone,2012,aiddata,loan,1317245930.165069,2,constant_2023_usd
SLE::chapo::grant,SLE,Sierra Leone,2012,chapo,grant,186113.902111,1,constant_2021_usd
SLE::cla::loan,SLE,Sierra Leone,2012,cla,loan,15000000.0,1,nominal_usd
SLE::aiddata::grant,SLE,Sierra Leone,2013,aiddata,grant,44034109.869682,4,constant_2023_usd
SLE::aiddata::loan,SLE,Sierra Leone,2013,aiddata,loan,46528708.10125,1,constant_2023_usd
SLE::chapo::grant,SLE,Sierra Leone,2013,chapo,grant,366919.512844,1,constant_2021_usd
SLE::aiddata::grant,SLE,Sierra Leone,2014,aiddata,grant,9541542.760388,7,constant_2023_usd
SLE::aiddata::loan,SLE,Sierra Leone,2014,aiddata,loan,12606017.655496,1,constant_2023_usd
SLE::cla::loan,SLE,Sierra Leone,2014,cla,loan,12000000.0,1,nominal_usd
SLE::aiddata::grant,SLE,Sierra Leone,2015,aiddata,grant,17632627.52014,2,constant_2023_usd
SLE::aiddata::debt_relief,SLE,Sierra Leone,2016,aiddata,debt_relief,3282800.791857,1,constant_2023_usd
SLE::aiddata::grant,SLE,Sierra Leone,2016,aiddata,grant,60149227.605723,2,constant_2023_usd
SLE::aiddata::loan,SLE,Sierra Leone,2016,aiddata,loan,179969059.509935,1,constant_2023_usd
SLE::cancel::debt_relief,SLE,Sierra Leone,2016,cancel,debt_relief,2880000.0,1,nominal_usd
SLE::chapo::grant,SLE,Sierra Leone,2016,chapo,grant,53308920.513423,1,constant_2021_usd
SLE::aiddata::grant,SLE,Sierra Leone,2017,aiddata,grant,1065616.157917,2,constant_2023_usd
SLE::aiddata::loan,SLE,Sierra Leone,2017,aiddata,loan,701259285.068183,2,constant_2023_usd
SLE::cla::loan,SLE,Sierra Leone,2017,cla,loan,659000000.0,2,nominal_usd
SLE::codf::loan,SLE,Sierra Leone,2017,codf,loan,130000000.0,1,nominal_usd
SLE::aiddata::grant,SLE,Sierra Leone,2018,aiddata,grant,12882410.347949,5,constant_2023_usd
SLE::chapo::grant,SLE,Sierra Leone,2018,chapo,grant,2443352.108103,2,constant_2021_usd
SLE::aiddata::grant,SLE,Sierra Leone,2019,aiddata,grant,106848431.482634,3,constant_2023_usd
SLE::aiddata::loan,SLE,Sierra Leone,2019,aiddata,loan,31289659.866125,1,constant_2023_usd
SLE::cla::loan,SLE,Sierra Leone,2019,cla,loan,30000000.0,1,nominal_usd
SLE::codf::loan,SLE,Sierra Leone,2019,codf,loan,30000000.0,1,nominal_usd
SLE::aiddata::grant,SLE,Sierra Leone,2020,aiddata,grant,1520146.54268,4,constant_2023_usd
SLE::chapo::grant,SLE,Sierra Leone,2020,chapo,grant,4969.924661,1,constant_2021_usd
SLE::aiddata::grant,SLE,Sierra Leone,2021,aiddata,grant,46826775.304019,7,constant_2023_usd
SLE::aiddata::loan,SLE,Sierra Leone,2021,aiddata,loan,1844283274.35602,1,constant_2023_usd
SLE::chapo::grant,SLE,Sierra Leone,2021,chapo,grant,11581200.0,3,constant_2021_usd
SLE::aiddata::grant,SLE,Sierra Leone,2022,aiddata,grant,7170801.982545,7,constant_2023_usd
SLE::aiddata::grant,SLE,Sierra Leone,2023,aiddata,grant,62370.22424,2,constant_2023_usd
SOM::aiddata::grant,SOM,Somalia,2004,aiddata,grant,286624.274225,2,constant_2023_usd
SOM::aiddata::debt_relief,SOM,Somalia,2005,aiddata,debt_relief,6012991.557099,1,constant_2023_usd
SOM::aiddata::grant,SOM,Somalia,2005,aiddata,grant,200433.051903,1,constant_2023_usd
SOM::cancel::debt_relief,SOM,Somalia,2005,cancel,debt_relief,3000000.0,1,nominal_usd
SOM::aiddata::grant,SOM,Somalia,2007,aiddata,grant,219326.518519,1,constant_2023_usd
SOM::chapo::grant,SOM,Somalia,2007,chapo,grant,237502.898541,1,constant_2021_usd
SOM::aiddata::grant,SOM,Somalia,2008,aiddata,grant,2112669.126261,2,constant_2023_usd
SOM::aiddata::grant,SOM,Somalia,2009,aiddata,grant,896735.316053,2,constant_2023_usd
SOM::chapo::grant,SOM,Somalia,2009,chapo,grant,970870.181822,2,constant_2021_usd
SOM::aiddata::grant,SOM,Somalia,2011,aiddata,grant,18143002.901425,1,constant_2023_usd
SOM::aiddata::grant,SOM,Somalia,2014,aiddata,grant,41022.127236,2,constant_2023_usd
SOM::aiddata::grant,SOM,Somalia,2015,aiddata,grant,2134244.698059,3,constant_2023_usd
SOM::aiddata::grant,SOM,Somalia,2016,aiddata,grant,2181443.145575,1,constant_2023_usd
SOM::aiddata::grant,SOM,Somalia,2017,aiddata,grant,14477122.303621,7,constant_2023_usd
SOM::aiddata::grant,SOM,Somalia,2018,aiddata,grant,7569360.724505,3,constant_2023_usd
SOM::aiddata::grant,SOM,Somalia,2020,aiddata,grant,1334872.694093,1,constant_2023_usd
SOM::chapo::grant,SOM,Somalia,2020,chapo,grant,1444980.466244,1,constant_2021_usd
SOM::aiddata::grant,SOM,Somalia,2021,aiddata,grant,15522717.251783,4,constant_2023_usd
SOM::chapo::grant,SOM,Somalia,2021,chapo,grant,12600000.0,2,constant_2021_usd
SOM::aiddata::unspecified,SOM,Somalia,2022,aiddata,unspecified,587388.071688,1,constant_2023_usd
SOM::aiddata::grant,SOM,Somalia,2023,aiddata,grant,3410741.29281,4,constant_2023_usd
SSD::chapo::grant,SSD,South Sudan,2007,chapo,grant,709655.503105,1,constant_2021_usd
SSD::chapo::grant,SSD,South Sudan,2008,chapo,grant,1096807.095717,1,constant_2021_usd
SSD::aiddata::grant,SSD,South Sudan,2011,aiddata,grant,863737.832335,1,constant_2023_usd
SSD::chapo::grant,SSD,South Sudan,2011,chapo,grant,934708.937819,1,constant_2021_usd
SSD::aiddata::grant,SSD,South Sudan,2012,aiddata,grant,6502907.006446,1,constant_2023_usd
SSD::chapo::grant,SSD,South Sudan,2012,chapo,grant,7044741.347555,1,constant_2021_usd
SSD::aiddata::grant,SSD,South Sudan,2013,aiddata,grant,44512464.08353,2,constant_2023_usd
SSD::aiddata::loan,SSD,South Sudan,2013,aiddata,loan,438920813.088463,4,constant_2023_usd
SSD::chapo::grant,SSD,South Sudan,2013,chapo,grant,564018.276095,1,constant_2021_usd
SSD::cofi::loan,SSD,South Sudan,2013,cofi,loan,27000000.0,1,nominal_usd
SSD::aiddata::grant,SSD,South Sudan,2014,aiddata,grant,3638558.652984,5,constant_2023_usd
SSD::aiddata::loan,SSD,South Sudan,2014,aiddata,loan,1435774453.274548,2,constant_2023_usd
SSD::chapo::grant,SSD,South Sudan,2014,chapo,grant,71871.709463,1,constant_2021_usd
SSD::cla::loan,SSD,South Sudan,2014,cla,loan,150000000.0,1,nominal_usd
SSD::codf::loan,SSD,South Sudan,2014,codf,loan,150000000.0,1,nominal_usd
SSD::aiddata::grant,SSD,South Sudan,2015,aiddata,grant,48391901.390832,4,constant_2023_usd
SSD::aiddata::loan,SSD,South Sudan,2015,aiddata,loan,2009698959.26943,1,constant_2023_usd
SSD::chapo::grant,SSD,South Sudan,2015,chapo,grant,37371776.466979,2,constant_2021_usd
SSD::aiddata::grant,SSD,South Sudan,2016,aiddata,grant,12818637.498625,7,constant_2023_usd
SSD::chapo::grant,SSD,South Sudan,2016,chapo,grant,4430895.533632,2,constant_2021_usd
SSD::aiddata::grant,SSD,South Sudan,2017,aiddata,grant,22965138.92053,5,constant_2023_usd
SSD::chapo::grant,SSD,South Sudan,2017,chapo,grant,2004981.362148,2,constant_2021_usd
SSD::aiddata::grant,SSD,South Sudan,2018,aiddata,grant,89966812.562078,7,constant_2023_usd
SSD::chapo::grant,SSD,South Sudan,2018,chapo,grant,7410978.285575,3,constant_2021_usd
SSD::cla::loan,SSD,South Sudan,2018,cla,loan,248800000.0,1,nominal_usd
SSD::codf::loan,SSD,South Sudan,2018,codf,loan,248800000.0,1,nominal_usd
SSD::aiddata::grant,SSD,South Sudan,2019,aiddata,grant,80646465.719021,5,constant_2023_usd
SSD::aiddata::loan,SSD,South Sudan,2019,aiddata,loan,764512793.181469,1,constant_2023_usd
SSD::chapo::grant,SSD,South Sudan,2019,chapo,grant,8181.00077,1,constant_2021_usd
SSD::aiddata::grant,SSD,South Sudan,2020,aiddata,grant,24625050.516298,12,constant_2023_usd
SSD::chapo::grant,SSD,South Sudan,2020,chapo,grant,2654340.847278,7,constant_2021_usd
SSD::aiddata::grant,SSD,South Sudan,2021,aiddata,grant,2120925.765509,2,constant_2023_usd
SSD::chapo::grant,SSD,South Sudan,2021,chapo,grant,1800000.0,1,constant_2021_usd
SSD::aiddata::grant,SSD,South Sudan,2022,aiddata,grant,114240.722984,1,constant_2023_usd
STP::aiddata::debt_relief,STP,Sao Tome & Principe,2017,aiddata,debt_relief,19579925.410098,1,constant_2023_usd
STP::aiddata::grant,STP,Sao Tome & Principe,2017,aiddata,grant,12663103.933705,2,constant_2023_usd
STP::cancel::debt_relief,STP,Sao Tome & Principe,2017,cancel,debt_relief,28000000.0,1,nominal_usd
STP::aiddata::grant,STP,Sao Tome & Principe,2018,aiddata,grant,56416144.453861,2,constant_2023_usd
STP::aiddata::grant,STP,Sao Tome & Principe,2019,aiddata,grant,29217183.574834,4,constant_2023_usd
STP::chapo::grant,STP,Sao Tome & Principe,2019,chapo,grant,163586.453299,1,constant_2021_usd
STP::aiddata::grant,STP,Sao Tome & Principe,2020,aiddata,grant,1085022.873241,3,constant_2023_usd
STP::chapo::grant,STP,Sao Tome & Principe,2020,chapo,grant,1174521.63356,3,constant_2021_usd
STP::aiddata::grant,STP,Sao Tome & Principe,2021,aiddata,grant,1819581.65556,3,constant_2023_usd
STP::chapo::grant,STP,Sao Tome & Principe,2021,chapo,grant,1800000.0,1,constant_2021_usd
STP::aiddata::grant,STP,Sao Tome & Principe,2022,aiddata,grant,94567506.668722,2,constant_2023_usd
SYC::aiddata::grant,SYC,Seychelles,2001,aiddata,grant,448951.047966,1,constant_2023_usd
SYC::aiddata::grant,SYC,Seychelles,2003,aiddata,grant,5436772.182822,1,constant_2023_usd
SYC::aiddata::grant,SYC,Seychelles,2005,aiddata,grant,12396417.09887,8,constant_2023_usd
SYC::aiddata::loan,SYC,Seychelles,2005,aiddata,loan,2031564.905402,1,constant_2023_usd
SYC::cla::loan,SYC,Seychelles,2005,cla,loan,2000000.0,2,nominal_usd
SYC::aiddata::grant,SYC,Seychelles,2006,aiddata,grant,226104.04059,3,constant_2023_usd
SYC::aiddata::grant,SYC,Seychelles,2007,aiddata,grant,14542360.804677,4,constant_2023_usd
SYC::cla::loan,SYC,Seychelles,2007,cla,loan,7390000.0,2,nominal_usd
SYC::aiddata::grant,SYC,Seychelles,2008,aiddata,grant,8982579.591097,2,constant_2023_usd
SYC::chapo::grant,SYC,Seychelles,2008,chapo,grant,5336050.726822,1,constant_2021_usd
SYC::cla::loan,SYC,Seychelles,2008,cla,loan,11000000.0,1,nominal_usd
SYC::aiddata::grant,SYC,Seychelles,2009,aiddata,grant,8358589.562698,2,constant_2023_usd
SYC::aiddata::grant,SYC,Seychelles,2010,aiddata,grant,2877033.922438,2,constant_2023_usd
SYC::chapo::grant,SYC,Seychelles,2010,chapo,grant,29247.265652,1,constant_2021_usd
SYC::aiddata::grant,SYC,Seychelles,2011,aiddata,grant,32946331.537878,4,constant_2023_usd
SYC::cla::loan,SYC,Seychelles,2011,cla,loan,14910000.0,2,nominal_usd
SYC::restruct::loan,SYC,Seychelles,2011,restruct,loan,24000000.0,1,nominal_usd
SYC::aiddata::grant,SYC,Seychelles,2012,aiddata,grant,11693340.930771,3,constant_2023_usd
SYC::aiddata::grant,SYC,Seychelles,2013,aiddata,grant,5139873.966091,2,constant_2023_usd
SYC::chapo::grant,SYC,Seychelles,2013,chapo,grant,3384.109657,1,constant_2021_usd
SYC::aiddata::grant,SYC,Seychelles,2016,aiddata,grant,19711466.640452,2,constant_2023_usd
SYC::aiddata::grant,SYC,Seychelles,2017,aiddata,grant,12333935.378622,5,constant_2023_usd
SYC::cancel::debt_relief,SYC,Seychelles,2018,cancel,debt_relief,5500000.0,1,nominal_usd
SYC::chapo::grant,SYC,Seychelles,2020,chapo,grant,194570.875208,4,constant_2021_usd
SYC::chapo::grant,SYC,Seychelles,2021,chapo,grant,480878.918255,4,constant_2021_usd
TCD::aiddata::debt_relief,TCD,Chad,2007,aiddata,debt_relief,45874130.488605,1,constant_2023_usd
TCD::aiddata::grant,TCD,Chad,2007,aiddata,grant,49846936.027091,1,constant_2023_usd
TCD::aiddata::loan,TCD,Chad,2007,aiddata,loan,279292366.769367,4,constant_2023_usd
TCD::cancel::debt_relief,TCD,Chad,2007,cancel,debt_relief,33000000.0,1,nominal_usd
TCD::cla::loan,TCD,Chad,2007,cla,loan,116980000.0,2,nominal_usd
TCD::aiddata::loan,TCD,Chad,2008,aiddata,loan,123787695.536581,1,constant_2023_usd
TCD::aiddata::loan,TCD,Chad,2009,aiddata,loan,41427591.961192,1,constant_2023_usd
TCD::cla::loan,TCD,Chad,2009,cla,loan,29870000.0,1,nominal_usd
TCD::aiddata::grant,TCD,Chad,2011,aiddata,grant,13285530.322294,1,constant_2023_usd
TCD::aiddata::loan,TCD,Chad,2011,aiddata,loan,1169694402.597167,4,constant_2023_usd
TCD::cla::loan,TCD,Chad,2011,cla,loan,382320000.0,2,nominal_usd
TCD::codf::loan,TCD,Chad,2011,codf,loan,330000000.0,1,nominal_usd
TCD::aiddata::grant,TCD,Chad,2012,aiddata,grant,216545.252454,2,constant_2023_usd
TCD::cgef::loan,TCD,Chad,2012,cgef,loan,130000000.0,1,nominal_usd
TCD::cla::loan,TCD,Chad,2012,cla,loan,130000000.0,1,nominal_usd
TCD::codf::loan,TCD,Chad,2012,codf,loan,130000000.0,1,nominal_usd
TCD::aiddata::grant,TCD,Chad,2013,aiddata,grant,4549473.681011,3,constant_2023_usd
TCD::chapo::grant,TCD,Chad,2013,chapo,grant,1579251.173066,2,constant_2021_usd
TCD::aiddata::grant,TCD,Chad,2015,aiddata,grant,2291969.562502,2,constant_2023_usd
TCD::chapo::grant,TCD,Chad,2015,chapo,grant,561137.784789,1,constant_2021_usd
TCD::aiddata::grant,TCD,Chad,2016,aiddata,grant,92138243.014446,3,constant_2023_usd
TCD::aiddata::grant,TCD,Chad,2017,aiddata,grant,13833642.952787,3,constant_2023_usd
TCD::aiddata::loan,TCD,Chad,2017,aiddata,loan,276140795.86524,2,constant_2023_usd
TCD::restruct::loan,TCD,Chad,2017,restruct,loan,447000000.0,1,nominal_usd
TCD::aiddata::grant,TCD,Chad,2018,aiddata,grant,30769451.475708,3,constant_2023_usd
TCD::chapo::grant,TCD,Chad,2018,chapo,grant,329565.765433,1,constant_2021_usd
TCD::aiddata::grant,TCD,Chad,2019,aiddata,grant,25757433.349398,2,constant_2023_usd
TCD::aiddata::loan,TCD,Chad,2019,aiddata,loan,198923634.704446,1,constant_2023_usd
TCD::chapo::grant,TCD,Chad,2019,chapo,grant,65608.344737,1,constant_2021_usd
TCD::cla::loan,TCD,Chad,2019,cla,loan,187700000.0,1,nominal_usd
TCD::codf::loan,TCD,Chad,2019,codf,loan,188430000.0,1,nominal_usd
TCD::aiddata::grant,TCD,Chad,2020,aiddata,grant,3265495.686842,6,constant_2023_usd
TCD::chapo::grant,TCD,Chad,2020,chapo,grant,3451417.677062,5,constant_2021_usd
TCD::aiddata::grant,TCD,Chad,2021,aiddata,grant,3372923.484431,2,constant_2023_usd
TCD::chapo::grant,TCD,Chad,2021,chapo,grant,3657706.526247,2,constant_2021_usd
TCD::aiddata::grant,TCD,Chad,2022,aiddata,grant,99981.824213,2,constant_2023_usd
TCD::aiddata::grant,TCD,Chad,2023,aiddata,grant,587533.77613,1,constant_2023_usd
TGO::aiddata::debt_relief,TGO,Togo,2001,aiddata,debt_relief,59597115.850157,1,constant_2023_usd
TGO::aiddata::grant,TGO,Togo,2001,aiddata,grant,8417832.149363,1,constant_2023_usd
TGO::cancel::debt_relief,TGO,Togo,2001,cancel,debt_relief,25098000.0,1,nominal_usd
TGO::aiddata::grant,TGO,Togo,2002,aiddata,grant,836745.196702,1,constant_2023_usd
TGO::aiddata::grant,TGO,Togo,2003,aiddata,grant,6510534.68893,4,constant_2023_usd
TGO::chapo::grant,TGO,Togo,2003,chapo,grant,132441.180271,1,constant_2021_usd
TGO::aiddata::grant,TGO,Togo,2004,aiddata,grant,1842782.853515,3,constant_2023_usd
TGO::aiddata::loan,TGO,Togo,2004,aiddata,loan,35763517.08257,1,constant_2023_usd
TGO::chapo::grant,TGO,Togo,2004,chapo,grant,150945.469059,1,constant_2021_usd
TGO::cla::loan,TGO,Togo,2004,cla,loan,38000000.0,1,nominal_usd
TGO::aiddata::grant,TGO,Togo,2005,aiddata,grant,16909833.161312,3,constant_2023_usd
TGO::chapo::grant,TGO,Togo,2005,chapo,grant,16664726.774694,2,constant_2021_usd
TGO::aiddata::loan,TGO,Togo,2006,aiddata,loan,71778911.865025,1,constant_2023_usd
TGO::cla::loan,TGO,Togo,2006,cla,loan,38000000.0,1,nominal_usd
TGO::aiddata::debt_relief,TGO,Togo,2007,aiddata,debt_relief,32548787.822867,1,constant_2023_usd
TGO::aiddata::grant,TGO,Togo,2007,aiddata,grant,10400.722501,1,constant_2023_usd
TGO::cancel::debt_relief,TGO,Togo,2007,cancel,debt_relief,20000000.0,1,nominal_usd
TGO::aiddata::grant,TGO,Togo,2008,aiddata,grant,21768730.633442,6,constant_2023_usd
TGO::chapo::grant,TGO,Togo,2008,chapo,grant,826553.529593,2,constant_2021_usd
TGO::aiddata::grant,TGO,Togo,2009,aiddata,grant,4994343.971072,1,constant_2023_usd
TGO::aiddata::loan,TGO,Togo,2009,aiddata,loan,276379523.836483,4,constant_2023_usd
TGO::cla::loan,TGO,Togo,2009,cla,loan,201600000.0,3,nominal_usd
TGO::codf::loan,TGO,Togo,2009,codf,loan,197210000.0,2,nominal_usd
TGO::aiddata::grant,TGO,Togo,2010,aiddata,grant,22268195.446647,3,constant_2023_usd
TGO::aiddata::loan,TGO,Togo,2010,aiddata,loan,32153461.827552,1,constant_2023_usd
TGO::chapo::grant,TGO,Togo,2010,chapo,grant,411496.033893,1,constant_2021_usd
TGO::cla::loan,TGO,Togo,2010,cla,loan,29430000.0,2,nominal_usd
TGO::codf::loan,TGO,Togo,2010,codf,loan,25000000.0,1,nominal_usd
TGO::aiddata::grant,TGO,Togo,2011,aiddata,grant,15921244.09568,2,constant_2023_usd
TGO::aiddata::loan,TGO,Togo,2011,aiddata,loan,53006226.973839,1,constant_2023_usd
TGO::cla::loan,TGO,Togo,2011,cla,loan,4640000.0,1,nominal_usd
TGO::aiddata::debt_relief,TGO,Togo,2012,aiddata,debt_relief,17179926.676133,1,constant_2023_usd
TGO::aiddata::grant,TGO,Togo,2012,aiddata,grant,45011407.891468,3,constant_2023_usd
TGO::aiddata::loan,TGO,Togo,2012,aiddata,loan,187725173.695578,3,constant_2023_usd
TGO::cancel::debt_relief,TGO,Togo,2012,cancel,debt_relief,16000000.0,1,nominal_usd
TGO::cla::loan,TGO,Togo,2012,cla,loan,154760000.0,3,nominal_usd
TGO::codf::loan,TGO,Togo,2012,codf,loan,150000000.0,2,nominal_usd
TGO::aiddata::grant,TGO,Togo,2013,aiddata,grant,252241.98744,1,constant_2023_usd
TGO::cgef::loan,TGO,Togo,2013,cgef,loan,57860000.0,2,nominal_usd
TGO::chapo::grant,TGO,Togo,2013,chapo,grant,275189.634633,1,constant_2021_usd
TGO::cla::loan,TGO,Togo,2013,cla,loan,147570000.0,3,nominal_usd
TGO::codf::loan,TGO,Togo,2013,codf,loan,124980000.0,2,nominal_usd
TGO::aiddata::grant,TGO,Togo,2014,aiddata,grant,7982590.586637,6,constant_2023_usd
TGO::aiddata::loan,TGO,Togo,2014,aiddata,loan,195886474.87106,3,constant_2023_usd
TGO::cgef::loan,TGO,Togo,2014,cgef,loan,55000000.0,1,nominal_usd
TGO::chapo::grant,TGO,Togo,2014,chapo,grant,1603271.587016,2,constant_2021_usd
TGO::cla::loan,TGO,Togo,2014,cla,loan,55000000.0,1,nominal_usd
TGO::codf::loan,TGO,Togo,2014,codf,loan,55000000.0,1,nominal_usd
TGO::aiddata::grant,TGO,Togo,2015,aiddata,grant,272406.037258,2,constant_2023_usd
TGO::aiddata::loan,TGO,Togo,2015,aiddata,loan,137188781.951373,4,constant_2023_usd
TGO::cla::loan,TGO,Togo,2015,cla,loan,57800000.0,1,nominal_usd
TGO::codf::loan,TGO,Togo,2015,codf,loan,57510000.0,1,nominal_usd
TGO::aiddata::grant,TGO,Togo,2016,aiddata,grant,27589.262636,2,constant_2023_usd
TGO::aiddata::loan,TGO,Togo,2016,aiddata,loan,107249240.224029,2,constant_2023_usd
TGO::cla::loan,TGO,Togo,2016,cla,loan,179760000.0,3,nominal_usd
TGO::codf::loan,TGO,Togo,2016,codf,loan,112630000.0,2,nominal_usd
TGO::cofi::loan,TGO,Togo,2016,cofi,loan,57000000.0,1,nominal_usd
TGO::aiddata::grant,TGO,Togo,2017,aiddata,grant,22046448.287059,2,constant_2023_usd
TGO::aiddata::grant,TGO,Togo,2018,aiddata,grant,615693.251767,1,constant_2023_usd
TGO::chapo::grant,TGO,Togo,2018,chapo,grant,666814.673887,1,constant_2021_usd
TGO::aiddata::grant,TGO,Togo,2019,aiddata,grant,1886885.303156,3,constant_2023_usd
TGO::chapo::grant,TGO,Togo,2019,chapo,grant,1736691.478329,1,constant_2021_usd
TGO::aiddata::grant,TGO,Togo,2020,aiddata,grant,34047.216105,2,constant_2023_usd
TGO::chapo::grant,TGO,Togo,2020,chapo,grant,36855.621079,2,constant_2021_usd
TGO::aiddata::grant,TGO,Togo,2021,aiddata,grant,29943783.242444,4,constant_2023_usd
TGO::chapo::grant,TGO,Togo,2021,chapo,grant,32472000.0,4,constant_2021_usd
TGO::aiddata::grant,TGO,Togo,2023,aiddata,grant,518959.039901,2,constant_2023_usd
TUN::cla::loan,TUN,Tunisia,2000,cla,loan,2920000.0,1,nominal_usd
TUN::aiddata::loan,TUN,Tunisia,2004,aiddata,loan,33926453.349479,1,constant_2023_usd
TUN::cla::loan,TUN,Tunisia,2004,cla,loan,16130000.0,1,nominal_usd
TUN::aiddata::grant,TUN,Tunisia,2005,aiddata,grant,2446194.94931,1,constant_2023_usd
TUN::aiddata::loan,TUN,Tunisia,2005,aiddata,loan,34246729.290337,1,constant_2023_usd
TUN::cla::loan,TUN,Tunisia,2005,cla,loan,17090000.0,1,nominal_usd
TUN::aiddata::grant,TUN,Tunisia,2006,aiddata,grant,1644389.900644,2,constant_2023_usd
TUN::aiddata::loan,TUN,Tunisia,2006,aiddata,loan,18830182.778678,2,constant_2023_usd
TUN::cla::loan,TUN,Tunisia,2006,cla,loan,10050000.0,2,nominal_usd
TUN::aiddata::grant,TUN,Tunisia,2007,aiddata,grant,4368964.808439,1,constant_2023_usd
TUN::aiddata::loan,TUN,Tunisia,2007,aiddata,loan,4587413.04886,1,constant_2023_usd
TUN::cla::loan,TUN,Tunisia,2007,cla,loan,2760000.0,1,nominal_usd
TUN::aiddata::grant,TUN,Tunisia,2009,aiddata,grant,12590738.733304,2,constant_2023_usd
TUN::aiddata::loan,TUN,Tunisia,2009,aiddata,loan,111191708.378961,1,constant_2023_usd
TUN::cla::loan,TUN,Tunisia,2009,cla,loan,80150000.0,1,nominal_usd
TUN::codf::loan,TUN,Tunisia,2009,codf,loan,80150000.0,1,nominal_usd
TUN::aiddata::grant,TUN,Tunisia,2011,aiddata,grant,7599864.333537,2,constant_2023_usd
TUN::aiddata::grant,TUN,Tunisia,2012,aiddata,grant,4601291.845723,2,constant_2023_usd
TUN::chapo::grant,TUN,Tunisia,2012,chapo,grant,1526360.625304,1,constant_2021_usd
TUN::aiddata::grant,TUN,Tunisia,2014,aiddata,grant,54935966.087056,2,constant_2023_usd
TUN::chapo::grant,TUN,Tunisia,2014,chapo,grant,59294160.307145,1,constant_2021_usd
TUN::aiddata::grant,TUN,Tunisia,2015,aiddata,grant,6831873.101427,1,constant_2023_usd
TUN::aiddata::loan,TUN,Tunisia,2015,aiddata,loan,53513212.145872,1,constant_2023_usd
TUN::aiddata::grant,TUN,Tunisia,2017,aiddata,grant,42901717.977964,2,constant_2023_usd
TUN::aiddata::loan,TUN,Tunisia,2017,aiddata,loan,9909756.274161,1,constant_2023_usd
TUN::aiddata::grant,TUN,Tunisia,2018,aiddata,grant,35007690.753987,2,constant_2023_usd
TUN::aiddata::grant,TUN,Tunisia,2019,aiddata,grant,41202589.39173,2,constant_2023_usd
TUN::aiddata::loan,TUN,Tunisia,2019,aiddata,loan,33131638.324955,2,constant_2023_usd
TUN::aiddata::grant,TUN,Tunisia,2021,aiddata,grant,9959129.681523,2,constant_2023_usd
TUN::chapo::grant,TUN,Tunisia,2021,chapo,grant,3600000.0,1,constant_2021_usd
TUN::aiddata::grant,TUN,Tunisia,2022,aiddata,grant,25687575.760364,3,constant_2023_usd
TZA::aiddata::grant,TZA,Tanzania,2000,aiddata,grant,10919674.762308,2,constant_2023_usd
TZA::aiddata::debt_relief,TZA,Tanzania,2001,aiddata,debt_relief,130007883.160413,3,constant_2023_usd
TZA::aiddata::grant,TZA,Tanzania,2001,aiddata,grant,60860844.087306,1,constant_2023_usd
TZA::cancel::debt_relief,TZA,Tanzania,2001,cancel,debt_relief,19200000.0,1,nominal_usd
TZA::aiddata::debt_relief,TZA,Tanzania,2002,aiddata,debt_relief,56560339.703456,1,constant_2023_usd
TZA::aiddata::grant,TZA,Tanzania,2002,aiddata,grant,5693730.576047,2,constant_2023_usd
TZA::aiddata::grant,TZA,Tanzania,2003,aiddata,grant,450006.984117,1,constant_2023_usd
TZA::aiddata::grant,TZA,Tanzania,2004,aiddata,grant,43250773.178267,2,constant_2023_usd
TZA::aiddata::loan,TZA,Tanzania,2004,aiddata,loan,11437596.649135,1,constant_2023_usd
TZA::cla::loan,TZA,Tanzania,2004,cla,loan,5440000.0,1,nominal_usd
TZA::aiddata::grant,TZA,Tanzania,2005,aiddata,grant,544317.092816,5,constant_2023_usd
TZA::chapo::grant,TZA,Tanzania,2005,chapo,grant,296140.332707,2,constant_2021_usd
TZA::aiddata::grant,TZA,Tanzania,2006,aiddata,grant,19373441.374296,4,constant_2023_usd
TZA::aiddata::loan,TZA,Tanzania,2006,aiddata,loan,10591977.813006,2,constant_2023_usd
TZA::chapo::grant,TZA,Tanzania,2006,chapo,grant,16949103.130234,2,constant_2021_usd
TZA::cla::loan,TZA,Tanzania,2006,cla,loan,10040000.0,1,nominal_usd
TZA::aiddata::grant,TZA,Tanzania,2007,aiddata,grant,7498715.07711,1,constant_2023_usd
TZA::cancel::debt_relief,TZA,Tanzania,2007,cancel,debt_relief,2000000.0,1,nominal_usd
TZA::aiddata::grant,TZA,Tanzania,2008,aiddata,grant,39299111.996537,2,constant_2023_usd
TZA::aiddata::loan,TZA,Tanzania,2008,aiddata,loan,98591225.892175,1,constant_2023_usd
TZA::cla::loan,TZA,Tanzania,2008,cla,loan,70000000.0,1,nominal_usd
TZA::codf::loan,TZA,Tanzania,2008,codf,loan,70000000.0,1,nominal_usd
TZA::aiddata::grant,TZA,Tanzania,2009,aiddata,grant,16421987.26121,5,constant_2023_usd
TZA::aiddata::grant,TZA,Tanzania,2010,aiddata,grant,261285.937759,4,constant_2023_usd
TZA::aiddata::loan,TZA,Tanzania,2010,aiddata,loan,224391969.475177,2,constant_2023_usd
TZA::chapo::grant,TZA,Tanzania,2010,chapo,grant,267578.857034,2,constant_2021_usd
TZA::cla::loan,TZA,Tanzania,2010,cla,loan,174430000.0,2,nominal_usd
TZA::codf::loan,TZA,Tanzania,2010,codf,loan,174450000.0,2,nominal_usd
TZA::aiddata::debt_relief,TZA,Tanzania,2011,aiddata,debt_relief,42618643.04286,1,constant_2023_usd
TZA::aiddata::grant,TZA,Tanzania,2011,aiddata,grant,39530051.330367,4,constant_2023_usd
TZA::cancel::debt_relief,TZA,Tanzania,2011,cancel,debt_relief,37500000.0,1,nominal_usd
TZA::cla::loan,TZA,Tanzania,2011,cla,loan,15000000.0,1,nominal_usd
TZA::aiddata::grant,TZA,Tanzania,2012,aiddata,grant,335390.253062,2,constant_2023_usd
TZA::aiddata::loan,TZA,Tanzania,2012,aiddata,loan,1295162312.117184,2,constant_2023_usd
TZA::cgef::loan,TZA,Tanzania,2012,cgef,loan,1195000000.0,2,nominal_usd
TZA::cla::loan,TZA,Tanzania,2012,cla,loan,1195000000.0,2,nominal_usd
TZA::codf::loan,TZA,Tanzania,2012,codf,loan,1195000000.0,2,nominal_usd
TZA::aiddata::grant,TZA,Tanzania,2013,aiddata,grant,28681825.581655,7,constant_2023_usd
TZA::aiddata::loan,TZA,Tanzania,2013,aiddata,loan,153176030.680591,3,constant_2023_usd
TZA::chapo::grant,TZA,Tanzania,2013,chapo,grant,25951508.553338,2,constant_2021_usd
TZA::cla::loan,TZA,Tanzania,2013,cla,loan,378770000.0,2,nominal_usd
TZA::codf::loan,TZA,Tanzania,2013,codf,loan,378770000.0,2,nominal_usd
TZA::aiddata::grant,TZA,Tanzania,2014,aiddata,grant,329237.326255,3,constant_2023_usd
TZA::aiddata::loan,TZA,Tanzania,2014,aiddata,loan,348688081.509534,2,constant_2023_usd
TZA::cla::loan,TZA,Tanzania,2014,cla,loan,300000000.0,1,nominal_usd
TZA::codf::loan,TZA,Tanzania,2014,codf,loan,300000000.0,1,nominal_usd
TZA::aiddata::grant,TZA,Tanzania,2015,aiddata,grant,49118749.189054,7,constant_2023_usd
TZA::aiddata::loan,TZA,Tanzania,2015,aiddata,loan,299516723.621108,3,constant_2023_usd
TZA::chapo::grant,TZA,Tanzania,2015,chapo,grant,33384.192394,2,constant_2021_usd
TZA::cla::loan,TZA,Tanzania,2015,cla,loan,200000000.0,1,nominal_usd
TZA::codf::loan,TZA,Tanzania,2015,codf,loan,200000000.0,1,nominal_usd
TZA::aiddata::grant,TZA,Tanzania,2016,aiddata,grant,4894663.404629,5,constant_2023_usd
TZA::aiddata::loan,TZA,Tanzania,2016,aiddata,loan,35304988.070836,1,constant_2023_usd
TZA::cofi::equity,TZA,Tanzania,2016,cofi,equity,38250000.0,1,nominal_usd
TZA::aiddata::grant,TZA,Tanzania,2017,aiddata,grant,15368625.212465,3,constant_2023_usd
TZA::aiddata::grant,TZA,Tanzania,2018,aiddata,grant,114138750.188993,6,constant_2023_usd
TZA::aiddata::loan,TZA,Tanzania,2018,aiddata,loan,160821737.446042,1,constant_2023_usd
TZA::chapo::grant,TZA,Tanzania,2018,chapo,grant,7959771.447612,1,constant_2021_usd
TZA::aiddata::grant,TZA,Tanzania,2019,aiddata,grant,18125024.721051,4,constant_2023_usd
TZA::aiddata::loan,TZA,Tanzania,2019,aiddata,loan,43595474.618113,1,constant_2023_usd
TZA::aiddata::grant,TZA,Tanzania,2020,aiddata,grant,846976.608716,13,constant_2023_usd
TZA::aiddata::loan,TZA,Tanzania,2020,aiddata,loan,51586691.068374,1,constant_2023_usd
TZA::chapo::grant,TZA,Tanzania,2020,chapo,grant,842498.820185,10,constant_2021_usd
TZA::aiddata::grant,TZA,Tanzania,2021,aiddata,grant,26613813.26004,8,constant_2023_usd
TZA::aiddata::loan,TZA,Tanzania,2021,aiddata,loan,18442832.74356,1,constant_2023_usd
TZA::chapo::grant,TZA,Tanzania,2021,chapo,grant,136397060.755965,8,constant_2021_usd
TZA::aiddata::grant,TZA,Tanzania,2022,aiddata,grant,70502969.403204,8,constant_2023_usd
TZA::aiddata::loan,TZA,Tanzania,2022,aiddata,loan,53595813.131993,1,constant_2023_usd
TZA::cla::loan,TZA,Tanzania,2022,cla,loan,56720000.0,1,nominal_usd
TZA::codf::loan,TZA,Tanzania,2022,codf,loan,56720000.0,1,nominal_usd
TZA::aiddata::grant,TZA,Tanzania,2023,aiddata,grant,9935282.01941,4,constant_2023_usd
UGA::aiddata::grant,UGA,Uganda,2000,aiddata,grant,9875705.49057,2,constant_2023_usd
UGA::chapo::grant,UGA,Uganda,2000,chapo,grant,2479644.379437,1,constant_2021_usd
UGA::aiddata::debt_relief,UGA,Uganda,2001,aiddata,debt_relief,116126087.103392,1,constant_2023_usd
UGA::aiddata::grant,UGA,Uganda,2001,aiddata,grant,19693974.854474,5,constant_2023_usd
UGA::cancel::debt_relief,UGA,Uganda,2001,cancel,debt_relief,50000000.0,1,nominal_usd
UGA::chapo::grant,UGA,Uganda,2001,chapo,grant,292300.841444,2,constant_2021_usd
UGA::aiddata::grant,UGA,Uganda,2002,aiddata,grant,18525929.094979,3,constant_2023_usd
UGA::aiddata::grant,UGA,Uganda,2003,aiddata,grant,585009.079352,2,constant_2023_usd
UGA::aiddata::unspecified,UGA,Uganda,2004,aiddata,unspecified,10518681.494874,1,constant_2023_usd
UGA::aiddata::grant,UGA,Uganda,2005,aiddata,grant,2572786.005713,2,constant_2023_usd
UGA::chapo::grant,UGA,Uganda,2005,chapo,grant,79460.156021,1,constant_2021_usd
UGA::aiddata::grant,UGA,Uganda,2006,aiddata,grant,40069160.048664,8,constant_2023_usd
UGA::chapo::grant,UGA,Uganda,2006,chapo,grant,1024411.190265,2,constant_2021_usd
UGA::aiddata::debt_relief,UGA,Uganda,2007,aiddata,debt_relief,28246597.082018,1,constant_2023_usd
UGA::aiddata::grant,UGA,Uganda,2007,aiddata,grant,79628178.487225,7,constant_2023_usd
UGA::aiddata::loan,UGA,Uganda,2007,aiddata,loan,52427577.701263,1,constant_2023_usd
UGA::cancel::debt_relief,UGA,Uganda,2007,cancel,debt_relief,17000000.0,1,nominal_usd
UGA::chapo::grant,UGA,Uganda,2007,chapo,grant,780621.053415,2,constant_2021_usd
UGA::cla::loan,UGA,Uganda,2007,cla,loan,31540000.0,1,nominal_usd
UGA::aiddata::grant,UGA,Uganda,2008,aiddata,grant,21921844.768654,5,constant_2023_usd
UGA::chapo::grant,UGA,Uganda,2008,chapo,grant,10453838.668639,3,constant_2021_usd
UGA::aiddata::grant,UGA,Uganda,2009,aiddata,grant,2105222.599177,6,constant_2023_usd
UGA::aiddata::loan,UGA,Uganda,2009,aiddata,loan,99393131.02701,2,constant_2023_usd
UGA::chapo::grant,UGA,Uganda,2009,chapo,grant,1696485.577994,3,constant_2021_usd
UGA::cla::loan,UGA,Uganda,2009,cla,loan,71740000.0,2,nominal_usd
UGA::codf::loan,UGA,Uganda,2009,codf,loan,61490000.0,1,nominal_usd
UGA::aiddata::grant,UGA,Uganda,2010,aiddata,grant,4705638.155238,8,constant_2023_usd
UGA::chapo::grant,UGA,Uganda,2010,chapo,grant,4903420.637,6,constant_2021_usd
UGA::aiddata::loan,UGA,Uganda,2011,aiddata,loan,634838109.623254,3,constant_2023_usd
UGA::cla::loan,UGA,Uganda,2011,cla,loan,469200000.0,3,nominal_usd
UGA::codf::loan,UGA,Uganda,2011,codf,loan,453720000.0,2,nominal_usd
UGA::aiddata::grant,UGA,Uganda,2012,aiddata,grant,1807788.704381,4,constant_2023_usd
UGA::aiddata::grant,UGA,Uganda,2014,aiddata,grant,820442.544728,1,constant_2023_usd
UGA::aiddata::loan,UGA,Uganda,2014,aiddata,loan,1304416961.604606,2,constant_2023_usd
UGA::cgef::loan,UGA,Uganda,2014,cgef,loan,482580000.0,1,nominal_usd
UGA::cla::loan,UGA,Uganda,2014,cla,loan,482580000.0,1,nominal_usd
UGA::codf::loan,UGA,Uganda,2014,codf,loan,482580000.0,1,nominal_usd
UGA::aiddata::grant,UGA,Uganda,2015,aiddata,grant,40173496.67783,4,constant_2023_usd
UGA::aiddata::loan,UGA,Uganda,2015,aiddata,loan,1152612104.726309,4,constant_2023_usd
UGA::cgef::loan,UGA,Uganda,2015,cgef,loan,1435160000.0,2,nominal_usd
UGA::chapo::grant,UGA,Uganda,2015,chapo,grant,303541.700392,1,constant_2021_usd
UGA::cla::loan,UGA,Uganda,2015,cla,loan,1652800000.0,4,nominal_usd
UGA::codf::loan,UGA,Uganda,2015,codf,loan,1637410000.0,3,nominal_usd
UGA::cofi::loan,UGA,Uganda,2015,cofi,loan,1927500000.0,2,nominal_usd
UGA::aiddata::grant,UGA,Uganda,2016,aiddata,grant,41204749.597573,3,constant_2023_usd
UGA::aiddata::loan,UGA,Uganda,2016,aiddata,loan,92688976.65422,1,constant_2023_usd
UGA::cgef::loan,UGA,Uganda,2016,cgef,loan,84980000.0,1,nominal_usd
UGA::chapo::grant,UGA,Uganda,2016,chapo,grant,7084827.050151,1,constant_2021_usd
UGA::cla::loan,UGA,Uganda,2016,cla,loan,84980000.0,1,nominal_usd
UGA::codf::loan,UGA,Uganda,2016,codf,loan,84980000.0,1,nominal_usd
UGA::aiddata::grant,UGA,Uganda,2017,aiddata,grant,36842079.873111,3,constant_2023_usd
UGA::aiddata::grant,UGA,Uganda,2018,aiddata,grant,41346876.622408,12,constant_2023_usd
UGA::aiddata::unspecified,UGA,Uganda,2018,aiddata,unspecified,10650484.911011,1,constant_2023_usd
UGA::chapo::grant,UGA,Uganda,2018,chapo,grant,76289.482352,1,constant_2021_usd
UGA::aiddata::grant,UGA,Uganda,2019,aiddata,grant,12753550.139867,5,constant_2023_usd
UGA::aiddata::loan,UGA,Uganda,2019,aiddata,loan,306831975.271614,2,constant_2023_usd
UGA::cgef::loan,UGA,Uganda,2019,cgef,loan,213000000.0,1,nominal_usd
UGA::chapo::grant,UGA,Uganda,2019,chapo,grant,2088144.831889,3,constant_2021_usd
UGA::cla::loan,UGA,Uganda,2019,cla,loan,297410000.0,2,nominal_usd
UGA::codf::loan,UGA,Uganda,2019,codf,loan,297740000.0,2,nominal_usd
UGA::aiddata::grant,UGA,Uganda,2020,aiddata,grant,399815.224569,5,constant_2023_usd
UGA::aiddata::loan,UGA,Uganda,2020,aiddata,loan,470860725.630738,3,constant_2023_usd
UGA::chapo::grant,UGA,Uganda,2020,chapo,grant,374401.12804,4,constant_2021_usd
UGA::cla::loan,UGA,Uganda,2020,cla,loan,456390000.0,3,nominal_usd
UGA::codf::loan,UGA,Uganda,2020,codf,loan,456390000.0,3,nominal_usd
UGA::aiddata::grant,UGA,Uganda,2021,aiddata,grant,33268951.755546,7,constant_2023_usd
UGA::chapo::grant,UGA,Uganda,2021,chapo,grant,28844586.501994,4,constant_2021_usd
UGA::cla::loan,UGA,Uganda,2021,cla,loan,178200000.0,1,nominal_usd
UGA::aiddata::grant,UGA,Uganda,2022,aiddata,grant,87301283.479997,3,constant_2023_usd
UGA::aiddata::loan,UGA,Uganda,2022,aiddata,loan,106197845.36432,1,constant_2023_usd
UGA::cla::loan,UGA,Uganda,2022,cla,loan,119100000.0,1,nominal_usd
UGA::codf::loan,UGA,Uganda,2022,codf,loan,119100000.0,1,nominal_usd
UGA::aiddata::grant,UGA,Uganda,2023,aiddata,grant,574086.421811,7,constant_2023_usd
UGA::aiddata::loan,UGA,Uganda,2023,aiddata,loan,333962739.184922,2,constant_2023_usd
UGA::cgef::loan,UGA,Uganda,2023,cgef,loan,211850000.0,1,nominal_usd
UGA::cla::loan,UGA,Uganda,2023,cla,loan,359350000.0,2,nominal_usd
UGA::codf::loan,UGA,Uganda,2023,codf,loan,359350000.0,2,nominal_usd
ZAF::aiddata::loan,ZAF,South Africa,2001,aiddata,loan,83610782.714442,1,constant_2023_usd
ZAF::cla::loan,ZAF,South Africa,2001,cla,loan,36000000.0,1,nominal_usd
ZAF::aiddata::loan,ZAF,South Africa,2002,aiddata,loan,168526726.463358,4,constant_2023_usd
ZAF::cla::loan,ZAF,South Africa,2002,cla,loan,73000000.0,4,nominal_usd
ZAF::aiddata::loan,ZAF,South Africa,2003,aiddata,loan,117001815.870466,2,constant_2023_usd
ZAF::cla::loan,ZAF,South Africa,2003,cla,loan,52000000.0,2,nominal_usd
ZAF::aiddata::loan,ZAF,South Africa,2004,aiddata,loan,154705898.771784,4,constant_2023_usd
ZAF::cla::loan,ZAF,South Africa,2004,cla,loan,41800000.0,2,nominal_usd
ZAF::aiddata::loan,ZAF,South Africa,2005,aiddata,loan,521618183.772166,9,constant_2023_usd
ZAF::cla::loan,ZAF,South Africa,2005,cla,loan,24000000.0,2,nominal_usd
ZAF::aiddata::loan,ZAF,South Africa,2006,aiddata,loan,295551284.629757,1,constant_2023_usd
ZAF::aiddata::grant,ZAF,South Africa,2007,aiddata,grant,7213159.540861,2,constant_2023_usd
ZAF::aiddata::loan,ZAF,South Africa,2007,aiddata,loan,456930246.914997,1,constant_2023_usd
ZAF::aiddata::grant,ZAF,South Africa,2009,aiddata,grant,2471.815299,1,constant_2023_usd
ZAF::aiddata::loan,ZAF,South Africa,2009,aiddata,loan,1720844098.317531,8,constant_2023_usd
ZAF::cla::loan,ZAF,South Africa,2009,cla,loan,66530000.0,2,nominal_usd
ZAF::aiddata::loan,ZAF,South Africa,2010,aiddata,loan,408814353.508066,1,constant_2023_usd
ZAF::cla::loan,ZAF,South Africa,2010,cla,loan,87420000.0,1,nominal_usd
ZAF::aiddata::loan,ZAF,South Africa,2011,aiddata,loan,679199107.959707,6,constant_2023_usd
ZAF::cla::loan,ZAF,South Africa,2011,cla,loan,90000000.0,1,nominal_usd
ZAF::aiddata::grant,ZAF,South Africa,2012,aiddata,grant,924408.876509,1,constant_2023_usd
ZAF::aiddata::loan,ZAF,South Africa,2012,aiddata,loan,796958349.085829,8,constant_2023_usd
ZAF::aiddata::grant,ZAF,South Africa,2013,aiddata,grant,3867710.474086,1,constant_2023_usd
ZAF::aiddata::loan,ZAF,South Africa,2013,aiddata,loan,724155071.10223,5,constant_2023_usd
ZAF::aiddata::loan,ZAF,South Africa,2014,aiddata,loan,296570608.383286,2,constant_2023_usd
ZAF::aiddata::grant,ZAF,South Africa,2015,aiddata,grant,12315924.397997,2,constant_2023_usd
ZAF::aiddata::loan,ZAF,South Africa,2015,aiddata,loan,2344942204.723394,10,constant_2023_usd
ZAF::codf::loan,ZAF,South Africa,2015,codf,loan,1381190000.0,1,nominal_usd
ZAF::cofi::loan,ZAF,South Africa,2015,cofi,loan,139792931.71989,1,nominal_usd
ZAF::aiddata::loan,ZAF,South Africa,2016,aiddata,loan,1994311955.549614,23,constant_2023_usd
ZAF::cgef::loan,ZAF,South Africa,2016,cgef,loan,500000000.0,1,nominal_usd
ZAF::cla::loan,ZAF,South Africa,2016,cla,loan,733180000.0,5,nominal_usd
ZAF::codf::loan,ZAF,South Africa,2016,codf,loan,500000000.0,1,nominal_usd
ZAF::cofi::loan,ZAF,South Africa,2016,cofi,loan,450000000.0,2,nominal_usd
ZAF::aiddata::grant,ZAF,South Africa,2017,aiddata,grant,87516.295225,3,constant_2023_usd
ZAF::aiddata::loan,ZAF,South Africa,2017,aiddata,loan,4108143226.041686,24,constant_2023_usd
ZAF::cgef::loan,ZAF,South Africa,2017,cgef,loan,1500000000.0,1,nominal_usd
ZAF::cla::loan,ZAF,South Africa,2017,cla,loan,1500000000.0,1,nominal_usd
ZAF::codf::loan,ZAF,South Africa,2017,codf,loan,1500000000.0,1,nominal_usd
ZAF::aiddata::grant,ZAF,South Africa,2018,aiddata,grant,3429459.837249,7,constant_2023_usd
ZAF::aiddata::loan,ZAF,South Africa,2018,aiddata,loan,4831439776.794037,38,constant_2023_usd
ZAF::cgef::loan,ZAF,South Africa,2018,cgef,loan,2500000000.0,1,nominal_usd
ZAF::chapo::loan,ZAF,South Africa,2018,chapo,loan,322274186.351406,12,constant_2021_usd
ZAF::cla::loan,ZAF,South Africa,2018,cla,loan,2787280000.0,2,nominal_usd
ZAF::codf::loan,ZAF,South Africa,2018,codf,loan,2500000000.0,1,nominal_usd
ZAF::cofi::loan,ZAF,South Africa,2018,cofi,loan,4111721665.478636,5,nominal_usd
ZAF::aiddata::grant,ZAF,South Africa,2019,aiddata,grant,246125.394577,6,constant_2023_usd
ZAF::aiddata::loan,ZAF,South Africa,2019,aiddata,loan,520857618.093836,20,constant_2023_usd
ZAF::aiddata::grant,ZAF,South Africa,2020,aiddata,grant,2533939.757786,36,constant_2023_usd
ZAF::aiddata::loan,ZAF,South Africa,2020,aiddata,loan,705328048.78224,8,constant_2023_usd
ZAF::chapo::grant,ZAF,South Africa,2020,chapo,grant,1162574.719716,30,constant_2021_usd
ZAF::aiddata::grant,ZAF,South Africa,2021,aiddata,grant,5118515.194322,5,constant_2023_usd
ZAF::aiddata::loan,ZAF,South Africa,2021,aiddata,loan,157833645.5074,7,constant_2023_usd
ZAF::chapo::grant,ZAF,South Africa,2021,chapo,grant,5495607.8,2,constant_2021_usd
ZAF::aiddata::grant,ZAF,South Africa,2022,aiddata,grant,3757482.181849,10,constant_2023_usd
ZAF::aiddata::loan,ZAF,South Africa,2022,aiddata,loan,37796765.255284,1,constant_2023_usd
ZAF::aiddata::grant,ZAF,South Africa,2023,aiddata,grant,9429873.452876,6,constant_2023_usd
ZAF::aiddata::loan,ZAF,South Africa,2023,aiddata,loan,1264958185.565389,23,constant_2023_usd
ZMB::aiddata::grant,ZMB,Zambia,2000,aiddata,grant,5975417.025293,2,constant_2023_usd
ZMB::aiddata::loan,ZMB,Zambia,2000,aiddata,loan,260512395.999456,1,constant_2023_usd
ZMB::aiddata::debt_relief,ZMB,Zambia,2001,aiddata,debt_relief,92900869.682714,1,constant_2023_usd
ZMB::aiddata::grant,ZMB,Zambia,2001,aiddata,grant,3041243.384392,3,constant_2023_usd
ZMB::aiddata::loan,ZMB,Zambia,2001,aiddata,loan,42089160.746817,2,constant_2023_usd
ZMB::cancel::debt_relief,ZMB,Zambia,2001,cancel,debt_relief,39860000.0,1,nominal_usd
ZMB::cla::loan,ZMB,Zambia,2001,cla,loan,18120000.0,2,nominal_usd
ZMB::aiddata::grant,ZMB,Zambia,2002,aiddata,grant,6643756.861813,2,constant_2023_usd
ZMB::aiddata::loan,ZMB,Zambia,2002,aiddata,loan,33246675.81562,2,constant_2023_usd
ZMB::cla::loan,ZMB,Zambia,2002,cla,loan,14440000.0,2,nominal_usd
ZMB::aiddata::grant,ZMB,Zambia,2003,aiddata,grant,4635071.936407,2,constant_2023_usd
ZMB::aiddata::grant,ZMB,Zambia,2004,aiddata,grant,3365978.078359,2,constant_2023_usd
ZMB::aiddata::loan,ZMB,Zambia,2004,aiddata,loan,11437596.649135,1,constant_2023_usd
ZMB::cla::loan,ZMB,Zambia,2004,cla,loan,5440000.0,1,nominal_usd
ZMB::aiddata::grant,ZMB,Zambia,2005,aiddata,grant,17036809.411779,2,constant_2023_usd
ZMB::aiddata::loan,ZMB,Zambia,2005,aiddata,loan,16034644.152263,1,constant_2023_usd
ZMB::cla::loan,ZMB,Zambia,2005,cla,loan,8000000.0,1,nominal_usd
ZMB::aiddata::grant,ZMB,Zambia,2006,aiddata,grant,24914750.52031,5,constant_2023_usd
ZMB::aiddata::loan,ZMB,Zambia,2006,aiddata,loan,30534025.165547,2,constant_2023_usd
ZMB::cancel::debt_relief,ZMB,Zambia,2006,cancel,debt_relief,211000000.0,1,nominal_usd
ZMB::chapo::grant,ZMB,Zambia,2006,chapo,grant,382310.596923,1,constant_2021_usd
ZMB::cla::loan,ZMB,Zambia,2006,cla,loan,75580000.0,4,nominal_usd
ZMB::aiddata::debt_relief,ZMB,Zambia,2007,aiddata,debt_relief,18786548.676286,1,constant_2023_usd
ZMB::aiddata::grant,ZMB,Zambia,2007,aiddata,grant,10218621.885553,2,constant_2023_usd
ZMB::aiddata::loan,ZMB,Zambia,2007,aiddata,loan,174763710.376861,4,constant_2023_usd
ZMB::cancel::debt_relief,ZMB,Zambia,2007,cancel,debt_relief,11770000.0,1,nominal_usd
ZMB::cla::loan,ZMB,Zambia,2007,cla,loan,59610000.0,2,nominal_usd
ZMB::aiddata::loan,ZMB,Zambia,2008,aiddata,loan,683096350.824356,3,constant_2023_usd
ZMB::cgef::loan,ZMB,Zambia,2008,cgef,loan,315600000.0,1,nominal_usd
ZMB::cla::loan,ZMB,Zambia,2008,cla,loan,315600000.0,1,nominal_usd
ZMB::codf::loan,ZMB,Zambia,2008,codf,loan,315600000.0,1,nominal_usd
ZMB::cofi::loan,ZMB,Zambia,2008,cofi,loan,316000000.0,1,nominal_usd
ZMB::aiddata::grant,ZMB,Zambia,2009,aiddata,grant,7630247.733582,2,constant_2023_usd
ZMB::aiddata::loan,ZMB,Zambia,2009,aiddata,loan,492405157.584548,9,constant_2023_usd
ZMB::chapo::grant,ZMB,Zambia,2009,chapo,grant,6759045.217237,1,constant_2021_usd
ZMB::cla::loan,ZMB,Zambia,2009,cla,loan,180220000.0,6,nominal_usd
ZMB::codf::loan,ZMB,Zambia,2009,codf,loan,70800000.0,2,nominal_usd
ZMB::aiddata::loan,ZMB,Zambia,2010,aiddata,loan,929413829.851608,12,constant_2023_usd
ZMB::chapo::loan,ZMB,Zambia,2010,chapo,loan,74275034.117699,1,constant_2021_usd
ZMB::cla::loan,ZMB,Zambia,2010,cla,loan,656600000.0,6,nominal_usd
ZMB::codf::loan,ZMB,Zambia,2010,codf,loan,609600000.0,4,nominal_usd
ZMB::aiddata::debt_relief,ZMB,Zambia,2011,aiddata,debt_relief,43423660.045078,1,constant_2023_usd
ZMB::aiddata::grant,ZMB,Zambia,2011,aiddata,grant,2362231.684873,4,constant_2023_usd
ZMB::aiddata::loan,ZMB,Zambia,2011,aiddata,loan,785593153.378288,6,constant_2023_usd
ZMB::cancel::debt_relief,ZMB,Zambia,2011,cancel,debt_relief,37500000.0,1,nominal_usd
ZMB::chapo::grant,ZMB,Zambia,2011,chapo,grant,2494836.148523,3,constant_2021_usd
ZMB::cla::loan,ZMB,Zambia,2011,cla,loan,577400000.0,3,nominal_usd
ZMB::codf::loan,ZMB,Zambia,2011,codf,loan,244000000.0,1,nominal_usd
ZMB::aiddata::grant,ZMB,Zambia,2012,aiddata,grant,6502907.006446,1,constant_2023_usd
ZMB::aiddata::loan,ZMB,Zambia,2012,aiddata,loan,189668121.021345,3,constant_2023_usd
ZMB::cla::loan,ZMB,Zambia,2012,cla,loan,109250000.0,2,nominal_usd
ZMB::aiddata::grant,ZMB,Zambia,2013,aiddata,grant,21224990.851593,4,constant_2023_usd
ZMB::aiddata::loan,ZMB,Zambia,2013,aiddata,loan,721450829.829954,4,constant_2023_usd
ZMB::cgef::loan,ZMB,Zambia,2013,cgef,loan,183230000.0,1,nominal_usd
ZMB::chapo::grant,ZMB,Zambia,2013,chapo,grant,9024292.417519,1,constant_2021_usd
ZMB::cla::loan,ZMB,Zambia,2013,cla,loan,864450000.0,5,nominal_usd
ZMB::codf::loan,ZMB,Zambia,2013,codf,loan,850950000.0,4,nominal_usd
ZMB::cofi::loan,ZMB,Zambia,2013,cofi,loan,498000000.0,3,nominal_usd
ZMB::aiddata::grant,ZMB,Zambia,2014,aiddata,grant,23284562.145876,4,constant_2023_usd
ZMB::aiddata::loan,ZMB,Zambia,2014,aiddata,loan,648624576.83115,6,constant_2023_usd
ZMB::cgef::loan,ZMB,Zambia,2014,cgef,loan,45000000.0,1,nominal_usd
ZMB::chapo::grant,ZMB,Zambia,2014,chapo,grant,66425.713884,2,constant_2021_usd
ZMB::cla::loan,ZMB,Zambia,2014,cla,loan,376810000.0,3,nominal_usd
ZMB::codf::loan,ZMB,Zambia,2014,codf,loan,273810000.0,2,nominal_usd
ZMB::aiddata::grant,ZMB,Zambia,2015,aiddata,grant,1255438.057682,1,constant_2023_usd
ZMB::aiddata::loan,ZMB,Zambia,2015,aiddata,loan,734348850.596211,10,constant_2023_usd
ZMB::chapo::loan,ZMB,Zambia,2015,chapo,loan,152412038.108649,1,constant_2021_usd
ZMB::cla::loan,ZMB,Zambia,2015,cla,loan,745240000.0,8,nominal_usd
ZMB::codf::loan,ZMB,Zambia,2015,codf,loan,288290000.0,3,nominal_usd
ZMB::cofi::loan,ZMB,Zambia,2015,cofi,loan,64000000.0,1,nominal_usd
ZMB::aiddata::grant,ZMB,Zambia,2016,aiddata,grant,66975788.940203,3,constant_2023_usd
ZMB::aiddata::loan,ZMB,Zambia,2016,aiddata,loan,2399195991.412402,17,constant_2023_usd
ZMB::chapo::grant,ZMB,Zambia,2016,chapo,grant,72023204.291251,2,constant_2021_usd
ZMB::cla::loan,ZMB,Zambia,2016,cla,loan,1812280000.0,13,nominal_usd
ZMB::codf::loan,ZMB,Zambia,2016,codf,loan,1011100000.0,6,nominal_usd
ZMB::aiddata::grant,ZMB,Zambia,2017,aiddata,grant,42373770.636259,6,constant_2023_usd
ZMB::aiddata::loan,ZMB,Zambia,2017,aiddata,loan,2426739513.293688,11,constant_2023_usd
ZMB::cgef::loan,ZMB,Zambia,2017,cgef,loan,1644480000.0,2,nominal_usd
ZMB::chapo::grant,ZMB,Zambia,2017,chapo,grant,1554346.28642,2,constant_2021_usd
ZMB::cla::loan,ZMB,Zambia,2017,cla,loan,2008270000.0,6,nominal_usd
ZMB::codf::loan,ZMB,Zambia,2017,codf,loan,379280000.0,2,nominal_usd
ZMB::cofi::loan,ZMB,Zambia,2017,cofi,loan,1327500000.0,4,nominal_usd
ZMB::aiddata::grant,ZMB,Zambia,2018,aiddata,grant,31052159.620026,8,constant_2023_usd
ZMB::aiddata::loan,ZMB,Zambia,2018,aiddata,loan,1910884502.107022,13,constant_2023_usd
ZMB::chapo::grant,ZMB,Zambia,2018,chapo,grant,217969.949575,2,constant_2021_usd
ZMB::cla::loan,ZMB,Zambia,2018,cla,loan,1496230000.0,12,nominal_usd
ZMB::codf::loan,ZMB,Zambia,2018,codf,loan,201000000.0,2,nominal_usd
ZMB::aiddata::grant,ZMB,Zambia,2019,aiddata,grant,31412425.124654,5,constant_2023_usd
ZMB::aiddata::loan,ZMB,Zambia,2019,aiddata,loan,163983852.554362,4,constant_2023_usd
ZMB::cancel::debt_relief,ZMB,Zambia,2019,cancel,debt_relief,92000000.0,2,nominal_usd
ZMB::chapo::grant,ZMB,Zambia,2019,chapo,grant,267635.791515,1,constant_2021_usd
ZMB::cla::loan,ZMB,Zambia,2019,cla,loan,101480000.0,3,nominal_usd
ZMB::aiddata::grant,ZMB,Zambia,2020,aiddata,grant,563911.659544,3,constant_2023_usd
ZMB::chapo::grant,ZMB,Zambia,2020,chapo,grant,610426.249884,3,constant_2021_usd
ZMB::cla::loan,ZMB,Zambia,2020,cla,loan,99890000.0,2,nominal_usd
ZMB::aiddata::grant,ZMB,Zambia,2021,aiddata,grant,18329160.357784,5,constant_2023_usd
ZMB::chapo::grant,ZMB,Zambia,2021,chapo,grant,19816700.0,4,constant_2021_usd
ZMB::aiddata::grant,ZMB,Zambia,2022,aiddata,grant,17033571.299234,4,constant_2023_usd
ZMB::aiddata::grant,ZMB,Zambia,2023,aiddata,grant,39594.78695,2,constant_2023_usd
ZWE::aiddata::grant,ZWE,Zimbabwe,2000,aiddata,grant,1478936.996994,2,constant_2023_usd
ZWE::aiddata::loan,ZWE,Zimbabwe,2000,aiddata,loan,13801506.722696,1,constant_2023_usd
ZWE::cla::loan,ZWE,Zimbabwe,2000,cla,loan,5820000.0,1,nominal_usd
ZWE::aiddata::grant,ZWE,Zimbabwe,2001,aiddata,grant,1422413.650454,3,constant_2023_usd
ZWE::aiddata::loan,ZWE,Zimbabwe,2001,aiddata,loan,17301451.010992,1,constant_2023_usd
ZWE::cla::loan,ZWE,Zimbabwe,2001,cla,loan,7130000.0,1,nominal_usd
ZWE::aiddata::grant,ZWE,Zimbabwe,2002,aiddata,grant,11249865.708083,4,constant_2023_usd
ZWE::aiddata::loan,ZWE,Zimbabwe,2002,aiddata,loan,37498094.677777,1,constant_2023_usd
ZWE::aiddata::grant,ZWE,Zimbabwe,2003,aiddata,grant,5670087.999877,3,constant_2023_usd
ZWE::aiddata::loan,ZWE,Zimbabwe,2003,aiddata,loan,13815529.417286,1,constant_2023_usd
ZWE::cla::loan,ZWE,Zimbabwe,2003,cla,loan,22000000.0,1,nominal_usd
ZWE::restruct::loan,ZWE,Zimbabwe,2003,restruct,loan,42000000.0,1,nominal_usd
ZWE::aiddata::grant,ZWE,Zimbabwe,2004,aiddata,grant,552167.814917,1,constant_2023_usd
ZWE::aiddata::loan,ZWE,Zimbabwe,2004,aiddata,loan,103714199.539455,3,constant_2023_usd
ZWE::cla::loan,ZWE,Zimbabwe,2004,cla,loan,223000000.0,2,nominal_usd
ZWE::restruct::loan,ZWE,Zimbabwe,2004,restruct,loan,18000000.0,1,nominal_usd
ZWE::aiddata::grant,ZWE,Zimbabwe,2005,aiddata,grant,12025983.114198,1,constant_2023_usd
ZWE::aiddata::loan,ZWE,Zimbabwe,2005,aiddata,loan,54146992.980336,1,constant_2023_usd
ZWE::cla::loan,ZWE,Zimbabwe,2005,cla,loan,12000000.0,1,nominal_usd
ZWE::aiddata::grant,ZWE,Zimbabwe,2006,aiddata,grant,20158885.112025,4,constant_2023_usd
ZWE::aiddata::loan,ZWE,Zimbabwe,2006,aiddata,loan,434013075.300065,3,constant_2023_usd
ZWE::cla::loan,ZWE,Zimbabwe,2006,cla,loan,375100000.0,3,nominal_usd
ZWE::aiddata::grant,ZWE,Zimbabwe,2007,aiddata,grant,3018946.444371,3,constant_2023_usd
ZWE::aiddata::loan,ZWE,Zimbabwe,2007,aiddata,loan,520822060.088462,3,constant_2023_usd
ZWE::cla::loan,ZWE,Zimbabwe,2007,cla,loan,60000000.0,1,nominal_usd
ZWE::restruct::loan,ZWE,Zimbabwe,2007,restruct,loan,55000000.0,1,nominal_usd
ZWE::aiddata::grant,ZWE,Zimbabwe,2008,aiddata,grant,7746453.462957,2,constant_2023_usd
ZWE::aiddata::loan,ZWE,Zimbabwe,2008,aiddata,loan,60263371.361266,2,constant_2023_usd
ZWE::cla::loan,ZWE,Zimbabwe,2008,cla,loan,18000000.0,1,nominal_usd
ZWE::aiddata::grant,ZWE,Zimbabwe,2009,aiddata,grant,62997604.92021,6,constant_2023_usd
ZWE::chapo::grant,ZWE,Zimbabwe,2009,chapo,grant,15405581.138434,2,constant_2021_usd
ZWE::aiddata::grant,ZWE,Zimbabwe,2010,aiddata,grant,24290675.82235,3,constant_2023_usd
ZWE::aiddata::loan,ZWE,Zimbabwe,2010,aiddata,loan,70819902.280873,3,constant_2023_usd
ZWE::chapo::grant,ZWE,Zimbabwe,2010,chapo,grant,16016359.761656,2,constant_2021_usd
ZWE::cla::loan,ZWE,Zimbabwe,2010,cla,loan,42250000.0,1,nominal_usd
ZWE::codf::loan,ZWE,Zimbabwe,2010,codf,loan,42260000.0,1,nominal_usd
ZWE::restruct::loan,ZWE,Zimbabwe,2010,restruct,loan,55000000.0,1,nominal_usd
ZWE::aiddata::grant,ZWE,Zimbabwe,2011,aiddata,grant,45776132.688925,7,constant_2023_usd
ZWE::aiddata::loan,ZWE,Zimbabwe,2011,aiddata,loan,307741509.574714,5,constant_2023_usd
ZWE::chapo::loan,ZWE,Zimbabwe,2011,chapo,loan,110633871.712554,1,constant_2021_usd
ZWE::cla::loan,ZWE,Zimbabwe,2011,cla,loan,335160000.0,3,nominal_usd
ZWE::codf::loan,ZWE,Zimbabwe,2011,codf,loan,335160000.0,3,nominal_usd
ZWE::aiddata::grant,ZWE,Zimbabwe,2012,aiddata,grant,14909507.170389,4,constant_2023_usd
ZWE::aiddata::loan,ZWE,Zimbabwe,2012,aiddata,loan,405697519.274146,4,constant_2023_usd
ZWE::chapo::grant,ZWE,Zimbabwe,2012,chapo,grant,58706.177896,1,constant_2021_usd
ZWE::cla::loan,ZWE,Zimbabwe,2012,cla,loan,217260000.0,2,nominal_usd
ZWE::codf::loan,ZWE,Zimbabwe,2012,codf,loan,217240000.0,2,nominal_usd
ZWE::restruct::loan,ZWE,Zimbabwe,2012,restruct,loan,200000000.0,1,nominal_usd
ZWE::aiddata::grant,ZWE,Zimbabwe,2013,aiddata,grant,18166875.58531,5,constant_2023_usd
ZWE::aiddata::loan,ZWE,Zimbabwe,2013,aiddata,loan,340397930.595952,2,constant_2023_usd
ZWE::cgef::loan,ZWE,Zimbabwe,2013,cgef,loan,319500000.0,2,nominal_usd
ZWE::cla::loan,ZWE,Zimbabwe,2013,cla,loan,329180000.0,3,nominal_usd
ZWE::codf::loan,ZWE,Zimbabwe,2013,codf,loan,319500000.0,2,nominal_usd
ZWE::cofi::loan,ZWE,Zimbabwe,2013,cofi,loan,320000000.0,1,nominal_usd
ZWE::aiddata::grant,ZWE,Zimbabwe,2014,aiddata,grant,8865801.53439,3,constant_2023_usd
ZWE::aiddata::loan,ZWE,Zimbabwe,2014,aiddata,loan,424297190.995114,3,constant_2023_usd
ZWE::cla::loan,ZWE,Zimbabwe,2014,cla,loan,221540000.0,1,nominal_usd
ZWE::codf::loan,ZWE,Zimbabwe,2014,codf,loan,221500000.0,1,nominal_usd
ZWE::aiddata::grant,ZWE,Zimbabwe,2015,aiddata,grant,31005760.484979,4,constant_2023_usd
ZWE::aiddata::loan,ZWE,Zimbabwe,2015,aiddata,loan,1466342259.868232,5,constant_2023_usd
ZWE::cancel::debt_relief,ZWE,Zimbabwe,2015,cancel,debt_relief,40000000.0,1,nominal_usd
ZWE::chapo::grant,ZWE,Zimbabwe,2015,chapo,grant,26934613.669895,1,constant_2021_usd
ZWE::cla::loan,ZWE,Zimbabwe,2015,cla,loan,127980000.0,3,nominal_usd
ZWE::codf::loan,ZWE,Zimbabwe,2015,codf,loan,98600000.0,1,nominal_usd
ZWE::aiddata::grant,ZWE,Zimbabwe,2016,aiddata,grant,34145596.502173,4,constant_2023_usd
ZWE::cgef::loan,ZWE,Zimbabwe,2016,cgef,loan,997700000.0,1,nominal_usd
ZWE::chapo::grant,ZWE,Zimbabwe,2016,chapo,grant,59040.225418,1,constant_2021_usd
ZWE::cla::loan,ZWE,Zimbabwe,2016,cla,loan,997700000.0,1,nominal_usd
ZWE::codf::loan,ZWE,Zimbabwe,2016,codf,loan,997700000.0,1,nominal_usd
ZWE::aiddata::grant,ZWE,Zimbabwe,2017,aiddata,grant,123838304.0686,5,constant_2023_usd
ZWE::aiddata::loan,ZWE,Zimbabwe,2017,aiddata,loan,31923791.429508,1,constant_2023_usd
ZWE::cla::loan,ZWE,Zimbabwe,2017,cla,loan,5000000.0,1,nominal_usd
ZWE::aiddata::grant,ZWE,Zimbabwe,2018,aiddata,grant,21252756.209128,3,constant_2023_usd
ZWE::aiddata::loan,ZWE,Zimbabwe,2018,aiddata,loan,159017749.637875,1,constant_2023_usd
ZWE::cla::loan,ZWE,Zimbabwe,2018,cla,loan,162900000.0,2,nominal_usd
ZWE::codf::loan,ZWE,Zimbabwe,2018,codf,loan,157850000.0,1,nominal_usd
ZWE::cofi::loan,ZWE,Zimbabwe,2018,cofi,loan,998000000.0,1,nominal_usd
ZWE::aiddata::grant,ZWE,Zimbabwe,2019,aiddata,grant,13983573.279235,10,constant_2023_usd
ZWE::aiddata::loan,ZWE,Zimbabwe,2019,aiddata,loan,73311521.908553,1,constant_2023_usd
ZWE::chapo::grant,ZWE,Zimbabwe,2019,chapo,grant,81810.007703,1,constant_2021_usd
ZWE::cla::loan,ZWE,Zimbabwe,2019,cla,loan,67290000.0,1,nominal_usd
ZWE::codf::loan,ZWE,Zimbabwe,2019,codf,loan,67290000.0,1,nominal_usd
ZWE::aiddata::grant,ZWE,Zimbabwe,2020,aiddata,grant,5630210.570996,17,constant_2023_usd
ZWE::chapo::grant,ZWE,Zimbabwe,2020,chapo,grant,8922960.189694,20,constant_2021_usd
ZWE::aiddata::grant,ZWE,Zimbabwe,2021,aiddata,grant,35001225.489576,10,constant_2023_usd
ZWE::aiddata::loan,ZWE,Zimbabwe,2021,aiddata,loan,85620851.011979,1,constant_2023_usd
ZWE::chapo::grant,ZWE,Zimbabwe,2021,chapo,grant,36001619.76,6,constant_2021_usd
ZWE::aiddata::grant,ZWE,Zimbabwe,2022,aiddata,grant,51025633.094634,1,constant_2023_usd
ZWE::aiddata::loan,ZWE,Zimbabwe,2022,aiddata,loan,85042721.82439,2,constant_2023_usd
ZWE::aiddata::grant,ZWE,Zimbabwe,2023,aiddata,grant,6037756.954225,2,constant_2023_usd
