panel_id,iso3,country_name_en,year,source,source_label,amount_usd,record_count,amount_known_count,price_basis,amount_measure
AGO::aiddata,AGO,Angola,2000,aiddata,AidData,,1,0,constant_2023_usd,commitment
AGO::codf,AGO,Angola,2000,codf,CODF,,0,0,nominal_usd,loan_commitment
AGO::cla,AGO,Angola,2000,cla,CLA,,0,0,nominal_usd,loan_commitment
AGO::cancel,AGO,Angola,2000,cancel,Debt cancellation,,0,0,nominal_usd,debt_cancellation
AGO::restruct,AGO,Angola,2000,restruct,Debt restructuring,,0,0,nominal_usd,debt_restructuring
AGO::cofi,AGO,Angola,2000,cofi,COFI,,0,0,nominal_usd,investment
AGO::cgef,AGO,Angola,2000,cgef,CGEF,,0,0,nominal_usd,loan_commitment
AGO::chapo,AGO,Angola,2000,chapo,CHAPO,,0,0,constant_2021_usd,commitment
AGO::aiddata,AGO,Angola,2001,aiddata,AidData,15328643.497648,3,2,constant_2023_usd,commitment
AGO::codf,AGO,Angola,2001,codf,CODF,,0,0,nominal_usd,loan_commitment
AGO::cla,AGO,Angola,2001,cla,CLA,,0,0,nominal_usd,loan_commitment
AGO::cancel,AGO,Angola,2001,cancel,Debt cancellation,,0,0,nominal_usd,debt_cancellation
AGO::restruct,AGO,Angola,2001,restruct,Debt restructuring,,0,0,nominal_usd,debt_restructuring
AGO::cofi,AGO,Angola,2001,cofi,COFI,,0,0,nominal_usd,investment
AGO::cgef,AGO,Angola,2001,cgef,CGEF,,0,0,nominal_usd,loan_commitment
AGO::chapo,AGO,Angola,2001,chapo,CHAPO,15087226.60448,1,1,constant_2021_usd,commitment
AGO::aiddata,AGO,Angola,2002,aiddata,AidData,456647595.308304,13,12,constant_2023_usd,commitment
AGO::codf,AGO,Angola,2002,codf,CODF,,0,0,nominal_usd,loan_commitment
AGO::cla,AGO,Angola,2002,cla,CLA,145000000.0,4,4,nominal_usd,loan_commitment
AGO::cancel,AGO,Angola,2002,cancel,Debt cancellation,,0,0,nominal_usd,debt_cancellation
AGO::restruct,AGO,Angola,2002,restruct,Debt restructuring,,0,0,nominal_usd,debt_restructuring
AGO::cofi,AGO,Angola,2002,cofi,COFI,,0,0,nominal_usd,investment
AGO::cgef,AGO,Angola,2002,cgef,CGEF,55000000.0,3,3,nominal_usd,loan_commitment
AGO::chapo,AGO,Angola,2002,chapo,CHAPO,,0,0,constant_2021_usd,commitment
AGO::aiddata,AGO,Angola,2003,aiddata,AidData,24750384.126445,1,1,constant_2023_usd,commitment
AGO::codf,AGO,Angola,2003,codf,CODF,,0,0,nominal_usd,loan_commitment
AGO::cla,AGO,Angola,2003,cla,CLA,11000000.0,1,1,nominal_usd,loan_commitment
AGO::cancel,AGO,Angola,2003,cancel,Debt cancellation,,0,0,nominal_usd,debt_cancellation
AGO::restruct,AGO,Angola,2003,restruct,Debt restructuring,,0,0,nominal_usd,debt_restructuring
AGO::cofi,AGO,Angola,2003,cofi,COFI,,0,0,nominal_usd,investment
AGO::cgef,AGO,Angola,2003,cgef,CGEF,,0,0,nominal_usd,loan_commitment
AGO::chapo,AGO,Angola,2003,chapo,CHAPO,730819.122114,1,1,constant_2021_usd,commitment
AGO::aiddata,AGO,Angola,2004,aiddata,AidData,914380747.315697,5,4,constant_2023_usd,commitment
AGO::codf,AGO,Angola,2004,codf,CODF,,0,0,nominal_usd,loan_commitment
AGO::cla,AGO,Angola,2004,cla,CLA,435050000.0,4,4,nominal_usd,loan_commitment
AGO::cancel,AGO,Angola,2004,cancel,Debt cancellation,,0,0,nominal_usd,debt_cancellation
AGO::restruct,AGO,Angola,2004,restruct,Debt restructuring,,0,0,nominal_usd,debt_restructuring
AGO::cofi,AGO,Angola,2004,cofi,COFI,,0,0,nominal_usd,investment
AGO::cgef,AGO,Angola,2004,cgef,CGEF,40060000.0,1,1,nominal_usd,loan_commitment
AGO::chapo,AGO,Angola,2004,chapo,CHAPO,,0,0,constant_2021_usd,commitment
AGO::aiddata,AGO,Angola,2005,aiddata,AidData,2641060214.424209,36,35,constant_2023_usd,commitment
AGO::codf,AGO,Angola,2005,codf,CODF,,0,0,nominal_usd,loan_commitment
AGO::cla,AGO,Angola,2005,cla,CLA,1042700000.0,32,32,nominal_usd,loan_commitment
AGO::cancel,AGO,Angola,2005,cancel,Debt cancellation,,0,0,nominal_usd,debt_cancellation
AGO::restruct,AGO,Angola,2005,restruct,Debt restructuring,,0,0,nominal_usd,debt_restructuring
AGO::cofi,AGO,Angola,2005,cofi,COFI,,0,0,nominal_usd,investment
AGO::cgef,AGO,Angola,2005,cgef,CGEF,99640000.0,4,4,nominal_usd,loan_commitment
AGO::chapo,AGO,Angola,2005,chapo,CHAPO,486790739.224074,11,11,constant_2021_usd,commitment
AGO::aiddata,AGO,Angola,2006,aiddata,AidData,6892695968.926008,19,17,constant_2023_usd,commitment
AGO::codf,AGO,Angola,2006,codf,CODF,,0,0,nominal_usd,loan_commitment
AGO::cla,AGO,Angola,2006,cla,CLA,705000000.0,11,11,nominal_usd,loan_commitment
AGO::cancel,AGO,Angola,2006,cancel,Debt cancellation,,0,0,nominal_usd,debt_cancellation
AGO::restruct,AGO,Angola,2006,restruct,Debt restructuring,,0,0,nominal_usd,debt_restructuring
AGO::cofi,AGO,Angola,2006,cofi,COFI,,0,0,nominal_usd,investment
AGO::cgef,AGO,Angola,2006,cgef,CGEF,,0,0,nominal_usd,loan_commitment
AGO::chapo,AGO,Angola,2006,chapo,CHAPO,,2,0,constant_2021_usd,commitment
AGO::aiddata,AGO,Angola,2007,aiddata,AidData,3609110810.352432,37,35,constant_2023_usd,commitment
AGO::codf,AGO,Angola,2007,codf,CODF,,0,0,nominal_usd,loan_commitment
AGO::cla,AGO,Angola,2007,cla,CLA,2708730000.0,31,31,nominal_usd,loan_commitment
AGO::cancel,AGO,Angola,2007,cancel,Debt cancellation,7000000.0,1,1,nominal_usd,debt_cancellation
AGO::restruct,AGO,Angola,2007,restruct,Debt restructuring,,0,0,nominal_usd,debt_restructuring
AGO::cofi,AGO,Angola,2007,cofi,COFI,,0,0,nominal_usd,investment
AGO::cgef,AGO,Angola,2007,cgef,CGEF,186870000.0,4,4,nominal_usd,loan_commitment
AGO::chapo,AGO,Angola,2007,chapo,CHAPO,258618863.730637,4,4,constant_2021_usd,commitment
AGO::aiddata,AGO,Angola,2008,aiddata,AidData,2225835919.27118,7,6,constant_2023_usd,commitment
AGO::codf,AGO,Angola,2008,codf,CODF,880930000.0,6,6,nominal_usd,loan_commitment
AGO::cla,AGO,Angola,2008,cla,CLA,880930000.0,6,6,nominal_usd,loan_commitment
AGO::cancel,AGO,Angola,2008,cancel,Debt cancellation,,0,0,nominal_usd,debt_cancellation
AGO::restruct,AGO,Angola,2008,restruct,Debt restructuring,,0,0,nominal_usd,debt_restructuring
AGO::cofi,AGO,Angola,2008,cofi,COFI,,0,0,nominal_usd,investment
AGO::cgef,AGO,Angola,2008,cgef,CGEF,227740000.0,4,4,nominal_usd,loan_commitment
AGO::chapo,AGO,Angola,2008,chapo,CHAPO,,0,0,constant_2021_usd,commitment
AGO::aiddata,AGO,Angola,2009,aiddata,AidData,3944860546.046056,16,7,constant_2023_usd,commitment
AGO::codf,AGO,Angola,2009,codf,CODF,724100000.0,6,6,nominal_usd,loan_commitment
AGO::cla,AGO,Angola,2009,cla,CLA,756890000.0,8,8,nominal_usd,loan_commitment
AGO::cancel,AGO,Angola,2009,cancel,Debt cancellation,3000000.0,1,1,nominal_usd,debt_cancellation
AGO::restruct,AGO,Angola,2009,restruct,Debt restructuring,,0,0,nominal_usd,debt_restructuring
AGO::cofi,AGO,Angola,2009,cofi,COFI,,0,0,nominal_usd,investment
AGO::cgef,AGO,Angola,2009,cgef,CGEF,27320000.0,1,1,nominal_usd,loan_commitment
AGO::chapo,AGO,Angola,2009,chapo,CHAPO,,2,0,constant_2021_usd,commitment
AGO::aiddata,AGO,Angola,2010,aiddata,AidData,4029261111.065971,11,6,constant_2023_usd,commitment
AGO::codf,AGO,Angola,2010,codf,CODF,277190000.0,6,6,nominal_usd,loan_commitment
AGO::cla,AGO,Angola,2010,cla,CLA,2781440000.0,8,8,nominal_usd,loan_commitment
AGO::cancel,AGO,Angola,2010,cancel,Debt cancellation,,0,0,nominal_usd,debt_cancellation
AGO::restruct,AGO,Angola,2010,restruct,Debt restructuring,,0,0,nominal_usd,debt_restructuring
AGO::cofi,AGO,Angola,2010,cofi,COFI,,0,0,nominal_usd,investment
AGO::cgef,AGO,Angola,2010,cgef,CGEF,3720000.0,1,1,nominal_usd,loan_commitment
AGO::chapo,AGO,Angola,2010,chapo,CHAPO,,1,0,constant_2021_usd,commitment
AGO::aiddata,AGO,Angola,2011,aiddata,AidData,2422227895.224835,10,5,constant_2023_usd,commitment
AGO::codf,AGO,Angola,2011,codf,CODF,2586040000.0,12,12,nominal_usd,loan_commitment
AGO::cla,AGO,Angola,2011,cla,CLA,2620510000.0,14,14,nominal_usd,loan_commitment
AGO::cancel,AGO,Angola,2011,cancel,Debt cancellation,,0,0,nominal_usd,debt_cancellation
AGO::restruct,AGO,Angola,2011,restruct,Debt restructuring,,0,0,nominal_usd,debt_restructuring
AGO::cofi,AGO,Angola,2011,cofi,COFI,,0,0,nominal_usd,investment
AGO::cgef,AGO,Angola,2011,cgef,CGEF,2000000000.0,1,1,nominal_usd,loan_commitment
AGO::chapo,AGO,Angola,2011,chapo,CHAPO,380499.351977,3,1,constant_2021_usd,commitment
AGO::aiddata,AGO,Angola,2012,aiddata,AidData,2300784103.773115,15,7,constant_2023_usd,commitment
AGO::codf,AGO,Angola,2012,codf,CODF,1348670000.0,5,5,nominal_usd,loan_commitment
AGO::cla,AGO,Angola,2012,cla,CLA,1510440000.0,9,9,nominal_usd,loan_commitment
AGO::cancel,AGO,Angola,2012,cancel,Debt cancellation,,0,0,nominal_usd,debt_cancellation
AGO::restruct,AGO,Angola,2012,restruct,Debt restructuring,,0,0,nominal_usd,debt_restructuring
AGO::cofi,AGO,Angola,2012,cofi,COFI,,0,0,nominal_usd,investment
AGO::cgef,AGO,Angola,2012,cgef,CGEF,1000000000.0,1,1,nominal_usd,loan_commitment
AGO::chapo,AGO,Angola,2012,chapo,CHAPO,18611390.211078,3,1,constant_2021_usd,commitment
AGO::aiddata,AGO,Angola,2013,aiddata,AidData,5084169474.422582,30,19,constant_2023_usd,commitment
AGO::codf,AGO,Angola,2013,codf,CODF,3815600000.0,7,7,nominal_usd,loan_commitment
AGO::cla,AGO,Angola,2013,cla,CLA,4325900000.0,17,17,nominal_usd,loan_commitment
AGO::cancel,AGO,Angola,2013,cancel,Debt cancellation,,0,0,nominal_usd,debt_cancellation
AGO::restruct,AGO,Angola,2013,restruct,Debt restructuring,,0,0,nominal_usd,debt_restructuring
AGO::cofi,AGO,Angola,2013,cofi,COFI,180000000.0,1,1,nominal_usd,investment
AGO::cgef,AGO,Angola,2013,cgef,CGEF,3553000000.0,3,3,nominal_usd,loan_commitment
AGO::chapo,AGO,Angola,2013,chapo,CHAPO,36691951.284432,4,1,constant_2021_usd,commitment
AGO::aiddata,AGO,Angola,2014,aiddata,AidData,4614154374.61783,16,6,constant_2023_usd,commitment
AGO::codf,AGO,Angola,2014,codf,CODF,4791520000.0,8,8,nominal_usd,loan_commitment
AGO::cla,AGO,Angola,2014,cla,CLA,4898940000.0,12,12,nominal_usd,loan_commitment
AGO::cancel,AGO,Angola,2014,cancel,Debt cancellation,,0,0,nominal_usd,debt_cancellation
AGO::restruct,AGO,Angola,2014,restruct,Debt restructuring,,0,0,nominal_usd,debt_restructuring
AGO::cofi,AGO,Angola,2014,cofi,COFI,112000000.0,1,1,nominal_usd,investment
AGO::cgef,AGO,Angola,2014,cgef,CGEF,2080750000.0,2,2,nominal_usd,loan_commitment
AGO::chapo,AGO,Angola,2014,chapo,CHAPO,,2,0,constant_2021_usd,commitment
AGO::aiddata,AGO,Angola,2015,aiddata,AidData,17102138093.925726,6,4,constant_2023_usd,commitment
AGO::codf,AGO,Angola,2015,codf,CODF,1013350000.0,6,6,nominal_usd,loan_commitment
AGO::cla,AGO,Angola,2015,cla,CLA,2210300000.0,11,11,nominal_usd,loan_commitment
AGO::cancel,AGO,Angola,2015,cancel,Debt cancellation,,0,0,nominal_usd,debt_cancellation
AGO::restruct,AGO,Angola,2015,restruct,Debt restructuring,,0,0,nominal_usd,debt_restructuring
AGO::cofi,AGO,Angola,2015,cofi,COFI,838000000.0,1,1,nominal_usd,investment
AGO::cgef,AGO,Angola,2015,cgef,CGEF,,0,0,nominal_usd,loan_commitment
AGO::chapo,AGO,Angola,2015,chapo,CHAPO,,1,0,constant_2021_usd,commitment
AGO::aiddata,AGO,Angola,2016,aiddata,AidData,8727408619.711662,87,26,constant_2023_usd,commitment
AGO::codf,AGO,Angola,2016,codf,CODF,15089740000.0,56,56,nominal_usd,loan_commitment
AGO::cla,AGO,Angola,2016,cla,CLA,19538160000.0,83,83,nominal_usd,loan_commitment
AGO::cancel,AGO,Angola,2016,cancel,Debt cancellation,,0,0,nominal_usd,debt_cancellation
AGO::restruct,AGO,Angola,2016,restruct,Debt restructuring,7500000000.0,1,1,nominal_usd,debt_restructuring
AGO::cofi,AGO,Angola,2016,cofi,COFI,4100000000.0,1,1,nominal_usd,investment
AGO::cgef,AGO,Angola,2016,cgef,CGEF,14936600000.0,8,8,nominal_usd,loan_commitment
AGO::chapo,AGO,Angola,2016,chapo,CHAPO,,1,0,constant_2021_usd,commitment
AGO::aiddata,AGO,Angola,2017,aiddata,AidData,2769527242.939298,20,9,constant_2023_usd,commitment
AGO::codf,AGO,Angola,2017,codf,CODF,627960000.0,6,6,nominal_usd,loan_commitment
AGO::cla,AGO,Angola,2017,cla,CLA,811260000.0,9,9,nominal_usd,loan_commitment
AGO::cancel,AGO,Angola,2017,cancel,Debt cancellation,7270000.0,1,1,nominal_usd,debt_cancellation
AGO::restruct,AGO,Angola,2017,restruct,Debt restructuring,,0,0,nominal_usd,debt_restructuring
AGO::cofi,AGO,Angola,2017,cofi,COFI,,0,0,nominal_usd,investment
AGO::cgef,AGO,Angola,2017,cgef,CGEF,,0,0,nominal_usd,loan_commitment
AGO::chapo,AGO,Angola,2017,chapo,CHAPO,34570.144711,5,1,constant_2021_usd,commitment
AGO::aiddata,AGO,Angola,2018,aiddata,AidData,5483676205.313008,21,14,constant_2023_usd,commitment
AGO::codf,AGO,Angola,2018,codf,CODF,174480000.0,1,1,nominal_usd,loan_commitment
AGO::cla,AGO,Angola,2018,cla,CLA,1861380000.0,3,3,nominal_usd,loan_commitment
AGO::cancel,AGO,Angola,2018,cancel,Debt cancellation,,0,0,nominal_usd,debt_cancellation
AGO::restruct,AGO,Angola,2018,restruct,Debt restructuring,,0,0,nominal_usd,debt_restructuring
AGO::cofi,AGO,Angola,2018,cofi,COFI,,0,0,nominal_usd,investment
AGO::cgef,AGO,Angola,2018,cgef,CGEF,,0,0,nominal_usd,loan_commitment
AGO::chapo,AGO,Angola,2018,chapo,CHAPO,834812.911062,2,2,constant_2021_usd,commitment
AGO::aiddata,AGO,Angola,2019,aiddata,AidData,139534347.842534,12,2,constant_2023_usd,commitment
AGO::codf,AGO,Angola,2019,codf,CODF,65000000.0,1,1,nominal_usd,loan_commitment
AGO::cla,AGO,Angola,2019,cla,CLA,171430000.0,2,2,nominal_usd,loan_commitment
AGO::cancel,AGO,Angola,2019,cancel,Debt cancellation,,0,0,nominal_usd,debt_cancellation
AGO::restruct,AGO,Angola,2019,restruct,Debt restructuring,,0,0,nominal_usd,debt_restructuring
AGO::cofi,AGO,Angola,2019,cofi,COFI,,0,0,nominal_usd,investment
AGO::cgef,AGO,Angola,2019,cgef,CGEF,,0,0,nominal_usd,loan_commitment
AGO::chapo,AGO,Angola,2019,chapo,CHAPO,,1,0,constant_2021_usd,commitment
AGO::aiddata,AGO,Angola,2020,aiddata,AidData,61478702.125764,12,7,constant_2023_usd,commitment
AGO::codf,AGO,Angola,2020,codf,CODF,,0,0,nominal_usd,loan_commitment
AGO::cla,AGO,Angola,2020,cla,CLA,,0,0,nominal_usd,loan_commitment
AGO::cancel,AGO,Angola,2020,cancel,Debt cancellation,,0,0,nominal_usd,debt_cancellation
AGO::restruct,AGO,Angola,2020,restruct,Debt restructuring,,0,0,nominal_usd,debt_restructuring
AGO::cofi,AGO,Angola,2020,cofi,COFI,,0,0,nominal_usd,investment
AGO::cgef,AGO,Angola,2020,cgef,CGEF,,0,0,nominal_usd,loan_commitment
AGO::chapo,AGO,Angola,2020,chapo,CHAPO,1229545.613184,5,3,constant_2021_usd,commitment
AGO::aiddata,AGO,Angola,2021,aiddata,AidData,76814398.376929,5,2,constant_2023_usd,commitment
AGO::codf,AGO,Angola,2021,codf,CODF,79700000.0,1,1,nominal_usd,loan_commitment
AGO::cla,AGO,Angola,2021,cla,CLA,110030000.0,2,2,nominal_usd,loan_commitment
AGO::cancel,AGO,Angola,2021,cancel,Debt cancellation,,0,0,nominal_usd,debt_cancellation
AGO::restruct,AGO,Angola,2021,restruct,Debt restructuring,,0,0,nominal_usd,debt_restructuring
AGO::cofi,AGO,Angola,2021,cofi,COFI,,0,0,nominal_usd,investment
AGO::cgef,AGO,Angola,2021,cgef,CGEF,,0,0,nominal_usd,loan_commitment
AGO::chapo,AGO,Angola,2021,chapo,CHAPO,3600000.0,1,1,constant_2021_usd,commitment
AGO::aiddata,AGO,Angola,2022,aiddata,AidData,,2,0,constant_2023_usd,commitment
AGO::codf,AGO,Angola,2022,codf,CODF,,0,0,nominal_usd,loan_commitment
AGO::cla,AGO,Angola,2022,cla,CLA,18570000.0,1,1,nominal_usd,loan_commitment
AGO::cancel,AGO,Angola,2022,cancel,Debt cancellation,,0,0,nominal_usd,debt_cancellation
AGO::restruct,AGO,Angola,2022,restruct,Debt restructuring,,0,0,nominal_usd,debt_restructuring
AGO::cofi,AGO,Angola,2022,cofi,COFI,,0,0,nominal_usd,investment
AGO::cgef,AGO,Angola,2022,cgef,CGEF,,0,0,nominal_usd,loan_commitment
AGO::chapo,AGO,Angola,2022,chapo,CHAPO,,0,0,constant_2021_usd,commitment
AGO::aiddata,AGO,Angola,2023,aiddata,AidData,291911706.220017,7,2,constant_2023_usd,commitment
AGO::codf,AGO,Angola,2023,codf,CODF,249000000.0,1,1,nominal_usd,loan_commitment
AGO::cla,AGO,Angola,2023,cla,CLA,249000000.0,1,1,nominal_usd,loan_commitment
AGO::cancel,AGO,Angola,2023,cancel,Debt cancellation,,0,0,nominal_usd,debt_cancellation
AGO::restruct,AGO,Angola,2023,restruct,Debt restructuring,,0,0,nominal_usd,debt_restructuring
AGO::cofi,AGO,Angola,2023,cofi,COFI,,0,0,nominal_usd,investment
AGO::cgef,AGO,Angola,2023,cgef,CGEF,,0,0,nominal_usd,loan_commitment
AGO::chapo,AGO,Angola,2023,chapo,CHAPO,,0,0,constant_2021_usd,commitment
AGO::aiddata,AGO,Angola,2024,aiddata,AidData,,0,0,constant_2023_usd,commitment
AGO::codf,AGO,Angola,2024,codf,CODF,1450600000.0,2,2,nominal_usd,loan_commitment
AGO::cla,AGO,Angola,2024,cla,CLA,1450600000.0,2,2,nominal_usd,loan_commitment
AGO::cancel,AGO,Angola,2024,cancel,Debt cancellation,,0,0,nominal_usd,debt_cancellation
AGO::restruct,AGO,Angola,2024,restruct,Debt restructuring,,0,0,nominal_usd,debt_restructuring
AGO::cofi,AGO,Angola,2024,cofi,COFI,,0,0,nominal_usd,investment
AGO::cgef,AGO,Angola,2024,cgef,CGEF,,0,0,nominal_usd,loan_commitment
AGO::chapo,AGO,Angola,2024,chapo,CHAPO,,0,0,constant_2021_usd,commitment
BDI::aiddata,BDI,Burundi,2000,aiddata,AidData,,2,0,constant_2023_usd,commitment
BDI::codf,BDI,Burundi,2000,codf,CODF,,0,0,nominal_usd,loan_commitment
BDI::cla,BDI,Burundi,2000,cla,CLA,,0,0,nominal_usd,loan_commitment
BDI::cancel,BDI,Burundi,2000,cancel,Debt cancellation,,0,0,nominal_usd,debt_cancellation
BDI::restruct,BDI,Burundi,2000,restruct,Debt restructuring,,0,0,nominal_usd,debt_restructuring
BDI::cofi,BDI,Burundi,2000,cofi,COFI,,0,0,nominal_usd,investment
BDI::cgef,BDI,Burundi,2000,cgef,CGEF,,0,0,nominal_usd,loan_commitment
BDI::chapo,BDI,Burundi,2000,chapo,CHAPO,,1,0,constant_2021_usd,commitment
BDI::aiddata,BDI,Burundi,2001,aiddata,AidData,109089606.388889,4,2,constant_2023_usd,commitment
BDI::codf,BDI,Burundi,2001,codf,CODF,,0,0,nominal_usd,loan_commitment
BDI::cla,BDI,Burundi,2001,cla,CLA,,0,0,nominal_usd,loan_commitment
BDI::cancel,BDI,Burundi,2001,cancel,Debt cancellation,47500000.0,1,1,nominal_usd,debt_cancellation
BDI::restruct,BDI,Burundi,2001,restruct,Debt restructuring,,0,0,nominal_usd,debt_restructuring
BDI::cofi,BDI,Burundi,2001,cofi,COFI,,0,0,nominal_usd,investment
BDI::cgef,BDI,Burundi,2001,cgef,CGEF,,0,0,nominal_usd,loan_commitment
BDI::chapo,BDI,Burundi,2001,chapo,CHAPO,,1,0,constant_2021_usd,commitment
BDI::aiddata,BDI,Burundi,2002,aiddata,AidData,,1,0,constant_2023_usd,commitment
BDI::codf,BDI,Burundi,2002,codf,CODF,,0,0,nominal_usd,loan_commitment
BDI::cla,BDI,Burundi,2002,cla,CLA,,0,0,nominal_usd,loan_commitment
BDI::cancel,BDI,Burundi,2002,cancel,Debt cancellation,,0,0,nominal_usd,debt_cancellation
BDI::restruct,BDI,Burundi,2002,restruct,Debt restructuring,,0,0,nominal_usd,debt_restructuring
BDI::cofi,BDI,Burundi,2002,cofi,COFI,,0,0,nominal_usd,investment
BDI::cgef,BDI,Burundi,2002,cgef,CGEF,,0,0,nominal_usd,loan_commitment
BDI::chapo,BDI,Burundi,2002,chapo,CHAPO,,0,0,constant_2021_usd,commitment
BDI::aiddata,BDI,Burundi,2003,aiddata,AidData,,0,0,constant_2023_usd,commitment
BDI::codf,BDI,Burundi,2003,codf,CODF,,0,0,nominal_usd,loan_commitment
BDI::cla,BDI,Burundi,2003,cla,CLA,,0,0,nominal_usd,loan_commitment
BDI::cancel,BDI,Burundi,2003,cancel,Debt cancellation,,0,0,nominal_usd,debt_cancellation
BDI::restruct,BDI,Burundi,2003,restruct,Debt restructuring,,0,0,nominal_usd,debt_restructuring
BDI::cofi,BDI,Burundi,2003,cofi,COFI,,0,0,nominal_usd,investment
BDI::cgef,BDI,Burundi,2003,cgef,CGEF,,0,0,nominal_usd,loan_commitment
BDI::chapo,BDI,Burundi,2003,chapo,CHAPO,,1,0,constant_2021_usd,commitment
BDI::aiddata,BDI,Burundi,2004,aiddata,AidData,19509729.297518,5,4,constant_2023_usd,commitment
BDI::codf,BDI,Burundi,2004,codf,CODF,,0,0,nominal_usd,loan_commitment
BDI::cla,BDI,Burundi,2004,cla,CLA,,0,0,nominal_usd,loan_commitment
BDI::cancel,BDI,Burundi,2004,cancel,Debt cancellation,,0,0,nominal_usd,debt_cancellation
BDI::restruct,BDI,Burundi,2004,restruct,Debt restructuring,,0,0,nominal_usd,debt_restructuring
BDI::cofi,BDI,Burundi,2004,cofi,COFI,,0,0,nominal_usd,investment
BDI::cgef,BDI,Burundi,2004,cgef,CGEF,,0,0,nominal_usd,loan_commitment
BDI::chapo,BDI,Burundi,2004,chapo,CHAPO,1138826.060943,2,1,constant_2021_usd,commitment
BDI::aiddata,BDI,Burundi,2005,aiddata,AidData,21045470.449845,7,2,constant_2023_usd,commitment
BDI::codf,BDI,Burundi,2005,codf,CODF,,0,0,nominal_usd,loan_commitment
BDI::cla,BDI,Burundi,2005,cla,CLA,,0,0,nominal_usd,loan_commitment
BDI::cancel,BDI,Burundi,2005,cancel,Debt cancellation,,0,0,nominal_usd,debt_cancellation
BDI::restruct,BDI,Burundi,2005,restruct,Debt restructuring,,0,0,nominal_usd,debt_restructuring
BDI::cofi,BDI,Burundi,2005,cofi,COFI,,0,0,nominal_usd,investment
BDI::cgef,BDI,Burundi,2005,cgef,CGEF,,0,0,nominal_usd,loan_commitment
BDI::chapo,BDI,Burundi,2005,chapo,CHAPO,1085116.674807,3,1,constant_2021_usd,commitment
BDI::aiddata,BDI,Burundi,2006,aiddata,AidData,938258.046444,2,1,constant_2023_usd,commitment
BDI::codf,BDI,Burundi,2006,codf,CODF,,0,0,nominal_usd,loan_commitment
BDI::cla,BDI,Burundi,2006,cla,CLA,,0,0,nominal_usd,loan_commitment
BDI::cancel,BDI,Burundi,2006,cancel,Debt cancellation,,0,0,nominal_usd,debt_cancellation
BDI::restruct,BDI,Burundi,2006,restruct,Debt restructuring,,0,0,nominal_usd,debt_restructuring
BDI::cofi,BDI,Burundi,2006,cofi,COFI,,0,0,nominal_usd,investment
BDI::cgef,BDI,Burundi,2006,cgef,CGEF,,0,0,nominal_usd,loan_commitment
BDI::chapo,BDI,Burundi,2006,chapo,CHAPO,,1,0,constant_2021_usd,commitment
BDI::aiddata,BDI,Burundi,2007,aiddata,AidData,57287363.281362,10,8,constant_2023_usd,commitment
BDI::codf,BDI,Burundi,2007,codf,CODF,,0,0,nominal_usd,loan_commitment
BDI::cla,BDI,Burundi,2007,cla,CLA,,0,0,nominal_usd,loan_commitment
BDI::cancel,BDI,Burundi,2007,cancel,Debt cancellation,15000000.0,1,1,nominal_usd,debt_cancellation
BDI::restruct,BDI,Burundi,2007,restruct,Debt restructuring,,0,0,nominal_usd,debt_restructuring
BDI::cofi,BDI,Burundi,2007,cofi,COFI,,0,0,nominal_usd,investment
BDI::cgef,BDI,Burundi,2007,cgef,CGEF,,0,0,nominal_usd,loan_commitment
BDI::chapo,BDI,Burundi,2007,chapo,CHAPO,1264439.936237,3,3,constant_2021_usd,commitment
BDI::aiddata,BDI,Burundi,2008,aiddata,AidData,21040814.632227,9,5,constant_2023_usd,commitment
BDI::codf,BDI,Burundi,2008,codf,CODF,,0,0,nominal_usd,loan_commitment
BDI::cla,BDI,Burundi,2008,cla,CLA,2880000.0,1,1,nominal_usd,loan_commitment
BDI::cancel,BDI,Burundi,2008,cancel,Debt cancellation,,0,0,nominal_usd,debt_cancellation
BDI::restruct,BDI,Burundi,2008,restruct,Debt restructuring,,0,0,nominal_usd,debt_restructuring
BDI::cofi,BDI,Burundi,2008,cofi,COFI,,0,0,nominal_usd,investment
BDI::cgef,BDI,Burundi,2008,cgef,CGEF,,0,0,nominal_usd,loan_commitment
BDI::chapo,BDI,Burundi,2008,chapo,CHAPO,13819769.406035,4,1,constant_2021_usd,commitment
BDI::aiddata,BDI,Burundi,2009,aiddata,AidData,683616.416313,8,2,constant_2023_usd,commitment
BDI::codf,BDI,Burundi,2009,codf,CODF,,0,0,nominal_usd,loan_commitment
BDI::cla,BDI,Burundi,2009,cla,CLA,7320000.0,1,1,nominal_usd,loan_commitment
BDI::cancel,BDI,Burundi,2009,cancel,Debt cancellation,,0,0,nominal_usd,debt_cancellation
BDI::restruct,BDI,Burundi,2009,restruct,Debt restructuring,,0,0,nominal_usd,debt_restructuring
BDI::cofi,BDI,Burundi,2009,cofi,COFI,,0,0,nominal_usd,investment
BDI::cgef,BDI,Burundi,2009,cgef,CGEF,,0,0,nominal_usd,loan_commitment
BDI::chapo,BDI,Burundi,2009,chapo,CHAPO,,2,0,constant_2021_usd,commitment
BDI::aiddata,BDI,Burundi,2010,aiddata,AidData,9400660.567683,4,2,constant_2023_usd,commitment
BDI::codf,BDI,Burundi,2010,codf,CODF,,0,0,nominal_usd,loan_commitment
BDI::cla,BDI,Burundi,2010,cla,CLA,,0,0,nominal_usd,loan_commitment
BDI::cancel,BDI,Burundi,2010,cancel,Debt cancellation,,0,0,nominal_usd,debt_cancellation
BDI::restruct,BDI,Burundi,2010,restruct,Debt restructuring,,0,0,nominal_usd,debt_restructuring
BDI::cofi,BDI,Burundi,2010,cofi,COFI,,0,0,nominal_usd,investment
BDI::cgef,BDI,Burundi,2010,cgef,CGEF,,0,0,nominal_usd,loan_commitment
BDI::chapo,BDI,Burundi,2010,chapo,CHAPO,1949817.710115,1,1,constant_2021_usd,commitment
BDI::aiddata,BDI,Burundi,2011,aiddata,AidData,36647212.460496,7,3,constant_2023_usd,commitment
BDI::codf,BDI,Burundi,2011,codf,CODF,,0,0,nominal_usd,loan_commitment
BDI::cla,BDI,Burundi,2011,cla,CLA,30960000.0,2,2,nominal_usd,loan_commitment
BDI::cancel,BDI,Burundi,2011,cancel,Debt cancellation,,0,0,nominal_usd,debt_cancellation
BDI::restruct,BDI,Burundi,2011,restruct,Debt restructuring,,0,0,nominal_usd,debt_restructuring
BDI::cofi,BDI,Burundi,2011,cofi,COFI,,0,0,nominal_usd,investment
BDI::cgef,BDI,Burundi,2011,cgef,CGEF,,0,0,nominal_usd,loan_commitment
BDI::chapo,BDI,Burundi,2011,chapo,CHAPO,,0,0,constant_2021_usd,commitment
BDI::aiddata,BDI,Burundi,2012,aiddata,AidData,11641414.80651,4,3,constant_2023_usd,commitment
BDI::codf,BDI,Burundi,2012,codf,CODF,,0,0,nominal_usd,loan_commitment
BDI::cla,BDI,Burundi,2012,cla,CLA,7930000.0,1,1,nominal_usd,loan_commitment
BDI::cancel,BDI,Burundi,2012,cancel,Debt cancellation,,0,0,nominal_usd,debt_cancellation
BDI::restruct,BDI,Burundi,2012,restruct,Debt restructuring,,0,0,nominal_usd,debt_restructuring
BDI::cofi,BDI,Burundi,2012,cofi,COFI,,0,0,nominal_usd,investment
BDI::cgef,BDI,Burundi,2012,cgef,CGEF,,0,0,nominal_usd,loan_commitment
BDI::chapo,BDI,Burundi,2012,chapo,CHAPO,234824.711585,2,1,constant_2021_usd,commitment
BDI::aiddata,BDI,Burundi,2013,aiddata,AidData,16161535.241102,2,2,constant_2023_usd,commitment
BDI::codf,BDI,Burundi,2013,codf,CODF,31530000.0,1,1,nominal_usd,loan_commitment
BDI::cla,BDI,Burundi,2013,cla,CLA,,0,0,nominal_usd,loan_commitment
BDI::cancel,BDI,Burundi,2013,cancel,Debt cancellation,,0,0,nominal_usd,debt_cancellation
BDI::restruct,BDI,Burundi,2013,restruct,Debt restructuring,,0,0,nominal_usd,debt_restructuring
BDI::cofi,BDI,Burundi,2013,cofi,COFI,,0,0,nominal_usd,investment
BDI::cgef,BDI,Burundi,2013,cgef,CGEF,,0,0,nominal_usd,loan_commitment
BDI::chapo,BDI,Burundi,2013,chapo,CHAPO,,0,0,constant_2021_usd,commitment
BDI::aiddata,BDI,Burundi,2014,aiddata,AidData,934781.152942,7,2,constant_2023_usd,commitment
BDI::codf,BDI,Burundi,2014,codf,CODF,,0,0,nominal_usd,loan_commitment
BDI::cla,BDI,Burundi,2014,cla,CLA,15910000.0,1,1,nominal_usd,loan_commitment
BDI::cancel,BDI,Burundi,2014,cancel,Debt cancellation,,0,0,nominal_usd,debt_cancellation
BDI::restruct,BDI,Burundi,2014,restruct,Debt restructuring,,0,0,nominal_usd,debt_restructuring
BDI::cofi,BDI,Burundi,2014,cofi,COFI,,0,0,nominal_usd,investment
BDI::cgef,BDI,Burundi,2014,cgef,CGEF,,0,0,nominal_usd,loan_commitment
BDI::chapo,BDI,Burundi,2014,chapo,CHAPO,,1,0,constant_2021_usd,commitment
BDI::aiddata,BDI,Burundi,2015,aiddata,AidData,992042.403272,3,1,constant_2023_usd,commitment
BDI::codf,BDI,Burundi,2015,codf,CODF,,0,0,nominal_usd,loan_commitment
BDI::cla,BDI,Burundi,2015,cla,CLA,,0,0,nominal_usd,loan_commitment
BDI::cancel,BDI,Burundi,2015,cancel,Debt cancellation,,0,0,nominal_usd,debt_cancellation
BDI::restruct,BDI,Burundi,2015,restruct,Debt restructuring,,0,0,nominal_usd,debt_restructuring
BDI::cofi,BDI,Burundi,2015,cofi,COFI,,0,0,nominal_usd,investment
BDI::cgef,BDI,Burundi,2015,cgef,CGEF,,0,0,nominal_usd,loan_commitment
BDI::chapo,BDI,Burundi,2015,chapo,CHAPO,,0,0,constant_2021_usd,commitment
BDI::aiddata,BDI,Burundi,2016,aiddata,AidData,95464727.80264,6,2,constant_2023_usd,commitment
BDI::codf,BDI,Burundi,2016,codf,CODF,,0,0,nominal_usd,loan_commitment
BDI::cla,BDI,Burundi,2016,cla,CLA,,0,0,nominal_usd,loan_commitment
BDI::cancel,BDI,Burundi,2016,cancel,Debt cancellation,,0,0,nominal_usd,debt_cancellation
BDI::restruct,BDI,Burundi,2016,restruct,Debt restructuring,,0,0,nominal_usd,debt_restructuring
BDI::cofi,BDI,Burundi,2016,cofi,COFI,,0,0,nominal_usd,investment
BDI::cgef,BDI,Burundi,2016,cgef,CGEF,,0,0,nominal_usd,loan_commitment
BDI::chapo,BDI,Burundi,2016,chapo,CHAPO,,2,0,constant_2021_usd,commitment
BDI::aiddata,BDI,Burundi,2017,aiddata,AidData,35799025.386058,5,3,constant_2023_usd,commitment
BDI::codf,BDI,Burundi,2017,codf,CODF,32500000.0,1,1,nominal_usd,loan_commitment
BDI::cla,BDI,Burundi,2017,cla,CLA,62500000.0,2,2,nominal_usd,loan_commitment
BDI::cancel,BDI,Burundi,2017,cancel,Debt cancellation,,0,0,nominal_usd,debt_cancellation
BDI::restruct,BDI,Burundi,2017,restruct,Debt restructuring,,0,0,nominal_usd,debt_restructuring
BDI::cofi,BDI,Burundi,2017,cofi,COFI,,0,0,nominal_usd,investment
BDI::cgef,BDI,Burundi,2017,cgef,CGEF,,0,0,nominal_usd,loan_commitment
BDI::chapo,BDI,Burundi,2017,chapo,CHAPO,,0,0,constant_2021_usd,commitment
BDI::aiddata,BDI,Burundi,2018,aiddata,AidData,503148.147069,7,1,constant_2023_usd,commitment
BDI::codf,BDI,Burundi,2018,codf,CODF,,0,0,nominal_usd,loan_commitment
BDI::cla,BDI,Burundi,2018,cla,CLA,,0,0,nominal_usd,loan_commitment
BDI::cancel,BDI,Burundi,2018,cancel,Debt cancellation,,0,0,nominal_usd,debt_cancellation
BDI::restruct,BDI,Burundi,2018,restruct,Debt restructuring,,0,0,nominal_usd,debt_restructuring
BDI::cofi,BDI,Burundi,2018,cofi,COFI,,0,0,nominal_usd,investment
BDI::cgef,BDI,Burundi,2018,cgef,CGEF,,0,0,nominal_usd,loan_commitment
BDI::chapo,BDI,Burundi,2018,chapo,CHAPO,544924.873939,2,1,constant_2021_usd,commitment
BDI::aiddata,BDI,Burundi,2019,aiddata,AidData,40700.116857,6,1,constant_2023_usd,commitment
BDI::codf,BDI,Burundi,2019,codf,CODF,,0,0,nominal_usd,loan_commitment
BDI::cla,BDI,Burundi,2019,cla,CLA,,0,0,nominal_usd,loan_commitment
BDI::cancel,BDI,Burundi,2019,cancel,Debt cancellation,,0,0,nominal_usd,debt_cancellation
BDI::restruct,BDI,Burundi,2019,restruct,Debt restructuring,,0,0,nominal_usd,debt_restructuring
BDI::cofi,BDI,Burundi,2019,cofi,COFI,,0,0,nominal_usd,investment
BDI::cgef,BDI,Burundi,2019,cgef,CGEF,,0,0,nominal_usd,loan_commitment
BDI::chapo,BDI,Burundi,2019,chapo,CHAPO,,3,0,constant_2021_usd,commitment
BDI::aiddata,BDI,Burundi,2020,aiddata,AidData,1055388.452265,14,5,constant_2023_usd,commitment
BDI::codf,BDI,Burundi,2020,codf,CODF,,0,0,nominal_usd,loan_commitment
BDI::cla,BDI,Burundi,2020,cla,CLA,,0,0,nominal_usd,loan_commitment
BDI::cancel,BDI,Burundi,2020,cancel,Debt cancellation,,0,0,nominal_usd,debt_cancellation
BDI::restruct,BDI,Burundi,2020,restruct,Debt restructuring,,0,0,nominal_usd,debt_restructuring
BDI::cofi,BDI,Burundi,2020,cofi,COFI,,0,0,nominal_usd,investment
BDI::cgef,BDI,Burundi,2020,cgef,CGEF,,0,0,nominal_usd,loan_commitment
BDI::chapo,BDI,Burundi,2020,chapo,CHAPO,1084082.406781,4,3,constant_2021_usd,commitment
BDI::aiddata,BDI,Burundi,2021,aiddata,AidData,8374393.314507,17,5,constant_2023_usd,commitment
BDI::codf,BDI,Burundi,2021,codf,CODF,,0,0,nominal_usd,loan_commitment
BDI::cla,BDI,Burundi,2021,cla,CLA,,0,0,nominal_usd,loan_commitment
BDI::cancel,BDI,Burundi,2021,cancel,Debt cancellation,,0,0,nominal_usd,debt_cancellation
BDI::restruct,BDI,Burundi,2021,restruct,Debt restructuring,,0,0,nominal_usd,debt_restructuring
BDI::cofi,BDI,Burundi,2021,cofi,COFI,,0,0,nominal_usd,investment
BDI::cgef,BDI,Burundi,2021,cgef,CGEF,,0,0,nominal_usd,loan_commitment
BDI::chapo,BDI,Burundi,2021,chapo,CHAPO,,2,0,constant_2021_usd,commitment
BDI::aiddata,BDI,Burundi,2022,aiddata,AidData,109515144.498966,16,2,constant_2023_usd,commitment
BDI::codf,BDI,Burundi,2022,codf,CODF,,0,0,nominal_usd,loan_commitment
BDI::cla,BDI,Burundi,2022,cla,CLA,,0,0,nominal_usd,loan_commitment
BDI::cancel,BDI,Burundi,2022,cancel,Debt cancellation,,0,0,nominal_usd,debt_cancellation
BDI::restruct,BDI,Burundi,2022,restruct,Debt restructuring,,0,0,nominal_usd,debt_restructuring
BDI::cofi,BDI,Burundi,2022,cofi,COFI,,0,0,nominal_usd,investment
BDI::cgef,BDI,Burundi,2022,cgef,CGEF,,0,0,nominal_usd,loan_commitment
BDI::chapo,BDI,Burundi,2022,chapo,CHAPO,,0,0,constant_2021_usd,commitment
BDI::aiddata,BDI,Burundi,2023,aiddata,AidData,,12,0,constant_2023_usd,commitment
BDI::codf,BDI,Burundi,2023,codf,CODF,,0,0,nominal_usd,loan_commitment
BDI::cla,BDI,Burundi,2023,cla,CLA,,0,0,nominal_usd,loan_commitment
BDI::cancel,BDI,Burundi,2023,cancel,Debt cancellation,,0,0,nominal_usd,debt_cancellation
BDI::restruct,BDI,Burundi,2023,restruct,Debt restructuring,,0,0,nominal_usd,debt_restructuring
BDI::cofi,BDI,Burundi,2023,cofi,COFI,,0,0,nominal_usd,investment
BDI::cgef,BDI,Burundi,2023,cgef,CGEF,,0,0,nominal_usd,loan_commitment
BDI::chapo,BDI,Burundi,2023,chapo,CHAPO,,0,0,constant_2021_usd,commitment
BDI::aiddata,BDI,Burundi,2024,aiddata,AidData,,0,0,constant_2023_usd,commitment
BDI::codf,BDI,Burundi,2024,codf,CODF,,0,0,nominal_usd,loan_commitment
BDI::cla,BDI,Burundi,2024,cla,CLA,,0,0,nominal_usd,loan_commitment
BDI::cancel,BDI,Burundi,2024,cancel,Debt cancellation,,0,0,nominal_usd,debt_cancellation
BDI::restruct,BDI,Burundi,2024,restruct,Debt restructuring,,0,0,nominal_usd,debt_restructuring
BDI::cofi,BDI,Burundi,2024,cofi,COFI,,0,0,nominal_usd,investment
BDI::cgef,BDI,Burundi,2024,cgef,CGEF,,0,0,nominal_usd,loan_commitment
BDI::chapo,BDI,Burundi,2024,chapo,CHAPO,,0,0,constant_2021_usd,commitment
BEN::aiddata,BEN,Benin,2000,aiddata,AidData,42950747.062333,2,2,constant_2023_usd,commitment
BEN::codf,BEN,Benin,2000,codf,CODF,,0,0,nominal_usd,loan_commitment
BEN::cla,BEN,Benin,2000,cla,CLA,8880000.0,1,1,nominal_usd,loan_commitment
BEN::cancel,BEN,Benin,2000,cancel,Debt cancellation,,0,0,nominal_usd,debt_cancellation
BEN::restruct,BEN,Benin,2000,restruct,Debt restructuring,,0,0,nominal_usd,debt_restructuring
BEN::cofi,BEN,Benin,2000,cofi,COFI,,0,0,nominal_usd,investment
BEN::cgef,BEN,Benin,2000,cgef,CGEF,,0,0,nominal_usd,loan_commitment
BEN::chapo,BEN,Benin,2000,chapo,CHAPO,,0,0,constant_2021_usd,commitment
BEN::aiddata,BEN,Benin,2001,aiddata,AidData,,0,0,constant_2023_usd,commitment
BEN::codf,BEN,Benin,2001,codf,CODF,,0,0,nominal_usd,loan_commitment
BEN::cla,BEN,Benin,2001,cla,CLA,15700000.0,1,1,nominal_usd,loan_commitment
BEN::cancel,BEN,Benin,2001,cancel,Debt cancellation,,0,0,nominal_usd,debt_cancellation
BEN::restruct,BEN,Benin,2001,restruct,Debt restructuring,,0,0,nominal_usd,debt_restructuring
BEN::cofi,BEN,Benin,2001,cofi,COFI,,0,0,nominal_usd,investment
BEN::cgef,BEN,Benin,2001,cgef,CGEF,,0,0,nominal_usd,loan_commitment
BEN::chapo,BEN,Benin,2001,chapo,CHAPO,,0,0,constant_2021_usd,commitment
BEN::aiddata,BEN,Benin,2002,aiddata,AidData,63099771.738111,4,3,constant_2023_usd,commitment
BEN::codf,BEN,Benin,2002,codf,CODF,,0,0,nominal_usd,loan_commitment
BEN::cla,BEN,Benin,2002,cla,CLA,,0,0,nominal_usd,loan_commitment
BEN::cancel,BEN,Benin,2002,cancel,Debt cancellation,10000000.0,1,1,nominal_usd,debt_cancellation
BEN::restruct,BEN,Benin,2002,restruct,Debt restructuring,,0,0,nominal_usd,debt_restructuring
BEN::cofi,BEN,Benin,2002,cofi,COFI,,0,0,nominal_usd,investment
BEN::cgef,BEN,Benin,2002,cgef,CGEF,,0,0,nominal_usd,loan_commitment
BEN::chapo,BEN,Benin,2002,chapo,CHAPO,,1,0,constant_2021_usd,commitment
BEN::aiddata,BEN,Benin,2003,aiddata,AidData,,1,0,constant_2023_usd,commitment
BEN::codf,BEN,Benin,2003,codf,CODF,,0,0,nominal_usd,loan_commitment
BEN::cla,BEN,Benin,2003,cla,CLA,,0,0,nominal_usd,loan_commitment
BEN::cancel,BEN,Benin,2003,cancel,Debt cancellation,,0,0,nominal_usd,debt_cancellation
BEN::restruct,BEN,Benin,2003,restruct,Debt restructuring,,0,0,nominal_usd,debt_restructuring
BEN::cofi,BEN,Benin,2003,cofi,COFI,,0,0,nominal_usd,investment
BEN::cgef,BEN,Benin,2003,cgef,CGEF,,0,0,nominal_usd,loan_commitment
BEN::chapo,BEN,Benin,2003,chapo,CHAPO,,1,0,constant_2021_usd,commitment
BEN::aiddata,BEN,Benin,2004,aiddata,AidData,4748971.880898,5,2,constant_2023_usd,commitment
BEN::codf,BEN,Benin,2004,codf,CODF,,0,0,nominal_usd,loan_commitment
BEN::cla,BEN,Benin,2004,cla,CLA,,0,0,nominal_usd,loan_commitment
BEN::cancel,BEN,Benin,2004,cancel,Debt cancellation,,0,0,nominal_usd,debt_cancellation
BEN::restruct,BEN,Benin,2004,restruct,Debt restructuring,17000000.0,1,1,nominal_usd,debt_restructuring
BEN::cofi,BEN,Benin,2004,cofi,COFI,,0,0,nominal_usd,investment
BEN::cgef,BEN,Benin,2004,cgef,CGEF,,0,0,nominal_usd,loan_commitment
BEN::chapo,BEN,Benin,2004,chapo,CHAPO,1725091.074961,2,1,constant_2021_usd,commitment
BEN::aiddata,BEN,Benin,2005,aiddata,AidData,161792149.580329,7,4,constant_2023_usd,commitment
BEN::codf,BEN,Benin,2005,codf,CODF,,0,0,nominal_usd,loan_commitment
BEN::cla,BEN,Benin,2005,cla,CLA,31000000.0,1,1,nominal_usd,loan_commitment
BEN::cancel,BEN,Benin,2005,cancel,Debt cancellation,,0,0,nominal_usd,debt_cancellation
BEN::restruct,BEN,Benin,2005,restruct,Debt restructuring,,0,0,nominal_usd,debt_restructuring
BEN::cofi,BEN,Benin,2005,cofi,COFI,,0,0,nominal_usd,investment
BEN::cgef,BEN,Benin,2005,cgef,CGEF,,0,0,nominal_usd,loan_commitment
BEN::chapo,BEN,Benin,2005,chapo,CHAPO,,1,0,constant_2021_usd,commitment
BEN::aiddata,BEN,Benin,2006,aiddata,AidData,7044551.972627,8,3,constant_2023_usd,commitment
BEN::codf,BEN,Benin,2006,codf,CODF,,0,0,nominal_usd,loan_commitment
BEN::cla,BEN,Benin,2006,cla,CLA,,0,0,nominal_usd,loan_commitment
BEN::cancel,BEN,Benin,2006,cancel,Debt cancellation,,0,0,nominal_usd,debt_cancellation
BEN::restruct,BEN,Benin,2006,restruct,Debt restructuring,,0,0,nominal_usd,debt_restructuring
BEN::cofi,BEN,Benin,2006,cofi,COFI,,0,0,nominal_usd,investment
BEN::cgef,BEN,Benin,2006,cgef,CGEF,,0,0,nominal_usd,loan_commitment
BEN::chapo,BEN,Benin,2006,chapo,CHAPO,509747.462563,2,1,constant_2021_usd,commitment
BEN::aiddata,BEN,Benin,2007,aiddata,AidData,34951718.467509,4,1,constant_2023_usd,commitment
BEN::codf,BEN,Benin,2007,codf,CODF,,0,0,nominal_usd,loan_commitment
BEN::cla,BEN,Benin,2007,cla,CLA,24960000.0,2,2,nominal_usd,loan_commitment
BEN::cancel,BEN,Benin,2007,cancel,Debt cancellation,,1,0,nominal_usd,debt_cancellation
BEN::restruct,BEN,Benin,2007,restruct,Debt restructuring,,0,0,nominal_usd,debt_restructuring
BEN::cofi,BEN,Benin,2007,cofi,COFI,,0,0,nominal_usd,investment
BEN::cgef,BEN,Benin,2007,cgef,CGEF,,0,0,nominal_usd,loan_commitment
BEN::chapo,BEN,Benin,2007,chapo,CHAPO,,1,0,constant_2021_usd,commitment
BEN::aiddata,BEN,Benin,2008,aiddata,AidData,40530182.964879,5,2,constant_2023_usd,commitment
BEN::codf,BEN,Benin,2008,codf,CODF,,0,0,nominal_usd,loan_commitment
BEN::cla,BEN,Benin,2008,cla,CLA,,0,0,nominal_usd,loan_commitment
BEN::cancel,BEN,Benin,2008,cancel,Debt cancellation,,0,0,nominal_usd,debt_cancellation
BEN::restruct,BEN,Benin,2008,restruct,Debt restructuring,,0,0,nominal_usd,debt_restructuring
BEN::cofi,BEN,Benin,2008,cofi,COFI,,0,0,nominal_usd,investment
BEN::cgef,BEN,Benin,2008,cgef,CGEF,,0,0,nominal_usd,loan_commitment
BEN::chapo,BEN,Benin,2008,chapo,CHAPO,,2,0,constant_2021_usd,commitment
BEN::aiddata,BEN,Benin,2009,aiddata,AidData,26451738.721285,6,2,constant_2023_usd,commitment
BEN::codf,BEN,Benin,2009,codf,CODF,,0,0,nominal_usd,loan_commitment
BEN::cla,BEN,Benin,2009,cla,CLA,,0,0,nominal_usd,loan_commitment
BEN::cancel,BEN,Benin,2009,cancel,Debt cancellation,,0,0,nominal_usd,debt_cancellation
BEN::restruct,BEN,Benin,2009,restruct,Debt restructuring,,0,0,nominal_usd,debt_restructuring
BEN::cofi,BEN,Benin,2009,cofi,COFI,,0,0,nominal_usd,investment
BEN::cgef,BEN,Benin,2009,cgef,CGEF,,0,0,nominal_usd,loan_commitment
BEN::chapo,BEN,Benin,2009,chapo,CHAPO,19092370.529784,2,1,constant_2021_usd,commitment
BEN::aiddata,BEN,Benin,2010,aiddata,AidData,41800366.879373,3,1,constant_2023_usd,commitment
BEN::codf,BEN,Benin,2010,codf,CODF,31530000.0,1,1,nominal_usd,loan_commitment
BEN::cla,BEN,Benin,2010,cla,CLA,31200000.0,1,1,nominal_usd,loan_commitment
BEN::cancel,BEN,Benin,2010,cancel,Debt cancellation,,0,0,nominal_usd,debt_cancellation
BEN::restruct,BEN,Benin,2010,restruct,Debt restructuring,,0,0,nominal_usd,debt_restructuring
BEN::cofi,BEN,Benin,2010,cofi,COFI,,0,0,nominal_usd,investment
BEN::cgef,BEN,Benin,2010,cgef,CGEF,,0,0,nominal_usd,loan_commitment
BEN::chapo,BEN,Benin,2010,chapo,CHAPO,,2,0,constant_2021_usd,commitment
BEN::aiddata,BEN,Benin,2011,aiddata,AidData,14064343.334438,5,1,constant_2023_usd,commitment
BEN::codf,BEN,Benin,2011,codf,CODF,,0,0,nominal_usd,loan_commitment
BEN::cla,BEN,Benin,2011,cla,CLA,,0,0,nominal_usd,loan_commitment
BEN::cancel,BEN,Benin,2011,cancel,Debt cancellation,,0,0,nominal_usd,debt_cancellation
BEN::restruct,BEN,Benin,2011,restruct,Debt restructuring,,0,0,nominal_usd,debt_restructuring
BEN::cofi,BEN,Benin,2011,cofi,COFI,,0,0,nominal_usd,investment
BEN::cgef,BEN,Benin,2011,cgef,CGEF,,0,0,nominal_usd,loan_commitment
BEN::chapo,BEN,Benin,2011,chapo,CHAPO,,2,0,constant_2021_usd,commitment
BEN::aiddata,BEN,Benin,2012,aiddata,AidData,33846382.736888,4,3,constant_2023_usd,commitment
BEN::codf,BEN,Benin,2012,codf,CODF,,0,0,nominal_usd,loan_commitment
BEN::cla,BEN,Benin,2012,cla,CLA,,0,0,nominal_usd,loan_commitment
BEN::cancel,BEN,Benin,2012,cancel,Debt cancellation,,1,0,nominal_usd,debt_cancellation
BEN::restruct,BEN,Benin,2012,restruct,Debt restructuring,,0,0,nominal_usd,debt_restructuring
BEN::cofi,BEN,Benin,2012,cofi,COFI,,0,0,nominal_usd,investment
BEN::cgef,BEN,Benin,2012,cgef,CGEF,,0,0,nominal_usd,loan_commitment
BEN::chapo,BEN,Benin,2012,chapo,CHAPO,558341.706332,2,1,constant_2021_usd,commitment
BEN::aiddata,BEN,Benin,2013,aiddata,AidData,235540475.868706,8,5,constant_2023_usd,commitment
BEN::codf,BEN,Benin,2013,codf,CODF,129030000.0,1,1,nominal_usd,loan_commitment
BEN::cla,BEN,Benin,2013,cla,CLA,234390000.0,4,4,nominal_usd,loan_commitment
BEN::cancel,BEN,Benin,2013,cancel,Debt cancellation,,0,0,nominal_usd,debt_cancellation
BEN::restruct,BEN,Benin,2013,restruct,Debt restructuring,,0,0,nominal_usd,debt_restructuring
BEN::cofi,BEN,Benin,2013,cofi,COFI,,0,0,nominal_usd,investment
BEN::cgef,BEN,Benin,2013,cgef,CGEF,,0,0,nominal_usd,loan_commitment
BEN::chapo,BEN,Benin,2013,chapo,CHAPO,2109787.198855,2,1,constant_2021_usd,commitment
BEN::aiddata,BEN,Benin,2014,aiddata,AidData,8104215.179777,7,3,constant_2023_usd,commitment
BEN::codf,BEN,Benin,2014,codf,CODF,,0,0,nominal_usd,loan_commitment
BEN::cla,BEN,Benin,2014,cla,CLA,,0,0,nominal_usd,loan_commitment
BEN::cancel,BEN,Benin,2014,cancel,Debt cancellation,,0,0,nominal_usd,debt_cancellation
BEN::restruct,BEN,Benin,2014,restruct,Debt restructuring,,0,0,nominal_usd,debt_restructuring
BEN::cofi,BEN,Benin,2014,cofi,COFI,,0,0,nominal_usd,investment
BEN::cgef,BEN,Benin,2014,cgef,CGEF,,0,0,nominal_usd,loan_commitment
BEN::chapo,BEN,Benin,2014,chapo,CHAPO,1796792.73658,2,1,constant_2021_usd,commitment
BEN::aiddata,BEN,Benin,2015,aiddata,AidData,303631413.534855,5,2,constant_2023_usd,commitment
BEN::codf,BEN,Benin,2015,codf,CODF,79610000.0,1,1,nominal_usd,loan_commitment
BEN::cla,BEN,Benin,2015,cla,CLA,79610000.0,1,1,nominal_usd,loan_commitment
BEN::cancel,BEN,Benin,2015,cancel,Debt cancellation,,0,0,nominal_usd,debt_cancellation
BEN::restruct,BEN,Benin,2015,restruct,Debt restructuring,,0,0,nominal_usd,debt_restructuring
BEN::cofi,BEN,Benin,2015,cofi,COFI,229000000.0,1,1,nominal_usd,investment
BEN::cgef,BEN,Benin,2015,cgef,CGEF,,0,0,nominal_usd,loan_commitment
BEN::chapo,BEN,Benin,2015,chapo,CHAPO,,1,0,constant_2021_usd,commitment
BEN::aiddata,BEN,Benin,2016,aiddata,AidData,93395682.528317,10,4,constant_2023_usd,commitment
BEN::codf,BEN,Benin,2016,codf,CODF,,0,0,nominal_usd,loan_commitment
BEN::cla,BEN,Benin,2016,cla,CLA,,0,0,nominal_usd,loan_commitment
BEN::cancel,BEN,Benin,2016,cancel,Debt cancellation,,0,0,nominal_usd,debt_cancellation
BEN::restruct,BEN,Benin,2016,restruct,Debt restructuring,,0,0,nominal_usd,debt_restructuring
BEN::cofi,BEN,Benin,2016,cofi,COFI,,0,0,nominal_usd,investment
BEN::cgef,BEN,Benin,2016,cgef,CGEF,,0,0,nominal_usd,loan_commitment
BEN::chapo,BEN,Benin,2016,chapo,CHAPO,,1,0,constant_2021_usd,commitment
BEN::aiddata,BEN,Benin,2017,aiddata,AidData,107042498.307269,6,3,constant_2023_usd,commitment
BEN::codf,BEN,Benin,2017,codf,CODF,89610000.0,1,1,nominal_usd,loan_commitment
BEN::cla,BEN,Benin,2017,cla,CLA,89590000.0,1,1,nominal_usd,loan_commitment
BEN::cancel,BEN,Benin,2017,cancel,Debt cancellation,,0,0,nominal_usd,debt_cancellation
BEN::restruct,BEN,Benin,2017,restruct,Debt restructuring,,0,0,nominal_usd,debt_restructuring
BEN::cofi,BEN,Benin,2017,cofi,COFI,,0,0,nominal_usd,investment
BEN::cgef,BEN,Benin,2017,cgef,CGEF,,0,0,nominal_usd,loan_commitment
BEN::chapo,BEN,Benin,2017,chapo,CHAPO,,1,0,constant_2021_usd,commitment
BEN::aiddata,BEN,Benin,2018,aiddata,AidData,1543976.504836,8,1,constant_2023_usd,commitment
BEN::codf,BEN,Benin,2018,codf,CODF,,0,0,nominal_usd,loan_commitment
BEN::cla,BEN,Benin,2018,cla,CLA,,0,0,nominal_usd,loan_commitment
BEN::cancel,BEN,Benin,2018,cancel,Debt cancellation,,0,0,nominal_usd,debt_cancellation
BEN::restruct,BEN,Benin,2018,restruct,Debt restructuring,,0,0,nominal_usd,debt_restructuring
BEN::cofi,BEN,Benin,2018,cofi,COFI,,0,0,nominal_usd,investment
BEN::cgef,BEN,Benin,2018,cgef,CGEF,,0,0,nominal_usd,loan_commitment
BEN::chapo,BEN,Benin,2018,chapo,CHAPO,,1,0,constant_2021_usd,commitment
BEN::aiddata,BEN,Benin,2019,aiddata,AidData,364521638.187423,25,5,constant_2023_usd,commitment
BEN::codf,BEN,Benin,2019,codf,CODF,,0,0,nominal_usd,loan_commitment
BEN::cla,BEN,Benin,2019,cla,CLA,186640000.0,1,1,nominal_usd,loan_commitment
BEN::cancel,BEN,Benin,2019,cancel,Debt cancellation,,0,0,nominal_usd,debt_cancellation
BEN::restruct,BEN,Benin,2019,restruct,Debt restructuring,,0,0,nominal_usd,debt_restructuring
BEN::cofi,BEN,Benin,2019,cofi,COFI,,0,0,nominal_usd,investment
BEN::cgef,BEN,Benin,2019,cgef,CGEF,,0,0,nominal_usd,loan_commitment
BEN::chapo,BEN,Benin,2019,chapo,CHAPO,,4,0,constant_2021_usd,commitment
BEN::aiddata,BEN,Benin,2020,aiddata,AidData,14808810.195226,19,10,constant_2023_usd,commitment
BEN::codf,BEN,Benin,2020,codf,CODF,,0,0,nominal_usd,loan_commitment
BEN::cla,BEN,Benin,2020,cla,CLA,,0,0,nominal_usd,loan_commitment
BEN::cancel,BEN,Benin,2020,cancel,Debt cancellation,,0,0,nominal_usd,debt_cancellation
BEN::restruct,BEN,Benin,2020,restruct,Debt restructuring,,0,0,nominal_usd,debt_restructuring
BEN::cofi,BEN,Benin,2020,cofi,COFI,,0,0,nominal_usd,investment
BEN::cgef,BEN,Benin,2020,cgef,CGEF,,0,0,nominal_usd,loan_commitment
BEN::chapo,BEN,Benin,2020,chapo,CHAPO,1968323.534615,15,8,constant_2021_usd,commitment
BEN::aiddata,BEN,Benin,2021,aiddata,AidData,776258830.176451,12,2,constant_2023_usd,commitment
BEN::codf,BEN,Benin,2021,codf,CODF,,0,0,nominal_usd,loan_commitment
BEN::cla,BEN,Benin,2021,cla,CLA,,0,0,nominal_usd,loan_commitment
BEN::cancel,BEN,Benin,2021,cancel,Debt cancellation,,0,0,nominal_usd,debt_cancellation
BEN::restruct,BEN,Benin,2021,restruct,Debt restructuring,,0,0,nominal_usd,debt_restructuring
BEN::cofi,BEN,Benin,2021,cofi,COFI,,0,0,nominal_usd,investment
BEN::cgef,BEN,Benin,2021,cgef,CGEF,,0,0,nominal_usd,loan_commitment
BEN::chapo,BEN,Benin,2021,chapo,CHAPO,1800000.0,4,1,constant_2021_usd,commitment
BEN::aiddata,BEN,Benin,2022,aiddata,AidData,58688150.025502,13,6,constant_2023_usd,commitment
BEN::codf,BEN,Benin,2022,codf,CODF,39320000.0,1,1,nominal_usd,loan_commitment
BEN::cla,BEN,Benin,2022,cla,CLA,39330000.0,1,1,nominal_usd,loan_commitment
BEN::cancel,BEN,Benin,2022,cancel,Debt cancellation,,0,0,nominal_usd,debt_cancellation
BEN::restruct,BEN,Benin,2022,restruct,Debt restructuring,,0,0,nominal_usd,debt_restructuring
BEN::cofi,BEN,Benin,2022,cofi,COFI,,0,0,nominal_usd,investment
BEN::cgef,BEN,Benin,2022,cgef,CGEF,,0,0,nominal_usd,loan_commitment
BEN::chapo,BEN,Benin,2022,chapo,CHAPO,,0,0,constant_2021_usd,commitment
BEN::aiddata,BEN,Benin,2023,aiddata,AidData,76229438.235295,14,2,constant_2023_usd,commitment
BEN::codf,BEN,Benin,2023,codf,CODF,,0,0,nominal_usd,loan_commitment
BEN::cla,BEN,Benin,2023,cla,CLA,,0,0,nominal_usd,loan_commitment
BEN::cancel,BEN,Benin,2023,cancel,Debt cancellation,,0,0,nominal_usd,debt_cancellation
BEN::restruct,BEN,Benin,2023,restruct,Debt restructuring,,0,0,nominal_usd,debt_restructuring
BEN::cofi,BEN,Benin,2023,cofi,COFI,,0,0,nominal_usd,investment
BEN::cgef,BEN,Benin,2023,cgef,CGEF,,0,0,nominal_usd,loan_commitment
BEN::chapo,BEN,Benin,2023,chapo,CHAPO,,0,0,constant_2021_usd,commitment
BEN::aiddata,BEN,Benin,2024,aiddata,AidData,,0,0,constant_2023_usd,commitment
BEN::codf,BEN,Benin,2024,codf,CODF,,0,0,nominal_usd,loan_commitment
BEN::cla,BEN,Benin,2024,cla,CLA,,0,0,nominal_usd,loan_commitment
BEN::cancel,BEN,Benin,2024,cancel,Debt cancellation,,0,0,nominal_usd,debt_cancellation
BEN::restruct,BEN,Benin,2024,restruct,Debt restructuring,,0,0,nominal_usd,debt_restructuring
BEN::cofi,BEN,Benin,2024,cofi,COFI,,0,0,nominal_usd,investment
BEN::cgef,BEN,Benin,2024,cgef,CGEF,,0,0,nominal_usd,loan_commitment
BEN::chapo,BEN,Benin,2024,chapo,CHAPO,,0,0,constant_2021_usd,commitment
BFA::aiddata,BFA,Burkina Faso,2000,aiddata,AidData,,0,0,constant_2023_usd,commitment
BFA::codf,BFA,Burkina Faso,2000,codf,CODF,,0,0,nominal_usd,loan_commitment
BFA::cla,BFA,Burkina Faso,2000,cla,CLA,,0,0,nominal_usd,loan_commitment
BFA::cancel,BFA,Burkina Faso,2000,cancel,Debt cancellation,,0,0,nominal_usd,debt_cancellation
BFA::restruct,BFA,Burkina Faso,2000,restruct,Debt restructuring,,0,0,nominal_usd,debt_restructuring
BFA::cofi,BFA,Burkina Faso,2000,cofi,COFI,,0,0,nominal_usd,investment
BFA::cgef,BFA,Burkina Faso,2000,cgef,CGEF,,0,0,nominal_usd,loan_commitment
BFA::chapo,BFA,Burkina Faso,2000,chapo,CHAPO,,0,0,constant_2021_usd,commitment
BFA::aiddata,BFA,Burkina Faso,2001,aiddata,AidData,,0,0,constant_2023_usd,commitment
BFA::codf,BFA,Burkina Faso,2001,codf,CODF,,0,0,nominal_usd,loan_commitment
BFA::cla,BFA,Burkina Faso,2001,cla,CLA,,0,0,nominal_usd,loan_commitment
BFA::cancel,BFA,Burkina Faso,2001,cancel,Debt cancellation,,0,0,nominal_usd,debt_cancellation
BFA::restruct,BFA,Burkina Faso,2001,restruct,Debt restructuring,,0,0,nominal_usd,debt_restructuring
BFA::cofi,BFA,Burkina Faso,2001,cofi,COFI,,0,0,nominal_usd,investment
BFA::cgef,BFA,Burkina Faso,2001,cgef,CGEF,,0,0,nominal_usd,loan_commitment
BFA::chapo,BFA,Burkina Faso,2001,chapo,CHAPO,,0,0,constant_2021_usd,commitment
BFA::aiddata,BFA,Burkina Faso,2002,aiddata,AidData,,0,0,constant_2023_usd,commitment
BFA::codf,BFA,Burkina Faso,2002,codf,CODF,,0,0,nominal_usd,loan_commitment
BFA::cla,BFA,Burkina Faso,2002,cla,CLA,,0,0,nominal_usd,loan_commitment
BFA::cancel,BFA,Burkina Faso,2002,cancel,Debt cancellation,,0,0,nominal_usd,debt_cancellation
BFA::restruct,BFA,Burkina Faso,2002,restruct,Debt restructuring,,0,0,nominal_usd,debt_restructuring
BFA::cofi,BFA,Burkina Faso,2002,cofi,COFI,,0,0,nominal_usd,investment
BFA::cgef,BFA,Burkina Faso,2002,cgef,CGEF,,0,0,nominal_usd,loan_commitment
BFA::chapo,BFA,Burkina Faso,2002,chapo,CHAPO,,0,0,constant_2021_usd,commitment
BFA::aiddata,BFA,Burkina Faso,2003,aiddata,AidData,,0,0,constant_2023_usd,commitment
BFA::codf,BFA,Burkina Faso,2003,codf,CODF,,0,0,nominal_usd,loan_commitment
BFA::cla,BFA,Burkina Faso,2003,cla,CLA,,0,0,nominal_usd,loan_commitment
BFA::cancel,BFA,Burkina Faso,2003,cancel,Debt cancellation,,0,0,nominal_usd,debt_cancellation
BFA::restruct,BFA,Burkina Faso,2003,restruct,Debt restructuring,,0,0,nominal_usd,debt_restructuring
BFA::cofi,BFA,Burkina Faso,2003,cofi,COFI,,0,0,nominal_usd,investment
BFA::cgef,BFA,Burkina Faso,2003,cgef,CGEF,,0,0,nominal_usd,loan_commitment
BFA::chapo,BFA,Burkina Faso,2003,chapo,CHAPO,,0,0,constant_2021_usd,commitment
BFA::aiddata,BFA,Burkina Faso,2004,aiddata,AidData,,0,0,constant_2023_usd,commitment
BFA::codf,BFA,Burkina Faso,2004,codf,CODF,,0,0,nominal_usd,loan_commitment
BFA::cla,BFA,Burkina Faso,2004,cla,CLA,,0,0,nominal_usd,loan_commitment
BFA::cancel,BFA,Burkina Faso,2004,cancel,Debt cancellation,,0,0,nominal_usd,debt_cancellation
BFA::restruct,BFA,Burkina Faso,2004,restruct,Debt restructuring,,0,0,nominal_usd,debt_restructuring
BFA::cofi,BFA,Burkina Faso,2004,cofi,COFI,,0,0,nominal_usd,investment
BFA::cgef,BFA,Burkina Faso,2004,cgef,CGEF,,0,0,nominal_usd,loan_commitment
BFA::chapo,BFA,Burkina Faso,2004,chapo,CHAPO,,0,0,constant_2021_usd,commitment
BFA::aiddata,BFA,Burkina Faso,2005,aiddata,AidData,,0,0,constant_2023_usd,commitment
BFA::codf,BFA,Burkina Faso,2005,codf,CODF,,0,0,nominal_usd,loan_commitment
BFA::cla,BFA,Burkina Faso,2005,cla,CLA,,0,0,nominal_usd,loan_commitment
BFA::cancel,BFA,Burkina Faso,2005,cancel,Debt cancellation,,0,0,nominal_usd,debt_cancellation
BFA::restruct,BFA,Burkina Faso,2005,restruct,Debt restructuring,,0,0,nominal_usd,debt_restructuring
BFA::cofi,BFA,Burkina Faso,2005,cofi,COFI,,0,0,nominal_usd,investment
BFA::cgef,BFA,Burkina Faso,2005,cgef,CGEF,,0,0,nominal_usd,loan_commitment
BFA::chapo,BFA,Burkina Faso,2005,chapo,CHAPO,,0,0,constant_2021_usd,commitment
BFA::aiddata,BFA,Burkina Faso,2006,aiddata,AidData,,0,0,constant_2023_usd,commitment
BFA::codf,BFA,Burkina Faso,2006,codf,CODF,,0,0,nominal_usd,loan_commitment
BFA::cla,BFA,Burkina Faso,2006,cla,CLA,,0,0,nominal_usd,loan_commitment
BFA::cancel,BFA,Burkina Faso,2006,cancel,Debt cancellation,,0,0,nominal_usd,debt_cancellation
BFA::restruct,BFA,Burkina Faso,2006,restruct,Debt restructuring,,0,0,nominal_usd,debt_restructuring
BFA::cofi,BFA,Burkina Faso,2006,cofi,COFI,,0,0,nominal_usd,investment
BFA::cgef,BFA,Burkina Faso,2006,cgef,CGEF,,0,0,nominal_usd,loan_commitment
BFA::chapo,BFA,Burkina Faso,2006,chapo,CHAPO,,0,0,constant_2021_usd,commitment
BFA::aiddata,BFA,Burkina Faso,2007,aiddata,AidData,,0,0,constant_2023_usd,commitment
BFA::codf,BFA,Burkina Faso,2007,codf,CODF,,0,0,nominal_usd,loan_commitment
BFA::cla,BFA,Burkina Faso,2007,cla,CLA,,0,0,nominal_usd,loan_commitment
BFA::cancel,BFA,Burkina Faso,2007,cancel,Debt cancellation,,0,0,nominal_usd,debt_cancellation
BFA::restruct,BFA,Burkina Faso,2007,restruct,Debt restructuring,,0,0,nominal_usd,debt_restructuring
BFA::cofi,BFA,Burkina Faso,2007,cofi,COFI,,0,0,nominal_usd,investment
BFA::cgef,BFA,Burkina Faso,2007,cgef,CGEF,,0,0,nominal_usd,loan_commitment
BFA::chapo,BFA,Burkina Faso,2007,chapo,CHAPO,,0,0,constant_2021_usd,commitment
BFA::aiddata,BFA,Burkina Faso,2008,aiddata,AidData,,0,0,constant_2023_usd,commitment
BFA::codf,BFA,Burkina Faso,2008,codf,CODF,,0,0,nominal_usd,loan_commitment
BFA::cla,BFA,Burkina Faso,2008,cla,CLA,,0,0,nominal_usd,loan_commitment
BFA::cancel,BFA,Burkina Faso,2008,cancel,Debt cancellation,,0,0,nominal_usd,debt_cancellation
BFA::restruct,BFA,Burkina Faso,2008,restruct,Debt restructuring,,0,0,nominal_usd,debt_restructuring
BFA::cofi,BFA,Burkina Faso,2008,cofi,COFI,,0,0,nominal_usd,investment
BFA::cgef,BFA,Burkina Faso,2008,cgef,CGEF,,0,0,nominal_usd,loan_commitment
BFA::chapo,BFA,Burkina Faso,2008,chapo,CHAPO,,0,0,constant_2021_usd,commitment
BFA::aiddata,BFA,Burkina Faso,2009,aiddata,AidData,,0,0,constant_2023_usd,commitment
BFA::codf,BFA,Burkina Faso,2009,codf,CODF,,0,0,nominal_usd,loan_commitment
BFA::cla,BFA,Burkina Faso,2009,cla,CLA,,0,0,nominal_usd,loan_commitment
BFA::cancel,BFA,Burkina Faso,2009,cancel,Debt cancellation,,0,0,nominal_usd,debt_cancellation
BFA::restruct,BFA,Burkina Faso,2009,restruct,Debt restructuring,,0,0,nominal_usd,debt_restructuring
BFA::cofi,BFA,Burkina Faso,2009,cofi,COFI,,0,0,nominal_usd,investment
BFA::cgef,BFA,Burkina Faso,2009,cgef,CGEF,,0,0,nominal_usd,loan_commitment
BFA::chapo,BFA,Burkina Faso,2009,chapo,CHAPO,,0,0,constant_2021_usd,commitment
BFA::aiddata,BFA,Burkina Faso,2010,aiddata,AidData,,0,0,constant_2023_usd,commitment
BFA::codf,BFA,Burkina Faso,2010,codf,CODF,,0,0,nominal_usd,loan_commitment
BFA::cla,BFA,Burkina Faso,2010,cla,CLA,,0,0,nominal_usd,loan_commitment
BFA::cancel,BFA,Burkina Faso,2010,cancel,Debt cancellation,,0,0,nominal_usd,debt_cancellation
BFA::restruct,BFA,Burkina Faso,2010,restruct,Debt restructuring,,0,0,nominal_usd,debt_restructuring
BFA::cofi,BFA,Burkina Faso,2010,cofi,COFI,,0,0,nominal_usd,investment
BFA::cgef,BFA,Burkina Faso,2010,cgef,CGEF,,0,0,nominal_usd,loan_commitment
BFA::chapo,BFA,Burkina Faso,2010,chapo,CHAPO,,0,0,constant_2021_usd,commitment
BFA::aiddata,BFA,Burkina Faso,2011,aiddata,AidData,,0,0,constant_2023_usd,commitment
BFA::codf,BFA,Burkina Faso,2011,codf,CODF,,0,0,nominal_usd,loan_commitment
BFA::cla,BFA,Burkina Faso,2011,cla,CLA,,0,0,nominal_usd,loan_commitment
BFA::cancel,BFA,Burkina Faso,2011,cancel,Debt cancellation,,0,0,nominal_usd,debt_cancellation
BFA::restruct,BFA,Burkina Faso,2011,restruct,Debt restructuring,,0,0,nominal_usd,debt_restructuring
BFA::cofi,BFA,Burkina Faso,2011,cofi,COFI,,0,0,nominal_usd,investment
BFA::cgef,BFA,Burkina Faso,2011,cgef,CGEF,,0,0,nominal_usd,loan_commitment
BFA::chapo,BFA,Burkina Faso,2011,chapo,CHAPO,,0,0,constant_2021_usd,commitment
BFA::aiddata,BFA,Burkina Faso,2012,aiddata,AidData,,0,0,constant_2023_usd,commitment
BFA::codf,BFA,Burkina Faso,2012,codf,CODF,,0,0,nominal_usd,loan_commitment
BFA::cla,BFA,Burkina Faso,2012,cla,CLA,,0,0,nominal_usd,loan_commitment
BFA::cancel,BFA,Burkina Faso,2012,cancel,Debt cancellation,,0,0,nominal_usd,debt_cancellation
BFA::restruct,BFA,Burkina Faso,2012,restruct,Debt restructuring,,0,0,nominal_usd,debt_restructuring
BFA::cofi,BFA,Burkina Faso,2012,cofi,COFI,,0,0,nominal_usd,investment
BFA::cgef,BFA,Burkina Faso,2012,cgef,CGEF,,0,0,nominal_usd,loan_commitment
BFA::chapo,BFA,Burkina Faso,2012,chapo,CHAPO,,0,0,constant_2021_usd,commitment
BFA::aiddata,BFA,Burkina Faso,2013,aiddata,AidData,,0,0,constant_2023_usd,commitment
BFA::codf,BFA,Burkina Faso,2013,codf,CODF,,0,0,nominal_usd,loan_commitment
BFA::cla,BFA,Burkina Faso,2013,cla,CLA,,0,0,nominal_usd,loan_commitment
BFA::cancel,BFA,Burkina Faso,2013,cancel,Debt cancellation,,0,0,nominal_usd,debt_cancellation
BFA::restruct,BFA,Burkina Faso,2013,restruct,Debt restructuring,,0,0,nominal_usd,debt_restructuring
BFA::cofi,BFA,Burkina Faso,2013,cofi,COFI,,0,0,nominal_usd,investment
BFA::cgef,BFA,Burkina Faso,2013,cgef,CGEF,,0,0,nominal_usd,loan_commitment
BFA::chapo,BFA,Burkina Faso,2013,chapo,CHAPO,,0,0,constant_2021_usd,commitment
BFA::aiddata,BFA,Burkina Faso,2014,aiddata,AidData,,0,0,constant_2023_usd,commitment
BFA::codf,BFA,Burkina Faso,2014,codf,CODF,,0,0,nominal_usd,loan_commitment
BFA::cla,BFA,Burkina Faso,2014,cla,CLA,,0,0,nominal_usd,loan_commitment
BFA::cancel,BFA,Burkina Faso,2014,cancel,Debt cancellation,,0,0,nominal_usd,debt_cancellation
BFA::restruct,BFA,Burkina Faso,2014,restruct,Debt restructuring,,0,0,nominal_usd,debt_restructuring
BFA::cofi,BFA,Burkina Faso,2014,cofi,COFI,,0,0,nominal_usd,investment
BFA::cgef,BFA,Burkina Faso,2014,cgef,CGEF,,0,0,nominal_usd,loan_commitment
BFA::chapo,BFA,Burkina Faso,2014,chapo,CHAPO,,0,0,constant_2021_usd,commitment
BFA::aiddata,BFA,Burkina Faso,2015,aiddata,AidData,,0,0,constant_2023_usd,commitment
BFA::codf,BFA,Burkina Faso,2015,codf,CODF,,0,0,nominal_usd,loan_commitment
BFA::cla,BFA,Burkina Faso,2015,cla,CLA,,0,0,nominal_usd,loan_commitment
BFA::cancel,BFA,Burkina Faso,2015,cancel,Debt cancellation,,0,0,nominal_usd,debt_cancellation
BFA::restruct,BFA,Burkina Faso,2015,restruct,Debt restructuring,,0,0,nominal_usd,debt_restructuring
BFA::cofi,BFA,Burkina Faso,2015,cofi,COFI,,0,0,nominal_usd,investment
BFA::cgef,BFA,Burkina Faso,2015,cgef,CGEF,,0,0,nominal_usd,loan_commitment
BFA::chapo,BFA,Burkina Faso,2015,chapo,CHAPO,,0,0,constant_2021_usd,commitment
BFA::aiddata,BFA,Burkina Faso,2016,aiddata,AidData,,0,0,constant_2023_usd,commitment
BFA::codf,BFA,Burkina Faso,2016,codf,CODF,,0,0,nominal_usd,loan_commitment
BFA::cla,BFA,Burkina Faso,2016,cla,CLA,,0,0,nominal_usd,loan_commitment
BFA::cancel,BFA,Burkina Faso,2016,cancel,Debt cancellation,,0,0,nominal_usd,debt_cancellation
BFA::restruct,BFA,Burkina Faso,2016,restruct,Debt restructuring,,0,0,nominal_usd,debt_restructuring
BFA::cofi,BFA,Burkina Faso,2016,cofi,COFI,,0,0,nominal_usd,investment
BFA::cgef,BFA,Burkina Faso,2016,cgef,CGEF,,0,0,nominal_usd,loan_commitment
BFA::chapo,BFA,Burkina Faso,2016,chapo,CHAPO,,0,0,constant_2021_usd,commitment
BFA::aiddata,BFA,Burkina Faso,2017,aiddata,AidData,,0,0,constant_2023_usd,commitment
BFA::codf,BFA,Burkina Faso,2017,codf,CODF,,0,0,nominal_usd,loan_commitment
BFA::cla,BFA,Burkina Faso,2017,cla,CLA,,0,0,nominal_usd,loan_commitment
BFA::cancel,BFA,Burkina Faso,2017,cancel,Debt cancellation,,0,0,nominal_usd,debt_cancellation
BFA::restruct,BFA,Burkina Faso,2017,restruct,Debt restructuring,,0,0,nominal_usd,debt_restructuring
BFA::cofi,BFA,Burkina Faso,2017,cofi,COFI,,0,0,nominal_usd,investment
BFA::cgef,BFA,Burkina Faso,2017,cgef,CGEF,,0,0,nominal_usd,loan_commitment
BFA::chapo,BFA,Burkina Faso,2017,chapo,CHAPO,,0,0,constant_2021_usd,commitment
BFA::aiddata,BFA,Burkina Faso,2018,aiddata,AidData,139833644.507246,11,6,constant_2023_usd,commitment
BFA::codf,BFA,Burkina Faso,2018,codf,CODF,,0,0,nominal_usd,loan_commitment
BFA::cla,BFA,Burkina Faso,2018,cla,CLA,,0,0,nominal_usd,loan_commitment
BFA::cancel,BFA,Burkina Faso,2018,cancel,Debt cancellation,,0,0,nominal_usd,debt_cancellation
BFA::restruct,BFA,Burkina Faso,2018,restruct,Debt restructuring,,0,0,nominal_usd,debt_restructuring
BFA::cofi,BFA,Burkina Faso,2018,cofi,COFI,,0,0,nominal_usd,investment
BFA::cgef,BFA,Burkina Faso,2018,cgef,CGEF,,0,0,nominal_usd,loan_commitment
BFA::chapo,BFA,Burkina Faso,2018,chapo,CHAPO,117871260.927219,7,3,constant_2021_usd,commitment
BFA::aiddata,BFA,Burkina Faso,2019,aiddata,AidData,98967138.977133,13,8,constant_2023_usd,commitment
BFA::codf,BFA,Burkina Faso,2019,codf,CODF,,0,0,nominal_usd,loan_commitment
BFA::cla,BFA,Burkina Faso,2019,cla,CLA,77350000.0,1,1,nominal_usd,loan_commitment
BFA::cancel,BFA,Burkina Faso,2019,cancel,Debt cancellation,,0,0,nominal_usd,debt_cancellation
BFA::restruct,BFA,Burkina Faso,2019,restruct,Debt restructuring,,0,0,nominal_usd,debt_restructuring
BFA::cofi,BFA,Burkina Faso,2019,cofi,COFI,,0,0,nominal_usd,investment
BFA::cgef,BFA,Burkina Faso,2019,cgef,CGEF,,0,0,nominal_usd,loan_commitment
BFA::chapo,BFA,Burkina Faso,2019,chapo,CHAPO,,1,0,constant_2021_usd,commitment
BFA::aiddata,BFA,Burkina Faso,2020,aiddata,AidData,146336282.995665,19,9,constant_2023_usd,commitment
BFA::codf,BFA,Burkina Faso,2020,codf,CODF,80000000.0,1,1,nominal_usd,loan_commitment
BFA::cla,BFA,Burkina Faso,2020,cla,CLA,80000000.0,1,1,nominal_usd,loan_commitment
BFA::cancel,BFA,Burkina Faso,2020,cancel,Debt cancellation,,0,0,nominal_usd,debt_cancellation
BFA::restruct,BFA,Burkina Faso,2020,restruct,Debt restructuring,,0,0,nominal_usd,debt_restructuring
BFA::cofi,BFA,Burkina Faso,2020,cofi,COFI,,0,0,nominal_usd,investment
BFA::cgef,BFA,Burkina Faso,2020,cgef,CGEF,,0,0,nominal_usd,loan_commitment
BFA::chapo,BFA,Burkina Faso,2020,chapo,CHAPO,3010809.630707,14,7,constant_2021_usd,commitment
BFA::aiddata,BFA,Burkina Faso,2021,aiddata,AidData,27594401.572518,10,6,constant_2023_usd,commitment
BFA::codf,BFA,Burkina Faso,2021,codf,CODF,,0,0,nominal_usd,loan_commitment
BFA::cla,BFA,Burkina Faso,2021,cla,CLA,,0,0,nominal_usd,loan_commitment
BFA::cancel,BFA,Burkina Faso,2021,cancel,Debt cancellation,,0,0,nominal_usd,debt_cancellation
BFA::restruct,BFA,Burkina Faso,2021,restruct,Debt restructuring,,0,0,nominal_usd,debt_restructuring
BFA::cofi,BFA,Burkina Faso,2021,cofi,COFI,,0,0,nominal_usd,investment
BFA::cgef,BFA,Burkina Faso,2021,cgef,CGEF,,0,0,nominal_usd,loan_commitment
BFA::chapo,BFA,Burkina Faso,2021,chapo,CHAPO,7740998.68357,3,3,constant_2021_usd,commitment
BFA::aiddata,BFA,Burkina Faso,2022,aiddata,AidData,,2,0,constant_2023_usd,commitment
BFA::codf,BFA,Burkina Faso,2022,codf,CODF,,0,0,nominal_usd,loan_commitment
BFA::cla,BFA,Burkina Faso,2022,cla,CLA,,0,0,nominal_usd,loan_commitment
BFA::cancel,BFA,Burkina Faso,2022,cancel,Debt cancellation,,0,0,nominal_usd,debt_cancellation
BFA::restruct,BFA,Burkina Faso,2022,restruct,Debt restructuring,,0,0,nominal_usd,debt_restructuring
BFA::cofi,BFA,Burkina Faso,2022,cofi,COFI,,0,0,nominal_usd,investment
BFA::cgef,BFA,Burkina Faso,2022,cgef,CGEF,,0,0,nominal_usd,loan_commitment
BFA::chapo,BFA,Burkina Faso,2022,chapo,CHAPO,,0,0,constant_2021_usd,commitment
BFA::aiddata,BFA,Burkina Faso,2023,aiddata,AidData,50200268.116438,4,2,constant_2023_usd,commitment
BFA::codf,BFA,Burkina Faso,2023,codf,CODF,50130000.0,1,1,nominal_usd,loan_commitment
BFA::cla,BFA,Burkina Faso,2023,cla,CLA,50140000.0,1,1,nominal_usd,loan_commitment
BFA::cancel,BFA,Burkina Faso,2023,cancel,Debt cancellation,,0,0,nominal_usd,debt_cancellation
BFA::restruct,BFA,Burkina Faso,2023,restruct,Debt restructuring,,0,0,nominal_usd,debt_restructuring
BFA::cofi,BFA,Burkina Faso,2023,cofi,COFI,,0,0,nominal_usd,investment
BFA::cgef,BFA,Burkina Faso,2023,cgef,CGEF,50130000.0,1,1,nominal_usd,loan_commitment
BFA::chapo,BFA,Burkina Faso,2023,chapo,CHAPO,,0,0,constant_2021_usd,commitment
BFA::aiddata,BFA,Burkina Faso,2024,aiddata,AidData,,0,0,constant_2023_usd,commitment
BFA::codf,BFA,Burkina Faso,2024,codf,CODF,,0,0,nominal_usd,loan_commitment
BFA::cla,BFA,Burkina Faso,2024,cla,CLA,,0,0,nominal_usd,loan_commitment
BFA::cancel,BFA,Burkina Faso,2024,cancel,Debt cancellation,,0,0,nominal_usd,debt_cancellation
BFA::restruct,BFA,Burkina Faso,2024,restruct,Debt restructuring,,0,0,nominal_usd,debt_restructuring
BFA::cofi,BFA,Burkina Faso,2024,cofi,COFI,,0,0,nominal_usd,investment
BFA::cgef,BFA,Burkina Faso,2024,cgef,CGEF,,0,0,nominal_usd,loan_commitment
BFA::chapo,BFA,Burkina Faso,2024,chapo,CHAPO,,0,0,constant_2021_usd,commitment
BWA::aiddata,BWA,Botswana,2000,aiddata,AidData,5580882.917227,2,1,constant_2023_usd,commitment
BWA::codf,BWA,Botswana,2000,codf,CODF,,0,0,nominal_usd,loan_commitment
BWA::cla,BWA,Botswana,2000,cla,CLA,2470000.0,1,1,nominal_usd,loan_commitment
BWA::cancel,BWA,Botswana,2000,cancel,Debt cancellation,,0,0,nominal_usd,debt_cancellation
BWA::restruct,BWA,Botswana,2000,restruct,Debt restructuring,,0,0,nominal_usd,debt_restructuring
BWA::cofi,BWA,Botswana,2000,cofi,COFI,,0,0,nominal_usd,investment
BWA::cgef,BWA,Botswana,2000,cgef,CGEF,,0,0,nominal_usd,loan_commitment
BWA::chapo,BWA,Botswana,2000,chapo,CHAPO,,0,0,constant_2021_usd,commitment
BWA::aiddata,BWA,Botswana,2001,aiddata,AidData,22447552.398302,1,1,constant_2023_usd,commitment
BWA::codf,BWA,Botswana,2001,codf,CODF,,0,0,nominal_usd,loan_commitment
BWA::cla,BWA,Botswana,2001,cla,CLA,8790000.0,3,3,nominal_usd,loan_commitment
BWA::cancel,BWA,Botswana,2001,cancel,Debt cancellation,,0,0,nominal_usd,debt_cancellation
BWA::restruct,BWA,Botswana,2001,restruct,Debt restructuring,,0,0,nominal_usd,debt_restructuring
BWA::cofi,BWA,Botswana,2001,cofi,COFI,,0,0,nominal_usd,investment
BWA::cgef,BWA,Botswana,2001,cgef,CGEF,,0,0,nominal_usd,loan_commitment
BWA::chapo,BWA,Botswana,2001,chapo,CHAPO,,0,0,constant_2021_usd,commitment
BWA::aiddata,BWA,Botswana,2002,aiddata,AidData,,1,0,constant_2023_usd,commitment
BWA::codf,BWA,Botswana,2002,codf,CODF,,0,0,nominal_usd,loan_commitment
BWA::cla,BWA,Botswana,2002,cla,CLA,,0,0,nominal_usd,loan_commitment
BWA::cancel,BWA,Botswana,2002,cancel,Debt cancellation,,0,0,nominal_usd,debt_cancellation
BWA::restruct,BWA,Botswana,2002,restruct,Debt restructuring,,0,0,nominal_usd,debt_restructuring
BWA::cofi,BWA,Botswana,2002,cofi,COFI,,0,0,nominal_usd,investment
BWA::cgef,BWA,Botswana,2002,cgef,CGEF,,0,0,nominal_usd,loan_commitment
BWA::chapo,BWA,Botswana,2002,chapo,CHAPO,,1,0,constant_2021_usd,commitment
BWA::aiddata,BWA,Botswana,2003,aiddata,AidData,75272864.679638,4,4,constant_2023_usd,commitment
BWA::codf,BWA,Botswana,2003,codf,CODF,,0,0,nominal_usd,loan_commitment
BWA::cla,BWA,Botswana,2003,cla,CLA,31040000.0,3,3,nominal_usd,loan_commitment
BWA::cancel,BWA,Botswana,2003,cancel,Debt cancellation,,0,0,nominal_usd,debt_cancellation
BWA::restruct,BWA,Botswana,2003,restruct,Debt restructuring,,0,0,nominal_usd,debt_restructuring
BWA::cofi,BWA,Botswana,2003,cofi,COFI,,0,0,nominal_usd,investment
BWA::cgef,BWA,Botswana,2003,cgef,CGEF,,0,0,nominal_usd,loan_commitment
BWA::chapo,BWA,Botswana,2003,chapo,CHAPO,,0,0,constant_2021_usd,commitment
BWA::aiddata,BWA,Botswana,2004,aiddata,AidData,,0,0,constant_2023_usd,commitment
BWA::codf,BWA,Botswana,2004,codf,CODF,,0,0,nominal_usd,loan_commitment
BWA::cla,BWA,Botswana,2004,cla,CLA,24160000.0,1,1,nominal_usd,loan_commitment
BWA::cancel,BWA,Botswana,2004,cancel,Debt cancellation,,0,0,nominal_usd,debt_cancellation
BWA::restruct,BWA,Botswana,2004,restruct,Debt restructuring,,0,0,nominal_usd,debt_restructuring
BWA::cofi,BWA,Botswana,2004,cofi,COFI,,0,0,nominal_usd,investment
BWA::cgef,BWA,Botswana,2004,cgef,CGEF,,0,0,nominal_usd,loan_commitment
BWA::chapo,BWA,Botswana,2004,chapo,CHAPO,,0,0,constant_2021_usd,commitment
BWA::aiddata,BWA,Botswana,2005,aiddata,AidData,,1,0,constant_2023_usd,commitment
BWA::codf,BWA,Botswana,2005,codf,CODF,,0,0,nominal_usd,loan_commitment
BWA::cla,BWA,Botswana,2005,cla,CLA,3660000.0,1,1,nominal_usd,loan_commitment
BWA::cancel,BWA,Botswana,2005,cancel,Debt cancellation,,0,0,nominal_usd,debt_cancellation
BWA::restruct,BWA,Botswana,2005,restruct,Debt restructuring,,0,0,nominal_usd,debt_restructuring
BWA::cofi,BWA,Botswana,2005,cofi,COFI,,0,0,nominal_usd,investment
BWA::cgef,BWA,Botswana,2005,cgef,CGEF,,0,0,nominal_usd,loan_commitment
BWA::chapo,BWA,Botswana,2005,chapo,CHAPO,,1,0,constant_2021_usd,commitment
BWA::aiddata,BWA,Botswana,2006,aiddata,AidData,50525138.223337,3,3,constant_2023_usd,commitment
BWA::codf,BWA,Botswana,2006,codf,CODF,,0,0,nominal_usd,loan_commitment
BWA::cla,BWA,Botswana,2006,cla,CLA,43360000.0,3,3,nominal_usd,loan_commitment
BWA::cancel,BWA,Botswana,2006,cancel,Debt cancellation,,0,0,nominal_usd,debt_cancellation
BWA::restruct,BWA,Botswana,2006,restruct,Debt restructuring,,0,0,nominal_usd,debt_restructuring
BWA::cofi,BWA,Botswana,2006,cofi,COFI,,0,0,nominal_usd,investment
BWA::cgef,BWA,Botswana,2006,cgef,CGEF,,0,0,nominal_usd,loan_commitment
BWA::chapo,BWA,Botswana,2006,chapo,CHAPO,,0,0,constant_2021_usd,commitment
BWA::aiddata,BWA,Botswana,2007,aiddata,AidData,32578900.912809,4,4,constant_2023_usd,commitment
BWA::codf,BWA,Botswana,2007,codf,CODF,,0,0,nominal_usd,loan_commitment
BWA::cla,BWA,Botswana,2007,cla,CLA,10510000.0,1,1,nominal_usd,loan_commitment
BWA::cancel,BWA,Botswana,2007,cancel,Debt cancellation,,0,0,nominal_usd,debt_cancellation
BWA::restruct,BWA,Botswana,2007,restruct,Debt restructuring,,0,0,nominal_usd,debt_restructuring
BWA::cofi,BWA,Botswana,2007,cofi,COFI,,0,0,nominal_usd,investment
BWA::cgef,BWA,Botswana,2007,cgef,CGEF,,0,0,nominal_usd,loan_commitment
BWA::chapo,BWA,Botswana,2007,chapo,CHAPO,473103.668737,1,1,constant_2021_usd,commitment
BWA::aiddata,BWA,Botswana,2008,aiddata,AidData,6406061.744917,4,2,constant_2023_usd,commitment
BWA::codf,BWA,Botswana,2008,codf,CODF,,0,0,nominal_usd,loan_commitment
BWA::cla,BWA,Botswana,2008,cla,CLA,3220000.0,1,1,nominal_usd,loan_commitment
BWA::cancel,BWA,Botswana,2008,cancel,Debt cancellation,,0,0,nominal_usd,debt_cancellation
BWA::restruct,BWA,Botswana,2008,restruct,Debt restructuring,,0,0,nominal_usd,debt_restructuring
BWA::cofi,BWA,Botswana,2008,cofi,COFI,,0,0,nominal_usd,investment
BWA::cgef,BWA,Botswana,2008,cgef,CGEF,,0,0,nominal_usd,loan_commitment
BWA::chapo,BWA,Botswana,2008,chapo,CHAPO,245264.72741,2,1,constant_2021_usd,commitment
BWA::aiddata,BWA,Botswana,2009,aiddata,AidData,1338848416.024822,10,4,constant_2023_usd,commitment
BWA::codf,BWA,Botswana,2009,codf,CODF,,0,0,nominal_usd,loan_commitment
BWA::cla,BWA,Botswana,2009,cla,CLA,825000000.0,1,1,nominal_usd,loan_commitment
BWA::cancel,BWA,Botswana,2009,cancel,Debt cancellation,,0,0,nominal_usd,debt_cancellation
BWA::restruct,BWA,Botswana,2009,restruct,Debt restructuring,,0,0,nominal_usd,debt_restructuring
BWA::cofi,BWA,Botswana,2009,cofi,COFI,825000000.0,1,1,nominal_usd,investment
BWA::cgef,BWA,Botswana,2009,cgef,CGEF,,0,0,nominal_usd,loan_commitment
BWA::chapo,BWA,Botswana,2009,chapo,CHAPO,,0,0,constant_2021_usd,commitment
BWA::aiddata,BWA,Botswana,2010,aiddata,AidData,,2,0,constant_2023_usd,commitment
BWA::codf,BWA,Botswana,2010,codf,CODF,,0,0,nominal_usd,loan_commitment
BWA::cla,BWA,Botswana,2010,cla,CLA,,0,0,nominal_usd,loan_commitment
BWA::cancel,BWA,Botswana,2010,cancel,Debt cancellation,,0,0,nominal_usd,debt_cancellation
BWA::restruct,BWA,Botswana,2010,restruct,Debt restructuring,,0,0,nominal_usd,debt_restructuring
BWA::cofi,BWA,Botswana,2010,cofi,COFI,,0,0,nominal_usd,investment
BWA::cgef,BWA,Botswana,2010,cgef,CGEF,,0,0,nominal_usd,loan_commitment
BWA::chapo,BWA,Botswana,2010,chapo,CHAPO,,0,0,constant_2021_usd,commitment
BWA::aiddata,BWA,Botswana,2011,aiddata,AidData,3483080.974619,6,3,constant_2023_usd,commitment
BWA::codf,BWA,Botswana,2011,codf,CODF,,0,0,nominal_usd,loan_commitment
BWA::cla,BWA,Botswana,2011,cla,CLA,,0,0,nominal_usd,loan_commitment
BWA::cancel,BWA,Botswana,2011,cancel,Debt cancellation,,0,0,nominal_usd,debt_cancellation
BWA::restruct,BWA,Botswana,2011,restruct,Debt restructuring,,0,0,nominal_usd,debt_restructuring
BWA::cofi,BWA,Botswana,2011,cofi,COFI,,0,0,nominal_usd,investment
BWA::cgef,BWA,Botswana,2011,cgef,CGEF,,0,0,nominal_usd,loan_commitment
BWA::chapo,BWA,Botswana,2011,chapo,CHAPO,3766039.453612,3,2,constant_2021_usd,commitment
BWA::aiddata,BWA,Botswana,2012,aiddata,AidData,,2,0,constant_2023_usd,commitment
BWA::codf,BWA,Botswana,2012,codf,CODF,,0,0,nominal_usd,loan_commitment
BWA::cla,BWA,Botswana,2012,cla,CLA,,0,0,nominal_usd,loan_commitment
BWA::cancel,BWA,Botswana,2012,cancel,Debt cancellation,,0,0,nominal_usd,debt_cancellation
BWA::restruct,BWA,Botswana,2012,restruct,Debt restructuring,,0,0,nominal_usd,debt_restructuring
BWA::cofi,BWA,Botswana,2012,cofi,COFI,,0,0,nominal_usd,investment
BWA::cgef,BWA,Botswana,2012,cgef,CGEF,,0,0,nominal_usd,loan_commitment
BWA::chapo,BWA,Botswana,2012,chapo,CHAPO,,0,0,constant_2021_usd,commitment
BWA::aiddata,BWA,Botswana,2013,aiddata,AidData,13969891.64239,2,2,constant_2023_usd,commitment
BWA::codf,BWA,Botswana,2013,codf,CODF,,0,0,nominal_usd,loan_commitment
BWA::cla,BWA,Botswana,2013,cla,CLA,,0,0,nominal_usd,loan_commitment
BWA::cancel,BWA,Botswana,2013,cancel,Debt cancellation,,0,0,nominal_usd,debt_cancellation
BWA::restruct,BWA,Botswana,2013,restruct,Debt restructuring,,0,0,nominal_usd,debt_restructuring
BWA::cofi,BWA,Botswana,2013,cofi,COFI,,0,0,nominal_usd,investment
BWA::cgef,BWA,Botswana,2013,cgef,CGEF,,0,0,nominal_usd,loan_commitment
BWA::chapo,BWA,Botswana,2013,chapo,CHAPO,564018.276095,1,1,constant_2021_usd,commitment
BWA::aiddata,BWA,Botswana,2014,aiddata,AidData,20002.861578,5,1,constant_2023_usd,commitment
BWA::codf,BWA,Botswana,2014,codf,CODF,,0,0,nominal_usd,loan_commitment
BWA::cla,BWA,Botswana,2014,cla,CLA,,0,0,nominal_usd,loan_commitment
BWA::cancel,BWA,Botswana,2014,cancel,Debt cancellation,,0,0,nominal_usd,debt_cancellation
BWA::restruct,BWA,Botswana,2014,restruct,Debt restructuring,,0,0,nominal_usd,debt_restructuring
BWA::cofi,BWA,Botswana,2014,cofi,COFI,,0,0,nominal_usd,investment
BWA::cgef,BWA,Botswana,2014,cgef,CGEF,,0,0,nominal_usd,loan_commitment
BWA::chapo,BWA,Botswana,2014,chapo,CHAPO,,0,0,constant_2021_usd,commitment
BWA::aiddata,BWA,Botswana,2015,aiddata,AidData,15409426.81634,20,9,constant_2023_usd,commitment
BWA::codf,BWA,Botswana,2015,codf,CODF,,0,0,nominal_usd,loan_commitment
BWA::cla,BWA,Botswana,2015,cla,CLA,,0,0,nominal_usd,loan_commitment
BWA::cancel,BWA,Botswana,2015,cancel,Debt cancellation,,0,0,nominal_usd,debt_cancellation
BWA::restruct,BWA,Botswana,2015,restruct,Debt restructuring,,0,0,nominal_usd,debt_restructuring
BWA::cofi,BWA,Botswana,2015,cofi,COFI,,0,0,nominal_usd,investment
BWA::cgef,BWA,Botswana,2015,cgef,CGEF,,0,0,nominal_usd,loan_commitment
BWA::chapo,BWA,Botswana,2015,chapo,CHAPO,,3,0,constant_2021_usd,commitment
BWA::aiddata,BWA,Botswana,2016,aiddata,AidData,13131203.167426,5,1,constant_2023_usd,commitment
BWA::codf,BWA,Botswana,2016,codf,CODF,,0,0,nominal_usd,loan_commitment
BWA::cla,BWA,Botswana,2016,cla,CLA,,0,0,nominal_usd,loan_commitment
BWA::cancel,BWA,Botswana,2016,cancel,Debt cancellation,,0,0,nominal_usd,debt_cancellation
BWA::restruct,BWA,Botswana,2016,restruct,Debt restructuring,,0,0,nominal_usd,debt_restructuring
BWA::cofi,BWA,Botswana,2016,cofi,COFI,,0,0,nominal_usd,investment
BWA::cgef,BWA,Botswana,2016,cgef,CGEF,,0,0,nominal_usd,loan_commitment
BWA::chapo,BWA,Botswana,2016,chapo,CHAPO,,0,0,constant_2021_usd,commitment
BWA::aiddata,BWA,Botswana,2017,aiddata,AidData,1080601.061073,3,2,constant_2023_usd,commitment
BWA::codf,BWA,Botswana,2017,codf,CODF,,0,0,nominal_usd,loan_commitment
BWA::cla,BWA,Botswana,2017,cla,CLA,,0,0,nominal_usd,loan_commitment
BWA::cancel,BWA,Botswana,2017,cancel,Debt cancellation,,0,0,nominal_usd,debt_cancellation
BWA::restruct,BWA,Botswana,2017,restruct,Debt restructuring,,0,0,nominal_usd,debt_restructuring
BWA::cofi,BWA,Botswana,2017,cofi,COFI,,0,0,nominal_usd,investment
BWA::cgef,BWA,Botswana,2017,cgef,CGEF,,0,0,nominal_usd,loan_commitment
BWA::chapo,BWA,Botswana,2017,chapo,CHAPO,,1,0,constant_2021_usd,commitment
BWA::aiddata,BWA,Botswana,2018,aiddata,AidData,360561.761514,4,2,constant_2023_usd,commitment
BWA::codf,BWA,Botswana,2018,codf,CODF,,0,0,nominal_usd,loan_commitment
BWA::cla,BWA,Botswana,2018,cla,CLA,,0,0,nominal_usd,loan_commitment
BWA::cancel,BWA,Botswana,2018,cancel,Debt cancellation,7760000.0,1,1,nominal_usd,debt_cancellation
BWA::restruct,BWA,Botswana,2018,restruct,Debt restructuring,,0,0,nominal_usd,debt_restructuring
BWA::cofi,BWA,Botswana,2018,cofi,COFI,,0,0,nominal_usd,investment
BWA::cgef,BWA,Botswana,2018,cgef,CGEF,,0,0,nominal_usd,loan_commitment
BWA::chapo,BWA,Botswana,2018,chapo,CHAPO,,1,0,constant_2021_usd,commitment
BWA::aiddata,BWA,Botswana,2019,aiddata,AidData,,6,0,constant_2023_usd,commitment
BWA::codf,BWA,Botswana,2019,codf,CODF,,0,0,nominal_usd,loan_commitment
BWA::cla,BWA,Botswana,2019,cla,CLA,,0,0,nominal_usd,loan_commitment
BWA::cancel,BWA,Botswana,2019,cancel,Debt cancellation,,0,0,nominal_usd,debt_cancellation
BWA::restruct,BWA,Botswana,2019,restruct,Debt restructuring,,0,0,nominal_usd,debt_restructuring
BWA::cofi,BWA,Botswana,2019,cofi,COFI,,0,0,nominal_usd,investment
BWA::cgef,BWA,Botswana,2019,cgef,CGEF,,0,0,nominal_usd,loan_commitment
BWA::chapo,BWA,Botswana,2019,chapo,CHAPO,,0,0,constant_2021_usd,commitment
BWA::aiddata,BWA,Botswana,2020,aiddata,AidData,3703661.754597,14,5,constant_2023_usd,commitment
BWA::codf,BWA,Botswana,2020,codf,CODF,,0,0,nominal_usd,loan_commitment
BWA::cla,BWA,Botswana,2020,cla,CLA,,0,0,nominal_usd,loan_commitment
BWA::cancel,BWA,Botswana,2020,cancel,Debt cancellation,,0,0,nominal_usd,debt_cancellation
BWA::restruct,BWA,Botswana,2020,restruct,Debt restructuring,,0,0,nominal_usd,debt_restructuring
BWA::cofi,BWA,Botswana,2020,cofi,COFI,,0,0,nominal_usd,investment
BWA::cgef,BWA,Botswana,2020,cgef,CGEF,,0,0,nominal_usd,loan_commitment
BWA::chapo,BWA,Botswana,2020,chapo,CHAPO,253857.050643,10,3,constant_2021_usd,commitment
BWA::aiddata,BWA,Botswana,2021,aiddata,AidData,3448227.741814,16,7,constant_2023_usd,commitment
BWA::codf,BWA,Botswana,2021,codf,CODF,,0,0,nominal_usd,loan_commitment
BWA::cla,BWA,Botswana,2021,cla,CLA,,0,0,nominal_usd,loan_commitment
BWA::cancel,BWA,Botswana,2021,cancel,Debt cancellation,,0,0,nominal_usd,debt_cancellation
BWA::restruct,BWA,Botswana,2021,restruct,Debt restructuring,,0,0,nominal_usd,debt_restructuring
BWA::cofi,BWA,Botswana,2021,cofi,COFI,,0,0,nominal_usd,investment
BWA::cgef,BWA,Botswana,2021,cgef,CGEF,,0,0,nominal_usd,loan_commitment
BWA::chapo,BWA,Botswana,2021,chapo,CHAPO,3668808.66426,5,3,constant_2021_usd,commitment
BWA::aiddata,BWA,Botswana,2022,aiddata,AidData,54661.584056,5,2,constant_2023_usd,commitment
BWA::codf,BWA,Botswana,2022,codf,CODF,,0,0,nominal_usd,loan_commitment
BWA::cla,BWA,Botswana,2022,cla,CLA,,0,0,nominal_usd,loan_commitment
BWA::cancel,BWA,Botswana,2022,cancel,Debt cancellation,,0,0,nominal_usd,debt_cancellation
BWA::restruct,BWA,Botswana,2022,restruct,Debt restructuring,,0,0,nominal_usd,debt_restructuring
BWA::cofi,BWA,Botswana,2022,cofi,COFI,,0,0,nominal_usd,investment
BWA::cgef,BWA,Botswana,2022,cgef,CGEF,,0,0,nominal_usd,loan_commitment
BWA::chapo,BWA,Botswana,2022,chapo,CHAPO,,0,0,constant_2021_usd,commitment
BWA::aiddata,BWA,Botswana,2023,aiddata,AidData,2000000000.0,4,1,constant_2023_usd,commitment
BWA::codf,BWA,Botswana,2023,codf,CODF,,0,0,nominal_usd,loan_commitment
BWA::cla,BWA,Botswana,2023,cla,CLA,,0,0,nominal_usd,loan_commitment
BWA::cancel,BWA,Botswana,2023,cancel,Debt cancellation,,0,0,nominal_usd,debt_cancellation
BWA::restruct,BWA,Botswana,2023,restruct,Debt restructuring,,0,0,nominal_usd,debt_restructuring
BWA::cofi,BWA,Botswana,2023,cofi,COFI,,0,0,nominal_usd,investment
BWA::cgef,BWA,Botswana,2023,cgef,CGEF,,0,0,nominal_usd,loan_commitment
BWA::chapo,BWA,Botswana,2023,chapo,CHAPO,,0,0,constant_2021_usd,commitment
BWA::aiddata,BWA,Botswana,2024,aiddata,AidData,,0,0,constant_2023_usd,commitment
BWA::codf,BWA,Botswana,2024,codf,CODF,,0,0,nominal_usd,loan_commitment
BWA::cla,BWA,Botswana,2024,cla,CLA,,0,0,nominal_usd,loan_commitment
BWA::cancel,BWA,Botswana,2024,cancel,Debt cancellation,,0,0,nominal_usd,debt_cancellation
BWA::restruct,BWA,Botswana,2024,restruct,Debt restructuring,,0,0,nominal_usd,debt_restructuring
BWA::cofi,BWA,Botswana,2024,cofi,COFI,,0,0,nominal_usd,investment
BWA::cgef,BWA,Botswana,2024,cgef,CGEF,,0,0,nominal_usd,loan_commitment
BWA::chapo,BWA,Botswana,2024,chapo,CHAPO,,0,0,constant_2021_usd,commitment
CAF::aiddata,CAF,CAR,2000,aiddata,AidData,,0,0,constant_2023_usd,commitment
CAF::codf,CAF,CAR,2000,codf,CODF,,0,0,nominal_usd,loan_commitment
CAF::cla,CAF,CAR,2000,cla,CLA,,0,0,nominal_usd,loan_commitment
CAF::cancel,CAF,CAR,2000,cancel,Debt cancellation,,0,0,nominal_usd,debt_cancellation
CAF::restruct,CAF,CAR,2000,restruct,Debt restructuring,,0,0,nominal_usd,debt_restructuring
CAF::cofi,CAF,CAR,2000,cofi,COFI,,0,0,nominal_usd,investment
CAF::cgef,CAF,CAR,2000,cgef,CGEF,,0,0,nominal_usd,loan_commitment
CAF::chapo,CAF,CAR,2000,chapo,CHAPO,,1,0,constant_2021_usd,commitment
CAF::aiddata,CAF,CAR,2001,aiddata,AidData,,0,0,constant_2023_usd,commitment
CAF::codf,CAF,CAR,2001,codf,CODF,,0,0,nominal_usd,loan_commitment
CAF::cla,CAF,CAR,2001,cla,CLA,,0,0,nominal_usd,loan_commitment
CAF::cancel,CAF,CAR,2001,cancel,Debt cancellation,,0,0,nominal_usd,debt_cancellation
CAF::restruct,CAF,CAR,2001,restruct,Debt restructuring,,0,0,nominal_usd,debt_restructuring
CAF::cofi,CAF,CAR,2001,cofi,COFI,,0,0,nominal_usd,investment
CAF::cgef,CAF,CAR,2001,cgef,CGEF,,0,0,nominal_usd,loan_commitment
CAF::chapo,CAF,CAR,2001,chapo,CHAPO,,0,0,constant_2021_usd,commitment
CAF::aiddata,CAF,CAR,2002,aiddata,AidData,,0,0,constant_2023_usd,commitment
CAF::codf,CAF,CAR,2002,codf,CODF,,0,0,nominal_usd,loan_commitment
CAF::cla,CAF,CAR,2002,cla,CLA,,0,0,nominal_usd,loan_commitment
CAF::cancel,CAF,CAR,2002,cancel,Debt cancellation,,0,0,nominal_usd,debt_cancellation
CAF::restruct,CAF,CAR,2002,restruct,Debt restructuring,,0,0,nominal_usd,debt_restructuring
CAF::cofi,CAF,CAR,2002,cofi,COFI,,0,0,nominal_usd,investment
CAF::cgef,CAF,CAR,2002,cgef,CGEF,,0,0,nominal_usd,loan_commitment
CAF::chapo,CAF,CAR,2002,chapo,CHAPO,241580.202276,2,1,constant_2021_usd,commitment
CAF::aiddata,CAF,CAR,2003,aiddata,AidData,,0,0,constant_2023_usd,commitment
CAF::codf,CAF,CAR,2003,codf,CODF,,0,0,nominal_usd,loan_commitment
CAF::cla,CAF,CAR,2003,cla,CLA,,0,0,nominal_usd,loan_commitment
CAF::cancel,CAF,CAR,2003,cancel,Debt cancellation,,0,0,nominal_usd,debt_cancellation
CAF::restruct,CAF,CAR,2003,restruct,Debt restructuring,,0,0,nominal_usd,debt_restructuring
CAF::cofi,CAF,CAR,2003,cofi,COFI,,0,0,nominal_usd,investment
CAF::cgef,CAF,CAR,2003,cgef,CGEF,,0,0,nominal_usd,loan_commitment
CAF::chapo,CAF,CAR,2003,chapo,CHAPO,,0,0,constant_2021_usd,commitment
CAF::aiddata,CAF,CAR,2004,aiddata,AidData,,0,0,constant_2023_usd,commitment
CAF::codf,CAF,CAR,2004,codf,CODF,,0,0,nominal_usd,loan_commitment
CAF::cla,CAF,CAR,2004,cla,CLA,,0,0,nominal_usd,loan_commitment
CAF::cancel,CAF,CAR,2004,cancel,Debt cancellation,,0,0,nominal_usd,debt_cancellation
CAF::restruct,CAF,CAR,2004,restruct,Debt restructuring,,0,0,nominal_usd,debt_restructuring
CAF::cofi,CAF,CAR,2004,cofi,COFI,,0,0,nominal_usd,investment
CAF::cgef,CAF,CAR,2004,cgef,CGEF,,0,0,nominal_usd,loan_commitment
CAF::chapo,CAF,CAR,2004,chapo,CHAPO,,2,0,constant_2021_usd,commitment
CAF::aiddata,CAF,CAR,2005,aiddata,AidData,,0,0,constant_2023_usd,commitment
CAF::codf,CAF,CAR,2005,codf,CODF,,0,0,nominal_usd,loan_commitment
CAF::cla,CAF,CAR,2005,cla,CLA,,0,0,nominal_usd,loan_commitment
CAF::cancel,CAF,CAR,2005,cancel,Debt cancellation,,0,0,nominal_usd,debt_cancellation
CAF::restruct,CAF,CAR,2005,restruct,Debt restructuring,,0,0,nominal_usd,debt_restructuring
CAF::cofi,CAF,CAR,2005,cofi,COFI,,0,0,nominal_usd,investment
CAF::cgef,CAF,CAR,2005,cgef,CGEF,,0,0,nominal_usd,loan_commitment
CAF::chapo,CAF,CAR,2005,chapo,CHAPO,,0,0,constant_2021_usd,commitment
CAF::aiddata,CAF,CAR,2006,aiddata,AidData,,0,0,constant_2023_usd,commitment
CAF::codf,CAF,CAR,2006,codf,CODF,,0,0,nominal_usd,loan_commitment
CAF::cla,CAF,CAR,2006,cla,CLA,,0,0,nominal_usd,loan_commitment
CAF::cancel,CAF,CAR,2006,cancel,Debt cancellation,,0,0,nominal_usd,debt_cancellation
CAF::restruct,CAF,CAR,2006,restruct,Debt restructuring,,0,0,nominal_usd,debt_restructuring
CAF::cofi,CAF,CAR,2006,cofi,COFI,,0,0,nominal_usd,investment
CAF::cgef,CAF,CAR,2006,cgef,CGEF,,0,0,nominal_usd,loan_commitment
CAF::chapo,CAF,CAR,2006,chapo,CHAPO,36394153.291556,5,4,constant_2021_usd,commitment
CAF::aiddata,CAF,CAR,2007,aiddata,AidData,,0,0,constant_2023_usd,commitment
CAF::codf,CAF,CAR,2007,codf,CODF,,0,0,nominal_usd,loan_commitment
CAF::cla,CAF,CAR,2007,cla,CLA,,0,0,nominal_usd,loan_commitment
CAF::cancel,CAF,CAR,2007,cancel,Debt cancellation,10000000.0,1,1,nominal_usd,debt_cancellation
CAF::restruct,CAF,CAR,2007,restruct,Debt restructuring,,0,0,nominal_usd,debt_restructuring
CAF::cofi,CAF,CAR,2007,cofi,COFI,,0,0,nominal_usd,investment
CAF::cgef,CAF,CAR,2007,cgef,CGEF,,0,0,nominal_usd,loan_commitment
CAF::chapo,CAF,CAR,2007,chapo,CHAPO,189241.467495,1,1,constant_2021_usd,commitment
CAF::aiddata,CAF,CAR,2008,aiddata,AidData,,0,0,constant_2023_usd,commitment
CAF::codf,CAF,CAR,2008,codf,CODF,,0,0,nominal_usd,loan_commitment
CAF::cla,CAF,CAR,2008,cla,CLA,,0,0,nominal_usd,loan_commitment
CAF::cancel,CAF,CAR,2008,cancel,Debt cancellation,,0,0,nominal_usd,debt_cancellation
CAF::restruct,CAF,CAR,2008,restruct,Debt restructuring,,0,0,nominal_usd,debt_restructuring
CAF::cofi,CAF,CAR,2008,cofi,COFI,,0,0,nominal_usd,investment
CAF::cgef,CAF,CAR,2008,cgef,CGEF,,0,0,nominal_usd,loan_commitment
CAF::chapo,CAF,CAR,2008,chapo,CHAPO,219361.419143,2,1,constant_2021_usd,commitment
CAF::aiddata,CAF,CAR,2009,aiddata,AidData,,0,0,constant_2023_usd,commitment
CAF::codf,CAF,CAR,2009,codf,CODF,,0,0,nominal_usd,loan_commitment
CAF::cla,CAF,CAR,2009,cla,CLA,,0,0,nominal_usd,loan_commitment
CAF::cancel,CAF,CAR,2009,cancel,Debt cancellation,,0,0,nominal_usd,debt_cancellation
CAF::restruct,CAF,CAR,2009,restruct,Debt restructuring,,0,0,nominal_usd,debt_restructuring
CAF::cofi,CAF,CAR,2009,cofi,COFI,,0,0,nominal_usd,investment
CAF::cgef,CAF,CAR,2009,cgef,CGEF,,0,0,nominal_usd,loan_commitment
CAF::chapo,CAF,CAR,2009,chapo,CHAPO,,7,0,constant_2021_usd,commitment
CAF::aiddata,CAF,CAR,2010,aiddata,AidData,,0,0,constant_2023_usd,commitment
CAF::codf,CAF,CAR,2010,codf,CODF,,0,0,nominal_usd,loan_commitment
CAF::cla,CAF,CAR,2010,cla,CLA,,0,0,nominal_usd,loan_commitment
CAF::cancel,CAF,CAR,2010,cancel,Debt cancellation,,0,0,nominal_usd,debt_cancellation
CAF::restruct,CAF,CAR,2010,restruct,Debt restructuring,,0,0,nominal_usd,debt_restructuring
CAF::cofi,CAF,CAR,2010,cofi,COFI,,0,0,nominal_usd,investment
CAF::cgef,CAF,CAR,2010,cgef,CGEF,,0,0,nominal_usd,loan_commitment
CAF::chapo,CAF,CAR,2010,chapo,CHAPO,,2,0,constant_2021_usd,commitment
CAF::aiddata,CAF,CAR,2011,aiddata,AidData,,0,0,constant_2023_usd,commitment
CAF::codf,CAF,CAR,2011,codf,CODF,,0,0,nominal_usd,loan_commitment
CAF::cla,CAF,CAR,2011,cla,CLA,,0,0,nominal_usd,loan_commitment
CAF::cancel,CAF,CAR,2011,cancel,Debt cancellation,,0,0,nominal_usd,debt_cancellation
CAF::restruct,CAF,CAR,2011,restruct,Debt restructuring,,0,0,nominal_usd,debt_restructuring
CAF::cofi,CAF,CAR,2011,cofi,COFI,30000000.0,1,1,nominal_usd,investment
CAF::cgef,CAF,CAR,2011,cgef,CGEF,,0,0,nominal_usd,loan_commitment
CAF::chapo,CAF,CAR,2011,chapo,CHAPO,,2,0,constant_2021_usd,commitment
CAF::aiddata,CAF,CAR,2012,aiddata,AidData,,0,0,constant_2023_usd,commitment
CAF::codf,CAF,CAR,2012,codf,CODF,,0,0,nominal_usd,loan_commitment
CAF::cla,CAF,CAR,2012,cla,CLA,,0,0,nominal_usd,loan_commitment
CAF::cancel,CAF,CAR,2012,cancel,Debt cancellation,,0,0,nominal_usd,debt_cancellation
CAF::restruct,CAF,CAR,2012,restruct,Debt restructuring,,0,0,nominal_usd,debt_restructuring
CAF::cofi,CAF,CAR,2012,cofi,COFI,,0,0,nominal_usd,investment
CAF::cgef,CAF,CAR,2012,cgef,CGEF,,0,0,nominal_usd,loan_commitment
CAF::chapo,CAF,CAR,2012,chapo,CHAPO,,2,0,constant_2021_usd,commitment
CAF::aiddata,CAF,CAR,2013,aiddata,AidData,,0,0,constant_2023_usd,commitment
CAF::codf,CAF,CAR,2013,codf,CODF,,0,0,nominal_usd,loan_commitment
CAF::cla,CAF,CAR,2013,cla,CLA,,0,0,nominal_usd,loan_commitment
CAF::cancel,CAF,CAR,2013,cancel,Debt cancellation,,0,0,nominal_usd,debt_cancellation
CAF::restruct,CAF,CAR,2013,restruct,Debt restructuring,,0,0,nominal_usd,debt_restructuring
CAF::cofi,CAF,CAR,2013,cofi,COFI,,0,0,nominal_usd,investment
CAF::cgef,CAF,CAR,2013,cgef,CGEF,,0,0,nominal_usd,loan_commitment
CAF::chapo,CAF,CAR,2013,chapo,CHAPO,,0,0,constant_2021_usd,commitment
CAF::aiddata,CAF,CAR,2014,aiddata,AidData,,0,0,constant_2023_usd,commitment
CAF::codf,CAF,CAR,2014,codf,CODF,,0,0,nominal_usd,loan_commitment
CAF::cla,CAF,CAR,2014,cla,CLA,,0,0,nominal_usd,loan_commitment
CAF::cancel,CAF,CAR,2014,cancel,Debt cancellation,,0,0,nominal_usd,debt_cancellation
CAF::restruct,CAF,CAR,2014,restruct,Debt restructuring,,0,0,nominal_usd,debt_restructuring
CAF::cofi,CAF,CAR,2014,cofi,COFI,,0,0,nominal_usd,investment
CAF::cgef,CAF,CAR,2014,cgef,CGEF,,0,0,nominal_usd,loan_commitment
CAF::chapo,CAF,CAR,2014,chapo,CHAPO,,0,0,constant_2021_usd,commitment
CAF::aiddata,CAF,CAR,2015,aiddata,AidData,,0,0,constant_2023_usd,commitment
CAF::codf,CAF,CAR,2015,codf,CODF,,0,0,nominal_usd,loan_commitment
CAF::cla,CAF,CAR,2015,cla,CLA,,0,0,nominal_usd,loan_commitment
CAF::cancel,CAF,CAR,2015,cancel,Debt cancellation,,0,0,nominal_usd,debt_cancellation
CAF::restruct,CAF,CAR,2015,restruct,Debt restructuring,,0,0,nominal_usd,debt_restructuring
CAF::cofi,CAF,CAR,2015,cofi,COFI,,0,0,nominal_usd,investment
CAF::cgef,CAF,CAR,2015,cgef,CGEF,,0,0,nominal_usd,loan_commitment
CAF::chapo,CAF,CAR,2015,chapo,CHAPO,,1,0,constant_2021_usd,commitment
CAF::aiddata,CAF,CAR,2016,aiddata,AidData,,0,0,constant_2023_usd,commitment
CAF::codf,CAF,CAR,2016,codf,CODF,,0,0,nominal_usd,loan_commitment
CAF::cla,CAF,CAR,2016,cla,CLA,,0,0,nominal_usd,loan_commitment
CAF::cancel,CAF,CAR,2016,cancel,Debt cancellation,,0,0,nominal_usd,debt_cancellation
CAF::restruct,CAF,CAR,2016,restruct,Debt restructuring,,0,0,nominal_usd,debt_restructuring
CAF::cofi,CAF,CAR,2016,cofi,COFI,,0,0,nominal_usd,investment
CAF::cgef,CAF,CAR,2016,cgef,CGEF,,0,0,nominal_usd,loan_commitment
CAF::chapo,CAF,CAR,2016,chapo,CHAPO,119471.463719,2,1,constant_2021_usd,commitment
CAF::aiddata,CAF,CAR,2017,aiddata,AidData,,0,0,constant_2023_usd,commitment
CAF::codf,CAF,CAR,2017,codf,CODF,,0,0,nominal_usd,loan_commitment
CAF::cla,CAF,CAR,2017,cla,CLA,,0,0,nominal_usd,loan_commitment
CAF::cancel,CAF,CAR,2017,cancel,Debt cancellation,31740000.0,1,1,nominal_usd,debt_cancellation
CAF::restruct,CAF,CAR,2017,restruct,Debt restructuring,,0,0,nominal_usd,debt_restructuring
CAF::cofi,CAF,CAR,2017,cofi,COFI,,0,0,nominal_usd,investment
CAF::cgef,CAF,CAR,2017,cgef,CGEF,,0,0,nominal_usd,loan_commitment
CAF::chapo,CAF,CAR,2017,chapo,CHAPO,296979.062167,1,1,constant_2021_usd,commitment
CAF::aiddata,CAF,CAR,2018,aiddata,AidData,,0,0,constant_2023_usd,commitment
CAF::codf,CAF,CAR,2018,codf,CODF,,0,0,nominal_usd,loan_commitment
CAF::cla,CAF,CAR,2018,cla,CLA,,0,0,nominal_usd,loan_commitment
CAF::cancel,CAF,CAR,2018,cancel,Debt cancellation,,0,0,nominal_usd,debt_cancellation
CAF::restruct,CAF,CAR,2018,restruct,Debt restructuring,,0,0,nominal_usd,debt_restructuring
CAF::cofi,CAF,CAR,2018,cofi,COFI,,0,0,nominal_usd,investment
CAF::cgef,CAF,CAR,2018,cgef,CGEF,,0,0,nominal_usd,loan_commitment
CAF::chapo,CAF,CAR,2018,chapo,CHAPO,3922439.258156,5,1,constant_2021_usd,commitment
CAF::aiddata,CAF,CAR,2019,aiddata,AidData,,0,0,constant_2023_usd,commitment
CAF::codf,CAF,CAR,2019,codf,CODF,,0,0,nominal_usd,loan_commitment
CAF::cla,CAF,CAR,2019,cla,CLA,,0,0,nominal_usd,loan_commitment
CAF::cancel,CAF,CAR,2019,cancel,Debt cancellation,2560000.0,1,1,nominal_usd,debt_cancellation
CAF::restruct,CAF,CAR,2019,restruct,Debt restructuring,,0,0,nominal_usd,debt_restructuring
CAF::cofi,CAF,CAR,2019,cofi,COFI,,0,0,nominal_usd,investment
CAF::cgef,CAF,CAR,2019,cgef,CGEF,,0,0,nominal_usd,loan_commitment
CAF::chapo,CAF,CAR,2019,chapo,CHAPO,395960.43728,2,1,constant_2021_usd,commitment
CAF::aiddata,CAF,CAR,2020,aiddata,AidData,,0,0,constant_2023_usd,commitment
CAF::codf,CAF,CAR,2020,codf,CODF,,0,0,nominal_usd,loan_commitment
CAF::cla,CAF,CAR,2020,cla,CLA,,0,0,nominal_usd,loan_commitment
CAF::cancel,CAF,CAR,2020,cancel,Debt cancellation,,0,0,nominal_usd,debt_cancellation
CAF::restruct,CAF,CAR,2020,restruct,Debt restructuring,,0,0,nominal_usd,debt_restructuring
CAF::cofi,CAF,CAR,2020,cofi,COFI,,0,0,nominal_usd,investment
CAF::cgef,CAF,CAR,2020,cgef,CGEF,,0,0,nominal_usd,loan_commitment
CAF::chapo,CAF,CAR,2020,chapo,CHAPO,1183681.930654,8,7,constant_2021_usd,commitment
CAF::aiddata,CAF,CAR,2021,aiddata,AidData,,0,0,constant_2023_usd,commitment
CAF::codf,CAF,CAR,2021,codf,CODF,,0,0,nominal_usd,loan_commitment
CAF::cla,CAF,CAR,2021,cla,CLA,,0,0,nominal_usd,loan_commitment
CAF::cancel,CAF,CAR,2021,cancel,Debt cancellation,,0,0,nominal_usd,debt_cancellation
CAF::restruct,CAF,CAR,2021,restruct,Debt restructuring,,0,0,nominal_usd,debt_restructuring
CAF::cofi,CAF,CAR,2021,cofi,COFI,,0,0,nominal_usd,investment
CAF::cgef,CAF,CAR,2021,cgef,CGEF,,0,0,nominal_usd,loan_commitment
CAF::chapo,CAF,CAR,2021,chapo,CHAPO,2700000.0,1,1,constant_2021_usd,commitment
CAF::aiddata,CAF,CAR,2022,aiddata,AidData,,0,0,constant_2023_usd,commitment
CAF::codf,CAF,CAR,2022,codf,CODF,,0,0,nominal_usd,loan_commitment
CAF::cla,CAF,CAR,2022,cla,CLA,,0,0,nominal_usd,loan_commitment
CAF::cancel,CAF,CAR,2022,cancel,Debt cancellation,,0,0,nominal_usd,debt_cancellation
CAF::restruct,CAF,CAR,2022,restruct,Debt restructuring,,0,0,nominal_usd,debt_restructuring
CAF::cofi,CAF,CAR,2022,cofi,COFI,,0,0,nominal_usd,investment
CAF::cgef,CAF,CAR,2022,cgef,CGEF,,0,0,nominal_usd,loan_commitment
CAF::chapo,CAF,CAR,2022,chapo,CHAPO,,0,0,constant_2021_usd,commitment
CAF::aiddata,CAF,CAR,2023,aiddata,AidData,,0,0,constant_2023_usd,commitment
CAF::codf,CAF,CAR,2023,codf,CODF,,0,0,nominal_usd,loan_commitment
CAF::cla,CAF,CAR,2023,cla,CLA,,0,0,nominal_usd,loan_commitment
CAF::cancel,CAF,CAR,2023,cancel,Debt cancellation,,0,0,nominal_usd,debt_cancellation
CAF::restruct,CAF,CAR,2023,restruct,Debt restructuring,,0,0,nominal_usd,debt_restructuring
CAF::cofi,CAF,CAR,2023,cofi,COFI,,0,0,nominal_usd,investment
CAF::cgef,CAF,CAR,2023,cgef,CGEF,,0,0,nominal_usd,loan_commitment
CAF::chapo,CAF,CAR,2023,chapo,CHAPO,,0,0,constant_2021_usd,commitment
CAF::aiddata,CAF,CAR,2024,aiddata,AidData,,0,0,constant_2023_usd,commitment
CAF::codf,CAF,CAR,2024,codf,CODF,,0,0,nominal_usd,loan_commitment
CAF::cla,CAF,CAR,2024,cla,CLA,,0,0,nominal_usd,loan_commitment
CAF::cancel,CAF,CAR,2024,cancel,Debt cancellation,,0,0,nominal_usd,debt_cancellation
CAF::restruct,CAF,CAR,2024,restruct,Debt restructuring,,0,0,nominal_usd,debt_restructuring
CAF::cofi,CAF,CAR,2024,cofi,COFI,,0,0,nominal_usd,investment
CAF::cgef,CAF,CAR,2024,cgef,CGEF,,0,0,nominal_usd,loan_commitment
CAF::chapo,CAF,CAR,2024,chapo,CHAPO,,0,0,constant_2021_usd,commitment
CIV::aiddata,CIV,Cote d'Ivoire,2000,aiddata,AidData,2863383.137489,1,1,constant_2023_usd,commitment
CIV::codf,CIV,Cote d'Ivoire,2000,codf,CODF,,0,0,nominal_usd,loan_commitment
CIV::cla,CIV,Cote d'Ivoire,2000,cla,CLA,,0,0,nominal_usd,loan_commitment
CIV::cancel,CIV,Cote d'Ivoire,2000,cancel,Debt cancellation,,0,0,nominal_usd,debt_cancellation
CIV::restruct,CIV,Cote d'Ivoire,2000,restruct,Debt restructuring,,0,0,nominal_usd,debt_restructuring
CIV::cofi,CIV,Cote d'Ivoire,2000,cofi,COFI,,0,0,nominal_usd,investment
CIV::cgef,CIV,Cote d'Ivoire,2000,cgef,CGEF,,0,0,nominal_usd,loan_commitment
CIV::chapo,CIV,Cote d'Ivoire,2000,chapo,CHAPO,,0,0,constant_2021_usd,commitment
CIV::aiddata,CIV,Cote d'Ivoire,2001,aiddata,AidData,,0,0,constant_2023_usd,commitment
CIV::codf,CIV,Cote d'Ivoire,2001,codf,CODF,,0,0,nominal_usd,loan_commitment
CIV::cla,CIV,Cote d'Ivoire,2001,cla,CLA,,0,0,nominal_usd,loan_commitment
CIV::cancel,CIV,Cote d'Ivoire,2001,cancel,Debt cancellation,,0,0,nominal_usd,debt_cancellation
CIV::restruct,CIV,Cote d'Ivoire,2001,restruct,Debt restructuring,,0,0,nominal_usd,debt_restructuring
CIV::cofi,CIV,Cote d'Ivoire,2001,cofi,COFI,,0,0,nominal_usd,investment
CIV::cgef,CIV,Cote d'Ivoire,2001,cgef,CGEF,,0,0,nominal_usd,loan_commitment
CIV::chapo,CIV,Cote d'Ivoire,2001,chapo,CHAPO,,0,0,constant_2021_usd,commitment
CIV::aiddata,CIV,Cote d'Ivoire,2002,aiddata,AidData,52995663.02188,3,2,constant_2023_usd,commitment
CIV::codf,CIV,Cote d'Ivoire,2002,codf,CODF,,0,0,nominal_usd,loan_commitment
CIV::cla,CIV,Cote d'Ivoire,2002,cla,CLA,,0,0,nominal_usd,loan_commitment
CIV::cancel,CIV,Cote d'Ivoire,2002,cancel,Debt cancellation,,0,0,nominal_usd,debt_cancellation
CIV::restruct,CIV,Cote d'Ivoire,2002,restruct,Debt restructuring,,0,0,nominal_usd,debt_restructuring
CIV::cofi,CIV,Cote d'Ivoire,2002,cofi,COFI,,0,0,nominal_usd,investment
CIV::cgef,CIV,Cote d'Ivoire,2002,cgef,CGEF,,0,0,nominal_usd,loan_commitment
CIV::chapo,CIV,Cote d'Ivoire,2002,chapo,CHAPO,,0,0,constant_2021_usd,commitment
CIV::aiddata,CIV,Cote d'Ivoire,2003,aiddata,AidData,,1,0,constant_2023_usd,commitment
CIV::codf,CIV,Cote d'Ivoire,2003,codf,CODF,,0,0,nominal_usd,loan_commitment
CIV::cla,CIV,Cote d'Ivoire,2003,cla,CLA,,0,0,nominal_usd,loan_commitment
CIV::cancel,CIV,Cote d'Ivoire,2003,cancel,Debt cancellation,,0,0,nominal_usd,debt_cancellation
CIV::restruct,CIV,Cote d'Ivoire,2003,restruct,Debt restructuring,,0,0,nominal_usd,debt_restructuring
CIV::cofi,CIV,Cote d'Ivoire,2003,cofi,COFI,,0,0,nominal_usd,investment
CIV::cgef,CIV,Cote d'Ivoire,2003,cgef,CGEF,,0,0,nominal_usd,loan_commitment
CIV::chapo,CIV,Cote d'Ivoire,2003,chapo,CHAPO,,0,0,constant_2021_usd,commitment
CIV::aiddata,CIV,Cote d'Ivoire,2004,aiddata,AidData,,0,0,constant_2023_usd,commitment
CIV::codf,CIV,Cote d'Ivoire,2004,codf,CODF,,0,0,nominal_usd,loan_commitment
CIV::cla,CIV,Cote d'Ivoire,2004,cla,CLA,,0,0,nominal_usd,loan_commitment
CIV::cancel,CIV,Cote d'Ivoire,2004,cancel,Debt cancellation,,0,0,nominal_usd,debt_cancellation
CIV::restruct,CIV,Cote d'Ivoire,2004,restruct,Debt restructuring,,0,0,nominal_usd,debt_restructuring
CIV::cofi,CIV,Cote d'Ivoire,2004,cofi,COFI,,0,0,nominal_usd,investment
CIV::cgef,CIV,Cote d'Ivoire,2004,cgef,CGEF,,0,0,nominal_usd,loan_commitment
CIV::chapo,CIV,Cote d'Ivoire,2004,chapo,CHAPO,,0,0,constant_2021_usd,commitment
CIV::aiddata,CIV,Cote d'Ivoire,2005,aiddata,AidData,,0,0,constant_2023_usd,commitment
CIV::codf,CIV,Cote d'Ivoire,2005,codf,CODF,,0,0,nominal_usd,loan_commitment
CIV::cla,CIV,Cote d'Ivoire,2005,cla,CLA,,0,0,nominal_usd,loan_commitment
CIV::cancel,CIV,Cote d'Ivoire,2005,cancel,Debt cancellation,,0,0,nominal_usd,debt_cancellation
CIV::restruct,CIV,Cote d'Ivoire,2005,restruct,Debt restructuring,,0,0,nominal_usd,debt_restructuring
CIV::cofi,CIV,Cote d'Ivoire,2005,cofi,COFI,,0,0,nominal_usd,investment
CIV::cgef,CIV,Cote d'Ivoire,2005,cgef,CGEF,,0,0,nominal_usd,loan_commitment
CIV::chapo,CIV,Cote d'Ivoire,2005,chapo,CHAPO,,0,0,constant_2021_usd,commitment
CIV::aiddata,CIV,Cote d'Ivoire,2006,aiddata,AidData,5618795.67461,4,2,constant_2023_usd,commitment
CIV::codf,CIV,Cote d'Ivoire,2006,codf,CODF,,0,0,nominal_usd,loan_commitment
CIV::cla,CIV,Cote d'Ivoire,2006,cla,CLA,,0,0,nominal_usd,loan_commitment
CIV::cancel,CIV,Cote d'Ivoire,2006,cancel,Debt cancellation,,0,0,nominal_usd,debt_cancellation
CIV::restruct,CIV,Cote d'Ivoire,2006,restruct,Debt restructuring,,0,0,nominal_usd,debt_restructuring
CIV::cofi,CIV,Cote d'Ivoire,2006,cofi,COFI,,0,0,nominal_usd,investment
CIV::cgef,CIV,Cote d'Ivoire,2006,cgef,CGEF,,0,0,nominal_usd,loan_commitment
CIV::chapo,CIV,Cote d'Ivoire,2006,chapo,CHAPO,,1,0,constant_2021_usd,commitment
CIV::aiddata,CIV,Cote d'Ivoire,2007,aiddata,AidData,41400827.776226,3,2,constant_2023_usd,commitment
CIV::codf,CIV,Cote d'Ivoire,2007,codf,CODF,,0,0,nominal_usd,loan_commitment
CIV::cla,CIV,Cote d'Ivoire,2007,cla,CLA,,0,0,nominal_usd,loan_commitment
CIV::cancel,CIV,Cote d'Ivoire,2007,cancel,Debt cancellation,24600000.0,1,1,nominal_usd,debt_cancellation
CIV::restruct,CIV,Cote d'Ivoire,2007,restruct,Debt restructuring,,0,0,nominal_usd,debt_restructuring
CIV::cofi,CIV,Cote d'Ivoire,2007,cofi,COFI,,0,0,nominal_usd,investment
CIV::cgef,CIV,Cote d'Ivoire,2007,cgef,CGEF,,0,0,nominal_usd,loan_commitment
CIV::chapo,CIV,Cote d'Ivoire,2007,chapo,CHAPO,,1,0,constant_2021_usd,commitment
CIV::aiddata,CIV,Cote d'Ivoire,2008,aiddata,AidData,50089401.589096,5,5,constant_2023_usd,commitment
CIV::codf,CIV,Cote d'Ivoire,2008,codf,CODF,34530000.0,1,1,nominal_usd,loan_commitment
CIV::cla,CIV,Cote d'Ivoire,2008,cla,CLA,,0,0,nominal_usd,loan_commitment
CIV::cancel,CIV,Cote d'Ivoire,2008,cancel,Debt cancellation,,0,0,nominal_usd,debt_cancellation
CIV::restruct,CIV,Cote d'Ivoire,2008,restruct,Debt restructuring,,0,0,nominal_usd,debt_restructuring
CIV::cofi,CIV,Cote d'Ivoire,2008,cofi,COFI,,0,0,nominal_usd,investment
CIV::cgef,CIV,Cote d'Ivoire,2008,cgef,CGEF,,0,0,nominal_usd,loan_commitment
CIV::chapo,CIV,Cote d'Ivoire,2008,chapo,CHAPO,1538996.226775,3,3,constant_2021_usd,commitment
CIV::aiddata,CIV,Cote d'Ivoire,2009,aiddata,AidData,10149760.030492,2,1,constant_2023_usd,commitment
CIV::codf,CIV,Cote d'Ivoire,2009,codf,CODF,,0,0,nominal_usd,loan_commitment
CIV::cla,CIV,Cote d'Ivoire,2009,cla,CLA,,0,0,nominal_usd,loan_commitment
CIV::cancel,CIV,Cote d'Ivoire,2009,cancel,Debt cancellation,,0,0,nominal_usd,debt_cancellation
CIV::restruct,CIV,Cote d'Ivoire,2009,restruct,Debt restructuring,,0,0,nominal_usd,debt_restructuring
CIV::cofi,CIV,Cote d'Ivoire,2009,cofi,COFI,,0,0,nominal_usd,investment
CIV::cgef,CIV,Cote d'Ivoire,2009,cgef,CGEF,,0,0,nominal_usd,loan_commitment
CIV::chapo,CIV,Cote d'Ivoire,2009,chapo,CHAPO,10988860.581097,1,1,constant_2021_usd,commitment
CIV::aiddata,CIV,Cote d'Ivoire,2010,aiddata,AidData,36480320.185634,2,1,constant_2023_usd,commitment
CIV::codf,CIV,Cote d'Ivoire,2010,codf,CODF,59080000.0,1,1,nominal_usd,loan_commitment
CIV::cla,CIV,Cote d'Ivoire,2010,cla,CLA,,0,0,nominal_usd,loan_commitment
CIV::cancel,CIV,Cote d'Ivoire,2010,cancel,Debt cancellation,,0,0,nominal_usd,debt_cancellation
CIV::restruct,CIV,Cote d'Ivoire,2010,restruct,Debt restructuring,,0,0,nominal_usd,debt_restructuring
CIV::cofi,CIV,Cote d'Ivoire,2010,cofi,COFI,,0,0,nominal_usd,investment
CIV::cgef,CIV,Cote d'Ivoire,2010,cgef,CGEF,,0,0,nominal_usd,loan_commitment
CIV::chapo,CIV,Cote d'Ivoire,2010,chapo,CHAPO,,0,0,constant_2021_usd,commitment
CIV::aiddata,CIV,Cote d'Ivoire,2011,aiddata,AidData,150378592.240923,5,5,constant_2023_usd,commitment
CIV::codf,CIV,Cote d'Ivoire,2011,codf,CODF,,0,0,nominal_usd,loan_commitment
CIV::cla,CIV,Cote d'Ivoire,2011,cla,CLA,,0,0,nominal_usd,loan_commitment
CIV::cancel,CIV,Cote d'Ivoire,2011,cancel,Debt cancellation,,1,0,nominal_usd,debt_cancellation
CIV::restruct,CIV,Cote d'Ivoire,2011,restruct,Debt restructuring,,0,0,nominal_usd,debt_restructuring
CIV::cofi,CIV,Cote d'Ivoire,2011,cofi,COFI,,0,0,nominal_usd,investment
CIV::cgef,CIV,Cote d'Ivoire,2011,cgef,CGEF,,0,0,nominal_usd,loan_commitment
CIV::chapo,CIV,Cote d'Ivoire,2011,chapo,CHAPO,,0,0,constant_2021_usd,commitment
CIV::aiddata,CIV,Cote d'Ivoire,2012,aiddata,AidData,164595137.395946,12,9,constant_2023_usd,commitment
CIV::codf,CIV,Cote d'Ivoire,2012,codf,CODF,210170000.0,2,2,nominal_usd,loan_commitment
CIV::cla,CIV,Cote d'Ivoire,2012,cla,CLA,,0,0,nominal_usd,loan_commitment
CIV::cancel,CIV,Cote d'Ivoire,2012,cancel,Debt cancellation,,0,0,nominal_usd,debt_cancellation
CIV::restruct,CIV,Cote d'Ivoire,2012,restruct,Debt restructuring,,0,0,nominal_usd,debt_restructuring
CIV::cofi,CIV,Cote d'Ivoire,2012,cofi,COFI,,0,0,nominal_usd,investment
CIV::cgef,CIV,Cote d'Ivoire,2012,cgef,CGEF,,0,0,nominal_usd,loan_commitment
CIV::chapo,CIV,Cote d'Ivoire,2012,chapo,CHAPO,7725311.633498,1,1,constant_2021_usd,commitment
CIV::aiddata,CIV,Cote d'Ivoire,2013,aiddata,AidData,521105973.770242,5,4,constant_2023_usd,commitment
CIV::codf,CIV,Cote d'Ivoire,2013,codf,CODF,500000000.0,1,1,nominal_usd,loan_commitment
CIV::cla,CIV,Cote d'Ivoire,2013,cla,CLA,,0,0,nominal_usd,loan_commitment
CIV::cancel,CIV,Cote d'Ivoire,2013,cancel,Debt cancellation,,0,0,nominal_usd,debt_cancellation
CIV::restruct,CIV,Cote d'Ivoire,2013,restruct,Debt restructuring,,0,0,nominal_usd,debt_restructuring
CIV::cofi,CIV,Cote d'Ivoire,2013,cofi,COFI,558200000.0,2,2,nominal_usd,investment
CIV::cgef,CIV,Cote d'Ivoire,2013,cgef,CGEF,500000000.0,1,1,nominal_usd,loan_commitment
CIV::chapo,CIV,Cote d'Ivoire,2013,chapo,CHAPO,1462715.334364,1,1,constant_2021_usd,commitment
CIV::aiddata,CIV,Cote d'Ivoire,2014,aiddata,AidData,1004549516.610114,12,7,constant_2023_usd,commitment
CIV::codf,CIV,Cote d'Ivoire,2014,codf,CODF,891410000.0,2,2,nominal_usd,loan_commitment
CIV::cla,CIV,Cote d'Ivoire,2014,cla,CLA,,0,0,nominal_usd,loan_commitment
CIV::cancel,CIV,Cote d'Ivoire,2014,cancel,Debt cancellation,,0,0,nominal_usd,debt_cancellation
CIV::restruct,CIV,Cote d'Ivoire,2014,restruct,Debt restructuring,,0,0,nominal_usd,debt_restructuring
CIV::cofi,CIV,Cote d'Ivoire,2014,cofi,COFI,,0,0,nominal_usd,investment
CIV::cgef,CIV,Cote d'Ivoire,2014,cgef,CGEF,,0,0,nominal_usd,loan_commitment
CIV::chapo,CIV,Cote d'Ivoire,2014,chapo,CHAPO,898396.36829,3,1,constant_2021_usd,commitment
CIV::aiddata,CIV,Cote d'Ivoire,2015,aiddata,AidData,851192425.908458,6,4,constant_2023_usd,commitment
CIV::codf,CIV,Cote d'Ivoire,2015,codf,CODF,769380000.0,2,2,nominal_usd,loan_commitment
CIV::cla,CIV,Cote d'Ivoire,2015,cla,CLA,,0,0,nominal_usd,loan_commitment
CIV::cancel,CIV,Cote d'Ivoire,2015,cancel,Debt cancellation,,0,0,nominal_usd,debt_cancellation
CIV::restruct,CIV,Cote d'Ivoire,2015,restruct,Debt restructuring,,0,0,nominal_usd,debt_restructuring
CIV::cofi,CIV,Cote d'Ivoire,2015,cofi,COFI,,0,0,nominal_usd,investment
CIV::cgef,CIV,Cote d'Ivoire,2015,cgef,CGEF,769380000.0,2,2,nominal_usd,loan_commitment
CIV::chapo,CIV,Cote d'Ivoire,2015,chapo,CHAPO,,0,0,constant_2021_usd,commitment
CIV::aiddata,CIV,Cote d'Ivoire,2016,aiddata,AidData,100359492.556614,7,3,constant_2023_usd,commitment
CIV::codf,CIV,Cote d'Ivoire,2016,codf,CODF,57110000.0,1,1,nominal_usd,loan_commitment
CIV::cla,CIV,Cote d'Ivoire,2016,cla,CLA,,0,0,nominal_usd,loan_commitment
CIV::cancel,CIV,Cote d'Ivoire,2016,cancel,Debt cancellation,,0,0,nominal_usd,debt_cancellation
CIV::restruct,CIV,Cote d'Ivoire,2016,restruct,Debt restructuring,,0,0,nominal_usd,debt_restructuring
CIV::cofi,CIV,Cote d'Ivoire,2016,cofi,COFI,,0,0,nominal_usd,investment
CIV::cgef,CIV,Cote d'Ivoire,2016,cgef,CGEF,,0,0,nominal_usd,loan_commitment
CIV::chapo,CIV,Cote d'Ivoire,2016,chapo,CHAPO,,1,0,constant_2021_usd,commitment
CIV::aiddata,CIV,Cote d'Ivoire,2017,aiddata,AidData,151624041.384334,9,5,constant_2023_usd,commitment
CIV::codf,CIV,Cote d'Ivoire,2017,codf,CODF,127960000.0,2,2,nominal_usd,loan_commitment
CIV::cla,CIV,Cote d'Ivoire,2017,cla,CLA,,0,0,nominal_usd,loan_commitment
CIV::cancel,CIV,Cote d'Ivoire,2017,cancel,Debt cancellation,,0,0,nominal_usd,debt_cancellation
CIV::restruct,CIV,Cote d'Ivoire,2017,restruct,Debt restructuring,,0,0,nominal_usd,debt_restructuring
CIV::cofi,CIV,Cote d'Ivoire,2017,cofi,COFI,,0,0,nominal_usd,investment
CIV::cgef,CIV,Cote d'Ivoire,2017,cgef,CGEF,,0,0,nominal_usd,loan_commitment
CIV::chapo,CIV,Cote d'Ivoire,2017,chapo,CHAPO,,0,0,constant_2021_usd,commitment
CIV::aiddata,CIV,Cote d'Ivoire,2018,aiddata,AidData,1241699354.198037,33,17,constant_2023_usd,commitment
CIV::codf,CIV,Cote d'Ivoire,2018,codf,CODF,297430000.0,1,1,nominal_usd,loan_commitment
CIV::cla,CIV,Cote d'Ivoire,2018,cla,CLA,,0,0,nominal_usd,loan_commitment
CIV::cancel,CIV,Cote d'Ivoire,2018,cancel,Debt cancellation,,0,0,nominal_usd,debt_cancellation
CIV::restruct,CIV,Cote d'Ivoire,2018,restruct,Debt restructuring,,0,0,nominal_usd,debt_restructuring
CIV::cofi,CIV,Cote d'Ivoire,2018,cofi,COFI,,0,0,nominal_usd,investment
CIV::cgef,CIV,Cote d'Ivoire,2018,cgef,CGEF,,0,0,nominal_usd,loan_commitment
CIV::chapo,CIV,Cote d'Ivoire,2018,chapo,CHAPO,346044.053705,1,1,constant_2021_usd,commitment
CIV::aiddata,CIV,Cote d'Ivoire,2019,aiddata,AidData,1241253703.8359,20,12,constant_2023_usd,commitment
CIV::codf,CIV,Cote d'Ivoire,2019,codf,CODF,572910000.0,2,2,nominal_usd,loan_commitment
CIV::cla,CIV,Cote d'Ivoire,2019,cla,CLA,,0,0,nominal_usd,loan_commitment
CIV::cancel,CIV,Cote d'Ivoire,2019,cancel,Debt cancellation,,0,0,nominal_usd,debt_cancellation
CIV::restruct,CIV,Cote d'Ivoire,2019,restruct,Debt restructuring,,0,0,nominal_usd,debt_restructuring
CIV::cofi,CIV,Cote d'Ivoire,2019,cofi,COFI,290000000.0,1,1,nominal_usd,investment
CIV::cgef,CIV,Cote d'Ivoire,2019,cgef,CGEF,289100000.0,1,1,nominal_usd,loan_commitment
CIV::chapo,CIV,Cote d'Ivoire,2019,chapo,CHAPO,,2,0,constant_2021_usd,commitment
CIV::aiddata,CIV,Cote d'Ivoire,2020,aiddata,AidData,922373025.367057,22,18,constant_2023_usd,commitment
CIV::codf,CIV,Cote d'Ivoire,2020,codf,CODF,,0,0,nominal_usd,loan_commitment
CIV::cla,CIV,Cote d'Ivoire,2020,cla,CLA,,0,0,nominal_usd,loan_commitment
CIV::cancel,CIV,Cote d'Ivoire,2020,cancel,Debt cancellation,,0,0,nominal_usd,debt_cancellation
CIV::restruct,CIV,Cote d'Ivoire,2020,restruct,Debt restructuring,,0,0,nominal_usd,debt_restructuring
CIV::cofi,CIV,Cote d'Ivoire,2020,cofi,COFI,,0,0,nominal_usd,investment
CIV::cgef,CIV,Cote d'Ivoire,2020,cgef,CGEF,,0,0,nominal_usd,loan_commitment
CIV::chapo,CIV,Cote d'Ivoire,2020,chapo,CHAPO,1519587.222011,16,14,constant_2021_usd,commitment
CIV::aiddata,CIV,Cote d'Ivoire,2021,aiddata,AidData,15244107.832517,5,2,constant_2023_usd,commitment
CIV::codf,CIV,Cote d'Ivoire,2021,codf,CODF,,0,0,nominal_usd,loan_commitment
CIV::cla,CIV,Cote d'Ivoire,2021,cla,CLA,,0,0,nominal_usd,loan_commitment
CIV::cancel,CIV,Cote d'Ivoire,2021,cancel,Debt cancellation,,0,0,nominal_usd,debt_cancellation
CIV::restruct,CIV,Cote d'Ivoire,2021,restruct,Debt restructuring,,0,0,nominal_usd,debt_restructuring
CIV::cofi,CIV,Cote d'Ivoire,2021,cofi,COFI,,0,0,nominal_usd,investment
CIV::cgef,CIV,Cote d'Ivoire,2021,cgef,CGEF,,0,0,nominal_usd,loan_commitment
CIV::chapo,CIV,Cote d'Ivoire,2021,chapo,CHAPO,16531200.0,2,2,constant_2021_usd,commitment
CIV::aiddata,CIV,Cote d'Ivoire,2022,aiddata,AidData,84926085.930446,2,2,constant_2023_usd,commitment
CIV::codf,CIV,Cote d'Ivoire,2022,codf,CODF,199660000.0,1,1,nominal_usd,loan_commitment
CIV::cla,CIV,Cote d'Ivoire,2022,cla,CLA,,0,0,nominal_usd,loan_commitment
CIV::cancel,CIV,Cote d'Ivoire,2022,cancel,Debt cancellation,,0,0,nominal_usd,debt_cancellation
CIV::restruct,CIV,Cote d'Ivoire,2022,restruct,Debt restructuring,,0,0,nominal_usd,debt_restructuring
CIV::cofi,CIV,Cote d'Ivoire,2022,cofi,COFI,,0,0,nominal_usd,investment
CIV::cgef,CIV,Cote d'Ivoire,2022,cgef,CGEF,,0,0,nominal_usd,loan_commitment
CIV::chapo,CIV,Cote d'Ivoire,2022,chapo,CHAPO,,0,0,constant_2021_usd,commitment
CIV::aiddata,CIV,Cote d'Ivoire,2023,aiddata,AidData,210270436.444197,14,7,constant_2023_usd,commitment
CIV::codf,CIV,Cote d'Ivoire,2023,codf,CODF,,0,0,nominal_usd,loan_commitment
CIV::cla,CIV,Cote d'Ivoire,2023,cla,CLA,,0,0,nominal_usd,loan_commitment
CIV::cancel,CIV,Cote d'Ivoire,2023,cancel,Debt cancellation,,0,0,nominal_usd,debt_cancellation
CIV::restruct,CIV,Cote d'Ivoire,2023,restruct,Debt restructuring,,0,0,nominal_usd,debt_restructuring
CIV::cofi,CIV,Cote d'Ivoire,2023,cofi,COFI,,0,0,nominal_usd,investment
CIV::cgef,CIV,Cote d'Ivoire,2023,cgef,CGEF,,0,0,nominal_usd,loan_commitment
CIV::chapo,CIV,Cote d'Ivoire,2023,chapo,CHAPO,,0,0,constant_2021_usd,commitment
CIV::aiddata,CIV,Cote d'Ivoire,2024,aiddata,AidData,,0,0,constant_2023_usd,commitment
CIV::codf,CIV,Cote d'Ivoire,2024,codf,CODF,,0,0,nominal_usd,loan_commitment
CIV::cla,CIV,Cote d'Ivoire,2024,cla,CLA,,0,0,nominal_usd,loan_commitment
CIV::cancel,CIV,Cote d'Ivoire,2024,cancel,Debt cancellation,,0,0,nominal_usd,debt_cancellation
CIV::restruct,CIV,Cote d'Ivoire,2024,restruct,Debt restructuring,,0,0,nominal_usd,debt_restructuring
CIV::cofi,CIV,Cote d'Ivoire,2024,cofi,COFI,,0,0,nominal_usd,investment
CIV::cgef,CIV,Cote d'Ivoire,2024,cgef,CGEF,,0,0,nominal_usd,loan_commitment
CIV::chapo,CIV,Cote d'Ivoire,2024,chapo,CHAPO,,0,0,constant_2021_usd,commitment
CMR::aiddata,CMR,Cameroon,2000,aiddata,AidData,,1,0,constant_2023_usd,commitment
CMR::codf,CMR,Cameroon,2000,codf,CODF,,0,0,nominal_usd,loan_commitment
CMR::cla,CMR,Cameroon,2000,cla,CLA,,0,0,nominal_usd,loan_commitment
CMR::cancel,CMR,Cameroon,2000,cancel,Debt cancellation,,0,0,nominal_usd,debt_cancellation
CMR::restruct,CMR,Cameroon,2000,restruct,Debt restructuring,,0,0,nominal_usd,debt_restructuring
CMR::cofi,CMR,Cameroon,2000,cofi,COFI,,0,0,nominal_usd,investment
CMR::cgef,CMR,Cameroon,2000,cgef,CGEF,,0,0,nominal_usd,loan_commitment
CMR::chapo,CMR,Cameroon,2000,chapo,CHAPO,,1,0,constant_2021_usd,commitment
CMR::aiddata,CMR,Cameroon,2001,aiddata,AidData,135926403.441,2,2,constant_2023_usd,commitment
CMR::codf,CMR,Cameroon,2001,codf,CODF,,0,0,nominal_usd,loan_commitment
CMR::cla,CMR,Cameroon,2001,cla,CLA,,0,0,nominal_usd,loan_commitment
CMR::cancel,CMR,Cameroon,2001,cancel,Debt cancellation,22900000.0,1,1,nominal_usd,debt_cancellation
CMR::restruct,CMR,Cameroon,2001,restruct,Debt restructuring,,0,0,nominal_usd,debt_restructuring
CMR::cofi,CMR,Cameroon,2001,cofi,COFI,,0,0,nominal_usd,investment
CMR::cgef,CMR,Cameroon,2001,cgef,CGEF,,0,0,nominal_usd,loan_commitment
CMR::chapo,CMR,Cameroon,2001,chapo,CHAPO,,0,0,constant_2021_usd,commitment
CMR::aiddata,CMR,Cameroon,2002,aiddata,AidData,,2,0,constant_2023_usd,commitment
CMR::codf,CMR,Cameroon,2002,codf,CODF,,0,0,nominal_usd,loan_commitment
CMR::cla,CMR,Cameroon,2002,cla,CLA,,0,0,nominal_usd,loan_commitment
CMR::cancel,CMR,Cameroon,2002,cancel,Debt cancellation,71000000.0,1,1,nominal_usd,debt_cancellation
CMR::restruct,CMR,Cameroon,2002,restruct,Debt restructuring,5150000.0,1,1,nominal_usd,debt_restructuring
CMR::cofi,CMR,Cameroon,2002,cofi,COFI,,0,0,nominal_usd,investment
CMR::cgef,CMR,Cameroon,2002,cgef,CGEF,,0,0,nominal_usd,loan_commitment
CMR::chapo,CMR,Cameroon,2002,chapo,CHAPO,,1,0,constant_2021_usd,commitment
CMR::aiddata,CMR,Cameroon,2003,aiddata,AidData,13868899.063226,3,3,constant_2023_usd,commitment
CMR::codf,CMR,Cameroon,2003,codf,CODF,,0,0,nominal_usd,loan_commitment
CMR::cla,CMR,Cameroon,2003,cla,CLA,,0,0,nominal_usd,loan_commitment
CMR::cancel,CMR,Cameroon,2003,cancel,Debt cancellation,,0,0,nominal_usd,debt_cancellation
CMR::restruct,CMR,Cameroon,2003,restruct,Debt restructuring,,0,0,nominal_usd,debt_restructuring
CMR::cofi,CMR,Cameroon,2003,cofi,COFI,,0,0,nominal_usd,investment
CMR::cgef,CMR,Cameroon,2003,cgef,CGEF,,0,0,nominal_usd,loan_commitment
CMR::chapo,CMR,Cameroon,2003,chapo,CHAPO,15015554.566637,3,3,constant_2021_usd,commitment
CMR::aiddata,CMR,Cameroon,2004,aiddata,AidData,,1,0,constant_2023_usd,commitment
CMR::codf,CMR,Cameroon,2004,codf,CODF,,0,0,nominal_usd,loan_commitment
CMR::cla,CMR,Cameroon,2004,cla,CLA,3620000.0,1,1,nominal_usd,loan_commitment
CMR::cancel,CMR,Cameroon,2004,cancel,Debt cancellation,,0,0,nominal_usd,debt_cancellation
CMR::restruct,CMR,Cameroon,2004,restruct,Debt restructuring,,0,0,nominal_usd,debt_restructuring
CMR::cofi,CMR,Cameroon,2004,cofi,COFI,,0,0,nominal_usd,investment
CMR::cgef,CMR,Cameroon,2004,cgef,CGEF,,0,0,nominal_usd,loan_commitment
CMR::chapo,CMR,Cameroon,2004,chapo,CHAPO,,1,0,constant_2021_usd,commitment
CMR::aiddata,CMR,Cameroon,2005,aiddata,AidData,,1,0,constant_2023_usd,commitment
CMR::codf,CMR,Cameroon,2005,codf,CODF,,0,0,nominal_usd,loan_commitment
CMR::cla,CMR,Cameroon,2005,cla,CLA,,0,0,nominal_usd,loan_commitment
CMR::cancel,CMR,Cameroon,2005,cancel,Debt cancellation,,0,0,nominal_usd,debt_cancellation
CMR::restruct,CMR,Cameroon,2005,restruct,Debt restructuring,,0,0,nominal_usd,debt_restructuring
CMR::cofi,CMR,Cameroon,2005,cofi,COFI,,0,0,nominal_usd,investment
CMR::cgef,CMR,Cameroon,2005,cgef,CGEF,,0,0,nominal_usd,loan_commitment
CMR::chapo,CMR,Cameroon,2005,chapo,CHAPO,,0,0,constant_2021_usd,commitment
CMR::aiddata,CMR,Cameroon,2006,aiddata,AidData,1753292.931776,3,2,constant_2023_usd,commitment
CMR::codf,CMR,Cameroon,2006,codf,CODF,,0,0,nominal_usd,loan_commitment
CMR::cla,CMR,Cameroon,2006,cla,CLA,5020000.0,1,1,nominal_usd,loan_commitment
CMR::cancel,CMR,Cameroon,2006,cancel,Debt cancellation,,0,0,nominal_usd,debt_cancellation
CMR::restruct,CMR,Cameroon,2006,restruct,Debt restructuring,,0,0,nominal_usd,debt_restructuring
CMR::cofi,CMR,Cameroon,2006,cofi,COFI,,0,0,nominal_usd,investment
CMR::cgef,CMR,Cameroon,2006,cgef,CGEF,,0,0,nominal_usd,loan_commitment
CMR::chapo,CMR,Cameroon,2006,chapo,CHAPO,,1,0,constant_2021_usd,commitment
CMR::aiddata,CMR,Cameroon,2007,aiddata,AidData,193375817.147481,15,11,constant_2023_usd,commitment
CMR::codf,CMR,Cameroon,2007,codf,CODF,,0,0,nominal_usd,loan_commitment
CMR::cla,CMR,Cameroon,2007,cla,CLA,105880000.0,9,9,nominal_usd,loan_commitment
CMR::cancel,CMR,Cameroon,2007,cancel,Debt cancellation,32000000.0,1,1,nominal_usd,debt_cancellation
CMR::restruct,CMR,Cameroon,2007,restruct,Debt restructuring,,0,0,nominal_usd,debt_restructuring
CMR::cofi,CMR,Cameroon,2007,cofi,COFI,,0,0,nominal_usd,investment
CMR::cgef,CMR,Cameroon,2007,cgef,CGEF,,0,0,nominal_usd,loan_commitment
CMR::chapo,CMR,Cameroon,2007,chapo,CHAPO,12902807.602414,5,4,constant_2021_usd,commitment
CMR::aiddata,CMR,Cameroon,2008,aiddata,AidData,34554738.245906,3,1,constant_2023_usd,commitment
CMR::codf,CMR,Cameroon,2008,codf,CODF,,0,0,nominal_usd,loan_commitment
CMR::cla,CMR,Cameroon,2008,cla,CLA,,0,0,nominal_usd,loan_commitment
CMR::cancel,CMR,Cameroon,2008,cancel,Debt cancellation,,0,0,nominal_usd,debt_cancellation
CMR::restruct,CMR,Cameroon,2008,restruct,Debt restructuring,,0,0,nominal_usd,debt_restructuring
CMR::cofi,CMR,Cameroon,2008,cofi,COFI,,0,0,nominal_usd,investment
CMR::cgef,CMR,Cameroon,2008,cgef,CGEF,,0,0,nominal_usd,loan_commitment
CMR::chapo,CMR,Cameroon,2008,chapo,CHAPO,,1,0,constant_2021_usd,commitment
CMR::aiddata,CMR,Cameroon,2009,aiddata,AidData,295504048.200075,9,9,constant_2023_usd,commitment
CMR::codf,CMR,Cameroon,2009,codf,CODF,190160000.0,3,3,nominal_usd,loan_commitment
CMR::cla,CMR,Cameroon,2009,cla,CLA,204790000.0,5,5,nominal_usd,loan_commitment
CMR::cancel,CMR,Cameroon,2009,cancel,Debt cancellation,,0,0,nominal_usd,debt_cancellation
CMR::restruct,CMR,Cameroon,2009,restruct,Debt restructuring,,0,0,nominal_usd,debt_restructuring
CMR::cofi,CMR,Cameroon,2009,cofi,COFI,53000000.0,1,1,nominal_usd,investment
CMR::cgef,CMR,Cameroon,2009,cgef,CGEF,,0,0,nominal_usd,loan_commitment
CMR::chapo,CMR,Cameroon,2009,chapo,CHAPO,23085841.556927,4,4,constant_2021_usd,commitment
CMR::aiddata,CMR,Cameroon,2010,aiddata,AidData,140749906.200999,10,6,constant_2023_usd,commitment
CMR::codf,CMR,Cameroon,2010,codf,CODF,76300000.0,2,2,nominal_usd,loan_commitment
CMR::cla,CMR,Cameroon,2010,cla,CLA,97690000.0,4,4,nominal_usd,loan_commitment
CMR::cancel,CMR,Cameroon,2010,cancel,Debt cancellation,4100000.0,1,1,nominal_usd,debt_cancellation
CMR::restruct,CMR,Cameroon,2010,restruct,Debt restructuring,,0,0,nominal_usd,debt_restructuring
CMR::cofi,CMR,Cameroon,2010,cofi,COFI,,0,0,nominal_usd,investment
CMR::cgef,CMR,Cameroon,2010,cgef,CGEF,44470000.0,1,1,nominal_usd,loan_commitment
CMR::chapo,CMR,Cameroon,2010,chapo,CHAPO,,2,0,constant_2021_usd,commitment
CMR::aiddata,CMR,Cameroon,2011,aiddata,AidData,655575661.599694,10,6,constant_2023_usd,commitment
CMR::codf,CMR,Cameroon,2011,codf,CODF,1097670000.0,4,4,nominal_usd,loan_commitment
CMR::cla,CMR,Cameroon,2011,cla,CLA,1113150000.0,5,5,nominal_usd,loan_commitment
CMR::cancel,CMR,Cameroon,2011,cancel,Debt cancellation,,0,0,nominal_usd,debt_cancellation
CMR::restruct,CMR,Cameroon,2011,restruct,Debt restructuring,,0,0,nominal_usd,debt_restructuring
CMR::cofi,CMR,Cameroon,2011,cofi,COFI,,0,0,nominal_usd,investment
CMR::cgef,CMR,Cameroon,2011,cgef,CGEF,541570000.0,1,1,nominal_usd,loan_commitment
CMR::chapo,CMR,Cameroon,2011,chapo,CHAPO,2187871.273867,3,2,constant_2021_usd,commitment
CMR::aiddata,CMR,Cameroon,2012,aiddata,AidData,760588933.479059,10,8,constant_2023_usd,commitment
CMR::codf,CMR,Cameroon,2012,codf,CODF,974820000.0,3,3,nominal_usd,loan_commitment
CMR::cla,CMR,Cameroon,2012,cla,CLA,974830000.0,3,3,nominal_usd,loan_commitment
CMR::cancel,CMR,Cameroon,2012,cancel,Debt cancellation,,0,0,nominal_usd,debt_cancellation
CMR::restruct,CMR,Cameroon,2012,restruct,Debt restructuring,,0,0,nominal_usd,debt_restructuring
CMR::cofi,CMR,Cameroon,2012,cofi,COFI,541000000.0,1,1,nominal_usd,investment
CMR::cgef,CMR,Cameroon,2012,cgef,CGEF,,0,0,nominal_usd,loan_commitment
CMR::chapo,CMR,Cameroon,2012,chapo,CHAPO,744455.608443,2,1,constant_2021_usd,commitment
CMR::aiddata,CMR,Cameroon,2013,aiddata,AidData,1030803351.769314,9,8,constant_2023_usd,commitment
CMR::codf,CMR,Cameroon,2013,codf,CODF,395710000.0,3,3,nominal_usd,loan_commitment
CMR::cla,CMR,Cameroon,2013,cla,CLA,423150000.0,5,5,nominal_usd,loan_commitment
CMR::cancel,CMR,Cameroon,2013,cancel,Debt cancellation,,0,0,nominal_usd,debt_cancellation
CMR::restruct,CMR,Cameroon,2013,restruct,Debt restructuring,,0,0,nominal_usd,debt_restructuring
CMR::cofi,CMR,Cameroon,2013,cofi,COFI,,0,0,nominal_usd,investment
CMR::cgef,CMR,Cameroon,2013,cgef,CGEF,,0,0,nominal_usd,loan_commitment
CMR::chapo,CMR,Cameroon,2013,chapo,CHAPO,1009028.660322,1,1,constant_2021_usd,commitment
CMR::aiddata,CMR,Cameroon,2014,aiddata,AidData,395669110.306597,5,2,constant_2023_usd,commitment
CMR::codf,CMR,Cameroon,2014,codf,CODF,385810000.0,1,1,nominal_usd,loan_commitment
CMR::cla,CMR,Cameroon,2014,cla,CLA,385810000.0,1,1,nominal_usd,loan_commitment
CMR::cancel,CMR,Cameroon,2014,cancel,Debt cancellation,,0,0,nominal_usd,debt_cancellation
CMR::restruct,CMR,Cameroon,2014,restruct,Debt restructuring,,0,0,nominal_usd,debt_restructuring
CMR::cofi,CMR,Cameroon,2014,cofi,COFI,,0,0,nominal_usd,investment
CMR::cgef,CMR,Cameroon,2014,cgef,CGEF,,0,0,nominal_usd,loan_commitment
CMR::chapo,CMR,Cameroon,2014,chapo,CHAPO,1791.364902,2,1,constant_2021_usd,commitment
CMR::aiddata,CMR,Cameroon,2015,aiddata,AidData,2206636340.757894,13,9,constant_2023_usd,commitment
CMR::codf,CMR,Cameroon,2015,codf,CODF,1097760000.0,3,3,nominal_usd,loan_commitment
CMR::cla,CMR,Cameroon,2015,cla,CLA,1187860000.0,4,4,nominal_usd,loan_commitment
CMR::cancel,CMR,Cameroon,2015,cancel,Debt cancellation,,0,0,nominal_usd,debt_cancellation
CMR::restruct,CMR,Cameroon,2015,restruct,Debt restructuring,,0,0,nominal_usd,debt_restructuring
CMR::cofi,CMR,Cameroon,2015,cofi,COFI,90000000.0,1,1,nominal_usd,investment
CMR::cgef,CMR,Cameroon,2015,cgef,CGEF,,0,0,nominal_usd,loan_commitment
CMR::chapo,CMR,Cameroon,2015,chapo,CHAPO,,1,0,constant_2021_usd,commitment
CMR::aiddata,CMR,Cameroon,2016,aiddata,AidData,661683370.520564,9,5,constant_2023_usd,commitment
CMR::codf,CMR,Cameroon,2016,codf,CODF,206490000.0,2,2,nominal_usd,loan_commitment
CMR::cla,CMR,Cameroon,2016,cla,CLA,206980000.0,2,2,nominal_usd,loan_commitment
CMR::cancel,CMR,Cameroon,2016,cancel,Debt cancellation,,0,0,nominal_usd,debt_cancellation
CMR::restruct,CMR,Cameroon,2016,restruct,Debt restructuring,,0,0,nominal_usd,debt_restructuring
CMR::cofi,CMR,Cameroon,2016,cofi,COFI,81000000.0,1,1,nominal_usd,investment
CMR::cgef,CMR,Cameroon,2016,cgef,CGEF,,0,0,nominal_usd,loan_commitment
CMR::chapo,CMR,Cameroon,2016,chapo,CHAPO,,2,0,constant_2021_usd,commitment
CMR::aiddata,CMR,Cameroon,2017,aiddata,AidData,1048104712.594764,14,11,constant_2023_usd,commitment
CMR::codf,CMR,Cameroon,2017,codf,CODF,814270000.0,3,3,nominal_usd,loan_commitment
CMR::cla,CMR,Cameroon,2017,cla,CLA,969440000.0,5,5,nominal_usd,loan_commitment
CMR::cancel,CMR,Cameroon,2017,cancel,Debt cancellation,,0,0,nominal_usd,debt_cancellation
CMR::restruct,CMR,Cameroon,2017,restruct,Debt restructuring,,0,0,nominal_usd,debt_restructuring
CMR::cofi,CMR,Cameroon,2017,cofi,COFI,142000000.0,1,1,nominal_usd,investment
CMR::cgef,CMR,Cameroon,2017,cgef,CGEF,141840000.0,1,1,nominal_usd,loan_commitment
CMR::chapo,CMR,Cameroon,2017,chapo,CHAPO,,0,0,constant_2021_usd,commitment
CMR::aiddata,CMR,Cameroon,2018,aiddata,AidData,184349622.076166,12,6,constant_2023_usd,commitment
CMR::codf,CMR,Cameroon,2018,codf,CODF,122360000.0,2,2,nominal_usd,loan_commitment
CMR::cla,CMR,Cameroon,2018,cla,CLA,131530000.0,2,2,nominal_usd,loan_commitment
CMR::cancel,CMR,Cameroon,2018,cancel,Debt cancellation,,0,0,nominal_usd,debt_cancellation
CMR::restruct,CMR,Cameroon,2018,restruct,Debt restructuring,,0,0,nominal_usd,debt_restructuring
CMR::cofi,CMR,Cameroon,2018,cofi,COFI,,0,0,nominal_usd,investment
CMR::cgef,CMR,Cameroon,2018,cgef,CGEF,,0,0,nominal_usd,loan_commitment
CMR::chapo,CMR,Cameroon,2018,chapo,CHAPO,,2,0,constant_2021_usd,commitment
CMR::aiddata,CMR,Cameroon,2019,aiddata,AidData,188954073.013924,8,4,constant_2023_usd,commitment
CMR::codf,CMR,Cameroon,2019,codf,CODF,,0,0,nominal_usd,loan_commitment
CMR::cla,CMR,Cameroon,2019,cla,CLA,100910000.0,2,2,nominal_usd,loan_commitment
CMR::cancel,CMR,Cameroon,2019,cancel,Debt cancellation,78000000.0,1,1,nominal_usd,debt_cancellation
CMR::restruct,CMR,Cameroon,2019,restruct,Debt restructuring,253000000.0,1,1,nominal_usd,debt_restructuring
CMR::cofi,CMR,Cameroon,2019,cofi,COFI,,0,0,nominal_usd,investment
CMR::cgef,CMR,Cameroon,2019,cgef,CGEF,,0,0,nominal_usd,loan_commitment
CMR::chapo,CMR,Cameroon,2019,chapo,CHAPO,,1,0,constant_2021_usd,commitment
CMR::aiddata,CMR,Cameroon,2020,aiddata,AidData,77080258.424605,27,13,constant_2023_usd,commitment
CMR::codf,CMR,Cameroon,2020,codf,CODF,,0,0,nominal_usd,loan_commitment
CMR::cla,CMR,Cameroon,2020,cla,CLA,,0,0,nominal_usd,loan_commitment
CMR::cancel,CMR,Cameroon,2020,cancel,Debt cancellation,,0,0,nominal_usd,debt_cancellation
CMR::restruct,CMR,Cameroon,2020,restruct,Debt restructuring,,0,0,nominal_usd,debt_restructuring
CMR::cofi,CMR,Cameroon,2020,cofi,COFI,,0,0,nominal_usd,investment
CMR::cgef,CMR,Cameroon,2020,cgef,CGEF,,0,0,nominal_usd,loan_commitment
CMR::chapo,CMR,Cameroon,2020,chapo,CHAPO,7302607.256661,23,12,constant_2021_usd,commitment
CMR::aiddata,CMR,Cameroon,2021,aiddata,AidData,109024137.179332,13,4,constant_2023_usd,commitment
CMR::codf,CMR,Cameroon,2021,codf,CODF,,0,0,nominal_usd,loan_commitment
CMR::cla,CMR,Cameroon,2021,cla,CLA,,0,0,nominal_usd,loan_commitment
CMR::cancel,CMR,Cameroon,2021,cancel,Debt cancellation,,0,0,nominal_usd,debt_cancellation
CMR::restruct,CMR,Cameroon,2021,restruct,Debt restructuring,,0,0,nominal_usd,debt_restructuring
CMR::cofi,CMR,Cameroon,2021,cofi,COFI,,0,0,nominal_usd,investment
CMR::cgef,CMR,Cameroon,2021,cgef,CGEF,,0,0,nominal_usd,loan_commitment
CMR::chapo,CMR,Cameroon,2021,chapo,CHAPO,21600000.0,6,2,constant_2021_usd,commitment
CMR::aiddata,CMR,Cameroon,2022,aiddata,AidData,65814.387058,8,1,constant_2023_usd,commitment
CMR::codf,CMR,Cameroon,2022,codf,CODF,,0,0,nominal_usd,loan_commitment
CMR::cla,CMR,Cameroon,2022,cla,CLA,,0,0,nominal_usd,loan_commitment
CMR::cancel,CMR,Cameroon,2022,cancel,Debt cancellation,,0,0,nominal_usd,debt_cancellation
CMR::restruct,CMR,Cameroon,2022,restruct,Debt restructuring,,0,0,nominal_usd,debt_restructuring
CMR::cofi,CMR,Cameroon,2022,cofi,COFI,,0,0,nominal_usd,investment
CMR::cgef,CMR,Cameroon,2022,cgef,CGEF,,0,0,nominal_usd,loan_commitment
CMR::chapo,CMR,Cameroon,2022,chapo,CHAPO,,0,0,constant_2021_usd,commitment
CMR::aiddata,CMR,Cameroon,2023,aiddata,AidData,,6,0,constant_2023_usd,commitment
CMR::codf,CMR,Cameroon,2023,codf,CODF,,0,0,nominal_usd,loan_commitment
CMR::cla,CMR,Cameroon,2023,cla,CLA,,0,0,nominal_usd,loan_commitment
CMR::cancel,CMR,Cameroon,2023,cancel,Debt cancellation,,0,0,nominal_usd,debt_cancellation
CMR::restruct,CMR,Cameroon,2023,restruct,Debt restructuring,,0,0,nominal_usd,debt_restructuring
CMR::cofi,CMR,Cameroon,2023,cofi,COFI,,0,0,nominal_usd,investment
CMR::cgef,CMR,Cameroon,2023,cgef,CGEF,,0,0,nominal_usd,loan_commitment
CMR::chapo,CMR,Cameroon,2023,chapo,CHAPO,,0,0,constant_2021_usd,commitment
CMR::aiddata,CMR,Cameroon,2024,aiddata,AidData,,0,0,constant_2023_usd,commitment
CMR::codf,CMR,Cameroon,2024,codf,CODF,,0,0,nominal_usd,loan_commitment
CMR::cla,CMR,Cameroon,2024,cla,CLA,,0,0,nominal_usd,loan_commitment
CMR::cancel,CMR,Cameroon,2024,cancel,Debt cancellation,,0,0,nominal_usd,debt_cancellation
CMR::restruct,CMR,Cameroon,2024,restruct,Debt restructuring,,0,0,nominal_usd,debt_restructuring
CMR::cofi,CMR,Cameroon,2024,cofi,COFI,,0,0,nominal_usd,investment
CMR::cgef,CMR,Cameroon,2024,cgef,CGEF,,0,0,nominal_usd,loan_commitment
CMR::chapo,CMR,Cameroon,2024,chapo,CHAPO,,0,0,constant_2021_usd,commitment
COD::aiddata,COD,"Congo, Dem. Rep.",2000,aiddata,AidData,46603967.537282,6,5,constant_2023_usd,commitment
COD::codf,COD,"Congo, Dem. Rep.",2000,codf,CODF,,0,0,nominal_usd,loan_commitment
COD::cla,COD,"Congo, Dem. Rep.",2000,cla,CLA,,0,0,nominal_usd,loan_commitment
COD::cancel,COD,"Congo, Dem. Rep.",2000,cancel,Debt cancellation,,0,0,nominal_usd,debt_cancellation
COD::restruct,COD,"Congo, Dem. Rep.",2000,restruct,Debt restructuring,,0,0,nominal_usd,debt_restructuring
COD::cofi,COD,"Congo, Dem. Rep.",2000,cofi,COFI,,0,0,nominal_usd,investment
COD::cgef,COD,"Congo, Dem. Rep.",2000,cgef,CGEF,,0,0,nominal_usd,loan_commitment
COD::chapo,COD,"Congo, Dem. Rep.",2000,chapo,CHAPO,,0,0,constant_2021_usd,commitment
COD::aiddata,COD,"Congo, Dem. Rep.",2001,aiddata,AidData,,0,0,constant_2023_usd,commitment
COD::codf,COD,"Congo, Dem. Rep.",2001,codf,CODF,,0,0,nominal_usd,loan_commitment
COD::cla,COD,"Congo, Dem. Rep.",2001,cla,CLA,,0,0,nominal_usd,loan_commitment
COD::cancel,COD,"Congo, Dem. Rep.",2001,cancel,Debt cancellation,,0,0,nominal_usd,debt_cancellation
COD::restruct,COD,"Congo, Dem. Rep.",2001,restruct,Debt restructuring,,0,0,nominal_usd,debt_restructuring
COD::cofi,COD,"Congo, Dem. Rep.",2001,cofi,COFI,,0,0,nominal_usd,investment
COD::cgef,COD,"Congo, Dem. Rep.",2001,cgef,CGEF,,0,0,nominal_usd,loan_commitment
COD::chapo,COD,"Congo, Dem. Rep.",2001,chapo,CHAPO,,0,0,constant_2021_usd,commitment
COD::aiddata,COD,"Congo, Dem. Rep.",2002,aiddata,AidData,55220194.289052,2,2,constant_2023_usd,commitment
COD::codf,COD,"Congo, Dem. Rep.",2002,codf,CODF,,0,0,nominal_usd,loan_commitment
COD::cla,COD,"Congo, Dem. Rep.",2002,cla,CLA,,0,0,nominal_usd,loan_commitment
COD::cancel,COD,"Congo, Dem. Rep.",2002,cancel,Debt cancellation,17800000.0,1,1,nominal_usd,debt_cancellation
COD::restruct,COD,"Congo, Dem. Rep.",2002,restruct,Debt restructuring,,0,0,nominal_usd,debt_restructuring
COD::cofi,COD,"Congo, Dem. Rep.",2002,cofi,COFI,,0,0,nominal_usd,investment
COD::cgef,COD,"Congo, Dem. Rep.",2002,cgef,CGEF,,0,0,nominal_usd,loan_commitment
COD::chapo,COD,"Congo, Dem. Rep.",2002,chapo,CHAPO,,0,0,constant_2021_usd,commitment
COD::aiddata,COD,"Congo, Dem. Rep.",2003,aiddata,AidData,14679260.239533,2,2,constant_2023_usd,commitment
COD::codf,COD,"Congo, Dem. Rep.",2003,codf,CODF,,0,0,nominal_usd,loan_commitment
COD::cla,COD,"Congo, Dem. Rep.",2003,cla,CLA,,0,0,nominal_usd,loan_commitment
COD::cancel,COD,"Congo, Dem. Rep.",2003,cancel,Debt cancellation,,0,0,nominal_usd,debt_cancellation
COD::restruct,COD,"Congo, Dem. Rep.",2003,restruct,Debt restructuring,,0,0,nominal_usd,debt_restructuring
COD::cofi,COD,"Congo, Dem. Rep.",2003,cofi,COFI,,0,0,nominal_usd,investment
COD::cgef,COD,"Congo, Dem. Rep.",2003,cgef,CGEF,,0,0,nominal_usd,loan_commitment
COD::chapo,COD,"Congo, Dem. Rep.",2003,chapo,CHAPO,,0,0,constant_2021_usd,commitment
COD::aiddata,COD,"Congo, Dem. Rep.",2004,aiddata,AidData,7625004.859089,4,1,constant_2023_usd,commitment
COD::codf,COD,"Congo, Dem. Rep.",2004,codf,CODF,,0,0,nominal_usd,loan_commitment
COD::cla,COD,"Congo, Dem. Rep.",2004,cla,CLA,,0,0,nominal_usd,loan_commitment
COD::cancel,COD,"Congo, Dem. Rep.",2004,cancel,Debt cancellation,,0,0,nominal_usd,debt_cancellation
COD::restruct,COD,"Congo, Dem. Rep.",2004,restruct,Debt restructuring,,0,0,nominal_usd,debt_restructuring
COD::cofi,COD,"Congo, Dem. Rep.",2004,cofi,COFI,,0,0,nominal_usd,investment
COD::cgef,COD,"Congo, Dem. Rep.",2004,cgef,CGEF,,0,0,nominal_usd,loan_commitment
COD::chapo,COD,"Congo, Dem. Rep.",2004,chapo,CHAPO,,0,0,constant_2021_usd,commitment
COD::aiddata,COD,"Congo, Dem. Rep.",2005,aiddata,AidData,,1,0,constant_2023_usd,commitment
COD::codf,COD,"Congo, Dem. Rep.",2005,codf,CODF,,0,0,nominal_usd,loan_commitment
COD::cla,COD,"Congo, Dem. Rep.",2005,cla,CLA,1220000.0,1,1,nominal_usd,loan_commitment
COD::cancel,COD,"Congo, Dem. Rep.",2005,cancel,Debt cancellation,,0,0,nominal_usd,debt_cancellation
COD::restruct,COD,"Congo, Dem. Rep.",2005,restruct,Debt restructuring,,0,0,nominal_usd,debt_restructuring
COD::cofi,COD,"Congo, Dem. Rep.",2005,cofi,COFI,,0,0,nominal_usd,investment
COD::cgef,COD,"Congo, Dem. Rep.",2005,cgef,CGEF,,0,0,nominal_usd,loan_commitment
COD::chapo,COD,"Congo, Dem. Rep.",2005,chapo,CHAPO,,0,0,constant_2021_usd,commitment
COD::aiddata,COD,"Congo, Dem. Rep.",2006,aiddata,AidData,376764156.039353,6,4,constant_2023_usd,commitment
COD::codf,COD,"Congo, Dem. Rep.",2006,codf,CODF,,0,0,nominal_usd,loan_commitment
COD::cla,COD,"Congo, Dem. Rep.",2006,cla,CLA,,0,0,nominal_usd,loan_commitment
COD::cancel,COD,"Congo, Dem. Rep.",2006,cancel,Debt cancellation,,0,0,nominal_usd,debt_cancellation
COD::restruct,COD,"Congo, Dem. Rep.",2006,restruct,Debt restructuring,,0,0,nominal_usd,debt_restructuring
COD::cofi,COD,"Congo, Dem. Rep.",2006,cofi,COFI,,0,0,nominal_usd,investment
COD::cgef,COD,"Congo, Dem. Rep.",2006,cgef,CGEF,,0,0,nominal_usd,loan_commitment
COD::chapo,COD,"Congo, Dem. Rep.",2006,chapo,CHAPO,,0,0,constant_2021_usd,commitment
COD::aiddata,COD,"Congo, Dem. Rep.",2007,aiddata,AidData,255981674.820655,6,4,constant_2023_usd,commitment
COD::codf,COD,"Congo, Dem. Rep.",2007,codf,CODF,,0,0,nominal_usd,loan_commitment
COD::cla,COD,"Congo, Dem. Rep.",2007,cla,CLA,1310000.0,1,1,nominal_usd,loan_commitment
COD::cancel,COD,"Congo, Dem. Rep.",2007,cancel,Debt cancellation,37400000.0,1,1,nominal_usd,debt_cancellation
COD::restruct,COD,"Congo, Dem. Rep.",2007,restruct,Debt restructuring,,0,0,nominal_usd,debt_restructuring
COD::cofi,COD,"Congo, Dem. Rep.",2007,cofi,COFI,,0,0,nominal_usd,investment
COD::cgef,COD,"Congo, Dem. Rep.",2007,cgef,CGEF,,0,0,nominal_usd,loan_commitment
COD::chapo,COD,"Congo, Dem. Rep.",2007,chapo,CHAPO,,0,0,constant_2021_usd,commitment
COD::aiddata,COD,"Congo, Dem. Rep.",2008,aiddata,AidData,8802492824.01272,21,11,constant_2023_usd,commitment
COD::codf,COD,"Congo, Dem. Rep.",2008,codf,CODF,345250000.0,5,5,nominal_usd,loan_commitment
COD::cla,COD,"Congo, Dem. Rep.",2008,cla,CLA,402170000.0,8,8,nominal_usd,loan_commitment
COD::cancel,COD,"Congo, Dem. Rep.",2008,cancel,Debt cancellation,,0,0,nominal_usd,debt_cancellation
COD::restruct,COD,"Congo, Dem. Rep.",2008,restruct,Debt restructuring,,0,0,nominal_usd,debt_restructuring
COD::cofi,COD,"Congo, Dem. Rep.",2008,cofi,COFI,,0,0,nominal_usd,investment
COD::cgef,COD,"Congo, Dem. Rep.",2008,cgef,CGEF,,0,0,nominal_usd,loan_commitment
COD::chapo,COD,"Congo, Dem. Rep.",2008,chapo,CHAPO,,0,0,constant_2021_usd,commitment
COD::aiddata,COD,"Congo, Dem. Rep.",2009,aiddata,AidData,27475766.858099,17,6,constant_2023_usd,commitment
COD::codf,COD,"Congo, Dem. Rep.",2009,codf,CODF,55200000.0,2,2,nominal_usd,loan_commitment
COD::cla,COD,"Congo, Dem. Rep.",2009,cla,CLA,98590000.0,5,5,nominal_usd,loan_commitment
COD::cancel,COD,"Congo, Dem. Rep.",2009,cancel,Debt cancellation,,0,0,nominal_usd,debt_cancellation
COD::restruct,COD,"Congo, Dem. Rep.",2009,restruct,Debt restructuring,,0,0,nominal_usd,debt_restructuring
COD::cofi,COD,"Congo, Dem. Rep.",2009,cofi,COFI,,0,0,nominal_usd,investment
COD::cgef,COD,"Congo, Dem. Rep.",2009,cgef,CGEF,,0,0,nominal_usd,loan_commitment
COD::chapo,COD,"Congo, Dem. Rep.",2009,chapo,CHAPO,,0,0,constant_2021_usd,commitment
COD::aiddata,COD,"Congo, Dem. Rep.",2010,aiddata,AidData,3761423.189843,12,7,constant_2023_usd,commitment
COD::codf,COD,"Congo, Dem. Rep.",2010,codf,CODF,,0,0,nominal_usd,loan_commitment
COD::cla,COD,"Congo, Dem. Rep.",2010,cla,CLA,37860000.0,2,2,nominal_usd,loan_commitment
COD::cancel,COD,"Congo, Dem. Rep.",2010,cancel,Debt cancellation,,0,0,nominal_usd,debt_cancellation
COD::restruct,COD,"Congo, Dem. Rep.",2010,restruct,Debt restructuring,,0,0,nominal_usd,debt_restructuring
COD::cofi,COD,"Congo, Dem. Rep.",2010,cofi,COFI,,0,0,nominal_usd,investment
COD::cgef,COD,"Congo, Dem. Rep.",2010,cgef,CGEF,,0,0,nominal_usd,loan_commitment
COD::chapo,COD,"Congo, Dem. Rep.",2010,chapo,CHAPO,,0,0,constant_2021_usd,commitment
COD::aiddata,COD,"Congo, Dem. Rep.",2011,aiddata,AidData,1056576940.560292,19,11,constant_2023_usd,commitment
COD::codf,COD,"Congo, Dem. Rep.",2011,codf,CODF,412630000.0,2,2,nominal_usd,loan_commitment
COD::cla,COD,"Congo, Dem. Rep.",2011,cla,CLA,620130000.0,9,9,nominal_usd,loan_commitment
COD::cancel,COD,"Congo, Dem. Rep.",2011,cancel,Debt cancellation,,0,0,nominal_usd,debt_cancellation
COD::restruct,COD,"Congo, Dem. Rep.",2011,restruct,Debt restructuring,,0,0,nominal_usd,debt_restructuring
COD::cofi,COD,"Congo, Dem. Rep.",2011,cofi,COFI,367000000.0,1,1,nominal_usd,investment
COD::cgef,COD,"Congo, Dem. Rep.",2011,cgef,CGEF,360000000.0,1,1,nominal_usd,loan_commitment
COD::chapo,COD,"Congo, Dem. Rep.",2011,chapo,CHAPO,,0,0,constant_2021_usd,commitment
COD::aiddata,COD,"Congo, Dem. Rep.",2012,aiddata,AidData,125952019.117115,15,12,constant_2023_usd,commitment
COD::codf,COD,"Congo, Dem. Rep.",2012,codf,CODF,304130000.0,2,2,nominal_usd,loan_commitment
COD::cla,COD,"Congo, Dem. Rep.",2012,cla,CLA,304160000.0,2,2,nominal_usd,loan_commitment
COD::cancel,COD,"Congo, Dem. Rep.",2012,cancel,Debt cancellation,,0,0,nominal_usd,debt_cancellation
COD::restruct,COD,"Congo, Dem. Rep.",2012,restruct,Debt restructuring,,0,0,nominal_usd,debt_restructuring
COD::cofi,COD,"Congo, Dem. Rep.",2012,cofi,COFI,,0,0,nominal_usd,investment
COD::cgef,COD,"Congo, Dem. Rep.",2012,cgef,CGEF,,0,0,nominal_usd,loan_commitment
COD::chapo,COD,"Congo, Dem. Rep.",2012,chapo,CHAPO,,0,0,constant_2021_usd,commitment
COD::aiddata,COD,"Congo, Dem. Rep.",2013,aiddata,AidData,2792344783.702507,14,11,constant_2023_usd,commitment
COD::codf,COD,"Congo, Dem. Rep.",2013,codf,CODF,,0,0,nominal_usd,loan_commitment
COD::cla,COD,"Congo, Dem. Rep.",2013,cla,CLA,8000000.0,1,1,nominal_usd,loan_commitment
COD::cancel,COD,"Congo, Dem. Rep.",2013,cancel,Debt cancellation,,0,0,nominal_usd,debt_cancellation
COD::restruct,COD,"Congo, Dem. Rep.",2013,restruct,Debt restructuring,,0,0,nominal_usd,debt_restructuring
COD::cofi,COD,"Congo, Dem. Rep.",2013,cofi,COFI,,0,0,nominal_usd,investment
COD::cgef,COD,"Congo, Dem. Rep.",2013,cgef,CGEF,,0,0,nominal_usd,loan_commitment
COD::chapo,COD,"Congo, Dem. Rep.",2013,chapo,CHAPO,,0,0,constant_2021_usd,commitment
COD::aiddata,COD,"Congo, Dem. Rep.",2014,aiddata,AidData,249234108.551319,12,7,constant_2023_usd,commitment
COD::codf,COD,"Congo, Dem. Rep.",2014,codf,CODF,30000000.0,1,1,nominal_usd,loan_commitment
COD::cla,COD,"Congo, Dem. Rep.",2014,cla,CLA,46290000.0,2,2,nominal_usd,loan_commitment
COD::cancel,COD,"Congo, Dem. Rep.",2014,cancel,Debt cancellation,,0,0,nominal_usd,debt_cancellation
COD::restruct,COD,"Congo, Dem. Rep.",2014,restruct,Debt restructuring,,0,0,nominal_usd,debt_restructuring
COD::cofi,COD,"Congo, Dem. Rep.",2014,cofi,COFI,,0,0,nominal_usd,investment
COD::cgef,COD,"Congo, Dem. Rep.",2014,cgef,CGEF,,0,0,nominal_usd,loan_commitment
COD::chapo,COD,"Congo, Dem. Rep.",2014,chapo,CHAPO,,0,0,constant_2021_usd,commitment
COD::aiddata,COD,"Congo, Dem. Rep.",2015,aiddata,AidData,801590562.684482,43,14,constant_2023_usd,commitment
COD::codf,COD,"Congo, Dem. Rep.",2015,codf,CODF,543600000.0,2,2,nominal_usd,loan_commitment
COD::cla,COD,"Congo, Dem. Rep.",2015,cla,CLA,656700000.0,14,14,nominal_usd,loan_commitment
COD::cancel,COD,"Congo, Dem. Rep.",2015,cancel,Debt cancellation,,0,0,nominal_usd,debt_cancellation
COD::restruct,COD,"Congo, Dem. Rep.",2015,restruct,Debt restructuring,,0,0,nominal_usd,debt_restructuring
COD::cofi,COD,"Congo, Dem. Rep.",2015,cofi,COFI,825000000.0,1,1,nominal_usd,investment
COD::cgef,COD,"Congo, Dem. Rep.",2015,cgef,CGEF,509430000.0,1,1,nominal_usd,loan_commitment
COD::chapo,COD,"Congo, Dem. Rep.",2015,chapo,CHAPO,,0,0,constant_2021_usd,commitment
COD::aiddata,COD,"Congo, Dem. Rep.",2016,aiddata,AidData,1572550927.735188,16,7,constant_2023_usd,commitment
COD::codf,COD,"Congo, Dem. Rep.",2016,codf,CODF,,0,0,nominal_usd,loan_commitment
COD::cla,COD,"Congo, Dem. Rep.",2016,cla,CLA,98430000.0,11,11,nominal_usd,loan_commitment
COD::cancel,COD,"Congo, Dem. Rep.",2016,cancel,Debt cancellation,,0,0,nominal_usd,debt_cancellation
COD::restruct,COD,"Congo, Dem. Rep.",2016,restruct,Debt restructuring,,0,0,nominal_usd,debt_restructuring
COD::cofi,COD,"Congo, Dem. Rep.",2016,cofi,COFI,,0,0,nominal_usd,investment
COD::cgef,COD,"Congo, Dem. Rep.",2016,cgef,CGEF,10000000.0,1,1,nominal_usd,loan_commitment
COD::chapo,COD,"Congo, Dem. Rep.",2016,chapo,CHAPO,,0,0,constant_2021_usd,commitment
COD::aiddata,COD,"Congo, Dem. Rep.",2017,aiddata,AidData,1419137756.784258,19,8,constant_2023_usd,commitment
COD::codf,COD,"Congo, Dem. Rep.",2017,codf,CODF,,0,0,nominal_usd,loan_commitment
COD::cla,COD,"Congo, Dem. Rep.",2017,cla,CLA,10500000.0,2,2,nominal_usd,loan_commitment
COD::cancel,COD,"Congo, Dem. Rep.",2017,cancel,Debt cancellation,,0,0,nominal_usd,debt_cancellation
COD::restruct,COD,"Congo, Dem. Rep.",2017,restruct,Debt restructuring,,0,0,nominal_usd,debt_restructuring
COD::cofi,COD,"Congo, Dem. Rep.",2017,cofi,COFI,,0,0,nominal_usd,investment
COD::cgef,COD,"Congo, Dem. Rep.",2017,cgef,CGEF,,0,0,nominal_usd,loan_commitment
COD::chapo,COD,"Congo, Dem. Rep.",2017,chapo,CHAPO,,0,0,constant_2021_usd,commitment
COD::aiddata,COD,"Congo, Dem. Rep.",2018,aiddata,AidData,1075609982.878035,16,6,constant_2023_usd,commitment
COD::codf,COD,"Congo, Dem. Rep.",2018,codf,CODF,667150000.0,4,4,nominal_usd,loan_commitment
COD::cla,COD,"Congo, Dem. Rep.",2018,cla,CLA,694650000.0,9,9,nominal_usd,loan_commitment
COD::cancel,COD,"Congo, Dem. Rep.",2018,cancel,Debt cancellation,,0,0,nominal_usd,debt_cancellation
COD::restruct,COD,"Congo, Dem. Rep.",2018,restruct,Debt restructuring,,0,0,nominal_usd,debt_restructuring
COD::cofi,COD,"Congo, Dem. Rep.",2018,cofi,COFI,,0,0,nominal_usd,investment
COD::cgef,COD,"Congo, Dem. Rep.",2018,cgef,CGEF,299000000.0,1,1,nominal_usd,loan_commitment
COD::chapo,COD,"Congo, Dem. Rep.",2018,chapo,CHAPO,,0,0,constant_2021_usd,commitment
COD::aiddata,COD,"Congo, Dem. Rep.",2019,aiddata,AidData,482238193.205697,11,3,constant_2023_usd,commitment
COD::codf,COD,"Congo, Dem. Rep.",2019,codf,CODF,,0,0,nominal_usd,loan_commitment
COD::cla,COD,"Congo, Dem. Rep.",2019,cla,CLA,,0,0,nominal_usd,loan_commitment
COD::cancel,COD,"Congo, Dem. Rep.",2019,cancel,Debt cancellation,,0,0,nominal_usd,debt_cancellation
COD::restruct,COD,"Congo, Dem. Rep.",2019,restruct,Debt restructuring,,0,0,nominal_usd,debt_restructuring
COD::cofi,COD,"Congo, Dem. Rep.",2019,cofi,COFI,,0,0,nominal_usd,investment
COD::cgef,COD,"Congo, Dem. Rep.",2019,cgef,CGEF,,0,0,nominal_usd,loan_commitment
COD::chapo,COD,"Congo, Dem. Rep.",2019,chapo,CHAPO,,0,0,constant_2021_usd,commitment
COD::aiddata,COD,"Congo, Dem. Rep.",2020,aiddata,AidData,2595357890.304133,17,9,constant_2023_usd,commitment
COD::codf,COD,"Congo, Dem. Rep.",2020,codf,CODF,150000000.0,1,1,nominal_usd,loan_commitment
COD::cla,COD,"Congo, Dem. Rep.",2020,cla,CLA,150000000.0,1,1,nominal_usd,loan_commitment
COD::cancel,COD,"Congo, Dem. Rep.",2020,cancel,Debt cancellation,,0,0,nominal_usd,debt_cancellation
COD::restruct,COD,"Congo, Dem. Rep.",2020,restruct,Debt restructuring,,0,0,nominal_usd,debt_restructuring
COD::cofi,COD,"Congo, Dem. Rep.",2020,cofi,COFI,,0,0,nominal_usd,investment
COD::cgef,COD,"Congo, Dem. Rep.",2020,cgef,CGEF,,0,0,nominal_usd,loan_commitment
COD::chapo,COD,"Congo, Dem. Rep.",2020,chapo,CHAPO,,0,0,constant_2021_usd,commitment
COD::aiddata,COD,"Congo, Dem. Rep.",2021,aiddata,AidData,299696032.082854,9,5,constant_2023_usd,commitment
COD::codf,COD,"Congo, Dem. Rep.",2021,codf,CODF,,0,0,nominal_usd,loan_commitment
COD::cla,COD,"Congo, Dem. Rep.",2021,cla,CLA,,0,0,nominal_usd,loan_commitment
COD::cancel,COD,"Congo, Dem. Rep.",2021,cancel,Debt cancellation,,0,0,nominal_usd,debt_cancellation
COD::restruct,COD,"Congo, Dem. Rep.",2021,restruct,Debt restructuring,,0,0,nominal_usd,debt_restructuring
COD::cofi,COD,"Congo, Dem. Rep.",2021,cofi,COFI,,0,0,nominal_usd,investment
COD::cgef,COD,"Congo, Dem. Rep.",2021,cgef,CGEF,,0,0,nominal_usd,loan_commitment
COD::chapo,COD,"Congo, Dem. Rep.",2021,chapo,CHAPO,,0,0,constant_2021_usd,commitment
COD::aiddata,COD,"Congo, Dem. Rep.",2022,aiddata,AidData,18898382.627642,6,1,constant_2023_usd,commitment
COD::codf,COD,"Congo, Dem. Rep.",2022,codf,CODF,,0,0,nominal_usd,loan_commitment
COD::cla,COD,"Congo, Dem. Rep.",2022,cla,CLA,23990000.0,1,1,nominal_usd,loan_commitment
COD::cancel,COD,"Congo, Dem. Rep.",2022,cancel,Debt cancellation,,0,0,nominal_usd,debt_cancellation
COD::restruct,COD,"Congo, Dem. Rep.",2022,restruct,Debt restructuring,,0,0,nominal_usd,debt_restructuring
COD::cofi,COD,"Congo, Dem. Rep.",2022,cofi,COFI,,0,0,nominal_usd,investment
COD::cgef,COD,"Congo, Dem. Rep.",2022,cgef,CGEF,,0,0,nominal_usd,loan_commitment
COD::chapo,COD,"Congo, Dem. Rep.",2022,chapo,CHAPO,,0,0,constant_2021_usd,commitment
COD::aiddata,COD,"Congo, Dem. Rep.",2023,aiddata,AidData,496972112.980579,13,2,constant_2023_usd,commitment
COD::codf,COD,"Congo, Dem. Rep.",2023,codf,CODF,,0,0,nominal_usd,loan_commitment
COD::cla,COD,"Congo, Dem. Rep.",2023,cla,CLA,,0,0,nominal_usd,loan_commitment
COD::cancel,COD,"Congo, Dem. Rep.",2023,cancel,Debt cancellation,,0,0,nominal_usd,debt_cancellation
COD::restruct,COD,"Congo, Dem. Rep.",2023,restruct,Debt restructuring,,0,0,nominal_usd,debt_restructuring
COD::cofi,COD,"Congo, Dem. Rep.",2023,cofi,COFI,,0,0,nominal_usd,investment
COD::cgef,COD,"Congo, Dem. Rep.",2023,cgef,CGEF,,0,0,nominal_usd,loan_commitment
COD::chapo,COD,"Congo, Dem. Rep.",2023,chapo,CHAPO,,0,0,constant_2021_usd,commitment
COD::aiddata,COD,"Congo, Dem. Rep.",2024,aiddata,AidData,,0,0,constant_2023_usd,commitment
COD::codf,COD,"Congo, Dem. Rep.",2024,codf,CODF,240000000.0,1,1,nominal_usd,loan_commitment
COD::cla,COD,"Congo, Dem. Rep.",2024,cla,CLA,240000000.0,1,1,nominal_usd,loan_commitment
COD::cancel,COD,"Congo, Dem. Rep.",2024,cancel,Debt cancellation,,0,0,nominal_usd,debt_cancellation
COD::restruct,COD,"Congo, Dem. Rep.",2024,restruct,Debt restructuring,,0,0,nominal_usd,debt_restructuring
COD::cofi,COD,"Congo, Dem. Rep.",2024,cofi,COFI,,0,0,nominal_usd,investment
COD::cgef,COD,"Congo, Dem. Rep.",2024,cgef,CGEF,,0,0,nominal_usd,loan_commitment
COD::chapo,COD,"Congo, Dem. Rep.",2024,chapo,CHAPO,,0,0,constant_2021_usd,commitment
COG::aiddata,COG,"Congo, Rep.",2000,aiddata,AidData,,0,0,constant_2023_usd,commitment
COG::codf,COG,"Congo, Rep.",2000,codf,CODF,,0,0,nominal_usd,loan_commitment
COG::cla,COG,"Congo, Rep.",2000,cla,CLA,24160000.0,1,1,nominal_usd,loan_commitment
COG::cancel,COG,"Congo, Rep.",2000,cancel,Debt cancellation,,0,0,nominal_usd,debt_cancellation
COG::restruct,COG,"Congo, Rep.",2000,restruct,Debt restructuring,,0,0,nominal_usd,debt_restructuring
COG::cofi,COG,"Congo, Rep.",2000,cofi,COFI,,0,0,nominal_usd,investment
COG::cgef,COG,"Congo, Rep.",2000,cgef,CGEF,,0,0,nominal_usd,loan_commitment
COG::chapo,COG,"Congo, Rep.",2000,chapo,CHAPO,,1,0,constant_2021_usd,commitment
COG::aiddata,COG,"Congo, Rep.",2001,aiddata,AidData,,0,0,constant_2023_usd,commitment
COG::codf,COG,"Congo, Rep.",2001,codf,CODF,,0,0,nominal_usd,loan_commitment
COG::cla,COG,"Congo, Rep.",2001,cla,CLA,,0,0,nominal_usd,loan_commitment
COG::cancel,COG,"Congo, Rep.",2001,cancel,Debt cancellation,,1,0,nominal_usd,debt_cancellation
COG::restruct,COG,"Congo, Rep.",2001,restruct,Debt restructuring,,0,0,nominal_usd,debt_restructuring
COG::cofi,COG,"Congo, Rep.",2001,cofi,COFI,,0,0,nominal_usd,investment
COG::cgef,COG,"Congo, Rep.",2001,cgef,CGEF,,0,0,nominal_usd,loan_commitment
COG::chapo,COG,"Congo, Rep.",2001,chapo,CHAPO,,0,0,constant_2021_usd,commitment
COG::aiddata,COG,"Congo, Rep.",2002,aiddata,AidData,,0,0,constant_2023_usd,commitment
COG::codf,COG,"Congo, Rep.",2002,codf,CODF,,0,0,nominal_usd,loan_commitment
COG::cla,COG,"Congo, Rep.",2002,cla,CLA,,0,0,nominal_usd,loan_commitment
COG::cancel,COG,"Congo, Rep.",2002,cancel,Debt cancellation,,0,0,nominal_usd,debt_cancellation
COG::restruct,COG,"Congo, Rep.",2002,restruct,Debt restructuring,,0,0,nominal_usd,debt_restructuring
COG::cofi,COG,"Congo, Rep.",2002,cofi,COFI,,0,0,nominal_usd,investment
COG::cgef,COG,"Congo, Rep.",2002,cgef,CGEF,,0,0,nominal_usd,loan_commitment
COG::chapo,COG,"Congo, Rep.",2002,chapo,CHAPO,24158020.227576,1,1,constant_2021_usd,commitment
COG::aiddata,COG,"Congo, Rep.",2003,aiddata,AidData,,0,0,constant_2023_usd,commitment
COG::codf,COG,"Congo, Rep.",2003,codf,CODF,,0,0,nominal_usd,loan_commitment
COG::cla,COG,"Congo, Rep.",2003,cla,CLA,238000000.0,1,1,nominal_usd,loan_commitment
COG::cancel,COG,"Congo, Rep.",2003,cancel,Debt cancellation,,0,0,nominal_usd,debt_cancellation
COG::restruct,COG,"Congo, Rep.",2003,restruct,Debt restructuring,,0,0,nominal_usd,debt_restructuring
COG::cofi,COG,"Congo, Rep.",2003,cofi,COFI,238000000.0,1,1,nominal_usd,investment
COG::cgef,COG,"Congo, Rep.",2003,cgef,CGEF,,0,0,nominal_usd,loan_commitment
COG::chapo,COG,"Congo, Rep.",2003,chapo,CHAPO,,1,0,constant_2021_usd,commitment
COG::aiddata,COG,"Congo, Rep.",2004,aiddata,AidData,,0,0,constant_2023_usd,commitment
COG::codf,COG,"Congo, Rep.",2004,codf,CODF,,0,0,nominal_usd,loan_commitment
COG::cla,COG,"Congo, Rep.",2004,cla,CLA,,0,0,nominal_usd,loan_commitment
COG::cancel,COG,"Congo, Rep.",2004,cancel,Debt cancellation,,0,0,nominal_usd,debt_cancellation
COG::restruct,COG,"Congo, Rep.",2004,restruct,Debt restructuring,,0,0,nominal_usd,debt_restructuring
COG::cofi,COG,"Congo, Rep.",2004,cofi,COFI,,0,0,nominal_usd,investment
COG::cgef,COG,"Congo, Rep.",2004,cgef,CGEF,,0,0,nominal_usd,loan_commitment
COG::chapo,COG,"Congo, Rep.",2004,chapo,CHAPO,,0,0,constant_2021_usd,commitment
COG::aiddata,COG,"Congo, Rep.",2005,aiddata,AidData,,0,0,constant_2023_usd,commitment
COG::codf,COG,"Congo, Rep.",2005,codf,CODF,,0,0,nominal_usd,loan_commitment
COG::cla,COG,"Congo, Rep.",2005,cla,CLA,551510000.0,1,1,nominal_usd,loan_commitment
COG::cancel,COG,"Congo, Rep.",2005,cancel,Debt cancellation,,0,0,nominal_usd,debt_cancellation
COG::restruct,COG,"Congo, Rep.",2005,restruct,Debt restructuring,,0,0,nominal_usd,debt_restructuring
COG::cofi,COG,"Congo, Rep.",2005,cofi,COFI,,0,0,nominal_usd,investment
COG::cgef,COG,"Congo, Rep.",2005,cgef,CGEF,,0,0,nominal_usd,loan_commitment
COG::chapo,COG,"Congo, Rep.",2005,chapo,CHAPO,,1,0,constant_2021_usd,commitment
COG::aiddata,COG,"Congo, Rep.",2006,aiddata,AidData,,0,0,constant_2023_usd,commitment
COG::codf,COG,"Congo, Rep.",2006,codf,CODF,,0,0,nominal_usd,loan_commitment
COG::cla,COG,"Congo, Rep.",2006,cla,CLA,1460360000.0,10,10,nominal_usd,loan_commitment
COG::cancel,COG,"Congo, Rep.",2006,cancel,Debt cancellation,,0,0,nominal_usd,debt_cancellation
COG::restruct,COG,"Congo, Rep.",2006,restruct,Debt restructuring,,0,0,nominal_usd,debt_restructuring
COG::cofi,COG,"Congo, Rep.",2006,cofi,COFI,,0,0,nominal_usd,investment
COG::cgef,COG,"Congo, Rep.",2006,cgef,CGEF,,0,0,nominal_usd,loan_commitment
COG::chapo,COG,"Congo, Rep.",2006,chapo,CHAPO,52830676.216674,2,1,constant_2021_usd,commitment
COG::aiddata,COG,"Congo, Rep.",2007,aiddata,AidData,,0,0,constant_2023_usd,commitment
COG::codf,COG,"Congo, Rep.",2007,codf,CODF,,0,0,nominal_usd,loan_commitment
COG::cla,COG,"Congo, Rep.",2007,cla,CLA,,0,0,nominal_usd,loan_commitment
COG::cancel,COG,"Congo, Rep.",2007,cancel,Debt cancellation,64000000.0,1,1,nominal_usd,debt_cancellation
COG::restruct,COG,"Congo, Rep.",2007,restruct,Debt restructuring,,0,0,nominal_usd,debt_restructuring
COG::cofi,COG,"Congo, Rep.",2007,cofi,COFI,,0,0,nominal_usd,investment
COG::cgef,COG,"Congo, Rep.",2007,cgef,CGEF,,0,0,nominal_usd,loan_commitment
COG::chapo,COG,"Congo, Rep.",2007,chapo,CHAPO,,1,0,constant_2021_usd,commitment
COG::aiddata,COG,"Congo, Rep.",2008,aiddata,AidData,,0,0,constant_2023_usd,commitment
COG::codf,COG,"Congo, Rep.",2008,codf,CODF,266250000.0,2,2,nominal_usd,loan_commitment
COG::cla,COG,"Congo, Rep.",2008,cla,CLA,160000000.0,1,1,nominal_usd,loan_commitment
COG::cancel,COG,"Congo, Rep.",2008,cancel,Debt cancellation,,0,0,nominal_usd,debt_cancellation
COG::restruct,COG,"Congo, Rep.",2008,restruct,Debt restructuring,,0,0,nominal_usd,debt_restructuring
COG::cofi,COG,"Congo, Rep.",2008,cofi,COFI,,0,0,nominal_usd,investment
COG::cgef,COG,"Congo, Rep.",2008,cgef,CGEF,,0,0,nominal_usd,loan_commitment
COG::chapo,COG,"Congo, Rep.",2008,chapo,CHAPO,1020436.456288,2,1,constant_2021_usd,commitment
COG::aiddata,COG,"Congo, Rep.",2009,aiddata,AidData,,0,0,constant_2023_usd,commitment
COG::codf,COG,"Congo, Rep.",2009,codf,CODF,,0,0,nominal_usd,loan_commitment
COG::cla,COG,"Congo, Rep.",2009,cla,CLA,,0,0,nominal_usd,loan_commitment
COG::cancel,COG,"Congo, Rep.",2009,cancel,Debt cancellation,,0,0,nominal_usd,debt_cancellation
COG::restruct,COG,"Congo, Rep.",2009,restruct,Debt restructuring,,0,0,nominal_usd,debt_restructuring
COG::cofi,COG,"Congo, Rep.",2009,cofi,COFI,264000000.0,1,1,nominal_usd,investment
COG::cgef,COG,"Congo, Rep.",2009,cgef,CGEF,,0,0,nominal_usd,loan_commitment
COG::chapo,COG,"Congo, Rep.",2009,chapo,CHAPO,26527777.180325,4,2,constant_2021_usd,commitment
COG::aiddata,COG,"Congo, Rep.",2010,aiddata,AidData,,0,0,constant_2023_usd,commitment
COG::codf,COG,"Congo, Rep.",2010,codf,CODF,,0,0,nominal_usd,loan_commitment
COG::cla,COG,"Congo, Rep.",2010,cla,CLA,,0,0,nominal_usd,loan_commitment
COG::cancel,COG,"Congo, Rep.",2010,cancel,Debt cancellation,,0,0,nominal_usd,debt_cancellation
COG::restruct,COG,"Congo, Rep.",2010,restruct,Debt restructuring,,0,0,nominal_usd,debt_restructuring
COG::cofi,COG,"Congo, Rep.",2010,cofi,COFI,,0,0,nominal_usd,investment
COG::cgef,COG,"Congo, Rep.",2010,cgef,CGEF,,0,0,nominal_usd,loan_commitment
COG::chapo,COG,"Congo, Rep.",2010,chapo,CHAPO,,1,0,constant_2021_usd,commitment
COG::aiddata,COG,"Congo, Rep.",2011,aiddata,AidData,,0,0,constant_2023_usd,commitment
COG::codf,COG,"Congo, Rep.",2011,codf,CODF,,0,0,nominal_usd,loan_commitment
COG::cla,COG,"Congo, Rep.",2011,cla,CLA,,0,0,nominal_usd,loan_commitment
COG::cancel,COG,"Congo, Rep.",2011,cancel,Debt cancellation,,0,0,nominal_usd,debt_cancellation
COG::restruct,COG,"Congo, Rep.",2011,restruct,Debt restructuring,,0,0,nominal_usd,debt_restructuring
COG::cofi,COG,"Congo, Rep.",2011,cofi,COFI,,0,0,nominal_usd,investment
COG::cgef,COG,"Congo, Rep.",2011,cgef,CGEF,,0,0,nominal_usd,loan_commitment
COG::chapo,COG,"Congo, Rep.",2011,chapo,CHAPO,,4,0,constant_2021_usd,commitment
COG::aiddata,COG,"Congo, Rep.",2012,aiddata,AidData,,0,0,constant_2023_usd,commitment
COG::codf,COG,"Congo, Rep.",2012,codf,CODF,1046620000.0,2,2,nominal_usd,loan_commitment
COG::cla,COG,"Congo, Rep.",2012,cla,CLA,1047600000.0,2,2,nominal_usd,loan_commitment
COG::cancel,COG,"Congo, Rep.",2012,cancel,Debt cancellation,,0,0,nominal_usd,debt_cancellation
COG::restruct,COG,"Congo, Rep.",2012,restruct,Debt restructuring,,0,0,nominal_usd,debt_restructuring
COG::cofi,COG,"Congo, Rep.",2012,cofi,COFI,142000000.0,1,1,nominal_usd,investment
COG::cgef,COG,"Congo, Rep.",2012,cgef,CGEF,,0,0,nominal_usd,loan_commitment
COG::chapo,COG,"Congo, Rep.",2012,chapo,CHAPO,16437729.810962,1,1,constant_2021_usd,commitment
COG::aiddata,COG,"Congo, Rep.",2013,aiddata,AidData,,0,0,constant_2023_usd,commitment
COG::codf,COG,"Congo, Rep.",2013,codf,CODF,563290000.0,6,6,nominal_usd,loan_commitment
COG::cla,COG,"Congo, Rep.",2013,cla,CLA,585790000.0,7,7,nominal_usd,loan_commitment
COG::cancel,COG,"Congo, Rep.",2013,cancel,Debt cancellation,,0,0,nominal_usd,debt_cancellation
COG::restruct,COG,"Congo, Rep.",2013,restruct,Debt restructuring,,0,0,nominal_usd,debt_restructuring
COG::cofi,COG,"Congo, Rep.",2013,cofi,COFI,,0,0,nominal_usd,investment
COG::cgef,COG,"Congo, Rep.",2013,cgef,CGEF,128980000.0,2,2,nominal_usd,loan_commitment
COG::chapo,COG,"Congo, Rep.",2013,chapo,CHAPO,1834597.564222,2,1,constant_2021_usd,commitment
COG::aiddata,COG,"Congo, Rep.",2014,aiddata,AidData,,0,0,constant_2023_usd,commitment
COG::codf,COG,"Congo, Rep.",2014,codf,CODF,566540000.0,5,5,nominal_usd,loan_commitment
COG::cla,COG,"Congo, Rep.",2014,cla,CLA,601290000.0,8,8,nominal_usd,loan_commitment
COG::cancel,COG,"Congo, Rep.",2014,cancel,Debt cancellation,,0,0,nominal_usd,debt_cancellation
COG::restruct,COG,"Congo, Rep.",2014,restruct,Debt restructuring,,0,0,nominal_usd,debt_restructuring
COG::cofi,COG,"Congo, Rep.",2014,cofi,COFI,,0,0,nominal_usd,investment
COG::cgef,COG,"Congo, Rep.",2014,cgef,CGEF,,0,0,nominal_usd,loan_commitment
COG::chapo,COG,"Congo, Rep.",2014,chapo,CHAPO,898396.36829,2,1,constant_2021_usd,commitment
COG::aiddata,COG,"Congo, Rep.",2015,aiddata,AidData,,0,0,constant_2023_usd,commitment
COG::codf,COG,"Congo, Rep.",2015,codf,CODF,,0,0,nominal_usd,loan_commitment
COG::cla,COG,"Congo, Rep.",2015,cla,CLA,,0,0,nominal_usd,loan_commitment
COG::cancel,COG,"Congo, Rep.",2015,cancel,Debt cancellation,,0,0,nominal_usd,debt_cancellation
COG::restruct,COG,"Congo, Rep.",2015,restruct,Debt restructuring,,0,0,nominal_usd,debt_restructuring
COG::cofi,COG,"Congo, Rep.",2015,cofi,COFI,,0,0,nominal_usd,investment
COG::cgef,COG,"Congo, Rep.",2015,cgef,CGEF,,0,0,nominal_usd,loan_commitment
COG::chapo,COG,"Congo, Rep.",2015,chapo,CHAPO,,1,0,constant_2021_usd,commitment
COG::aiddata,COG,"Congo, Rep.",2016,aiddata,AidData,,0,0,constant_2023_usd,commitment
COG::codf,COG,"Congo, Rep.",2016,codf,CODF,,0,0,nominal_usd,loan_commitment
COG::cla,COG,"Congo, Rep.",2016,cla,CLA,,0,0,nominal_usd,loan_commitment
COG::cancel,COG,"Congo, Rep.",2016,cancel,Debt cancellation,,0,0,nominal_usd,debt_cancellation
COG::restruct,COG,"Congo, Rep.",2016,restruct,Debt restructuring,,0,0,nominal_usd,debt_restructuring
COG::cofi,COG,"Congo, Rep.",2016,cofi,COFI,,0,0,nominal_usd,investment
COG::cgef,COG,"Congo, Rep.",2016,cgef,CGEF,,0,0,nominal_usd,loan_commitment
COG::chapo,COG,"Congo, Rep.",2016,chapo,CHAPO,1234538.458425,1,1,constant_2021_usd,commitment
COG::aiddata,COG,"Congo, Rep.",2017,aiddata,AidData,,0,0,constant_2023_usd,commitment
COG::codf,COG,"Congo, Rep.",2017,codf,CODF,376690000.0,3,3,nominal_usd,loan_commitment
COG::cla,COG,"Congo, Rep.",2017,cla,CLA,376640000.0,3,3,nominal_usd,loan_commitment
COG::cancel,COG,"Congo, Rep.",2017,cancel,Debt cancellation,,0,0,nominal_usd,debt_cancellation
COG::restruct,COG,"Congo, Rep.",2017,restruct,Debt restructuring,,0,0,nominal_usd,debt_restructuring
COG::cofi,COG,"Congo, Rep.",2017,cofi,COFI,,0,0,nominal_usd,investment
COG::cgef,COG,"Congo, Rep.",2017,cgef,CGEF,,0,0,nominal_usd,loan_commitment
COG::chapo,COG,"Congo, Rep.",2017,chapo,CHAPO,1744544.235554,5,2,constant_2021_usd,commitment
COG::aiddata,COG,"Congo, Rep.",2018,aiddata,AidData,,0,0,constant_2023_usd,commitment
COG::codf,COG,"Congo, Rep.",2018,codf,CODF,,0,0,nominal_usd,loan_commitment
COG::cla,COG,"Congo, Rep.",2018,cla,CLA,,0,0,nominal_usd,loan_commitment
COG::cancel,COG,"Congo, Rep.",2018,cancel,Debt cancellation,,0,0,nominal_usd,debt_cancellation
COG::restruct,COG,"Congo, Rep.",2018,restruct,Debt restructuring,116000000.0,1,1,nominal_usd,debt_restructuring
COG::cofi,COG,"Congo, Rep.",2018,cofi,COFI,,0,0,nominal_usd,investment
COG::cgef,COG,"Congo, Rep.",2018,cgef,CGEF,,0,0,nominal_usd,loan_commitment
COG::chapo,COG,"Congo, Rep.",2018,chapo,CHAPO,,1,0,constant_2021_usd,commitment
COG::aiddata,COG,"Congo, Rep.",2019,aiddata,AidData,,0,0,constant_2023_usd,commitment
COG::codf,COG,"Congo, Rep.",2019,codf,CODF,,0,0,nominal_usd,loan_commitment
COG::cla,COG,"Congo, Rep.",2019,cla,CLA,,0,0,nominal_usd,loan_commitment
COG::cancel,COG,"Congo, Rep.",2019,cancel,Debt cancellation,20000000.0,1,1,nominal_usd,debt_cancellation
COG::restruct,COG,"Congo, Rep.",2019,restruct,Debt restructuring,1612000000.0,1,1,nominal_usd,debt_restructuring
COG::cofi,COG,"Congo, Rep.",2019,cofi,COFI,,0,0,nominal_usd,investment
COG::cgef,COG,"Congo, Rep.",2019,cgef,CGEF,,0,0,nominal_usd,loan_commitment
COG::chapo,COG,"Congo, Rep.",2019,chapo,CHAPO,,0,0,constant_2021_usd,commitment
COG::aiddata,COG,"Congo, Rep.",2020,aiddata,AidData,,0,0,constant_2023_usd,commitment
COG::codf,COG,"Congo, Rep.",2020,codf,CODF,,0,0,nominal_usd,loan_commitment
COG::cla,COG,"Congo, Rep.",2020,cla,CLA,,0,0,nominal_usd,loan_commitment
COG::cancel,COG,"Congo, Rep.",2020,cancel,Debt cancellation,,0,0,nominal_usd,debt_cancellation
COG::restruct,COG,"Congo, Rep.",2020,restruct,Debt restructuring,,0,0,nominal_usd,debt_restructuring
COG::cofi,COG,"Congo, Rep.",2020,cofi,COFI,,0,0,nominal_usd,investment
COG::cgef,COG,"Congo, Rep.",2020,cgef,CGEF,,0,0,nominal_usd,loan_commitment
COG::chapo,COG,"Congo, Rep.",2020,chapo,CHAPO,224199.444045,7,3,constant_2021_usd,commitment
COG::aiddata,COG,"Congo, Rep.",2021,aiddata,AidData,,0,0,constant_2023_usd,commitment
COG::codf,COG,"Congo, Rep.",2021,codf,CODF,,0,0,nominal_usd,loan_commitment
COG::cla,COG,"Congo, Rep.",2021,cla,CLA,,0,0,nominal_usd,loan_commitment
COG::cancel,COG,"Congo, Rep.",2021,cancel,Debt cancellation,,0,0,nominal_usd,debt_cancellation
COG::restruct,COG,"Congo, Rep.",2021,restruct,Debt restructuring,,0,0,nominal_usd,debt_restructuring
COG::cofi,COG,"Congo, Rep.",2021,cofi,COFI,,0,0,nominal_usd,investment
COG::cgef,COG,"Congo, Rep.",2021,cgef,CGEF,,0,0,nominal_usd,loan_commitment
COG::chapo,COG,"Congo, Rep.",2021,chapo,CHAPO,6253446.341947,5,4,constant_2021_usd,commitment
COG::aiddata,COG,"Congo, Rep.",2022,aiddata,AidData,,0,0,constant_2023_usd,commitment
COG::codf,COG,"Congo, Rep.",2022,codf,CODF,,0,0,nominal_usd,loan_commitment
COG::cla,COG,"Congo, Rep.",2022,cla,CLA,,0,0,nominal_usd,loan_commitment
COG::cancel,COG,"Congo, Rep.",2022,cancel,Debt cancellation,,0,0,nominal_usd,debt_cancellation
COG::restruct,COG,"Congo, Rep.",2022,restruct,Debt restructuring,,0,0,nominal_usd,debt_restructuring
COG::cofi,COG,"Congo, Rep.",2022,cofi,COFI,,0,0,nominal_usd,investment
COG::cgef,COG,"Congo, Rep.",2022,cgef,CGEF,,0,0,nominal_usd,loan_commitment
COG::chapo,COG,"Congo, Rep.",2022,chapo,CHAPO,,0,0,constant_2021_usd,commitment
COG::aiddata,COG,"Congo, Rep.",2023,aiddata,AidData,,0,0,constant_2023_usd,commitment
COG::codf,COG,"Congo, Rep.",2023,codf,CODF,,0,0,nominal_usd,loan_commitment
COG::cla,COG,"Congo, Rep.",2023,cla,CLA,,0,0,nominal_usd,loan_commitment
COG::cancel,COG,"Congo, Rep.",2023,cancel,Debt cancellation,,0,0,nominal_usd,debt_cancellation
COG::restruct,COG,"Congo, Rep.",2023,restruct,Debt restructuring,,0,0,nominal_usd,debt_restructuring
COG::cofi,COG,"Congo, Rep.",2023,cofi,COFI,,0,0,nominal_usd,investment
COG::cgef,COG,"Congo, Rep.",2023,cgef,CGEF,,0,0,nominal_usd,loan_commitment
COG::chapo,COG,"Congo, Rep.",2023,chapo,CHAPO,,0,0,constant_2021_usd,commitment
COG::aiddata,COG,"Congo, Rep.",2024,aiddata,AidData,,0,0,constant_2023_usd,commitment
COG::codf,COG,"Congo, Rep.",2024,codf,CODF,,0,0,nominal_usd,loan_commitment
COG::cla,COG,"Congo, Rep.",2024,cla,CLA,,0,0,nominal_usd,loan_commitment
COG::cancel,COG,"Congo, Rep.",2024,cancel,Debt cancellation,,0,0,nominal_usd,debt_cancellation
COG::restruct,COG,"Congo, Rep.",2024,restruct,Debt restructuring,,0,0,nominal_usd,debt_restructuring
COG::cofi,COG,"Congo, Rep.",2024,cofi,COFI,,0,0,nominal_usd,investment
COG::cgef,COG,"Congo, Rep.",2024,cgef,CGEF,,0,0,nominal_usd,loan_commitment
COG::chapo,COG,"Congo, Rep.",2024,chapo,CHAPO,,0,0,constant_2021_usd,commitment
COM::aiddata,COM,Comoros,2000,aiddata,AidData,11858788.212714,1,1,constant_2023_usd,commitment
COM::codf,COM,Comoros,2000,codf,CODF,,0,0,nominal_usd,loan_commitment
COM::cla,COM,Comoros,2000,cla,CLA,,0,0,nominal_usd,loan_commitment
COM::cancel,COM,Comoros,2000,cancel,Debt cancellation,,0,0,nominal_usd,debt_cancellation
COM::restruct,COM,Comoros,2000,restruct,Debt restructuring,,0,0,nominal_usd,debt_restructuring
COM::cofi,COM,Comoros,2000,cofi,COFI,,0,0,nominal_usd,investment
COM::cgef,COM,Comoros,2000,cgef,CGEF,,0,0,nominal_usd,loan_commitment
COM::chapo,COM,Comoros,2000,chapo,CHAPO,,0,0,constant_2021_usd,commitment
COM::aiddata,COM,Comoros,2001,aiddata,AidData,17224496.809915,2,2,constant_2023_usd,commitment
COM::codf,COM,Comoros,2001,codf,CODF,,0,0,nominal_usd,loan_commitment
COM::cla,COM,Comoros,2001,cla,CLA,,0,0,nominal_usd,loan_commitment
COM::cancel,COM,Comoros,2001,cancel,Debt cancellation,5000000.0,1,1,nominal_usd,debt_cancellation
COM::restruct,COM,Comoros,2001,restruct,Debt restructuring,,0,0,nominal_usd,debt_restructuring
COM::cofi,COM,Comoros,2001,cofi,COFI,,0,0,nominal_usd,investment
COM::cgef,COM,Comoros,2001,cgef,CGEF,,0,0,nominal_usd,loan_commitment
COM::chapo,COM,Comoros,2001,chapo,CHAPO,,0,0,constant_2021_usd,commitment
COM::aiddata,COM,Comoros,2002,aiddata,AidData,82562.942617,2,1,constant_2023_usd,commitment
COM::codf,COM,Comoros,2002,codf,CODF,,0,0,nominal_usd,loan_commitment
COM::cla,COM,Comoros,2002,cla,CLA,,0,0,nominal_usd,loan_commitment
COM::cancel,COM,Comoros,2002,cancel,Debt cancellation,,0,0,nominal_usd,debt_cancellation
COM::restruct,COM,Comoros,2002,restruct,Debt restructuring,,0,0,nominal_usd,debt_restructuring
COM::cofi,COM,Comoros,2002,cofi,COFI,,0,0,nominal_usd,investment
COM::cgef,COM,Comoros,2002,cgef,CGEF,,0,0,nominal_usd,loan_commitment
COM::chapo,COM,Comoros,2002,chapo,CHAPO,,1,0,constant_2021_usd,commitment
COM::aiddata,COM,Comoros,2003,aiddata,AidData,,1,0,constant_2023_usd,commitment
COM::codf,COM,Comoros,2003,codf,CODF,,0,0,nominal_usd,loan_commitment
COM::cla,COM,Comoros,2003,cla,CLA,,0,0,nominal_usd,loan_commitment
COM::cancel,COM,Comoros,2003,cancel,Debt cancellation,,0,0,nominal_usd,debt_cancellation
COM::restruct,COM,Comoros,2003,restruct,Debt restructuring,,0,0,nominal_usd,debt_restructuring
COM::cofi,COM,Comoros,2003,cofi,COFI,,0,0,nominal_usd,investment
COM::cgef,COM,Comoros,2003,cgef,CGEF,,0,0,nominal_usd,loan_commitment
COM::chapo,COM,Comoros,2003,chapo,CHAPO,,1,0,constant_2021_usd,commitment
COM::aiddata,COM,Comoros,2004,aiddata,AidData,19140757.63602,4,2,constant_2023_usd,commitment
COM::codf,COM,Comoros,2004,codf,CODF,,0,0,nominal_usd,loan_commitment
COM::cla,COM,Comoros,2004,cla,CLA,8000000.0,1,1,nominal_usd,loan_commitment
COM::cancel,COM,Comoros,2004,cancel,Debt cancellation,,0,0,nominal_usd,debt_cancellation
COM::restruct,COM,Comoros,2004,restruct,Debt restructuring,,0,0,nominal_usd,debt_restructuring
COM::cofi,COM,Comoros,2004,cofi,COFI,,0,0,nominal_usd,investment
COM::cgef,COM,Comoros,2004,cgef,CGEF,,0,0,nominal_usd,loan_commitment
COM::chapo,COM,Comoros,2004,chapo,CHAPO,,0,0,constant_2021_usd,commitment
COM::aiddata,COM,Comoros,2005,aiddata,AidData,6046988.155313,4,3,constant_2023_usd,commitment
COM::codf,COM,Comoros,2005,codf,CODF,,0,0,nominal_usd,loan_commitment
COM::cla,COM,Comoros,2005,cla,CLA,,0,0,nominal_usd,loan_commitment
COM::cancel,COM,Comoros,2005,cancel,Debt cancellation,3300000.0,1,1,nominal_usd,debt_cancellation
COM::restruct,COM,Comoros,2005,restruct,Debt restructuring,,0,0,nominal_usd,debt_restructuring
COM::cofi,COM,Comoros,2005,cofi,COFI,,0,0,nominal_usd,investment
COM::cgef,COM,Comoros,2005,cgef,CGEF,,0,0,nominal_usd,loan_commitment
COM::chapo,COM,Comoros,2005,chapo,CHAPO,,0,0,constant_2021_usd,commitment
COM::aiddata,COM,Comoros,2006,aiddata,AidData,2589150.132068,2,1,constant_2023_usd,commitment
COM::codf,COM,Comoros,2006,codf,CODF,,0,0,nominal_usd,loan_commitment
COM::cla,COM,Comoros,2006,cla,CLA,,0,0,nominal_usd,loan_commitment
COM::cancel,COM,Comoros,2006,cancel,Debt cancellation,,1,0,nominal_usd,debt_cancellation
COM::restruct,COM,Comoros,2006,restruct,Debt restructuring,,0,0,nominal_usd,debt_restructuring
COM::cofi,COM,Comoros,2006,cofi,COFI,,0,0,nominal_usd,investment
COM::cgef,COM,Comoros,2006,cgef,CGEF,,0,0,nominal_usd,loan_commitment
COM::chapo,COM,Comoros,2006,chapo,CHAPO,,1,0,constant_2021_usd,commitment
COM::aiddata,COM,Comoros,2007,aiddata,AidData,531700.650956,1,1,constant_2023_usd,commitment
COM::codf,COM,Comoros,2007,codf,CODF,,0,0,nominal_usd,loan_commitment
COM::cla,COM,Comoros,2007,cla,CLA,,0,0,nominal_usd,loan_commitment
COM::cancel,COM,Comoros,2007,cancel,Debt cancellation,,0,0,nominal_usd,debt_cancellation
COM::restruct,COM,Comoros,2007,restruct,Debt restructuring,,0,0,nominal_usd,debt_restructuring
COM::cofi,COM,Comoros,2007,cofi,COFI,,0,0,nominal_usd,investment
COM::cgef,COM,Comoros,2007,cgef,CGEF,,0,0,nominal_usd,loan_commitment
COM::chapo,COM,Comoros,2007,chapo,CHAPO,575764.602523,1,1,constant_2021_usd,commitment
COM::aiddata,COM,Comoros,2008,aiddata,AidData,1418556.403771,3,1,constant_2023_usd,commitment
COM::codf,COM,Comoros,2008,codf,CODF,,0,0,nominal_usd,loan_commitment
COM::cla,COM,Comoros,2008,cla,CLA,,0,0,nominal_usd,loan_commitment
COM::cancel,COM,Comoros,2008,cancel,Debt cancellation,,0,0,nominal_usd,debt_cancellation
COM::restruct,COM,Comoros,2008,restruct,Debt restructuring,,0,0,nominal_usd,debt_restructuring
COM::cofi,COM,Comoros,2008,cofi,COFI,,0,0,nominal_usd,investment
COM::cgef,COM,Comoros,2008,cgef,CGEF,,0,0,nominal_usd,loan_commitment
COM::chapo,COM,Comoros,2008,chapo,CHAPO,,1,0,constant_2021_usd,commitment
COM::aiddata,COM,Comoros,2009,aiddata,AidData,15358670.490318,3,1,constant_2023_usd,commitment
COM::codf,COM,Comoros,2009,codf,CODF,,0,0,nominal_usd,loan_commitment
COM::cla,COM,Comoros,2009,cla,CLA,,0,0,nominal_usd,loan_commitment
COM::cancel,COM,Comoros,2009,cancel,Debt cancellation,,0,0,nominal_usd,debt_cancellation
COM::restruct,COM,Comoros,2009,restruct,Debt restructuring,,0,0,nominal_usd,debt_restructuring
COM::cofi,COM,Comoros,2009,cofi,COFI,,0,0,nominal_usd,investment
COM::cgef,COM,Comoros,2009,cgef,CGEF,,0,0,nominal_usd,loan_commitment
COM::chapo,COM,Comoros,2009,chapo,CHAPO,16628401.875718,2,1,constant_2021_usd,commitment
COM::aiddata,COM,Comoros,2010,aiddata,AidData,42235526.944498,7,2,constant_2023_usd,commitment
COM::codf,COM,Comoros,2010,codf,CODF,31760000.0,1,1,nominal_usd,loan_commitment
COM::cla,COM,Comoros,2010,cla,CLA,31760000.0,1,1,nominal_usd,loan_commitment
COM::cancel,COM,Comoros,2010,cancel,Debt cancellation,,0,0,nominal_usd,debt_cancellation
COM::restruct,COM,Comoros,2010,restruct,Debt restructuring,,0,0,nominal_usd,debt_restructuring
COM::cofi,COM,Comoros,2010,cofi,COFI,,0,0,nominal_usd,investment
COM::cgef,COM,Comoros,2010,cgef,CGEF,,0,0,nominal_usd,loan_commitment
COM::chapo,COM,Comoros,2010,chapo,CHAPO,,1,0,constant_2021_usd,commitment
COM::aiddata,COM,Comoros,2011,aiddata,AidData,,0,0,constant_2023_usd,commitment
COM::codf,COM,Comoros,2011,codf,CODF,,0,0,nominal_usd,loan_commitment
COM::cla,COM,Comoros,2011,cla,CLA,,0,0,nominal_usd,loan_commitment
COM::cancel,COM,Comoros,2011,cancel,Debt cancellation,,0,0,nominal_usd,debt_cancellation
COM::restruct,COM,Comoros,2011,restruct,Debt restructuring,,0,0,nominal_usd,debt_restructuring
COM::cofi,COM,Comoros,2011,cofi,COFI,,0,0,nominal_usd,investment
COM::cgef,COM,Comoros,2011,cgef,CGEF,,0,0,nominal_usd,loan_commitment
COM::chapo,COM,Comoros,2011,chapo,CHAPO,,0,0,constant_2021_usd,commitment
COM::aiddata,COM,Comoros,2012,aiddata,AidData,783149.782506,6,2,constant_2023_usd,commitment
COM::codf,COM,Comoros,2012,codf,CODF,,0,0,nominal_usd,loan_commitment
COM::cla,COM,Comoros,2012,cla,CLA,,0,0,nominal_usd,loan_commitment
COM::cancel,COM,Comoros,2012,cancel,Debt cancellation,,0,0,nominal_usd,debt_cancellation
COM::restruct,COM,Comoros,2012,restruct,Debt restructuring,,0,0,nominal_usd,debt_restructuring
COM::cofi,COM,Comoros,2012,cofi,COFI,,0,0,nominal_usd,investment
COM::cgef,COM,Comoros,2012,cgef,CGEF,,0,0,nominal_usd,loan_commitment
COM::chapo,COM,Comoros,2012,chapo,CHAPO,,3,0,constant_2021_usd,commitment
COM::aiddata,COM,Comoros,2013,aiddata,AidData,558162.433197,3,1,constant_2023_usd,commitment
COM::codf,COM,Comoros,2013,codf,CODF,,0,0,nominal_usd,loan_commitment
COM::cla,COM,Comoros,2013,cla,CLA,,0,0,nominal_usd,loan_commitment
COM::cancel,COM,Comoros,2013,cancel,Debt cancellation,,0,0,nominal_usd,debt_cancellation
COM::restruct,COM,Comoros,2013,restruct,Debt restructuring,,0,0,nominal_usd,debt_restructuring
COM::cofi,COM,Comoros,2013,cofi,COFI,,0,0,nominal_usd,investment
COM::cgef,COM,Comoros,2013,cgef,CGEF,,0,0,nominal_usd,loan_commitment
COM::chapo,COM,Comoros,2013,chapo,CHAPO,,1,0,constant_2021_usd,commitment
COM::aiddata,COM,Comoros,2014,aiddata,AidData,34828651.188505,3,2,constant_2023_usd,commitment
COM::codf,COM,Comoros,2014,codf,CODF,,0,0,nominal_usd,loan_commitment
COM::cla,COM,Comoros,2014,cla,CLA,,0,0,nominal_usd,loan_commitment
COM::cancel,COM,Comoros,2014,cancel,Debt cancellation,,0,0,nominal_usd,debt_cancellation
COM::restruct,COM,Comoros,2014,restruct,Debt restructuring,,0,0,nominal_usd,debt_restructuring
COM::cofi,COM,Comoros,2014,cofi,COFI,,0,0,nominal_usd,investment
COM::cgef,COM,Comoros,2014,cgef,CGEF,,0,0,nominal_usd,loan_commitment
COM::chapo,COM,Comoros,2014,chapo,CHAPO,,1,0,constant_2021_usd,commitment
COM::aiddata,COM,Comoros,2015,aiddata,AidData,1114243.56075,4,3,constant_2023_usd,commitment
COM::codf,COM,Comoros,2015,codf,CODF,,0,0,nominal_usd,loan_commitment
COM::cla,COM,Comoros,2015,cla,CLA,,0,0,nominal_usd,loan_commitment
COM::cancel,COM,Comoros,2015,cancel,Debt cancellation,,0,0,nominal_usd,debt_cancellation
COM::restruct,COM,Comoros,2015,restruct,Debt restructuring,,0,0,nominal_usd,debt_restructuring
COM::cofi,COM,Comoros,2015,cofi,COFI,,0,0,nominal_usd,investment
COM::cgef,COM,Comoros,2015,cgef,CGEF,,0,0,nominal_usd,loan_commitment
COM::chapo,COM,Comoros,2015,chapo,CHAPO,,0,0,constant_2021_usd,commitment
COM::aiddata,COM,Comoros,2016,aiddata,AidData,6225967.801771,10,2,constant_2023_usd,commitment
COM::codf,COM,Comoros,2016,codf,CODF,,0,0,nominal_usd,loan_commitment
COM::cla,COM,Comoros,2016,cla,CLA,,0,0,nominal_usd,loan_commitment
COM::cancel,COM,Comoros,2016,cancel,Debt cancellation,,0,0,nominal_usd,debt_cancellation
COM::restruct,COM,Comoros,2016,restruct,Debt restructuring,,0,0,nominal_usd,debt_restructuring
COM::cofi,COM,Comoros,2016,cofi,COFI,,0,0,nominal_usd,investment
COM::cgef,COM,Comoros,2016,cgef,CGEF,,0,0,nominal_usd,loan_commitment
COM::chapo,COM,Comoros,2016,chapo,CHAPO,,3,0,constant_2021_usd,commitment
COM::aiddata,COM,Comoros,2017,aiddata,AidData,3731325.669645,7,2,constant_2023_usd,commitment
COM::codf,COM,Comoros,2017,codf,CODF,,0,0,nominal_usd,loan_commitment
COM::cla,COM,Comoros,2017,cla,CLA,,0,0,nominal_usd,loan_commitment
COM::cancel,COM,Comoros,2017,cancel,Debt cancellation,1430000.0,1,1,nominal_usd,debt_cancellation
COM::restruct,COM,Comoros,2017,restruct,Debt restructuring,,0,0,nominal_usd,debt_restructuring
COM::cofi,COM,Comoros,2017,cofi,COFI,,0,0,nominal_usd,investment
COM::cgef,COM,Comoros,2017,cgef,CGEF,,0,0,nominal_usd,loan_commitment
COM::chapo,COM,Comoros,2017,chapo,CHAPO,,3,0,constant_2021_usd,commitment
COM::aiddata,COM,Comoros,2018,aiddata,AidData,96545367.97099,11,6,constant_2023_usd,commitment
COM::codf,COM,Comoros,2018,codf,CODF,85650000.0,1,1,nominal_usd,loan_commitment
COM::cla,COM,Comoros,2018,cla,CLA,85670000.0,1,1,nominal_usd,loan_commitment
COM::cancel,COM,Comoros,2018,cancel,Debt cancellation,,0,0,nominal_usd,debt_cancellation
COM::restruct,COM,Comoros,2018,restruct,Debt restructuring,,0,0,nominal_usd,debt_restructuring
COM::cofi,COM,Comoros,2018,cofi,COFI,,0,0,nominal_usd,investment
COM::cgef,COM,Comoros,2018,cgef,CGEF,,0,0,nominal_usd,loan_commitment
COM::chapo,COM,Comoros,2018,chapo,CHAPO,,2,0,constant_2021_usd,commitment
COM::aiddata,COM,Comoros,2019,aiddata,AidData,13722335.639318,5,2,constant_2023_usd,commitment
COM::codf,COM,Comoros,2019,codf,CODF,,0,0,nominal_usd,loan_commitment
COM::cla,COM,Comoros,2019,cla,CLA,,0,0,nominal_usd,loan_commitment
COM::cancel,COM,Comoros,2019,cancel,Debt cancellation,,0,0,nominal_usd,debt_cancellation
COM::restruct,COM,Comoros,2019,restruct,Debt restructuring,,0,0,nominal_usd,debt_restructuring
COM::cofi,COM,Comoros,2019,cofi,COFI,,0,0,nominal_usd,investment
COM::cgef,COM,Comoros,2019,cgef,CGEF,,0,0,nominal_usd,loan_commitment
COM::chapo,COM,Comoros,2019,chapo,CHAPO,130896.012324,3,1,constant_2021_usd,commitment
COM::aiddata,COM,Comoros,2020,aiddata,AidData,128592.911069,2,2,constant_2023_usd,commitment
COM::codf,COM,Comoros,2020,codf,CODF,,0,0,nominal_usd,loan_commitment
COM::cla,COM,Comoros,2020,cla,CLA,,0,0,nominal_usd,loan_commitment
COM::cancel,COM,Comoros,2020,cancel,Debt cancellation,,0,0,nominal_usd,debt_cancellation
COM::restruct,COM,Comoros,2020,restruct,Debt restructuring,,0,0,nominal_usd,debt_restructuring
COM::cofi,COM,Comoros,2020,cofi,COFI,,0,0,nominal_usd,investment
COM::cgef,COM,Comoros,2020,cgef,CGEF,,0,0,nominal_usd,loan_commitment
COM::chapo,COM,Comoros,2020,chapo,CHAPO,139199.974211,2,2,constant_2021_usd,commitment
COM::aiddata,COM,Comoros,2021,aiddata,AidData,4992631.928951,7,4,constant_2023_usd,commitment
COM::codf,COM,Comoros,2021,codf,CODF,,0,0,nominal_usd,loan_commitment
COM::cla,COM,Comoros,2021,cla,CLA,,0,0,nominal_usd,loan_commitment
COM::cancel,COM,Comoros,2021,cancel,Debt cancellation,,0,0,nominal_usd,debt_cancellation
COM::restruct,COM,Comoros,2021,restruct,Debt restructuring,,0,0,nominal_usd,debt_restructuring
COM::cofi,COM,Comoros,2021,cofi,COFI,,0,0,nominal_usd,investment
COM::cgef,COM,Comoros,2021,cgef,CGEF,,0,0,nominal_usd,loan_commitment
COM::chapo,COM,Comoros,2021,chapo,CHAPO,5400000.0,7,3,constant_2021_usd,commitment
COM::aiddata,COM,Comoros,2022,aiddata,AidData,,2,0,constant_2023_usd,commitment
COM::codf,COM,Comoros,2022,codf,CODF,,0,0,nominal_usd,loan_commitment
COM::cla,COM,Comoros,2022,cla,CLA,,0,0,nominal_usd,loan_commitment
COM::cancel,COM,Comoros,2022,cancel,Debt cancellation,,0,0,nominal_usd,debt_cancellation
COM::restruct,COM,Comoros,2022,restruct,Debt restructuring,,0,0,nominal_usd,debt_restructuring
COM::cofi,COM,Comoros,2022,cofi,COFI,,0,0,nominal_usd,investment
COM::cgef,COM,Comoros,2022,cgef,CGEF,,0,0,nominal_usd,loan_commitment
COM::chapo,COM,Comoros,2022,chapo,CHAPO,,0,0,constant_2021_usd,commitment
COM::aiddata,COM,Comoros,2023,aiddata,AidData,,5,0,constant_2023_usd,commitment
COM::codf,COM,Comoros,2023,codf,CODF,,0,0,nominal_usd,loan_commitment
COM::cla,COM,Comoros,2023,cla,CLA,,0,0,nominal_usd,loan_commitment
COM::cancel,COM,Comoros,2023,cancel,Debt cancellation,,0,0,nominal_usd,debt_cancellation
COM::restruct,COM,Comoros,2023,restruct,Debt restructuring,,0,0,nominal_usd,debt_restructuring
COM::cofi,COM,Comoros,2023,cofi,COFI,,0,0,nominal_usd,investment
COM::cgef,COM,Comoros,2023,cgef,CGEF,,0,0,nominal_usd,loan_commitment
COM::chapo,COM,Comoros,2023,chapo,CHAPO,,0,0,constant_2021_usd,commitment
COM::aiddata,COM,Comoros,2024,aiddata,AidData,,0,0,constant_2023_usd,commitment
COM::codf,COM,Comoros,2024,codf,CODF,,0,0,nominal_usd,loan_commitment
COM::cla,COM,Comoros,2024,cla,CLA,,0,0,nominal_usd,loan_commitment
COM::cancel,COM,Comoros,2024,cancel,Debt cancellation,,0,0,nominal_usd,debt_cancellation
COM::restruct,COM,Comoros,2024,restruct,Debt restructuring,,0,0,nominal_usd,debt_restructuring
COM::cofi,COM,Comoros,2024,cofi,COFI,,0,0,nominal_usd,investment
COM::cgef,COM,Comoros,2024,cgef,CGEF,,0,0,nominal_usd,loan_commitment
COM::chapo,COM,Comoros,2024,chapo,CHAPO,,0,0,constant_2021_usd,commitment
CPV::aiddata,CPV,Cape Verde,2000,aiddata,AidData,6585781.216224,2,1,constant_2023_usd,commitment
CPV::codf,CPV,Cape Verde,2000,codf,CODF,,0,0,nominal_usd,loan_commitment
CPV::cla,CPV,Cape Verde,2000,cla,CLA,,0,0,nominal_usd,loan_commitment
CPV::cancel,CPV,Cape Verde,2000,cancel,Debt cancellation,,0,0,nominal_usd,debt_cancellation
CPV::restruct,CPV,Cape Verde,2000,restruct,Debt restructuring,,0,0,nominal_usd,debt_restructuring
CPV::cofi,CPV,Cape Verde,2000,cofi,COFI,,0,0,nominal_usd,investment
CPV::cgef,CPV,Cape Verde,2000,cgef,CGEF,,0,0,nominal_usd,loan_commitment
CPV::chapo,CPV,Cape Verde,2000,chapo,CHAPO,,1,0,constant_2021_usd,commitment
CPV::aiddata,CPV,Cape Verde,2001,aiddata,AidData,15919927.530227,5,2,constant_2023_usd,commitment
CPV::codf,CPV,Cape Verde,2001,codf,CODF,,0,0,nominal_usd,loan_commitment
CPV::cla,CPV,Cape Verde,2001,cla,CLA,,0,0,nominal_usd,loan_commitment
CPV::cancel,CPV,Cape Verde,2001,cancel,Debt cancellation,,0,0,nominal_usd,debt_cancellation
CPV::restruct,CPV,Cape Verde,2001,restruct,Debt restructuring,,0,0,nominal_usd,debt_restructuring
CPV::cofi,CPV,Cape Verde,2001,cofi,COFI,,0,0,nominal_usd,investment
CPV::cgef,CPV,Cape Verde,2001,cgef,CGEF,,0,0,nominal_usd,loan_commitment
CPV::chapo,CPV,Cape Verde,2001,chapo,CHAPO,2137619.241924,3,1,constant_2021_usd,commitment
CPV::aiddata,CPV,Cape Verde,2002,aiddata,AidData,12149340.464405,3,3,constant_2023_usd,commitment
CPV::codf,CPV,Cape Verde,2002,codf,CODF,,0,0,nominal_usd,loan_commitment
CPV::cla,CPV,Cape Verde,2002,cla,CLA,,0,0,nominal_usd,loan_commitment
CPV::cancel,CPV,Cape Verde,2002,cancel,Debt cancellation,,0,0,nominal_usd,debt_cancellation
CPV::restruct,CPV,Cape Verde,2002,restruct,Debt restructuring,,0,0,nominal_usd,debt_restructuring
CPV::cofi,CPV,Cape Verde,2002,cofi,COFI,,0,0,nominal_usd,investment
CPV::cgef,CPV,Cape Verde,2002,cgef,CGEF,,0,0,nominal_usd,loan_commitment
CPV::chapo,CPV,Cape Verde,2002,chapo,CHAPO,2234697.367191,1,1,constant_2021_usd,commitment
CPV::aiddata,CPV,Cape Verde,2003,aiddata,AidData,,2,0,constant_2023_usd,commitment
CPV::codf,CPV,Cape Verde,2003,codf,CODF,,0,0,nominal_usd,loan_commitment
CPV::cla,CPV,Cape Verde,2003,cla,CLA,,0,0,nominal_usd,loan_commitment
CPV::cancel,CPV,Cape Verde,2003,cancel,Debt cancellation,,0,0,nominal_usd,debt_cancellation
CPV::restruct,CPV,Cape Verde,2003,restruct,Debt restructuring,,0,0,nominal_usd,debt_restructuring
CPV::cofi,CPV,Cape Verde,2003,cofi,COFI,,0,0,nominal_usd,investment
CPV::cgef,CPV,Cape Verde,2003,cgef,CGEF,,0,0,nominal_usd,loan_commitment
CPV::chapo,CPV,Cape Verde,2003,chapo,CHAPO,,0,0,constant_2021_usd,commitment
CPV::aiddata,CPV,Cape Verde,2004,aiddata,AidData,5259340.747437,2,1,constant_2023_usd,commitment
CPV::codf,CPV,Cape Verde,2004,codf,CODF,,0,0,nominal_usd,loan_commitment
CPV::cla,CPV,Cape Verde,2004,cla,CLA,,0,0,nominal_usd,loan_commitment
CPV::cancel,CPV,Cape Verde,2004,cancel,Debt cancellation,,0,0,nominal_usd,debt_cancellation
CPV::restruct,CPV,Cape Verde,2004,restruct,Debt restructuring,,0,0,nominal_usd,debt_restructuring
CPV::cofi,CPV,Cape Verde,2004,cofi,COFI,,0,0,nominal_usd,investment
CPV::cgef,CPV,Cape Verde,2004,cgef,CGEF,,0,0,nominal_usd,loan_commitment
CPV::chapo,CPV,Cape Verde,2004,chapo,CHAPO,,1,0,constant_2021_usd,commitment
CPV::aiddata,CPV,Cape Verde,2005,aiddata,AidData,7583204.34286,1,1,constant_2023_usd,commitment
CPV::codf,CPV,Cape Verde,2005,codf,CODF,,0,0,nominal_usd,loan_commitment
CPV::cla,CPV,Cape Verde,2005,cla,CLA,,0,0,nominal_usd,loan_commitment
CPV::cancel,CPV,Cape Verde,2005,cancel,Debt cancellation,,0,0,nominal_usd,debt_cancellation
CPV::restruct,CPV,Cape Verde,2005,restruct,Debt restructuring,,0,0,nominal_usd,debt_restructuring
CPV::cofi,CPV,Cape Verde,2005,cofi,COFI,,0,0,nominal_usd,investment
CPV::cgef,CPV,Cape Verde,2005,cgef,CGEF,,0,0,nominal_usd,loan_commitment
CPV::chapo,CPV,Cape Verde,2005,chapo,CHAPO,8210882.78881,1,1,constant_2021_usd,commitment
CPV::aiddata,CPV,Cape Verde,2006,aiddata,AidData,187651.609289,2,1,constant_2023_usd,commitment
CPV::codf,CPV,Cape Verde,2006,codf,CODF,,0,0,nominal_usd,loan_commitment
CPV::cla,CPV,Cape Verde,2006,cla,CLA,2400000.0,1,1,nominal_usd,loan_commitment
CPV::cancel,CPV,Cape Verde,2006,cancel,Debt cancellation,,0,0,nominal_usd,debt_cancellation
CPV::restruct,CPV,Cape Verde,2006,restruct,Debt restructuring,,0,0,nominal_usd,debt_restructuring
CPV::cofi,CPV,Cape Verde,2006,cofi,COFI,,0,0,nominal_usd,investment
CPV::cgef,CPV,Cape Verde,2006,cgef,CGEF,,0,0,nominal_usd,loan_commitment
CPV::chapo,CPV,Cape Verde,2006,chapo,CHAPO,5301286.928022,3,2,constant_2021_usd,commitment
CPV::aiddata,CPV,Cape Verde,2007,aiddata,AidData,36178671.758935,3,3,constant_2023_usd,commitment
CPV::codf,CPV,Cape Verde,2007,codf,CODF,,0,0,nominal_usd,loan_commitment
CPV::cla,CPV,Cape Verde,2007,cla,CLA,,0,0,nominal_usd,loan_commitment
CPV::cancel,CPV,Cape Verde,2007,cancel,Debt cancellation,,1,0,nominal_usd,debt_cancellation
CPV::restruct,CPV,Cape Verde,2007,restruct,Debt restructuring,,0,0,nominal_usd,debt_restructuring
CPV::cofi,CPV,Cape Verde,2007,cofi,COFI,,0,0,nominal_usd,investment
CPV::cgef,CPV,Cape Verde,2007,cgef,CGEF,,0,0,nominal_usd,loan_commitment
CPV::chapo,CPV,Cape Verde,2007,chapo,CHAPO,,0,0,constant_2021_usd,commitment
CPV::aiddata,CPV,Cape Verde,2008,aiddata,AidData,41749797.560053,4,3,constant_2023_usd,commitment
CPV::codf,CPV,Cape Verde,2008,codf,CODF,,0,0,nominal_usd,loan_commitment
CPV::cla,CPV,Cape Verde,2008,cla,CLA,12700000.0,1,1,nominal_usd,loan_commitment
CPV::cancel,CPV,Cape Verde,2008,cancel,Debt cancellation,,0,0,nominal_usd,debt_cancellation
CPV::restruct,CPV,Cape Verde,2008,restruct,Debt restructuring,,0,0,nominal_usd,debt_restructuring
CPV::cofi,CPV,Cape Verde,2008,cofi,COFI,,0,0,nominal_usd,investment
CPV::cgef,CPV,Cape Verde,2008,cgef,CGEF,,0,0,nominal_usd,loan_commitment
CPV::chapo,CPV,Cape Verde,2008,chapo,CHAPO,,1,0,constant_2021_usd,commitment
CPV::aiddata,CPV,Cape Verde,2009,aiddata,AidData,27642763.812536,1,1,constant_2023_usd,commitment
CPV::codf,CPV,Cape Verde,2009,codf,CODF,,0,0,nominal_usd,loan_commitment
CPV::cla,CPV,Cape Verde,2009,cla,CLA,,0,0,nominal_usd,loan_commitment
CPV::cancel,CPV,Cape Verde,2009,cancel,Debt cancellation,,0,0,nominal_usd,debt_cancellation
CPV::restruct,CPV,Cape Verde,2009,restruct,Debt restructuring,,0,0,nominal_usd,debt_restructuring
CPV::cofi,CPV,Cape Verde,2009,cofi,COFI,,0,0,nominal_usd,investment
CPV::cgef,CPV,Cape Verde,2009,cgef,CGEF,,0,0,nominal_usd,loan_commitment
CPV::chapo,CPV,Cape Verde,2009,chapo,CHAPO,,0,0,constant_2021_usd,commitment
CPV::aiddata,CPV,Cape Verde,2010,aiddata,AidData,,2,0,constant_2023_usd,commitment
CPV::codf,CPV,Cape Verde,2010,codf,CODF,,0,0,nominal_usd,loan_commitment
CPV::cla,CPV,Cape Verde,2010,cla,CLA,17000000.0,1,1,nominal_usd,loan_commitment
CPV::cancel,CPV,Cape Verde,2010,cancel,Debt cancellation,,0,0,nominal_usd,debt_cancellation
CPV::restruct,CPV,Cape Verde,2010,restruct,Debt restructuring,,0,0,nominal_usd,debt_restructuring
CPV::cofi,CPV,Cape Verde,2010,cofi,COFI,,0,0,nominal_usd,investment
CPV::cgef,CPV,Cape Verde,2010,cgef,CGEF,,0,0,nominal_usd,loan_commitment
CPV::chapo,CPV,Cape Verde,2010,chapo,CHAPO,,1,0,constant_2021_usd,commitment
CPV::aiddata,CPV,Cape Verde,2011,aiddata,AidData,19374845.735779,3,3,constant_2023_usd,commitment
CPV::codf,CPV,Cape Verde,2011,codf,CODF,,0,0,nominal_usd,loan_commitment
CPV::cla,CPV,Cape Verde,2011,cla,CLA,,0,0,nominal_usd,loan_commitment
CPV::cancel,CPV,Cape Verde,2011,cancel,Debt cancellation,,0,0,nominal_usd,debt_cancellation
CPV::restruct,CPV,Cape Verde,2011,restruct,Debt restructuring,,0,0,nominal_usd,debt_restructuring
CPV::cofi,CPV,Cape Verde,2011,cofi,COFI,,0,0,nominal_usd,investment
CPV::cgef,CPV,Cape Verde,2011,cgef,CGEF,,0,0,nominal_usd,loan_commitment
CPV::chapo,CPV,Cape Verde,2011,chapo,CHAPO,3901725.282415,2,2,constant_2021_usd,commitment
CPV::aiddata,CPV,Cape Verde,2012,aiddata,AidData,103937779.224525,7,5,constant_2023_usd,commitment
CPV::codf,CPV,Cape Verde,2012,codf,CODF,,0,0,nominal_usd,loan_commitment
CPV::cla,CPV,Cape Verde,2012,cla,CLA,12000000.0,1,1,nominal_usd,loan_commitment
CPV::cancel,CPV,Cape Verde,2012,cancel,Debt cancellation,,0,0,nominal_usd,debt_cancellation
CPV::restruct,CPV,Cape Verde,2012,restruct,Debt restructuring,,0,0,nominal_usd,debt_restructuring
CPV::cofi,CPV,Cape Verde,2012,cofi,COFI,,0,0,nominal_usd,investment
CPV::cgef,CPV,Cape Verde,2012,cgef,CGEF,,0,0,nominal_usd,loan_commitment
CPV::chapo,CPV,Cape Verde,2012,chapo,CHAPO,,2,0,constant_2021_usd,commitment
CPV::aiddata,CPV,Cape Verde,2013,aiddata,AidData,2088563.656006,1,1,constant_2023_usd,commitment
CPV::codf,CPV,Cape Verde,2013,codf,CODF,,0,0,nominal_usd,loan_commitment
CPV::cla,CPV,Cape Verde,2013,cla,CLA,,0,0,nominal_usd,loan_commitment
CPV::cancel,CPV,Cape Verde,2013,cancel,Debt cancellation,,0,0,nominal_usd,debt_cancellation
CPV::restruct,CPV,Cape Verde,2013,restruct,Debt restructuring,,0,0,nominal_usd,debt_restructuring
CPV::cofi,CPV,Cape Verde,2013,cofi,COFI,,0,0,nominal_usd,investment
CPV::cgef,CPV,Cape Verde,2013,cgef,CGEF,,0,0,nominal_usd,loan_commitment
CPV::chapo,CPV,Cape Verde,2013,chapo,CHAPO,2278570.174763,1,1,constant_2021_usd,commitment
CPV::aiddata,CPV,Cape Verde,2014,aiddata,AidData,2153661.679912,4,2,constant_2023_usd,commitment
CPV::codf,CPV,Cape Verde,2014,codf,CODF,,0,0,nominal_usd,loan_commitment
CPV::cla,CPV,Cape Verde,2014,cla,CLA,,0,0,nominal_usd,loan_commitment
CPV::cancel,CPV,Cape Verde,2014,cancel,Debt cancellation,,0,0,nominal_usd,debt_cancellation
CPV::restruct,CPV,Cape Verde,2014,restruct,Debt restructuring,,0,0,nominal_usd,debt_restructuring
CPV::cofi,CPV,Cape Verde,2014,cofi,COFI,,0,0,nominal_usd,investment
CPV::cgef,CPV,Cape Verde,2014,cgef,CGEF,,0,0,nominal_usd,loan_commitment
CPV::chapo,CPV,Cape Verde,2014,chapo,CHAPO,,1,0,constant_2021_usd,commitment
CPV::aiddata,CPV,Cape Verde,2015,aiddata,AidData,13139536.737932,8,4,constant_2023_usd,commitment
CPV::codf,CPV,Cape Verde,2015,codf,CODF,,0,0,nominal_usd,loan_commitment
CPV::cla,CPV,Cape Verde,2015,cla,CLA,,0,0,nominal_usd,loan_commitment
CPV::cancel,CPV,Cape Verde,2015,cancel,Debt cancellation,,0,0,nominal_usd,debt_cancellation
CPV::restruct,CPV,Cape Verde,2015,restruct,Debt restructuring,,0,0,nominal_usd,debt_restructuring
CPV::cofi,CPV,Cape Verde,2015,cofi,COFI,,0,0,nominal_usd,investment
CPV::cgef,CPV,Cape Verde,2015,cgef,CGEF,,0,0,nominal_usd,loan_commitment
CPV::chapo,CPV,Cape Verde,2015,chapo,CHAPO,3161794.76343,1,1,constant_2021_usd,commitment
CPV::aiddata,CPV,Cape Verde,2016,aiddata,AidData,80239858.354953,8,4,constant_2023_usd,commitment
CPV::codf,CPV,Cape Verde,2016,codf,CODF,,0,0,nominal_usd,loan_commitment
CPV::cla,CPV,Cape Verde,2016,cla,CLA,,0,0,nominal_usd,loan_commitment
CPV::cancel,CPV,Cape Verde,2016,cancel,Debt cancellation,,0,0,nominal_usd,debt_cancellation
CPV::restruct,CPV,Cape Verde,2016,restruct,Debt restructuring,,0,0,nominal_usd,debt_restructuring
CPV::cofi,CPV,Cape Verde,2016,cofi,COFI,,0,0,nominal_usd,investment
CPV::cgef,CPV,Cape Verde,2016,cgef,CGEF,,0,0,nominal_usd,loan_commitment
CPV::chapo,CPV,Cape Verde,2016,chapo,CHAPO,,2,0,constant_2021_usd,commitment
CPV::aiddata,CPV,Cape Verde,2017,aiddata,AidData,83194827.16089,12,7,constant_2023_usd,commitment
CPV::codf,CPV,Cape Verde,2017,codf,CODF,,0,0,nominal_usd,loan_commitment
CPV::cla,CPV,Cape Verde,2017,cla,CLA,12500000.0,1,1,nominal_usd,loan_commitment
CPV::cancel,CPV,Cape Verde,2017,cancel,Debt cancellation,,0,0,nominal_usd,debt_cancellation
CPV::restruct,CPV,Cape Verde,2017,restruct,Debt restructuring,,0,0,nominal_usd,debt_restructuring
CPV::cofi,CPV,Cape Verde,2017,cofi,COFI,,0,0,nominal_usd,investment
CPV::cgef,CPV,Cape Verde,2017,cgef,CGEF,,0,0,nominal_usd,loan_commitment
CPV::chapo,CPV,Cape Verde,2017,chapo,CHAPO,,1,0,constant_2021_usd,commitment
CPV::aiddata,CPV,Cape Verde,2018,aiddata,AidData,23699.466026,5,1,constant_2023_usd,commitment
CPV::codf,CPV,Cape Verde,2018,codf,CODF,,0,0,nominal_usd,loan_commitment
CPV::cla,CPV,Cape Verde,2018,cla,CLA,,0,0,nominal_usd,loan_commitment
CPV::cancel,CPV,Cape Verde,2018,cancel,Debt cancellation,,0,0,nominal_usd,debt_cancellation
CPV::restruct,CPV,Cape Verde,2018,restruct,Debt restructuring,,0,0,nominal_usd,debt_restructuring
CPV::cofi,CPV,Cape Verde,2018,cofi,COFI,,0,0,nominal_usd,investment
CPV::cgef,CPV,Cape Verde,2018,cgef,CGEF,,0,0,nominal_usd,loan_commitment
CPV::chapo,CPV,Cape Verde,2018,chapo,CHAPO,,1,0,constant_2021_usd,commitment
CPV::aiddata,CPV,Cape Verde,2019,aiddata,AidData,46923.681623,6,1,constant_2023_usd,commitment
CPV::codf,CPV,Cape Verde,2019,codf,CODF,,0,0,nominal_usd,loan_commitment
CPV::cla,CPV,Cape Verde,2019,cla,CLA,,0,0,nominal_usd,loan_commitment
CPV::cancel,CPV,Cape Verde,2019,cancel,Debt cancellation,,0,0,nominal_usd,debt_cancellation
CPV::restruct,CPV,Cape Verde,2019,restruct,Debt restructuring,,0,0,nominal_usd,debt_restructuring
CPV::cofi,CPV,Cape Verde,2019,cofi,COFI,,0,0,nominal_usd,investment
CPV::cgef,CPV,Cape Verde,2019,cgef,CGEF,,0,0,nominal_usd,loan_commitment
CPV::chapo,CPV,Cape Verde,2019,chapo,CHAPO,,0,0,constant_2021_usd,commitment
CPV::aiddata,CPV,Cape Verde,2020,aiddata,AidData,54166.025622,4,1,constant_2023_usd,commitment
CPV::codf,CPV,Cape Verde,2020,codf,CODF,,0,0,nominal_usd,loan_commitment
CPV::cla,CPV,Cape Verde,2020,cla,CLA,,0,0,nominal_usd,loan_commitment
CPV::cancel,CPV,Cape Verde,2020,cancel,Debt cancellation,,0,0,nominal_usd,debt_cancellation
CPV::restruct,CPV,Cape Verde,2020,restruct,Debt restructuring,,0,0,nominal_usd,debt_restructuring
CPV::cofi,CPV,Cape Verde,2020,cofi,COFI,,0,0,nominal_usd,investment
CPV::cgef,CPV,Cape Verde,2020,cgef,CGEF,,0,0,nominal_usd,loan_commitment
CPV::chapo,CPV,Cape Verde,2020,chapo,CHAPO,58633.942625,2,1,constant_2021_usd,commitment
CPV::aiddata,CPV,Cape Verde,2021,aiddata,AidData,20927190.801369,5,3,constant_2023_usd,commitment
CPV::codf,CPV,Cape Verde,2021,codf,CODF,,0,0,nominal_usd,loan_commitment
CPV::cla,CPV,Cape Verde,2021,cla,CLA,,0,0,nominal_usd,loan_commitment
CPV::cancel,CPV,Cape Verde,2021,cancel,Debt cancellation,,0,0,nominal_usd,debt_cancellation
CPV::restruct,CPV,Cape Verde,2021,restruct,Debt restructuring,,0,0,nominal_usd,debt_restructuring
CPV::cofi,CPV,Cape Verde,2021,cofi,COFI,,0,0,nominal_usd,investment
CPV::cgef,CPV,Cape Verde,2021,cgef,CGEF,,0,0,nominal_usd,loan_commitment
CPV::chapo,CPV,Cape Verde,2021,chapo,CHAPO,900000.0,2,1,constant_2021_usd,commitment
CPV::aiddata,CPV,Cape Verde,2022,aiddata,AidData,36145.425353,5,1,constant_2023_usd,commitment
CPV::codf,CPV,Cape Verde,2022,codf,CODF,,0,0,nominal_usd,loan_commitment
CPV::cla,CPV,Cape Verde,2022,cla,CLA,,0,0,nominal_usd,loan_commitment
CPV::cancel,CPV,Cape Verde,2022,cancel,Debt cancellation,,0,0,nominal_usd,debt_cancellation
CPV::restruct,CPV,Cape Verde,2022,restruct,Debt restructuring,,0,0,nominal_usd,debt_restructuring
CPV::cofi,CPV,Cape Verde,2022,cofi,COFI,,0,0,nominal_usd,investment
CPV::cgef,CPV,Cape Verde,2022,cgef,CGEF,,0,0,nominal_usd,loan_commitment
CPV::chapo,CPV,Cape Verde,2022,chapo,CHAPO,,0,0,constant_2021_usd,commitment
CPV::aiddata,CPV,Cape Verde,2023,aiddata,AidData,1598972.479597,5,3,constant_2023_usd,commitment
CPV::codf,CPV,Cape Verde,2023,codf,CODF,,0,0,nominal_usd,loan_commitment
CPV::cla,CPV,Cape Verde,2023,cla,CLA,,0,0,nominal_usd,loan_commitment
CPV::cancel,CPV,Cape Verde,2023,cancel,Debt cancellation,,0,0,nominal_usd,debt_cancellation
CPV::restruct,CPV,Cape Verde,2023,restruct,Debt restructuring,,0,0,nominal_usd,debt_restructuring
CPV::cofi,CPV,Cape Verde,2023,cofi,COFI,,0,0,nominal_usd,investment
CPV::cgef,CPV,Cape Verde,2023,cgef,CGEF,,0,0,nominal_usd,loan_commitment
CPV::chapo,CPV,Cape Verde,2023,chapo,CHAPO,,0,0,constant_2021_usd,commitment
CPV::aiddata,CPV,Cape Verde,2024,aiddata,AidData,,0,0,constant_2023_usd,commitment
CPV::codf,CPV,Cape Verde,2024,codf,CODF,,0,0,nominal_usd,loan_commitment
CPV::cla,CPV,Cape Verde,2024,cla,CLA,,0,0,nominal_usd,loan_commitment
CPV::cancel,CPV,Cape Verde,2024,cancel,Debt cancellation,,0,0,nominal_usd,debt_cancellation
CPV::restruct,CPV,Cape Verde,2024,restruct,Debt restructuring,,0,0,nominal_usd,debt_restructuring
CPV::cofi,CPV,Cape Verde,2024,cofi,COFI,,0,0,nominal_usd,investment
CPV::cgef,CPV,Cape Verde,2024,cgef,CGEF,,0,0,nominal_usd,loan_commitment
CPV::chapo,CPV,Cape Verde,2024,chapo,CHAPO,,0,0,constant_2021_usd,commitment
DJI::aiddata,DJI,Djibouti,2000,aiddata,AidData,,0,0,constant_2023_usd,commitment
DJI::codf,DJI,Djibouti,2000,codf,CODF,,0,0,nominal_usd,loan_commitment
DJI::cla,DJI,Djibouti,2000,cla,CLA,,0,0,nominal_usd,loan_commitment
DJI::cancel,DJI,Djibouti,2000,cancel,Debt cancellation,,0,0,nominal_usd,debt_cancellation
DJI::restruct,DJI,Djibouti,2000,restruct,Debt restructuring,,0,0,nominal_usd,debt_restructuring
DJI::cofi,DJI,Djibouti,2000,cofi,COFI,,0,0,nominal_usd,investment
DJI::cgef,DJI,Djibouti,2000,cgef,CGEF,,0,0,nominal_usd,loan_commitment
DJI::chapo,DJI,Djibouti,2000,chapo,CHAPO,,0,0,constant_2021_usd,commitment
DJI::aiddata,DJI,Djibouti,2001,aiddata,AidData,5597277.398384,2,1,constant_2023_usd,commitment
DJI::codf,DJI,Djibouti,2001,codf,CODF,,0,0,nominal_usd,loan_commitment
DJI::cla,DJI,Djibouti,2001,cla,CLA,,0,0,nominal_usd,loan_commitment
DJI::cancel,DJI,Djibouti,2001,cancel,Debt cancellation,,0,0,nominal_usd,debt_cancellation
DJI::restruct,DJI,Djibouti,2001,restruct,Debt restructuring,,0,0,nominal_usd,debt_restructuring
DJI::cofi,DJI,Djibouti,2001,cofi,COFI,,0,0,nominal_usd,investment
DJI::cgef,DJI,Djibouti,2001,cgef,CGEF,,0,0,nominal_usd,loan_commitment
DJI::chapo,DJI,Djibouti,2001,chapo,CHAPO,,1,0,constant_2021_usd,commitment
DJI::aiddata,DJI,Djibouti,2002,aiddata,AidData,10778476.918996,5,5,constant_2023_usd,commitment
DJI::codf,DJI,Djibouti,2002,codf,CODF,,0,0,nominal_usd,loan_commitment
DJI::cla,DJI,Djibouti,2002,cla,CLA,,0,0,nominal_usd,loan_commitment
DJI::cancel,DJI,Djibouti,2002,cancel,Debt cancellation,,0,0,nominal_usd,debt_cancellation
DJI::restruct,DJI,Djibouti,2002,restruct,Debt restructuring,,0,0,nominal_usd,debt_restructuring
DJI::cofi,DJI,Djibouti,2002,cofi,COFI,,0,0,nominal_usd,investment
DJI::cgef,DJI,Djibouti,2002,cgef,CGEF,,0,0,nominal_usd,loan_commitment
DJI::chapo,DJI,Djibouti,2002,chapo,CHAPO,,0,0,constant_2021_usd,commitment
DJI::aiddata,DJI,Djibouti,2003,aiddata,AidData,67476915.302717,8,7,constant_2023_usd,commitment
DJI::codf,DJI,Djibouti,2003,codf,CODF,,0,0,nominal_usd,loan_commitment
DJI::cla,DJI,Djibouti,2003,cla,CLA,28040000.0,2,2,nominal_usd,loan_commitment
DJI::cancel,DJI,Djibouti,2003,cancel,Debt cancellation,,0,0,nominal_usd,debt_cancellation
DJI::restruct,DJI,Djibouti,2003,restruct,Debt restructuring,,0,0,nominal_usd,debt_restructuring
DJI::cofi,DJI,Djibouti,2003,cofi,COFI,,0,0,nominal_usd,investment
DJI::cgef,DJI,Djibouti,2003,cgef,CGEF,,0,0,nominal_usd,loan_commitment
DJI::chapo,DJI,Djibouti,2003,chapo,CHAPO,276023.018313,2,1,constant_2021_usd,commitment
DJI::aiddata,DJI,Djibouti,2004,aiddata,AidData,,1,0,constant_2023_usd,commitment
DJI::codf,DJI,Djibouti,2004,codf,CODF,,0,0,nominal_usd,loan_commitment
DJI::cla,DJI,Djibouti,2004,cla,CLA,,0,0,nominal_usd,loan_commitment
DJI::cancel,DJI,Djibouti,2004,cancel,Debt cancellation,,0,0,nominal_usd,debt_cancellation
DJI::restruct,DJI,Djibouti,2004,restruct,Debt restructuring,,0,0,nominal_usd,debt_restructuring
DJI::cofi,DJI,Djibouti,2004,cofi,COFI,,0,0,nominal_usd,investment
DJI::cgef,DJI,Djibouti,2004,cgef,CGEF,,0,0,nominal_usd,loan_commitment
DJI::chapo,DJI,Djibouti,2004,chapo,CHAPO,,0,0,constant_2021_usd,commitment
DJI::aiddata,DJI,Djibouti,2005,aiddata,AidData,,2,0,constant_2023_usd,commitment
DJI::codf,DJI,Djibouti,2005,codf,CODF,,0,0,nominal_usd,loan_commitment
DJI::cla,DJI,Djibouti,2005,cla,CLA,,0,0,nominal_usd,loan_commitment
DJI::cancel,DJI,Djibouti,2005,cancel,Debt cancellation,,0,0,nominal_usd,debt_cancellation
DJI::restruct,DJI,Djibouti,2005,restruct,Debt restructuring,,0,0,nominal_usd,debt_restructuring
DJI::cofi,DJI,Djibouti,2005,cofi,COFI,,0,0,nominal_usd,investment
DJI::cgef,DJI,Djibouti,2005,cgef,CGEF,,0,0,nominal_usd,loan_commitment
DJI::chapo,DJI,Djibouti,2005,chapo,CHAPO,,1,0,constant_2021_usd,commitment
DJI::aiddata,DJI,Djibouti,2006,aiddata,AidData,34321479.338909,4,1,constant_2023_usd,commitment
DJI::codf,DJI,Djibouti,2006,codf,CODF,,0,0,nominal_usd,loan_commitment
DJI::cla,DJI,Djibouti,2006,cla,CLA,18290000.0,1,1,nominal_usd,loan_commitment
DJI::cancel,DJI,Djibouti,2006,cancel,Debt cancellation,,0,0,nominal_usd,debt_cancellation
DJI::restruct,DJI,Djibouti,2006,restruct,Debt restructuring,,0,0,nominal_usd,debt_restructuring
DJI::cofi,DJI,Djibouti,2006,cofi,COFI,,0,0,nominal_usd,investment
DJI::cgef,DJI,Djibouti,2006,cgef,CGEF,,0,0,nominal_usd,loan_commitment
DJI::chapo,DJI,Djibouti,2006,chapo,CHAPO,,1,0,constant_2021_usd,commitment
DJI::aiddata,DJI,Djibouti,2007,aiddata,AidData,12464462.751458,6,4,constant_2023_usd,commitment
DJI::codf,DJI,Djibouti,2007,codf,CODF,,0,0,nominal_usd,loan_commitment
DJI::cla,DJI,Djibouti,2007,cla,CLA,,0,0,nominal_usd,loan_commitment
DJI::cancel,DJI,Djibouti,2007,cancel,Debt cancellation,,1,0,nominal_usd,debt_cancellation
DJI::restruct,DJI,Djibouti,2007,restruct,Debt restructuring,,0,0,nominal_usd,debt_restructuring
DJI::cofi,DJI,Djibouti,2007,cofi,COFI,,0,0,nominal_usd,investment
DJI::cgef,DJI,Djibouti,2007,cgef,CGEF,,0,0,nominal_usd,loan_commitment
DJI::chapo,DJI,Djibouti,2007,chapo,CHAPO,526452.96791,3,2,constant_2021_usd,commitment
DJI::aiddata,DJI,Djibouti,2008,aiddata,AidData,61211176.276145,9,4,constant_2023_usd,commitment
DJI::codf,DJI,Djibouti,2008,codf,CODF,,0,0,nominal_usd,loan_commitment
DJI::cla,DJI,Djibouti,2008,cla,CLA,,0,0,nominal_usd,loan_commitment
DJI::cancel,DJI,Djibouti,2008,cancel,Debt cancellation,,0,0,nominal_usd,debt_cancellation
DJI::restruct,DJI,Djibouti,2008,restruct,Debt restructuring,,0,0,nominal_usd,debt_restructuring
DJI::cofi,DJI,Djibouti,2008,cofi,COFI,,0,0,nominal_usd,investment
DJI::cgef,DJI,Djibouti,2008,cgef,CGEF,,0,0,nominal_usd,loan_commitment
DJI::chapo,DJI,Djibouti,2008,chapo,CHAPO,,1,0,constant_2021_usd,commitment
DJI::aiddata,DJI,Djibouti,2009,aiddata,AidData,13403044.458033,2,1,constant_2023_usd,commitment
DJI::codf,DJI,Djibouti,2009,codf,CODF,,0,0,nominal_usd,loan_commitment
DJI::cla,DJI,Djibouti,2009,cla,CLA,,0,0,nominal_usd,loan_commitment
DJI::cancel,DJI,Djibouti,2009,cancel,Debt cancellation,,0,0,nominal_usd,debt_cancellation
DJI::restruct,DJI,Djibouti,2009,restruct,Debt restructuring,,0,0,nominal_usd,debt_restructuring
DJI::cofi,DJI,Djibouti,2009,cofi,COFI,,0,0,nominal_usd,investment
DJI::cgef,DJI,Djibouti,2009,cgef,CGEF,,0,0,nominal_usd,loan_commitment
DJI::chapo,DJI,Djibouti,2009,chapo,CHAPO,14511100.407211,2,1,constant_2021_usd,commitment
DJI::aiddata,DJI,Djibouti,2010,aiddata,AidData,,0,0,constant_2023_usd,commitment
DJI::codf,DJI,Djibouti,2010,codf,CODF,,0,0,nominal_usd,loan_commitment
DJI::cla,DJI,Djibouti,2010,cla,CLA,,0,0,nominal_usd,loan_commitment
DJI::cancel,DJI,Djibouti,2010,cancel,Debt cancellation,,0,0,nominal_usd,debt_cancellation
DJI::restruct,DJI,Djibouti,2010,restruct,Debt restructuring,,0,0,nominal_usd,debt_restructuring
DJI::cofi,DJI,Djibouti,2010,cofi,COFI,,0,0,nominal_usd,investment
DJI::cgef,DJI,Djibouti,2010,cgef,CGEF,,0,0,nominal_usd,loan_commitment
DJI::chapo,DJI,Djibouti,2010,chapo,CHAPO,,0,0,constant_2021_usd,commitment
DJI::aiddata,DJI,Djibouti,2011,aiddata,AidData,10548257.500829,9,3,constant_2023_usd,commitment
DJI::codf,DJI,Djibouti,2011,codf,CODF,36000000.0,1,1,nominal_usd,loan_commitment
DJI::cla,DJI,Djibouti,2011,cla,CLA,43570000.0,2,2,nominal_usd,loan_commitment
DJI::cancel,DJI,Djibouti,2011,cancel,Debt cancellation,,0,0,nominal_usd,debt_cancellation
DJI::restruct,DJI,Djibouti,2011,restruct,Debt restructuring,,0,0,nominal_usd,debt_restructuring
DJI::cofi,DJI,Djibouti,2011,cofi,COFI,,0,0,nominal_usd,investment
DJI::cgef,DJI,Djibouti,2011,cgef,CGEF,,0,0,nominal_usd,loan_commitment
DJI::chapo,DJI,Djibouti,2011,chapo,CHAPO,,2,0,constant_2021_usd,commitment
DJI::aiddata,DJI,Djibouti,2012,aiddata,AidData,89902933.051492,9,6,constant_2023_usd,commitment
DJI::codf,DJI,Djibouti,2012,codf,CODF,64000000.0,1,1,nominal_usd,loan_commitment
DJI::cla,DJI,Djibouti,2012,cla,CLA,64000000.0,1,1,nominal_usd,loan_commitment
DJI::cancel,DJI,Djibouti,2012,cancel,Debt cancellation,,0,0,nominal_usd,debt_cancellation
DJI::restruct,DJI,Djibouti,2012,restruct,Debt restructuring,,0,0,nominal_usd,debt_restructuring
DJI::cofi,DJI,Djibouti,2012,cofi,COFI,,0,0,nominal_usd,investment
DJI::cgef,DJI,Djibouti,2012,cgef,CGEF,,0,0,nominal_usd,loan_commitment
DJI::chapo,DJI,Djibouti,2012,chapo,CHAPO,,2,0,constant_2021_usd,commitment
DJI::aiddata,DJI,Djibouti,2013,aiddata,AidData,510193260.684275,6,3,constant_2023_usd,commitment
DJI::codf,DJI,Djibouti,2013,codf,CODF,813800000.0,2,2,nominal_usd,loan_commitment
DJI::cla,DJI,Djibouti,2013,cla,CLA,813850000.0,2,2,nominal_usd,loan_commitment
DJI::cancel,DJI,Djibouti,2013,cancel,Debt cancellation,,0,0,nominal_usd,debt_cancellation
DJI::restruct,DJI,Djibouti,2013,restruct,Debt restructuring,,0,0,nominal_usd,debt_restructuring
DJI::cofi,DJI,Djibouti,2013,cofi,COFI,,0,0,nominal_usd,investment
DJI::cgef,DJI,Djibouti,2013,cgef,CGEF,,0,0,nominal_usd,loan_commitment
DJI::chapo,DJI,Djibouti,2013,chapo,CHAPO,,2,0,constant_2021_usd,commitment
DJI::aiddata,DJI,Djibouti,2014,aiddata,AidData,350790465.530401,4,2,constant_2023_usd,commitment
DJI::codf,DJI,Djibouti,2014,codf,CODF,,0,0,nominal_usd,loan_commitment
DJI::cla,DJI,Djibouti,2014,cla,CLA,,0,0,nominal_usd,loan_commitment
DJI::cancel,DJI,Djibouti,2014,cancel,Debt cancellation,,0,0,nominal_usd,debt_cancellation
DJI::restruct,DJI,Djibouti,2014,restruct,Debt restructuring,,0,0,nominal_usd,debt_restructuring
DJI::cofi,DJI,Djibouti,2014,cofi,COFI,,0,0,nominal_usd,investment
DJI::cgef,DJI,Djibouti,2014,cgef,CGEF,,0,0,nominal_usd,loan_commitment
DJI::chapo,DJI,Djibouti,2014,chapo,CHAPO,22141904.62817,3,1,constant_2021_usd,commitment
DJI::aiddata,DJI,Djibouti,2015,aiddata,AidData,26035538.082196,3,2,constant_2023_usd,commitment
DJI::codf,DJI,Djibouti,2015,codf,CODF,,0,0,nominal_usd,loan_commitment
DJI::cla,DJI,Djibouti,2015,cla,CLA,,0,0,nominal_usd,loan_commitment
DJI::cancel,DJI,Djibouti,2015,cancel,Debt cancellation,,0,0,nominal_usd,debt_cancellation
DJI::restruct,DJI,Djibouti,2015,restruct,Debt restructuring,,0,0,nominal_usd,debt_restructuring
DJI::cofi,DJI,Djibouti,2015,cofi,COFI,,0,0,nominal_usd,investment
DJI::cgef,DJI,Djibouti,2015,cgef,CGEF,,0,0,nominal_usd,loan_commitment
DJI::chapo,DJI,Djibouti,2015,chapo,CHAPO,,0,0,constant_2021_usd,commitment
DJI::aiddata,DJI,Djibouti,2016,aiddata,AidData,430276300.488797,7,3,constant_2023_usd,commitment
DJI::codf,DJI,Djibouti,2016,codf,CODF,344470000.0,1,1,nominal_usd,loan_commitment
DJI::cla,DJI,Djibouti,2016,cla,CLA,414870000.0,3,3,nominal_usd,loan_commitment
DJI::cancel,DJI,Djibouti,2016,cancel,Debt cancellation,,0,0,nominal_usd,debt_cancellation
DJI::restruct,DJI,Djibouti,2016,restruct,Debt restructuring,,0,0,nominal_usd,debt_restructuring
DJI::cofi,DJI,Djibouti,2016,cofi,COFI,,0,0,nominal_usd,investment
DJI::cgef,DJI,Djibouti,2016,cgef,CGEF,20400000.0,1,1,nominal_usd,loan_commitment
DJI::chapo,DJI,Djibouti,2016,chapo,CHAPO,,2,0,constant_2021_usd,commitment
DJI::aiddata,DJI,Djibouti,2017,aiddata,AidData,309819665.87209,7,5,constant_2023_usd,commitment
DJI::codf,DJI,Djibouti,2017,codf,CODF,44920000.0,1,1,nominal_usd,loan_commitment
DJI::cla,DJI,Djibouti,2017,cla,CLA,194910000.0,2,2,nominal_usd,loan_commitment
DJI::cancel,DJI,Djibouti,2017,cancel,Debt cancellation,,0,0,nominal_usd,debt_cancellation
DJI::restruct,DJI,Djibouti,2017,restruct,Debt restructuring,,0,0,nominal_usd,debt_restructuring
DJI::cofi,DJI,Djibouti,2017,cofi,COFI,,0,0,nominal_usd,investment
DJI::cgef,DJI,Djibouti,2017,cgef,CGEF,,0,0,nominal_usd,loan_commitment
DJI::chapo,DJI,Djibouti,2017,chapo,CHAPO,,2,0,constant_2021_usd,commitment
DJI::aiddata,DJI,Djibouti,2018,aiddata,AidData,7396277.761913,8,2,constant_2023_usd,commitment
DJI::codf,DJI,Djibouti,2018,codf,CODF,,0,0,nominal_usd,loan_commitment
DJI::cla,DJI,Djibouti,2018,cla,CLA,,0,0,nominal_usd,loan_commitment
DJI::cancel,DJI,Djibouti,2018,cancel,Debt cancellation,,0,0,nominal_usd,debt_cancellation
DJI::restruct,DJI,Djibouti,2018,restruct,Debt restructuring,,0,0,nominal_usd,debt_restructuring
DJI::cofi,DJI,Djibouti,2018,cofi,COFI,,0,0,nominal_usd,investment
DJI::cgef,DJI,Djibouti,2018,cgef,CGEF,,0,0,nominal_usd,loan_commitment
DJI::chapo,DJI,Djibouti,2018,chapo,CHAPO,,0,0,constant_2021_usd,commitment
DJI::aiddata,DJI,Djibouti,2019,aiddata,AidData,249116997.817788,2,1,constant_2023_usd,commitment
DJI::codf,DJI,Djibouti,2019,codf,CODF,,0,0,nominal_usd,loan_commitment
DJI::cla,DJI,Djibouti,2019,cla,CLA,,0,0,nominal_usd,loan_commitment
DJI::cancel,DJI,Djibouti,2019,cancel,Debt cancellation,,0,0,nominal_usd,debt_cancellation
DJI::restruct,DJI,Djibouti,2019,restruct,Debt restructuring,,0,0,nominal_usd,debt_restructuring
DJI::cofi,DJI,Djibouti,2019,cofi,COFI,,0,0,nominal_usd,investment
DJI::cgef,DJI,Djibouti,2019,cgef,CGEF,,0,0,nominal_usd,loan_commitment
DJI::chapo,DJI,Djibouti,2019,chapo,CHAPO,,1,0,constant_2021_usd,commitment
DJI::aiddata,DJI,Djibouti,2020,aiddata,AidData,361106.837479,9,1,constant_2023_usd,commitment
DJI::codf,DJI,Djibouti,2020,codf,CODF,,0,0,nominal_usd,loan_commitment
DJI::cla,DJI,Djibouti,2020,cla,CLA,,0,0,nominal_usd,loan_commitment
DJI::cancel,DJI,Djibouti,2020,cancel,Debt cancellation,,0,0,nominal_usd,debt_cancellation
DJI::restruct,DJI,Djibouti,2020,restruct,Debt restructuring,,0,0,nominal_usd,debt_restructuring
DJI::cofi,DJI,Djibouti,2020,cofi,COFI,,0,0,nominal_usd,investment
DJI::cgef,DJI,Djibouti,2020,cgef,CGEF,,0,0,nominal_usd,loan_commitment
DJI::chapo,DJI,Djibouti,2020,chapo,CHAPO,390892.950836,7,1,constant_2021_usd,commitment
DJI::aiddata,DJI,Djibouti,2021,aiddata,AidData,40020947.053526,6,3,constant_2023_usd,commitment
DJI::codf,DJI,Djibouti,2021,codf,CODF,,0,0,nominal_usd,loan_commitment
DJI::cla,DJI,Djibouti,2021,cla,CLA,,0,0,nominal_usd,loan_commitment
DJI::cancel,DJI,Djibouti,2021,cancel,Debt cancellation,,0,0,nominal_usd,debt_cancellation
DJI::restruct,DJI,Djibouti,2021,restruct,Debt restructuring,,0,0,nominal_usd,debt_restructuring
DJI::cofi,DJI,Djibouti,2021,cofi,COFI,,0,0,nominal_usd,investment
DJI::cgef,DJI,Djibouti,2021,cgef,CGEF,,0,0,nominal_usd,loan_commitment
DJI::chapo,DJI,Djibouti,2021,chapo,CHAPO,23400000.0,4,2,constant_2021_usd,commitment
DJI::aiddata,DJI,Djibouti,2022,aiddata,AidData,18709398.801366,7,1,constant_2023_usd,commitment
DJI::codf,DJI,Djibouti,2022,codf,CODF,,0,0,nominal_usd,loan_commitment
DJI::cla,DJI,Djibouti,2022,cla,CLA,,0,0,nominal_usd,loan_commitment
DJI::cancel,DJI,Djibouti,2022,cancel,Debt cancellation,,0,0,nominal_usd,debt_cancellation
DJI::restruct,DJI,Djibouti,2022,restruct,Debt restructuring,,0,0,nominal_usd,debt_restructuring
DJI::cofi,DJI,Djibouti,2022,cofi,COFI,,0,0,nominal_usd,investment
DJI::cgef,DJI,Djibouti,2022,cgef,CGEF,,0,0,nominal_usd,loan_commitment
DJI::chapo,DJI,Djibouti,2022,chapo,CHAPO,,0,0,constant_2021_usd,commitment
DJI::aiddata,DJI,Djibouti,2023,aiddata,AidData,557135.407418,9,3,constant_2023_usd,commitment
DJI::codf,DJI,Djibouti,2023,codf,CODF,,0,0,nominal_usd,loan_commitment
DJI::cla,DJI,Djibouti,2023,cla,CLA,,0,0,nominal_usd,loan_commitment
DJI::cancel,DJI,Djibouti,2023,cancel,Debt cancellation,,0,0,nominal_usd,debt_cancellation
DJI::restruct,DJI,Djibouti,2023,restruct,Debt restructuring,,0,0,nominal_usd,debt_restructuring
DJI::cofi,DJI,Djibouti,2023,cofi,COFI,,0,0,nominal_usd,investment
DJI::cgef,DJI,Djibouti,2023,cgef,CGEF,,0,0,nominal_usd,loan_commitment
DJI::chapo,DJI,Djibouti,2023,chapo,CHAPO,,0,0,constant_2021_usd,commitment
DJI::aiddata,DJI,Djibouti,2024,aiddata,AidData,,0,0,constant_2023_usd,commitment
DJI::codf,DJI,Djibouti,2024,codf,CODF,,0,0,nominal_usd,loan_commitment
DJI::cla,DJI,Djibouti,2024,cla,CLA,,0,0,nominal_usd,loan_commitment
DJI::cancel,DJI,Djibouti,2024,cancel,Debt cancellation,,0,0,nominal_usd,debt_cancellation
DJI::restruct,DJI,Djibouti,2024,restruct,Debt restructuring,,0,0,nominal_usd,debt_restructuring
DJI::cofi,DJI,Djibouti,2024,cofi,COFI,,0,0,nominal_usd,investment
DJI::cgef,DJI,Djibouti,2024,cgef,CGEF,,0,0,nominal_usd,loan_commitment
DJI::chapo,DJI,Djibouti,2024,chapo,CHAPO,,0,0,constant_2021_usd,commitment
DZA::aiddata,DZA,Algeria,2000,aiddata,AidData,,1,0,constant_2023_usd,commitment
DZA::codf,DZA,Algeria,2000,codf,CODF,,0,0,nominal_usd,loan_commitment
DZA::cla,DZA,Algeria,2000,cla,CLA,,0,0,nominal_usd,loan_commitment
DZA::cancel,DZA,Algeria,2000,cancel,Debt cancellation,,0,0,nominal_usd,debt_cancellation
DZA::restruct,DZA,Algeria,2000,restruct,Debt restructuring,,0,0,nominal_usd,debt_restructuring
DZA::cofi,DZA,Algeria,2000,cofi,COFI,,0,0,nominal_usd,investment
DZA::cgef,DZA,Algeria,2000,cgef,CGEF,,0,0,nominal_usd,loan_commitment
DZA::chapo,DZA,Algeria,2000,chapo,CHAPO,,1,0,constant_2021_usd,commitment
DZA::aiddata,DZA,Algeria,2001,aiddata,AidData,,0,0,constant_2023_usd,commitment
DZA::codf,DZA,Algeria,2001,codf,CODF,,0,0,nominal_usd,loan_commitment
DZA::cla,DZA,Algeria,2001,cla,CLA,,0,0,nominal_usd,loan_commitment
DZA::cancel,DZA,Algeria,2001,cancel,Debt cancellation,,0,0,nominal_usd,debt_cancellation
DZA::restruct,DZA,Algeria,2001,restruct,Debt restructuring,,0,0,nominal_usd,debt_restructuring
DZA::cofi,DZA,Algeria,2001,cofi,COFI,,0,0,nominal_usd,investment
DZA::cgef,DZA,Algeria,2001,cgef,CGEF,,0,0,nominal_usd,loan_commitment
DZA::chapo,DZA,Algeria,2001,chapo,CHAPO,,0,0,constant_2021_usd,commitment
DZA::aiddata,DZA,Algeria,2002,aiddata,AidData,,2,0,constant_2023_usd,commitment
DZA::codf,DZA,Algeria,2002,codf,CODF,,0,0,nominal_usd,loan_commitment
DZA::cla,DZA,Algeria,2002,cla,CLA,,0,0,nominal_usd,loan_commitment
DZA::cancel,DZA,Algeria,2002,cancel,Debt cancellation,,0,0,nominal_usd,debt_cancellation
DZA::restruct,DZA,Algeria,2002,restruct,Debt restructuring,,0,0,nominal_usd,debt_restructuring
DZA::cofi,DZA,Algeria,2002,cofi,COFI,,0,0,nominal_usd,investment
DZA::cgef,DZA,Algeria,2002,cgef,CGEF,,0,0,nominal_usd,loan_commitment
DZA::chapo,DZA,Algeria,2002,chapo,CHAPO,,1,0,constant_2021_usd,commitment
DZA::aiddata,DZA,Algeria,2003,aiddata,AidData,46359891.457423,5,2,constant_2023_usd,commitment
DZA::codf,DZA,Algeria,2003,codf,CODF,,0,0,nominal_usd,loan_commitment
DZA::cla,DZA,Algeria,2003,cla,CLA,40000000.0,1,1,nominal_usd,loan_commitment
DZA::cancel,DZA,Algeria,2003,cancel,Debt cancellation,,0,0,nominal_usd,debt_cancellation
DZA::restruct,DZA,Algeria,2003,restruct,Debt restructuring,,0,0,nominal_usd,debt_restructuring
DZA::cofi,DZA,Algeria,2003,cofi,COFI,,0,0,nominal_usd,investment
DZA::cgef,DZA,Algeria,2003,cgef,CGEF,,0,0,nominal_usd,loan_commitment
DZA::chapo,DZA,Algeria,2003,chapo,CHAPO,,0,0,constant_2021_usd,commitment
DZA::aiddata,DZA,Algeria,2004,aiddata,AidData,2541688.144252,2,1,constant_2023_usd,commitment
DZA::codf,DZA,Algeria,2004,codf,CODF,,0,0,nominal_usd,loan_commitment
DZA::cla,DZA,Algeria,2004,cla,CLA,,0,0,nominal_usd,loan_commitment
DZA::cancel,DZA,Algeria,2004,cancel,Debt cancellation,,0,0,nominal_usd,debt_cancellation
DZA::restruct,DZA,Algeria,2004,restruct,Debt restructuring,,0,0,nominal_usd,debt_restructuring
DZA::cofi,DZA,Algeria,2004,cofi,COFI,,0,0,nominal_usd,investment
DZA::cgef,DZA,Algeria,2004,cgef,CGEF,,0,0,nominal_usd,loan_commitment
DZA::chapo,DZA,Algeria,2004,chapo,CHAPO,,0,0,constant_2021_usd,commitment
DZA::aiddata,DZA,Algeria,2005,aiddata,AidData,60129915.570988,2,1,constant_2023_usd,commitment
DZA::codf,DZA,Algeria,2005,codf,CODF,,0,0,nominal_usd,loan_commitment
DZA::cla,DZA,Algeria,2005,cla,CLA,,0,0,nominal_usd,loan_commitment
DZA::cancel,DZA,Algeria,2005,cancel,Debt cancellation,,0,0,nominal_usd,debt_cancellation
DZA::restruct,DZA,Algeria,2005,restruct,Debt restructuring,,0,0,nominal_usd,debt_restructuring
DZA::cofi,DZA,Algeria,2005,cofi,COFI,,0,0,nominal_usd,investment
DZA::cgef,DZA,Algeria,2005,cgef,CGEF,,0,0,nominal_usd,loan_commitment
DZA::chapo,DZA,Algeria,2005,chapo,CHAPO,,1,0,constant_2021_usd,commitment
DZA::aiddata,DZA,Algeria,2006,aiddata,AidData,,0,0,constant_2023_usd,commitment
DZA::codf,DZA,Algeria,2006,codf,CODF,,0,0,nominal_usd,loan_commitment
DZA::cla,DZA,Algeria,2006,cla,CLA,,0,0,nominal_usd,loan_commitment
DZA::cancel,DZA,Algeria,2006,cancel,Debt cancellation,,0,0,nominal_usd,debt_cancellation
DZA::restruct,DZA,Algeria,2006,restruct,Debt restructuring,,0,0,nominal_usd,debt_restructuring
DZA::cofi,DZA,Algeria,2006,cofi,COFI,,0,0,nominal_usd,investment
DZA::cgef,DZA,Algeria,2006,cgef,CGEF,,0,0,nominal_usd,loan_commitment
DZA::chapo,DZA,Algeria,2006,chapo,CHAPO,,0,0,constant_2021_usd,commitment
DZA::aiddata,DZA,Algeria,2007,aiddata,AidData,852627.09116,3,2,constant_2023_usd,commitment
DZA::codf,DZA,Algeria,2007,codf,CODF,,0,0,nominal_usd,loan_commitment
DZA::cla,DZA,Algeria,2007,cla,CLA,,0,0,nominal_usd,loan_commitment
DZA::cancel,DZA,Algeria,2007,cancel,Debt cancellation,,0,0,nominal_usd,debt_cancellation
DZA::restruct,DZA,Algeria,2007,restruct,Debt restructuring,,0,0,nominal_usd,debt_restructuring
DZA::cofi,DZA,Algeria,2007,cofi,COFI,,0,0,nominal_usd,investment
DZA::cgef,DZA,Algeria,2007,cgef,CGEF,,0,0,nominal_usd,loan_commitment
DZA::chapo,DZA,Algeria,2007,chapo,CHAPO,,1,0,constant_2021_usd,commitment
DZA::aiddata,DZA,Algeria,2008,aiddata,AidData,,3,0,constant_2023_usd,commitment
DZA::codf,DZA,Algeria,2008,codf,CODF,,0,0,nominal_usd,loan_commitment
DZA::cla,DZA,Algeria,2008,cla,CLA,,0,0,nominal_usd,loan_commitment
DZA::cancel,DZA,Algeria,2008,cancel,Debt cancellation,,0,0,nominal_usd,debt_cancellation
DZA::restruct,DZA,Algeria,2008,restruct,Debt restructuring,,0,0,nominal_usd,debt_restructuring
DZA::cofi,DZA,Algeria,2008,cofi,COFI,,0,0,nominal_usd,investment
DZA::cgef,DZA,Algeria,2008,cgef,CGEF,,0,0,nominal_usd,loan_commitment
DZA::chapo,DZA,Algeria,2008,chapo,CHAPO,,1,0,constant_2021_usd,commitment
DZA::aiddata,DZA,Algeria,2009,aiddata,AidData,1927250.483428,2,1,constant_2023_usd,commitment
DZA::codf,DZA,Algeria,2009,codf,CODF,,0,0,nominal_usd,loan_commitment
DZA::cla,DZA,Algeria,2009,cla,CLA,,0,0,nominal_usd,loan_commitment
DZA::cancel,DZA,Algeria,2009,cancel,Debt cancellation,,0,0,nominal_usd,debt_cancellation
DZA::restruct,DZA,Algeria,2009,restruct,Debt restructuring,,0,0,nominal_usd,debt_restructuring
DZA::cofi,DZA,Algeria,2009,cofi,COFI,,0,0,nominal_usd,investment
DZA::cgef,DZA,Algeria,2009,cgef,CGEF,,0,0,nominal_usd,loan_commitment
DZA::chapo,DZA,Algeria,2009,chapo,CHAPO,,0,0,constant_2021_usd,commitment
DZA::aiddata,DZA,Algeria,2010,aiddata,AidData,60800533.642724,3,1,constant_2023_usd,commitment
DZA::codf,DZA,Algeria,2010,codf,CODF,,0,0,nominal_usd,loan_commitment
DZA::cla,DZA,Algeria,2010,cla,CLA,,0,0,nominal_usd,loan_commitment
DZA::cancel,DZA,Algeria,2010,cancel,Debt cancellation,,0,0,nominal_usd,debt_cancellation
DZA::restruct,DZA,Algeria,2010,restruct,Debt restructuring,,0,0,nominal_usd,debt_restructuring
DZA::cofi,DZA,Algeria,2010,cofi,COFI,,0,0,nominal_usd,investment
DZA::cgef,DZA,Algeria,2010,cgef,CGEF,,0,0,nominal_usd,loan_commitment
DZA::chapo,DZA,Algeria,2010,chapo,CHAPO,,1,0,constant_2021_usd,commitment
DZA::aiddata,DZA,Algeria,2011,aiddata,AidData,,0,0,constant_2023_usd,commitment
DZA::codf,DZA,Algeria,2011,codf,CODF,,0,0,nominal_usd,loan_commitment
DZA::cla,DZA,Algeria,2011,cla,CLA,,0,0,nominal_usd,loan_commitment
DZA::cancel,DZA,Algeria,2011,cancel,Debt cancellation,,0,0,nominal_usd,debt_cancellation
DZA::restruct,DZA,Algeria,2011,restruct,Debt restructuring,,0,0,nominal_usd,debt_restructuring
DZA::cofi,DZA,Algeria,2011,cofi,COFI,,0,0,nominal_usd,investment
DZA::cgef,DZA,Algeria,2011,cgef,CGEF,,0,0,nominal_usd,loan_commitment
DZA::chapo,DZA,Algeria,2011,chapo,CHAPO,,0,0,constant_2021_usd,commitment
DZA::aiddata,DZA,Algeria,2012,aiddata,AidData,,2,0,constant_2023_usd,commitment
DZA::codf,DZA,Algeria,2012,codf,CODF,,0,0,nominal_usd,loan_commitment
DZA::cla,DZA,Algeria,2012,cla,CLA,,0,0,nominal_usd,loan_commitment
DZA::cancel,DZA,Algeria,2012,cancel,Debt cancellation,,0,0,nominal_usd,debt_cancellation
DZA::restruct,DZA,Algeria,2012,restruct,Debt restructuring,,0,0,nominal_usd,debt_restructuring
DZA::cofi,DZA,Algeria,2012,cofi,COFI,,0,0,nominal_usd,investment
DZA::cgef,DZA,Algeria,2012,cgef,CGEF,,0,0,nominal_usd,loan_commitment
DZA::chapo,DZA,Algeria,2012,chapo,CHAPO,,0,0,constant_2021_usd,commitment
DZA::aiddata,DZA,Algeria,2013,aiddata,AidData,,1,0,constant_2023_usd,commitment
DZA::codf,DZA,Algeria,2013,codf,CODF,,0,0,nominal_usd,loan_commitment
DZA::cla,DZA,Algeria,2013,cla,CLA,,0,0,nominal_usd,loan_commitment
DZA::cancel,DZA,Algeria,2013,cancel,Debt cancellation,,0,0,nominal_usd,debt_cancellation
DZA::restruct,DZA,Algeria,2013,restruct,Debt restructuring,,0,0,nominal_usd,debt_restructuring
DZA::cofi,DZA,Algeria,2013,cofi,COFI,,0,0,nominal_usd,investment
DZA::cgef,DZA,Algeria,2013,cgef,CGEF,,0,0,nominal_usd,loan_commitment
DZA::chapo,DZA,Algeria,2013,chapo,CHAPO,,1,0,constant_2021_usd,commitment
DZA::aiddata,DZA,Algeria,2014,aiddata,AidData,,2,0,constant_2023_usd,commitment
DZA::codf,DZA,Algeria,2014,codf,CODF,,0,0,nominal_usd,loan_commitment
DZA::cla,DZA,Algeria,2014,cla,CLA,,0,0,nominal_usd,loan_commitment
DZA::cancel,DZA,Algeria,2014,cancel,Debt cancellation,,0,0,nominal_usd,debt_cancellation
DZA::restruct,DZA,Algeria,2014,restruct,Debt restructuring,,0,0,nominal_usd,debt_restructuring
DZA::cofi,DZA,Algeria,2014,cofi,COFI,,0,0,nominal_usd,investment
DZA::cgef,DZA,Algeria,2014,cgef,CGEF,,0,0,nominal_usd,loan_commitment
DZA::chapo,DZA,Algeria,2014,chapo,CHAPO,,1,0,constant_2021_usd,commitment
DZA::aiddata,DZA,Algeria,2015,aiddata,AidData,,4,0,constant_2023_usd,commitment
DZA::codf,DZA,Algeria,2015,codf,CODF,,0,0,nominal_usd,loan_commitment
DZA::cla,DZA,Algeria,2015,cla,CLA,,0,0,nominal_usd,loan_commitment
DZA::cancel,DZA,Algeria,2015,cancel,Debt cancellation,,0,0,nominal_usd,debt_cancellation
DZA::restruct,DZA,Algeria,2015,restruct,Debt restructuring,,0,0,nominal_usd,debt_restructuring
DZA::cofi,DZA,Algeria,2015,cofi,COFI,,0,0,nominal_usd,investment
DZA::cgef,DZA,Algeria,2015,cgef,CGEF,,0,0,nominal_usd,loan_commitment
DZA::chapo,DZA,Algeria,2015,chapo,CHAPO,,1,0,constant_2021_usd,commitment
DZA::aiddata,DZA,Algeria,2016,aiddata,AidData,19045168.793956,3,2,constant_2023_usd,commitment
DZA::codf,DZA,Algeria,2016,codf,CODF,,0,0,nominal_usd,loan_commitment
DZA::cla,DZA,Algeria,2016,cla,CLA,,0,0,nominal_usd,loan_commitment
DZA::cancel,DZA,Algeria,2016,cancel,Debt cancellation,,0,0,nominal_usd,debt_cancellation
DZA::restruct,DZA,Algeria,2016,restruct,Debt restructuring,,0,0,nominal_usd,debt_restructuring
DZA::cofi,DZA,Algeria,2016,cofi,COFI,,0,0,nominal_usd,investment
DZA::cgef,DZA,Algeria,2016,cgef,CGEF,,0,0,nominal_usd,loan_commitment
DZA::chapo,DZA,Algeria,2016,chapo,CHAPO,,0,0,constant_2021_usd,commitment
DZA::aiddata,DZA,Algeria,2017,aiddata,AidData,31494926.124369,1,1,constant_2023_usd,commitment
DZA::codf,DZA,Algeria,2017,codf,CODF,,0,0,nominal_usd,loan_commitment
DZA::cla,DZA,Algeria,2017,cla,CLA,,0,0,nominal_usd,loan_commitment
DZA::cancel,DZA,Algeria,2017,cancel,Debt cancellation,,0,0,nominal_usd,debt_cancellation
DZA::restruct,DZA,Algeria,2017,restruct,Debt restructuring,,0,0,nominal_usd,debt_restructuring
DZA::cofi,DZA,Algeria,2017,cofi,COFI,,0,0,nominal_usd,investment
DZA::cgef,DZA,Algeria,2017,cgef,CGEF,,0,0,nominal_usd,loan_commitment
DZA::chapo,DZA,Algeria,2017,chapo,CHAPO,,0,0,constant_2021_usd,commitment
DZA::aiddata,DZA,Algeria,2018,aiddata,AidData,146727.278968,2,2,constant_2023_usd,commitment
DZA::codf,DZA,Algeria,2018,codf,CODF,,0,0,nominal_usd,loan_commitment
DZA::cla,DZA,Algeria,2018,cla,CLA,,0,0,nominal_usd,loan_commitment
DZA::cancel,DZA,Algeria,2018,cancel,Debt cancellation,,0,0,nominal_usd,debt_cancellation
DZA::restruct,DZA,Algeria,2018,restruct,Debt restructuring,,0,0,nominal_usd,debt_restructuring
DZA::cofi,DZA,Algeria,2018,cofi,COFI,,0,0,nominal_usd,investment
DZA::cgef,DZA,Algeria,2018,cgef,CGEF,,0,0,nominal_usd,loan_commitment
DZA::chapo,DZA,Algeria,2018,chapo,CHAPO,,0,0,constant_2021_usd,commitment
DZA::aiddata,DZA,Algeria,2019,aiddata,AidData,,2,0,constant_2023_usd,commitment
DZA::codf,DZA,Algeria,2019,codf,CODF,,0,0,nominal_usd,loan_commitment
DZA::cla,DZA,Algeria,2019,cla,CLA,,0,0,nominal_usd,loan_commitment
DZA::cancel,DZA,Algeria,2019,cancel,Debt cancellation,,0,0,nominal_usd,debt_cancellation
DZA::restruct,DZA,Algeria,2019,restruct,Debt restructuring,,0,0,nominal_usd,debt_restructuring
DZA::cofi,DZA,Algeria,2019,cofi,COFI,,0,0,nominal_usd,investment
DZA::cgef,DZA,Algeria,2019,cgef,CGEF,,0,0,nominal_usd,loan_commitment
DZA::chapo,DZA,Algeria,2019,chapo,CHAPO,,1,0,constant_2021_usd,commitment
DZA::aiddata,DZA,Algeria,2020,aiddata,AidData,7012075.743541,7,3,constant_2023_usd,commitment
DZA::codf,DZA,Algeria,2020,codf,CODF,,0,0,nominal_usd,loan_commitment
DZA::cla,DZA,Algeria,2020,cla,CLA,,0,0,nominal_usd,loan_commitment
DZA::cancel,DZA,Algeria,2020,cancel,Debt cancellation,,0,0,nominal_usd,debt_cancellation
DZA::restruct,DZA,Algeria,2020,restruct,Debt restructuring,,0,0,nominal_usd,debt_restructuring
DZA::cofi,DZA,Algeria,2020,cofi,COFI,,0,0,nominal_usd,investment
DZA::cgef,DZA,Algeria,2020,cgef,CGEF,,0,0,nominal_usd,loan_commitment
DZA::chapo,DZA,Algeria,2020,chapo,CHAPO,7590471.003025,7,3,constant_2021_usd,commitment
DZA::aiddata,DZA,Algeria,2021,aiddata,AidData,56435068.195295,3,2,constant_2023_usd,commitment
DZA::codf,DZA,Algeria,2021,codf,CODF,,0,0,nominal_usd,loan_commitment
DZA::cla,DZA,Algeria,2021,cla,CLA,,0,0,nominal_usd,loan_commitment
DZA::cancel,DZA,Algeria,2021,cancel,Debt cancellation,,0,0,nominal_usd,debt_cancellation
DZA::restruct,DZA,Algeria,2021,restruct,Debt restructuring,,0,0,nominal_usd,debt_restructuring
DZA::cofi,DZA,Algeria,2021,cofi,COFI,,0,0,nominal_usd,investment
DZA::cgef,DZA,Algeria,2021,cgef,CGEF,,0,0,nominal_usd,loan_commitment
DZA::chapo,DZA,Algeria,2021,chapo,CHAPO,61200000.0,3,2,constant_2021_usd,commitment
DZA::aiddata,DZA,Algeria,2022,aiddata,AidData,53193.674274,2,1,constant_2023_usd,commitment
DZA::codf,DZA,Algeria,2022,codf,CODF,,0,0,nominal_usd,loan_commitment
DZA::cla,DZA,Algeria,2022,cla,CLA,,0,0,nominal_usd,loan_commitment
DZA::cancel,DZA,Algeria,2022,cancel,Debt cancellation,,0,0,nominal_usd,debt_cancellation
DZA::restruct,DZA,Algeria,2022,restruct,Debt restructuring,,0,0,nominal_usd,debt_restructuring
DZA::cofi,DZA,Algeria,2022,cofi,COFI,,0,0,nominal_usd,investment
DZA::cgef,DZA,Algeria,2022,cgef,CGEF,,0,0,nominal_usd,loan_commitment
DZA::chapo,DZA,Algeria,2022,chapo,CHAPO,,0,0,constant_2021_usd,commitment
DZA::aiddata,DZA,Algeria,2023,aiddata,AidData,22098.340562,6,2,constant_2023_usd,commitment
DZA::codf,DZA,Algeria,2023,codf,CODF,,0,0,nominal_usd,loan_commitment
DZA::cla,DZA,Algeria,2023,cla,CLA,,0,0,nominal_usd,loan_commitment
DZA::cancel,DZA,Algeria,2023,cancel,Debt cancellation,,0,0,nominal_usd,debt_cancellation
DZA::restruct,DZA,Algeria,2023,restruct,Debt restructuring,,0,0,nominal_usd,debt_restructuring
DZA::cofi,DZA,Algeria,2023,cofi,COFI,,0,0,nominal_usd,investment
DZA::cgef,DZA,Algeria,2023,cgef,CGEF,,0,0,nominal_usd,loan_commitment
DZA::chapo,DZA,Algeria,2023,chapo,CHAPO,,0,0,constant_2021_usd,commitment
DZA::aiddata,DZA,Algeria,2024,aiddata,AidData,,0,0,constant_2023_usd,commitment
DZA::codf,DZA,Algeria,2024,codf,CODF,,0,0,nominal_usd,loan_commitment
DZA::cla,DZA,Algeria,2024,cla,CLA,,0,0,nominal_usd,loan_commitment
DZA::cancel,DZA,Algeria,2024,cancel,Debt cancellation,,0,0,nominal_usd,debt_cancellation
DZA::restruct,DZA,Algeria,2024,restruct,Debt restructuring,,0,0,nominal_usd,debt_restructuring
DZA::cofi,DZA,Algeria,2024,cofi,COFI,,0,0,nominal_usd,investment
DZA::cgef,DZA,Algeria,2024,cgef,CGEF,,0,0,nominal_usd,loan_commitment
DZA::chapo,DZA,Algeria,2024,chapo,CHAPO,,0,0,constant_2021_usd,commitment
EGY::aiddata,EGY,Egypt,2000,aiddata,AidData,,0,0,constant_2023_usd,commitment
EGY::codf,EGY,Egypt,2000,codf,CODF,,0,0,nominal_usd,loan_commitment
EGY::cla,EGY,Egypt,2000,cla,CLA,,0,0,nominal_usd,loan_commitment
EGY::cancel,EGY,Egypt,2000,cancel,Debt cancellation,,0,0,nominal_usd,debt_cancellation
EGY::restruct,EGY,Egypt,2000,restruct,Debt restructuring,,0,0,nominal_usd,debt_restructuring
EGY::cofi,EGY,Egypt,2000,cofi,COFI,,0,0,nominal_usd,investment
EGY::cgef,EGY,Egypt,2000,cgef,CGEF,,0,0,nominal_usd,loan_commitment
EGY::chapo,EGY,Egypt,2000,chapo,CHAPO,,0,0,constant_2021_usd,commitment
EGY::aiddata,EGY,Egypt,2001,aiddata,AidData,,0,0,constant_2023_usd,commitment
EGY::codf,EGY,Egypt,2001,codf,CODF,,0,0,nominal_usd,loan_commitment
EGY::cla,EGY,Egypt,2001,cla,CLA,,0,0,nominal_usd,loan_commitment
EGY::cancel,EGY,Egypt,2001,cancel,Debt cancellation,,0,0,nominal_usd,debt_cancellation
EGY::restruct,EGY,Egypt,2001,restruct,Debt restructuring,,0,0,nominal_usd,debt_restructuring
EGY::cofi,EGY,Egypt,2001,cofi,COFI,,0,0,nominal_usd,investment
EGY::cgef,EGY,Egypt,2001,cgef,CGEF,,0,0,nominal_usd,loan_commitment
EGY::chapo,EGY,Egypt,2001,chapo,CHAPO,,0,0,constant_2021_usd,commitment
EGY::aiddata,EGY,Egypt,2002,aiddata,AidData,17601793.143093,2,2,constant_2023_usd,commitment
EGY::codf,EGY,Egypt,2002,codf,CODF,,0,0,nominal_usd,loan_commitment
EGY::cla,EGY,Egypt,2002,cla,CLA,12080000.0,1,1,nominal_usd,loan_commitment
EGY::cancel,EGY,Egypt,2002,cancel,Debt cancellation,,0,0,nominal_usd,debt_cancellation
EGY::restruct,EGY,Egypt,2002,restruct,Debt restructuring,,0,0,nominal_usd,debt_restructuring
EGY::cofi,EGY,Egypt,2002,cofi,COFI,,0,0,nominal_usd,investment
EGY::cgef,EGY,Egypt,2002,cgef,CGEF,,0,0,nominal_usd,loan_commitment
EGY::chapo,EGY,Egypt,2002,chapo,CHAPO,,0,0,constant_2021_usd,commitment
EGY::aiddata,EGY,Egypt,2003,aiddata,AidData,2718386.091411,2,1,constant_2023_usd,commitment
EGY::codf,EGY,Egypt,2003,codf,CODF,,0,0,nominal_usd,loan_commitment
EGY::cla,EGY,Egypt,2003,cla,CLA,,0,0,nominal_usd,loan_commitment
EGY::cancel,EGY,Egypt,2003,cancel,Debt cancellation,,0,0,nominal_usd,debt_cancellation
EGY::restruct,EGY,Egypt,2003,restruct,Debt restructuring,,0,0,nominal_usd,debt_restructuring
EGY::cofi,EGY,Egypt,2003,cofi,COFI,,2,0,nominal_usd,investment
EGY::cgef,EGY,Egypt,2003,cgef,CGEF,,0,0,nominal_usd,loan_commitment
EGY::chapo,EGY,Egypt,2003,chapo,CHAPO,,0,0,constant_2021_usd,commitment
EGY::aiddata,EGY,Egypt,2004,aiddata,AidData,27958569.586775,3,2,constant_2023_usd,commitment
EGY::codf,EGY,Egypt,2004,codf,CODF,,0,0,nominal_usd,loan_commitment
EGY::cla,EGY,Egypt,2004,cla,CLA,,0,0,nominal_usd,loan_commitment
EGY::cancel,EGY,Egypt,2004,cancel,Debt cancellation,,0,0,nominal_usd,debt_cancellation
EGY::restruct,EGY,Egypt,2004,restruct,Debt restructuring,,0,0,nominal_usd,debt_restructuring
EGY::cofi,EGY,Egypt,2004,cofi,COFI,,0,0,nominal_usd,investment
EGY::cgef,EGY,Egypt,2004,cgef,CGEF,,0,0,nominal_usd,loan_commitment
EGY::chapo,EGY,Egypt,2004,chapo,CHAPO,,0,0,constant_2021_usd,commitment
EGY::aiddata,EGY,Egypt,2005,aiddata,AidData,31805480.547215,2,1,constant_2023_usd,commitment
EGY::codf,EGY,Egypt,2005,codf,CODF,,0,0,nominal_usd,loan_commitment
EGY::cla,EGY,Egypt,2005,cla,CLA,16300000.0,1,1,nominal_usd,loan_commitment
EGY::cancel,EGY,Egypt,2005,cancel,Debt cancellation,,0,0,nominal_usd,debt_cancellation
EGY::restruct,EGY,Egypt,2005,restruct,Debt restructuring,,0,0,nominal_usd,debt_restructuring
EGY::cofi,EGY,Egypt,2005,cofi,COFI,,0,0,nominal_usd,investment
EGY::cgef,EGY,Egypt,2005,cgef,CGEF,,0,0,nominal_usd,loan_commitment
EGY::chapo,EGY,Egypt,2005,chapo,CHAPO,,0,0,constant_2021_usd,commitment
EGY::aiddata,EGY,Egypt,2006,aiddata,AidData,8238204.965671,1,1,constant_2023_usd,commitment
EGY::codf,EGY,Egypt,2006,codf,CODF,,0,0,nominal_usd,loan_commitment
EGY::cla,EGY,Egypt,2006,cla,CLA,59740000.0,1,1,nominal_usd,loan_commitment
EGY::cancel,EGY,Egypt,2006,cancel,Debt cancellation,,0,0,nominal_usd,debt_cancellation
EGY::restruct,EGY,Egypt,2006,restruct,Debt restructuring,,0,0,nominal_usd,debt_restructuring
EGY::cofi,EGY,Egypt,2006,cofi,COFI,,0,0,nominal_usd,investment
EGY::cgef,EGY,Egypt,2006,cgef,CGEF,,0,0,nominal_usd,loan_commitment
EGY::chapo,EGY,Egypt,2006,chapo,CHAPO,,0,0,constant_2021_usd,commitment
EGY::aiddata,EGY,Egypt,2007,aiddata,AidData,546486981.42386,3,2,constant_2023_usd,commitment
EGY::codf,EGY,Egypt,2007,codf,CODF,,0,0,nominal_usd,loan_commitment
EGY::cla,EGY,Egypt,2007,cla,CLA,,0,0,nominal_usd,loan_commitment
EGY::cancel,EGY,Egypt,2007,cancel,Debt cancellation,,0,0,nominal_usd,debt_cancellation
EGY::restruct,EGY,Egypt,2007,restruct,Debt restructuring,,0,0,nominal_usd,debt_restructuring
EGY::cofi,EGY,Egypt,2007,cofi,COFI,,0,0,nominal_usd,investment
EGY::cgef,EGY,Egypt,2007,cgef,CGEF,,0,0,nominal_usd,loan_commitment
EGY::chapo,EGY,Egypt,2007,chapo,CHAPO,,0,0,constant_2021_usd,commitment
EGY::aiddata,EGY,Egypt,2008,aiddata,AidData,14248.800326,1,1,constant_2023_usd,commitment
EGY::codf,EGY,Egypt,2008,codf,CODF,,0,0,nominal_usd,loan_commitment
EGY::cla,EGY,Egypt,2008,cla,CLA,,0,0,nominal_usd,loan_commitment
EGY::cancel,EGY,Egypt,2008,cancel,Debt cancellation,,0,0,nominal_usd,debt_cancellation
EGY::restruct,EGY,Egypt,2008,restruct,Debt restructuring,,0,0,nominal_usd,debt_restructuring
EGY::cofi,EGY,Egypt,2008,cofi,COFI,,0,0,nominal_usd,investment
EGY::cgef,EGY,Egypt,2008,cgef,CGEF,,0,0,nominal_usd,loan_commitment
EGY::chapo,EGY,Egypt,2008,chapo,CHAPO,,0,0,constant_2021_usd,commitment
EGY::aiddata,EGY,Egypt,2009,aiddata,AidData,153469691.484455,7,5,constant_2023_usd,commitment
EGY::codf,EGY,Egypt,2009,codf,CODF,,0,0,nominal_usd,loan_commitment
EGY::cla,EGY,Egypt,2009,cla,CLA,,0,0,nominal_usd,loan_commitment
EGY::cancel,EGY,Egypt,2009,cancel,Debt cancellation,,0,0,nominal_usd,debt_cancellation
EGY::restruct,EGY,Egypt,2009,restruct,Debt restructuring,,0,0,nominal_usd,debt_restructuring
EGY::cofi,EGY,Egypt,2009,cofi,COFI,,0,0,nominal_usd,investment
EGY::cgef,EGY,Egypt,2009,cgef,CGEF,,0,0,nominal_usd,loan_commitment
EGY::chapo,EGY,Egypt,2009,chapo,CHAPO,81152.425531,1,1,constant_2021_usd,commitment
EGY::aiddata,EGY,Egypt,2010,aiddata,AidData,1414752.320412,3,2,constant_2023_usd,commitment
EGY::codf,EGY,Egypt,2010,codf,CODF,,0,0,nominal_usd,loan_commitment
EGY::cla,EGY,Egypt,2010,cla,CLA,,0,0,nominal_usd,loan_commitment
EGY::cancel,EGY,Egypt,2010,cancel,Debt cancellation,,0,0,nominal_usd,debt_cancellation
EGY::restruct,EGY,Egypt,2010,restruct,Debt restructuring,,0,0,nominal_usd,debt_restructuring
EGY::cofi,EGY,Egypt,2010,cofi,COFI,,0,0,nominal_usd,investment
EGY::cgef,EGY,Egypt,2010,cgef,CGEF,,0,0,nominal_usd,loan_commitment
EGY::chapo,EGY,Egypt,2010,chapo,CHAPO,,0,0,constant_2021_usd,commitment
EGY::aiddata,EGY,Egypt,2011,aiddata,AidData,15384139.500615,3,2,constant_2023_usd,commitment
EGY::codf,EGY,Egypt,2011,codf,CODF,,0,0,nominal_usd,loan_commitment
EGY::cla,EGY,Egypt,2011,cla,CLA,,0,0,nominal_usd,loan_commitment
EGY::cancel,EGY,Egypt,2011,cancel,Debt cancellation,,0,0,nominal_usd,debt_cancellation
EGY::restruct,EGY,Egypt,2011,restruct,Debt restructuring,,0,0,nominal_usd,debt_restructuring
EGY::cofi,EGY,Egypt,2011,cofi,COFI,,0,0,nominal_usd,investment
EGY::cgef,EGY,Egypt,2011,cgef,CGEF,,0,0,nominal_usd,loan_commitment
EGY::chapo,EGY,Egypt,2011,chapo,CHAPO,,0,0,constant_2021_usd,commitment
EGY::aiddata,EGY,Egypt,2012,aiddata,AidData,452030524.312329,5,4,constant_2023_usd,commitment
EGY::codf,EGY,Egypt,2012,codf,CODF,200000000.0,1,1,nominal_usd,loan_commitment
EGY::cla,EGY,Egypt,2012,cla,CLA,200000000.0,1,1,nominal_usd,loan_commitment
EGY::cancel,EGY,Egypt,2012,cancel,Debt cancellation,,0,0,nominal_usd,debt_cancellation
EGY::restruct,EGY,Egypt,2012,restruct,Debt restructuring,,0,0,nominal_usd,debt_restructuring
EGY::cofi,EGY,Egypt,2012,cofi,COFI,,0,0,nominal_usd,investment
EGY::cgef,EGY,Egypt,2012,cgef,CGEF,,0,0,nominal_usd,loan_commitment
EGY::chapo,EGY,Egypt,2012,chapo,CHAPO,,0,0,constant_2021_usd,commitment
EGY::aiddata,EGY,Egypt,2013,aiddata,AidData,,1,0,constant_2023_usd,commitment
EGY::codf,EGY,Egypt,2013,codf,CODF,,0,0,nominal_usd,loan_commitment
EGY::cla,EGY,Egypt,2013,cla,CLA,,0,0,nominal_usd,loan_commitment
EGY::cancel,EGY,Egypt,2013,cancel,Debt cancellation,,0,0,nominal_usd,debt_cancellation
EGY::restruct,EGY,Egypt,2013,restruct,Debt restructuring,,0,0,nominal_usd,debt_restructuring
EGY::cofi,EGY,Egypt,2013,cofi,COFI,,0,0,nominal_usd,investment
EGY::cgef,EGY,Egypt,2013,cgef,CGEF,,0,0,nominal_usd,loan_commitment
EGY::chapo,EGY,Egypt,2013,chapo,CHAPO,,0,0,constant_2021_usd,commitment
EGY::aiddata,EGY,Egypt,2014,aiddata,AidData,108580.90573,2,1,constant_2023_usd,commitment
EGY::codf,EGY,Egypt,2014,codf,CODF,,0,0,nominal_usd,loan_commitment
EGY::cla,EGY,Egypt,2014,cla,CLA,,0,0,nominal_usd,loan_commitment
EGY::cancel,EGY,Egypt,2014,cancel,Debt cancellation,,0,0,nominal_usd,debt_cancellation
EGY::restruct,EGY,Egypt,2014,restruct,Debt restructuring,,0,0,nominal_usd,debt_restructuring
EGY::cofi,EGY,Egypt,2014,cofi,COFI,,0,0,nominal_usd,investment
EGY::cgef,EGY,Egypt,2014,cgef,CGEF,,0,0,nominal_usd,loan_commitment
EGY::chapo,EGY,Egypt,2014,chapo,CHAPO,,0,0,constant_2021_usd,commitment
EGY::aiddata,EGY,Egypt,2015,aiddata,AidData,109613340.170038,2,2,constant_2023_usd,commitment
EGY::codf,EGY,Egypt,2015,codf,CODF,100000000.0,1,1,nominal_usd,loan_commitment
EGY::cla,EGY,Egypt,2015,cla,CLA,100000000.0,1,1,nominal_usd,loan_commitment
EGY::cancel,EGY,Egypt,2015,cancel,Debt cancellation,,0,0,nominal_usd,debt_cancellation
EGY::restruct,EGY,Egypt,2015,restruct,Debt restructuring,,0,0,nominal_usd,debt_restructuring
EGY::cofi,EGY,Egypt,2015,cofi,COFI,,0,0,nominal_usd,investment
EGY::cgef,EGY,Egypt,2015,cgef,CGEF,,0,0,nominal_usd,loan_commitment
EGY::chapo,EGY,Egypt,2015,chapo,CHAPO,,0,0,constant_2021_usd,commitment
EGY::aiddata,EGY,Egypt,2016,aiddata,AidData,2012622912.915111,7,7,constant_2023_usd,commitment
EGY::codf,EGY,Egypt,2016,codf,CODF,1700000000.0,3,3,nominal_usd,loan_commitment
EGY::cla,EGY,Egypt,2016,cla,CLA,1700000000.0,3,3,nominal_usd,loan_commitment
EGY::cancel,EGY,Egypt,2016,cancel,Debt cancellation,,0,0,nominal_usd,debt_cancellation
EGY::restruct,EGY,Egypt,2016,restruct,Debt restructuring,,0,0,nominal_usd,debt_restructuring
EGY::cofi,EGY,Egypt,2016,cofi,COFI,,0,0,nominal_usd,investment
EGY::cgef,EGY,Egypt,2016,cgef,CGEF,,0,0,nominal_usd,loan_commitment
EGY::chapo,EGY,Egypt,2016,chapo,CHAPO,,0,0,constant_2021_usd,commitment
EGY::aiddata,EGY,Egypt,2017,aiddata,AidData,4462586247.686752,18,17,constant_2023_usd,commitment
EGY::codf,EGY,Egypt,2017,codf,CODF,500000000.0,1,1,nominal_usd,loan_commitment
EGY::cla,EGY,Egypt,2017,cla,CLA,1190000000.0,2,2,nominal_usd,loan_commitment
EGY::cancel,EGY,Egypt,2017,cancel,Debt cancellation,,0,0,nominal_usd,debt_cancellation
EGY::restruct,EGY,Egypt,2017,restruct,Debt restructuring,,0,0,nominal_usd,debt_restructuring
EGY::cofi,EGY,Egypt,2017,cofi,COFI,152760000.0,5,5,nominal_usd,investment
EGY::cgef,EGY,Egypt,2017,cgef,CGEF,690000000.0,1,1,nominal_usd,loan_commitment
EGY::chapo,EGY,Egypt,2017,chapo,CHAPO,115233.815702,1,1,constant_2021_usd,commitment
EGY::aiddata,EGY,Egypt,2018,aiddata,AidData,3140925478.099388,11,11,constant_2023_usd,commitment
EGY::codf,EGY,Egypt,2018,codf,CODF,2352870000.0,3,3,nominal_usd,loan_commitment
EGY::cla,EGY,Egypt,2018,cla,CLA,2606250000.0,5,5,nominal_usd,loan_commitment
EGY::cancel,EGY,Egypt,2018,cancel,Debt cancellation,,0,0,nominal_usd,debt_cancellation
EGY::restruct,EGY,Egypt,2018,restruct,Debt restructuring,,0,0,nominal_usd,debt_restructuring
EGY::cofi,EGY,Egypt,2018,cofi,COFI,,1,0,nominal_usd,investment
EGY::cgef,EGY,Egypt,2018,cgef,CGEF,,0,0,nominal_usd,loan_commitment
EGY::chapo,EGY,Egypt,2018,chapo,CHAPO,,0,0,constant_2021_usd,commitment
EGY::aiddata,EGY,Egypt,2019,aiddata,AidData,2322813369.154859,14,12,constant_2023_usd,commitment
EGY::codf,EGY,Egypt,2019,codf,CODF,461000000.0,1,1,nominal_usd,loan_commitment
EGY::cla,EGY,Egypt,2019,cla,CLA,461000000.0,1,1,nominal_usd,loan_commitment
EGY::cancel,EGY,Egypt,2019,cancel,Debt cancellation,,0,0,nominal_usd,debt_cancellation
EGY::restruct,EGY,Egypt,2019,restruct,Debt restructuring,,0,0,nominal_usd,debt_restructuring
EGY::cofi,EGY,Egypt,2019,cofi,COFI,,0,0,nominal_usd,investment
EGY::cgef,EGY,Egypt,2019,cgef,CGEF,,0,0,nominal_usd,loan_commitment
EGY::chapo,EGY,Egypt,2019,chapo,CHAPO,,0,0,constant_2021_usd,commitment
EGY::aiddata,EGY,Egypt,2020,aiddata,AidData,934064045.464603,22,18,constant_2023_usd,commitment
EGY::codf,EGY,Egypt,2020,codf,CODF,,0,0,nominal_usd,loan_commitment
EGY::cla,EGY,Egypt,2020,cla,CLA,,0,0,nominal_usd,loan_commitment
EGY::cancel,EGY,Egypt,2020,cancel,Debt cancellation,,0,0,nominal_usd,debt_cancellation
EGY::restruct,EGY,Egypt,2020,restruct,Debt restructuring,,0,0,nominal_usd,debt_restructuring
EGY::cofi,EGY,Egypt,2020,cofi,COFI,,0,0,nominal_usd,investment
EGY::cgef,EGY,Egypt,2020,cgef,CGEF,,0,0,nominal_usd,loan_commitment
EGY::chapo,EGY,Egypt,2020,chapo,CHAPO,5947522.97342,11,9,constant_2021_usd,commitment
EGY::aiddata,EGY,Egypt,2021,aiddata,AidData,899322823.210711,10,8,constant_2023_usd,commitment
EGY::codf,EGY,Egypt,2021,codf,CODF,,0,0,nominal_usd,loan_commitment
EGY::cla,EGY,Egypt,2021,cla,CLA,,0,0,nominal_usd,loan_commitment
EGY::cancel,EGY,Egypt,2021,cancel,Debt cancellation,,0,0,nominal_usd,debt_cancellation
EGY::restruct,EGY,Egypt,2021,restruct,Debt restructuring,,0,0,nominal_usd,debt_restructuring
EGY::cofi,EGY,Egypt,2021,cofi,COFI,,0,0,nominal_usd,investment
EGY::cgef,EGY,Egypt,2021,cgef,CGEF,,0,0,nominal_usd,loan_commitment
EGY::chapo,EGY,Egypt,2021,chapo,CHAPO,79800000.0,5,4,constant_2021_usd,commitment
EGY::aiddata,EGY,Egypt,2022,aiddata,AidData,488526635.942216,9,6,constant_2023_usd,commitment
EGY::codf,EGY,Egypt,2022,codf,CODF,,0,0,nominal_usd,loan_commitment
EGY::cla,EGY,Egypt,2022,cla,CLA,,0,0,nominal_usd,loan_commitment
EGY::cancel,EGY,Egypt,2022,cancel,Debt cancellation,,0,0,nominal_usd,debt_cancellation
EGY::restruct,EGY,Egypt,2022,restruct,Debt restructuring,,0,0,nominal_usd,debt_restructuring
EGY::cofi,EGY,Egypt,2022,cofi,COFI,,0,0,nominal_usd,investment
EGY::cgef,EGY,Egypt,2022,cgef,CGEF,,0,0,nominal_usd,loan_commitment
EGY::chapo,EGY,Egypt,2022,chapo,CHAPO,,0,0,constant_2021_usd,commitment
EGY::aiddata,EGY,Egypt,2023,aiddata,AidData,1307338565.604078,5,5,constant_2023_usd,commitment
EGY::codf,EGY,Egypt,2023,codf,CODF,1288140000.0,2,2,nominal_usd,loan_commitment
EGY::cla,EGY,Egypt,2023,cla,CLA,1288400000.0,2,2,nominal_usd,loan_commitment
EGY::cancel,EGY,Egypt,2023,cancel,Debt cancellation,,0,0,nominal_usd,debt_cancellation
EGY::restruct,EGY,Egypt,2023,restruct,Debt restructuring,,0,0,nominal_usd,debt_restructuring
EGY::cofi,EGY,Egypt,2023,cofi,COFI,,0,0,nominal_usd,investment
EGY::cgef,EGY,Egypt,2023,cgef,CGEF,,0,0,nominal_usd,loan_commitment
EGY::chapo,EGY,Egypt,2023,chapo,CHAPO,,0,0,constant_2021_usd,commitment
EGY::aiddata,EGY,Egypt,2024,aiddata,AidData,,0,0,constant_2023_usd,commitment
EGY::codf,EGY,Egypt,2024,codf,CODF,76500000.0,1,1,nominal_usd,loan_commitment
EGY::cla,EGY,Egypt,2024,cla,CLA,76500000.0,1,1,nominal_usd,loan_commitment
EGY::cancel,EGY,Egypt,2024,cancel,Debt cancellation,,0,0,nominal_usd,debt_cancellation
EGY::restruct,EGY,Egypt,2024,restruct,Debt restructuring,,0,0,nominal_usd,debt_restructuring
EGY::cofi,EGY,Egypt,2024,cofi,COFI,,0,0,nominal_usd,investment
EGY::cgef,EGY,Egypt,2024,cgef,CGEF,,0,0,nominal_usd,loan_commitment
EGY::chapo,EGY,Egypt,2024,chapo,CHAPO,,0,0,constant_2021_usd,commitment
ERI::aiddata,ERI,Eritrea,2000,aiddata,AidData,22907065.099911,2,1,constant_2023_usd,commitment
ERI::codf,ERI,Eritrea,2000,codf,CODF,,0,0,nominal_usd,loan_commitment
ERI::cla,ERI,Eritrea,2000,cla,CLA,10000000.0,1,1,nominal_usd,loan_commitment
ERI::cancel,ERI,Eritrea,2000,cancel,Debt cancellation,,0,0,nominal_usd,debt_cancellation
ERI::restruct,ERI,Eritrea,2000,restruct,Debt restructuring,,0,0,nominal_usd,debt_restructuring
ERI::cofi,ERI,Eritrea,2000,cofi,COFI,,0,0,nominal_usd,investment
ERI::cgef,ERI,Eritrea,2000,cgef,CGEF,,0,0,nominal_usd,loan_commitment
ERI::chapo,ERI,Eritrea,2000,chapo,CHAPO,24801200.057924,2,1,constant_2021_usd,commitment
ERI::aiddata,ERI,Eritrea,2001,aiddata,AidData,6967565.226204,2,1,constant_2023_usd,commitment
ERI::codf,ERI,Eritrea,2001,codf,CODF,,0,0,nominal_usd,loan_commitment
ERI::cla,ERI,Eritrea,2001,cla,CLA,,0,0,nominal_usd,loan_commitment
ERI::cancel,ERI,Eritrea,2001,cancel,Debt cancellation,,0,0,nominal_usd,debt_cancellation
ERI::restruct,ERI,Eritrea,2001,restruct,Debt restructuring,,0,0,nominal_usd,debt_restructuring
ERI::cofi,ERI,Eritrea,2001,cofi,COFI,,0,0,nominal_usd,investment
ERI::cgef,ERI,Eritrea,2001,cgef,CGEF,,0,0,nominal_usd,loan_commitment
ERI::chapo,ERI,Eritrea,2001,chapo,CHAPO,,0,0,constant_2021_usd,commitment
ERI::aiddata,ERI,Eritrea,2002,aiddata,AidData,5540604.705645,2,1,constant_2023_usd,commitment
ERI::codf,ERI,Eritrea,2002,codf,CODF,,0,0,nominal_usd,loan_commitment
ERI::cla,ERI,Eritrea,2002,cla,CLA,,0,0,nominal_usd,loan_commitment
ERI::cancel,ERI,Eritrea,2002,cancel,Debt cancellation,,0,0,nominal_usd,debt_cancellation
ERI::restruct,ERI,Eritrea,2002,restruct,Debt restructuring,,0,0,nominal_usd,debt_restructuring
ERI::cofi,ERI,Eritrea,2002,cofi,COFI,,0,0,nominal_usd,investment
ERI::cgef,ERI,Eritrea,2002,cgef,CGEF,,0,0,nominal_usd,loan_commitment
ERI::chapo,ERI,Eritrea,2002,chapo,CHAPO,,1,0,constant_2021_usd,commitment
ERI::aiddata,ERI,Eritrea,2003,aiddata,AidData,11250174.60293,4,2,constant_2023_usd,commitment
ERI::codf,ERI,Eritrea,2003,codf,CODF,,0,0,nominal_usd,loan_commitment
ERI::cla,ERI,Eritrea,2003,cla,CLA,,0,0,nominal_usd,loan_commitment
ERI::cancel,ERI,Eritrea,2003,cancel,Debt cancellation,3000000.0,1,1,nominal_usd,debt_cancellation
ERI::restruct,ERI,Eritrea,2003,restruct,Debt restructuring,,0,0,nominal_usd,debt_restructuring
ERI::cofi,ERI,Eritrea,2003,cofi,COFI,,0,0,nominal_usd,investment
ERI::cgef,ERI,Eritrea,2003,cgef,CGEF,,0,0,nominal_usd,loan_commitment
ERI::chapo,ERI,Eritrea,2003,chapo,CHAPO,,0,0,constant_2021_usd,commitment
ERI::aiddata,ERI,Eritrea,2004,aiddata,AidData,,1,0,constant_2023_usd,commitment
ERI::codf,ERI,Eritrea,2004,codf,CODF,,0,0,nominal_usd,loan_commitment
ERI::cla,ERI,Eritrea,2004,cla,CLA,,0,0,nominal_usd,loan_commitment
ERI::cancel,ERI,Eritrea,2004,cancel,Debt cancellation,,0,0,nominal_usd,debt_cancellation
ERI::restruct,ERI,Eritrea,2004,restruct,Debt restructuring,,0,0,nominal_usd,debt_restructuring
ERI::cofi,ERI,Eritrea,2004,cofi,COFI,,0,0,nominal_usd,investment
ERI::cgef,ERI,Eritrea,2004,cgef,CGEF,,0,0,nominal_usd,loan_commitment
ERI::chapo,ERI,Eritrea,2004,chapo,CHAPO,,1,0,constant_2021_usd,commitment
ERI::aiddata,ERI,Eritrea,2005,aiddata,AidData,14677169.695859,2,1,constant_2023_usd,commitment
ERI::codf,ERI,Eritrea,2005,codf,CODF,,0,0,nominal_usd,loan_commitment
ERI::cla,ERI,Eritrea,2005,cla,CLA,,0,0,nominal_usd,loan_commitment
ERI::cancel,ERI,Eritrea,2005,cancel,Debt cancellation,,0,0,nominal_usd,debt_cancellation
ERI::restruct,ERI,Eritrea,2005,restruct,Debt restructuring,,0,0,nominal_usd,debt_restructuring
ERI::cofi,ERI,Eritrea,2005,cofi,COFI,,0,0,nominal_usd,investment
ERI::cgef,ERI,Eritrea,2005,cgef,CGEF,,0,0,nominal_usd,loan_commitment
ERI::chapo,ERI,Eritrea,2005,chapo,CHAPO,,0,0,constant_2021_usd,commitment
ERI::aiddata,ERI,Eritrea,2006,aiddata,AidData,39072629.265756,2,1,constant_2023_usd,commitment
ERI::codf,ERI,Eritrea,2006,codf,CODF,,0,0,nominal_usd,loan_commitment
ERI::cla,ERI,Eritrea,2006,cla,CLA,65070000.0,2,2,nominal_usd,loan_commitment
ERI::cancel,ERI,Eritrea,2006,cancel,Debt cancellation,,0,0,nominal_usd,debt_cancellation
ERI::restruct,ERI,Eritrea,2006,restruct,Debt restructuring,,0,0,nominal_usd,debt_restructuring
ERI::cofi,ERI,Eritrea,2006,cofi,COFI,,0,0,nominal_usd,investment
ERI::cgef,ERI,Eritrea,2006,cgef,CGEF,,0,0,nominal_usd,loan_commitment
ERI::chapo,ERI,Eritrea,2006,chapo,CHAPO,,0,0,constant_2021_usd,commitment
ERI::aiddata,ERI,Eritrea,2007,aiddata,AidData,237479331.745522,5,5,constant_2023_usd,commitment
ERI::codf,ERI,Eritrea,2007,codf,CODF,,0,0,nominal_usd,loan_commitment
ERI::cla,ERI,Eritrea,2007,cla,CLA,,0,0,nominal_usd,loan_commitment
ERI::cancel,ERI,Eritrea,2007,cancel,Debt cancellation,,1,0,nominal_usd,debt_cancellation
ERI::restruct,ERI,Eritrea,2007,restruct,Debt restructuring,,0,0,nominal_usd,debt_restructuring
ERI::cofi,ERI,Eritrea,2007,cofi,COFI,,0,0,nominal_usd,investment
ERI::cgef,ERI,Eritrea,2007,cgef,CGEF,,0,0,nominal_usd,loan_commitment
ERI::chapo,ERI,Eritrea,2007,chapo,CHAPO,14193.110062,1,1,constant_2021_usd,commitment
ERI::aiddata,ERI,Eritrea,2008,aiddata,AidData,,3,0,constant_2023_usd,commitment
ERI::codf,ERI,Eritrea,2008,codf,CODF,,0,0,nominal_usd,loan_commitment
ERI::cla,ERI,Eritrea,2008,cla,CLA,,0,0,nominal_usd,loan_commitment
ERI::cancel,ERI,Eritrea,2008,cancel,Debt cancellation,,0,0,nominal_usd,debt_cancellation
ERI::restruct,ERI,Eritrea,2008,restruct,Debt restructuring,,0,0,nominal_usd,debt_restructuring
ERI::cofi,ERI,Eritrea,2008,cofi,COFI,,0,0,nominal_usd,investment
ERI::cgef,ERI,Eritrea,2008,cgef,CGEF,,0,0,nominal_usd,loan_commitment
ERI::chapo,ERI,Eritrea,2008,chapo,CHAPO,,0,0,constant_2021_usd,commitment
ERI::aiddata,ERI,Eritrea,2009,aiddata,AidData,19324418.128147,3,2,constant_2023_usd,commitment
ERI::codf,ERI,Eritrea,2009,codf,CODF,,0,0,nominal_usd,loan_commitment
ERI::cla,ERI,Eritrea,2009,cla,CLA,,0,0,nominal_usd,loan_commitment
ERI::cancel,ERI,Eritrea,2009,cancel,Debt cancellation,,0,0,nominal_usd,debt_cancellation
ERI::restruct,ERI,Eritrea,2009,restruct,Debt restructuring,,0,0,nominal_usd,debt_restructuring
ERI::cofi,ERI,Eritrea,2009,cofi,COFI,,0,0,nominal_usd,investment
ERI::cgef,ERI,Eritrea,2009,cgef,CGEF,,0,0,nominal_usd,loan_commitment
ERI::chapo,ERI,Eritrea,2009,chapo,CHAPO,7510050.241374,2,1,constant_2021_usd,commitment
ERI::aiddata,ERI,Eritrea,2010,aiddata,AidData,84885139.224737,3,2,constant_2023_usd,commitment
ERI::codf,ERI,Eritrea,2010,codf,CODF,,0,0,nominal_usd,loan_commitment
ERI::cla,ERI,Eritrea,2010,cla,CLA,6000000.0,1,1,nominal_usd,loan_commitment
ERI::cancel,ERI,Eritrea,2010,cancel,Debt cancellation,,0,0,nominal_usd,debt_cancellation
ERI::restruct,ERI,Eritrea,2010,restruct,Debt restructuring,,0,0,nominal_usd,debt_restructuring
ERI::cofi,ERI,Eritrea,2010,cofi,COFI,,0,0,nominal_usd,investment
ERI::cgef,ERI,Eritrea,2010,cgef,CGEF,,0,0,nominal_usd,loan_commitment
ERI::chapo,ERI,Eritrea,2010,chapo,CHAPO,,0,0,constant_2021_usd,commitment
ERI::aiddata,ERI,Eritrea,2011,aiddata,AidData,139789149.18058,5,2,constant_2023_usd,commitment
ERI::codf,ERI,Eritrea,2011,codf,CODF,100000000.0,1,1,nominal_usd,loan_commitment
ERI::cla,ERI,Eritrea,2011,cla,CLA,100000000.0,1,1,nominal_usd,loan_commitment
ERI::cancel,ERI,Eritrea,2011,cancel,Debt cancellation,,0,0,nominal_usd,debt_cancellation
ERI::restruct,ERI,Eritrea,2011,restruct,Debt restructuring,,0,0,nominal_usd,debt_restructuring
ERI::cofi,ERI,Eritrea,2011,cofi,COFI,,0,0,nominal_usd,investment
ERI::cgef,ERI,Eritrea,2011,cgef,CGEF,,0,0,nominal_usd,loan_commitment
ERI::chapo,ERI,Eritrea,2011,chapo,CHAPO,,1,0,constant_2021_usd,commitment
ERI::aiddata,ERI,Eritrea,2012,aiddata,AidData,179050195.359837,5,3,constant_2023_usd,commitment
ERI::codf,ERI,Eritrea,2012,codf,CODF,161380000.0,2,2,nominal_usd,loan_commitment
ERI::cla,ERI,Eritrea,2012,cla,CLA,161400000.0,2,2,nominal_usd,loan_commitment
ERI::cancel,ERI,Eritrea,2012,cancel,Debt cancellation,,0,0,nominal_usd,debt_cancellation
ERI::restruct,ERI,Eritrea,2012,restruct,Debt restructuring,,0,0,nominal_usd,debt_restructuring
ERI::cofi,ERI,Eritrea,2012,cofi,COFI,,0,0,nominal_usd,investment
ERI::cgef,ERI,Eritrea,2012,cgef,CGEF,,0,0,nominal_usd,loan_commitment
ERI::chapo,ERI,Eritrea,2012,chapo,CHAPO,,0,0,constant_2021_usd,commitment
ERI::aiddata,ERI,Eritrea,2013,aiddata,AidData,110634928.151862,5,1,constant_2023_usd,commitment
ERI::codf,ERI,Eritrea,2013,codf,CODF,,0,0,nominal_usd,loan_commitment
ERI::cla,ERI,Eritrea,2013,cla,CLA,,0,0,nominal_usd,loan_commitment
ERI::cancel,ERI,Eritrea,2013,cancel,Debt cancellation,,0,0,nominal_usd,debt_cancellation
ERI::restruct,ERI,Eritrea,2013,restruct,Debt restructuring,,0,0,nominal_usd,debt_restructuring
ERI::cofi,ERI,Eritrea,2013,cofi,COFI,,0,0,nominal_usd,investment
ERI::cgef,ERI,Eritrea,2013,cgef,CGEF,,0,0,nominal_usd,loan_commitment
ERI::chapo,ERI,Eritrea,2013,chapo,CHAPO,,1,0,constant_2021_usd,commitment
ERI::aiddata,ERI,Eritrea,2014,aiddata,AidData,131079673.692393,2,2,constant_2023_usd,commitment
ERI::codf,ERI,Eritrea,2014,codf,CODF,98000000.0,1,1,nominal_usd,loan_commitment
ERI::cla,ERI,Eritrea,2014,cla,CLA,98000000.0,1,1,nominal_usd,loan_commitment
ERI::cancel,ERI,Eritrea,2014,cancel,Debt cancellation,,0,0,nominal_usd,debt_cancellation
ERI::restruct,ERI,Eritrea,2014,restruct,Debt restructuring,,0,0,nominal_usd,debt_restructuring
ERI::cofi,ERI,Eritrea,2014,cofi,COFI,100000000.0,1,1,nominal_usd,investment
ERI::cgef,ERI,Eritrea,2014,cgef,CGEF,98000000.0,1,1,nominal_usd,loan_commitment
ERI::chapo,ERI,Eritrea,2014,chapo,CHAPO,,0,0,constant_2021_usd,commitment
ERI::aiddata,ERI,Eritrea,2015,aiddata,AidData,101956844.211218,3,2,constant_2023_usd,commitment
ERI::codf,ERI,Eritrea,2015,codf,CODF,96460000.0,1,1,nominal_usd,loan_commitment
ERI::cla,ERI,Eritrea,2015,cla,CLA,96460000.0,1,1,nominal_usd,loan_commitment
ERI::cancel,ERI,Eritrea,2015,cancel,Debt cancellation,,0,0,nominal_usd,debt_cancellation
ERI::restruct,ERI,Eritrea,2015,restruct,Debt restructuring,,0,0,nominal_usd,debt_restructuring
ERI::cofi,ERI,Eritrea,2015,cofi,COFI,,0,0,nominal_usd,investment
ERI::cgef,ERI,Eritrea,2015,cgef,CGEF,,0,0,nominal_usd,loan_commitment
ERI::chapo,ERI,Eritrea,2015,chapo,CHAPO,1071323.648443,2,1,constant_2021_usd,commitment
ERI::aiddata,ERI,Eritrea,2016,aiddata,AidData,48670060.907719,4,2,constant_2023_usd,commitment
ERI::codf,ERI,Eritrea,2016,codf,CODF,,0,0,nominal_usd,loan_commitment
ERI::cla,ERI,Eritrea,2016,cla,CLA,,0,0,nominal_usd,loan_commitment
ERI::cancel,ERI,Eritrea,2016,cancel,Debt cancellation,7000000.0,1,1,nominal_usd,debt_cancellation
ERI::restruct,ERI,Eritrea,2016,restruct,Debt restructuring,,0,0,nominal_usd,debt_restructuring
ERI::cofi,ERI,Eritrea,2016,cofi,COFI,,0,0,nominal_usd,investment
ERI::cgef,ERI,Eritrea,2016,cgef,CGEF,,0,0,nominal_usd,loan_commitment
ERI::chapo,ERI,Eritrea,2016,chapo,CHAPO,,1,0,constant_2021_usd,commitment
ERI::aiddata,ERI,Eritrea,2017,aiddata,AidData,629898.522487,6,1,constant_2023_usd,commitment
ERI::codf,ERI,Eritrea,2017,codf,CODF,,0,0,nominal_usd,loan_commitment
ERI::cla,ERI,Eritrea,2017,cla,CLA,,0,0,nominal_usd,loan_commitment
ERI::cancel,ERI,Eritrea,2017,cancel,Debt cancellation,,0,0,nominal_usd,debt_cancellation
ERI::restruct,ERI,Eritrea,2017,restruct,Debt restructuring,,0,0,nominal_usd,debt_restructuring
ERI::cofi,ERI,Eritrea,2017,cofi,COFI,,0,0,nominal_usd,investment
ERI::cgef,ERI,Eritrea,2017,cgef,CGEF,,0,0,nominal_usd,loan_commitment
ERI::chapo,ERI,Eritrea,2017,chapo,CHAPO,,2,0,constant_2021_usd,commitment
ERI::aiddata,ERI,Eritrea,2018,aiddata,AidData,88151555.366473,17,1,constant_2023_usd,commitment
ERI::codf,ERI,Eritrea,2018,codf,CODF,87000000.0,1,1,nominal_usd,loan_commitment
ERI::cla,ERI,Eritrea,2018,cla,CLA,87000000.0,1,1,nominal_usd,loan_commitment
ERI::cancel,ERI,Eritrea,2018,cancel,Debt cancellation,,0,0,nominal_usd,debt_cancellation
ERI::restruct,ERI,Eritrea,2018,restruct,Debt restructuring,,0,0,nominal_usd,debt_restructuring
ERI::cofi,ERI,Eritrea,2018,cofi,COFI,,0,0,nominal_usd,investment
ERI::cgef,ERI,Eritrea,2018,cgef,CGEF,,0,0,nominal_usd,loan_commitment
ERI::chapo,ERI,Eritrea,2018,chapo,CHAPO,,2,0,constant_2021_usd,commitment
ERI::aiddata,ERI,Eritrea,2019,aiddata,AidData,,16,0,constant_2023_usd,commitment
ERI::codf,ERI,Eritrea,2019,codf,CODF,,0,0,nominal_usd,loan_commitment
ERI::cla,ERI,Eritrea,2019,cla,CLA,,0,0,nominal_usd,loan_commitment
ERI::cancel,ERI,Eritrea,2019,cancel,Debt cancellation,,0,0,nominal_usd,debt_cancellation
ERI::restruct,ERI,Eritrea,2019,restruct,Debt restructuring,,0,0,nominal_usd,debt_restructuring
ERI::cofi,ERI,Eritrea,2019,cofi,COFI,,0,0,nominal_usd,investment
ERI::cgef,ERI,Eritrea,2019,cgef,CGEF,,0,0,nominal_usd,loan_commitment
ERI::chapo,ERI,Eritrea,2019,chapo,CHAPO,,5,0,constant_2021_usd,commitment
ERI::aiddata,ERI,Eritrea,2020,aiddata,AidData,,0,0,constant_2023_usd,commitment
ERI::codf,ERI,Eritrea,2020,codf,CODF,,0,0,nominal_usd,loan_commitment
ERI::cla,ERI,Eritrea,2020,cla,CLA,,0,0,nominal_usd,loan_commitment
ERI::cancel,ERI,Eritrea,2020,cancel,Debt cancellation,,0,0,nominal_usd,debt_cancellation
ERI::restruct,ERI,Eritrea,2020,restruct,Debt restructuring,,0,0,nominal_usd,debt_restructuring
ERI::cofi,ERI,Eritrea,2020,cofi,COFI,,0,0,nominal_usd,investment
ERI::cgef,ERI,Eritrea,2020,cgef,CGEF,,0,0,nominal_usd,loan_commitment
ERI::chapo,ERI,Eritrea,2020,chapo,CHAPO,,0,0,constant_2021_usd,commitment
ERI::aiddata,ERI,Eritrea,2021,aiddata,AidData,,2,0,constant_2023_usd,commitment
ERI::codf,ERI,Eritrea,2021,codf,CODF,,0,0,nominal_usd,loan_commitment
ERI::cla,ERI,Eritrea,2021,cla,CLA,,0,0,nominal_usd,loan_commitment
ERI::cancel,ERI,Eritrea,2021,cancel,Debt cancellation,,0,0,nominal_usd,debt_cancellation
ERI::restruct,ERI,Eritrea,2021,restruct,Debt restructuring,,0,0,nominal_usd,debt_restructuring
ERI::cofi,ERI,Eritrea,2021,cofi,COFI,,0,0,nominal_usd,investment
ERI::cgef,ERI,Eritrea,2021,cgef,CGEF,,0,0,nominal_usd,loan_commitment
ERI::chapo,ERI,Eritrea,2021,chapo,CHAPO,,1,0,constant_2021_usd,commitment
ERI::aiddata,ERI,Eritrea,2022,aiddata,AidData,,5,0,constant_2023_usd,commitment
ERI::codf,ERI,Eritrea,2022,codf,CODF,,0,0,nominal_usd,loan_commitment
ERI::cla,ERI,Eritrea,2022,cla,CLA,,0,0,nominal_usd,loan_commitment
ERI::cancel,ERI,Eritrea,2022,cancel,Debt cancellation,,0,0,nominal_usd,debt_cancellation
ERI::restruct,ERI,Eritrea,2022,restruct,Debt restructuring,,0,0,nominal_usd,debt_restructuring
ERI::cofi,ERI,Eritrea,2022,cofi,COFI,,0,0,nominal_usd,investment
ERI::cgef,ERI,Eritrea,2022,cgef,CGEF,,0,0,nominal_usd,loan_commitment
ERI::chapo,ERI,Eritrea,2022,chapo,CHAPO,,0,0,constant_2021_usd,commitment
ERI::aiddata,ERI,Eritrea,2023,aiddata,AidData,291000000.0,6,2,constant_2023_usd,commitment
ERI::codf,ERI,Eritrea,2023,codf,CODF,,0,0,nominal_usd,loan_commitment
ERI::cla,ERI,Eritrea,2023,cla,CLA,85800000.0,1,1,nominal_usd,loan_commitment
ERI::cancel,ERI,Eritrea,2023,cancel,Debt cancellation,,0,0,nominal_usd,debt_cancellation
ERI::restruct,ERI,Eritrea,2023,restruct,Debt restructuring,,0,0,nominal_usd,debt_restructuring
ERI::cofi,ERI,Eritrea,2023,cofi,COFI,,0,0,nominal_usd,investment
ERI::cgef,ERI,Eritrea,2023,cgef,CGEF,,0,0,nominal_usd,loan_commitment
ERI::chapo,ERI,Eritrea,2023,chapo,CHAPO,,0,0,constant_2021_usd,commitment
ERI::aiddata,ERI,Eritrea,2024,aiddata,AidData,,0,0,constant_2023_usd,commitment
ERI::codf,ERI,Eritrea,2024,codf,CODF,,0,0,nominal_usd,loan_commitment
ERI::cla,ERI,Eritrea,2024,cla,CLA,,0,0,nominal_usd,loan_commitment
ERI::cancel,ERI,Eritrea,2024,cancel,Debt cancellation,,0,0,nominal_usd,debt_cancellation
ERI::restruct,ERI,Eritrea,2024,restruct,Debt restructuring,,0,0,nominal_usd,debt_restructuring
ERI::cofi,ERI,Eritrea,2024,cofi,COFI,,0,0,nominal_usd,investment
ERI::cgef,ERI,Eritrea,2024,cgef,CGEF,,0,0,nominal_usd,loan_commitment
ERI::chapo,ERI,Eritrea,2024,chapo,CHAPO,,0,0,constant_2021_usd,commitment
ETH::aiddata,ETH,Ethiopia,2000,aiddata,AidData,531357.555379,2,2,constant_2023_usd,commitment
ETH::codf,ETH,Ethiopia,2000,codf,CODF,,0,0,nominal_usd,loan_commitment
ETH::cla,ETH,Ethiopia,2000,cla,CLA,,0,0,nominal_usd,loan_commitment
ETH::cancel,ETH,Ethiopia,2000,cancel,Debt cancellation,,0,0,nominal_usd,debt_cancellation
ETH::restruct,ETH,Ethiopia,2000,restruct,Debt restructuring,,0,0,nominal_usd,debt_restructuring
ETH::cofi,ETH,Ethiopia,2000,cofi,COFI,,0,0,nominal_usd,investment
ETH::cgef,ETH,Ethiopia,2000,cgef,CGEF,,0,0,nominal_usd,loan_commitment
ETH::chapo,ETH,Ethiopia,2000,chapo,CHAPO,,0,0,constant_2021_usd,commitment
ETH::aiddata,ETH,Ethiopia,2001,aiddata,AidData,320647351.709886,4,4,constant_2023_usd,commitment
ETH::codf,ETH,Ethiopia,2001,codf,CODF,,0,0,nominal_usd,loan_commitment
ETH::cla,ETH,Ethiopia,2001,cla,CLA,13000000.0,2,2,nominal_usd,loan_commitment
ETH::cancel,ETH,Ethiopia,2001,cancel,Debt cancellation,122560000.0,1,1,nominal_usd,debt_cancellation
ETH::restruct,ETH,Ethiopia,2001,restruct,Debt restructuring,,0,0,nominal_usd,debt_restructuring
ETH::cofi,ETH,Ethiopia,2001,cofi,COFI,,0,0,nominal_usd,investment
ETH::cgef,ETH,Ethiopia,2001,cgef,CGEF,,0,0,nominal_usd,loan_commitment
ETH::chapo,ETH,Ethiopia,2001,chapo,CHAPO,,0,0,constant_2021_usd,commitment
ETH::aiddata,ETH,Ethiopia,2002,aiddata,AidData,4691311.236386,2,2,constant_2023_usd,commitment
ETH::codf,ETH,Ethiopia,2002,codf,CODF,,0,0,nominal_usd,loan_commitment
ETH::cla,ETH,Ethiopia,2002,cla,CLA,,0,0,nominal_usd,loan_commitment
ETH::cancel,ETH,Ethiopia,2002,cancel,Debt cancellation,,0,0,nominal_usd,debt_cancellation
ETH::restruct,ETH,Ethiopia,2002,restruct,Debt restructuring,,0,0,nominal_usd,debt_restructuring
ETH::cofi,ETH,Ethiopia,2002,cofi,COFI,50000000.0,1,1,nominal_usd,investment
ETH::cgef,ETH,Ethiopia,2002,cgef,CGEF,,0,0,nominal_usd,loan_commitment
ETH::chapo,ETH,Ethiopia,2002,chapo,CHAPO,,0,0,constant_2021_usd,commitment
ETH::aiddata,ETH,Ethiopia,2003,aiddata,AidData,54932667.18415,4,3,constant_2023_usd,commitment
ETH::codf,ETH,Ethiopia,2003,codf,CODF,,0,0,nominal_usd,loan_commitment
ETH::cla,ETH,Ethiopia,2003,cla,CLA,,0,0,nominal_usd,loan_commitment
ETH::cancel,ETH,Ethiopia,2003,cancel,Debt cancellation,,0,0,nominal_usd,debt_cancellation
ETH::restruct,ETH,Ethiopia,2003,restruct,Debt restructuring,,0,0,nominal_usd,debt_restructuring
ETH::cofi,ETH,Ethiopia,2003,cofi,COFI,,0,0,nominal_usd,investment
ETH::cgef,ETH,Ethiopia,2003,cgef,CGEF,,0,0,nominal_usd,loan_commitment
ETH::chapo,ETH,Ethiopia,2003,chapo,CHAPO,,0,0,constant_2021_usd,commitment
ETH::aiddata,ETH,Ethiopia,2004,aiddata,AidData,15250128.865513,1,1,constant_2023_usd,commitment
ETH::codf,ETH,Ethiopia,2004,codf,CODF,,0,0,nominal_usd,loan_commitment
ETH::cla,ETH,Ethiopia,2004,cla,CLA,,0,0,nominal_usd,loan_commitment
ETH::cancel,ETH,Ethiopia,2004,cancel,Debt cancellation,,0,0,nominal_usd,debt_cancellation
ETH::restruct,ETH,Ethiopia,2004,restruct,Debt restructuring,,0,0,nominal_usd,debt_restructuring
ETH::cofi,ETH,Ethiopia,2004,cofi,COFI,,0,0,nominal_usd,investment
ETH::cgef,ETH,Ethiopia,2004,cgef,CGEF,,0,0,nominal_usd,loan_commitment
ETH::chapo,ETH,Ethiopia,2004,chapo,CHAPO,,0,0,constant_2021_usd,commitment
ETH::aiddata,ETH,Ethiopia,2005,aiddata,AidData,833600.619629,6,3,constant_2023_usd,commitment
ETH::codf,ETH,Ethiopia,2005,codf,CODF,,0,0,nominal_usd,loan_commitment
ETH::cla,ETH,Ethiopia,2005,cla,CLA,,0,0,nominal_usd,loan_commitment
ETH::cancel,ETH,Ethiopia,2005,cancel,Debt cancellation,,0,0,nominal_usd,debt_cancellation
ETH::restruct,ETH,Ethiopia,2005,restruct,Debt restructuring,,0,0,nominal_usd,debt_restructuring
ETH::cofi,ETH,Ethiopia,2005,cofi,COFI,,0,0,nominal_usd,investment
ETH::cgef,ETH,Ethiopia,2005,cgef,CGEF,,0,0,nominal_usd,loan_commitment
ETH::chapo,ETH,Ethiopia,2005,chapo,CHAPO,,1,0,constant_2021_usd,commitment
ETH::aiddata,ETH,Ethiopia,2006,aiddata,AidData,2939069373.889905,14,9,constant_2023_usd,commitment
ETH::codf,ETH,Ethiopia,2006,codf,CODF,,0,0,nominal_usd,loan_commitment
ETH::cla,ETH,Ethiopia,2006,cla,CLA,1933440000.0,4,4,nominal_usd,loan_commitment
ETH::cancel,ETH,Ethiopia,2006,cancel,Debt cancellation,,0,0,nominal_usd,debt_cancellation
ETH::restruct,ETH,Ethiopia,2006,restruct,Debt restructuring,,0,0,nominal_usd,debt_restructuring
ETH::cofi,ETH,Ethiopia,2006,cofi,COFI,,0,0,nominal_usd,investment
ETH::cgef,ETH,Ethiopia,2006,cgef,CGEF,,0,0,nominal_usd,loan_commitment
ETH::chapo,ETH,Ethiopia,2006,chapo,CHAPO,,0,0,constant_2021_usd,commitment
ETH::aiddata,ETH,Ethiopia,2007,aiddata,AidData,126361982.828675,5,4,constant_2023_usd,commitment
ETH::codf,ETH,Ethiopia,2007,codf,CODF,,0,0,nominal_usd,loan_commitment
ETH::cla,ETH,Ethiopia,2007,cla,CLA,211670000.0,3,3,nominal_usd,loan_commitment
ETH::cancel,ETH,Ethiopia,2007,cancel,Debt cancellation,18500000.0,1,1,nominal_usd,debt_cancellation
ETH::restruct,ETH,Ethiopia,2007,restruct,Debt restructuring,,0,0,nominal_usd,debt_restructuring
ETH::cofi,ETH,Ethiopia,2007,cofi,COFI,116000000.0,1,1,nominal_usd,investment
ETH::cgef,ETH,Ethiopia,2007,cgef,CGEF,120640000.0,2,2,nominal_usd,loan_commitment
ETH::chapo,ETH,Ethiopia,2007,chapo,CHAPO,,1,0,constant_2021_usd,commitment
ETH::aiddata,ETH,Ethiopia,2008,aiddata,AidData,741837468.737995,28,24,constant_2023_usd,commitment
ETH::codf,ETH,Ethiopia,2008,codf,CODF,191500000.0,4,4,nominal_usd,loan_commitment
ETH::cla,ETH,Ethiopia,2008,cla,CLA,191570000.0,4,4,nominal_usd,loan_commitment
ETH::cancel,ETH,Ethiopia,2008,cancel,Debt cancellation,,0,0,nominal_usd,debt_cancellation
ETH::restruct,ETH,Ethiopia,2008,restruct,Debt restructuring,,0,0,nominal_usd,debt_restructuring
ETH::cofi,ETH,Ethiopia,2008,cofi,COFI,,0,0,nominal_usd,investment
ETH::cgef,ETH,Ethiopia,2008,cgef,CGEF,191500000.0,4,4,nominal_usd,loan_commitment
ETH::chapo,ETH,Ethiopia,2008,chapo,CHAPO,18881145.921864,3,3,constant_2021_usd,commitment
ETH::aiddata,ETH,Ethiopia,2009,aiddata,AidData,485283755.85586,10,2,constant_2023_usd,commitment
ETH::codf,ETH,Ethiopia,2009,codf,CODF,619000000.0,2,2,nominal_usd,loan_commitment
ETH::cla,ETH,Ethiopia,2009,cla,CLA,619000000.0,2,2,nominal_usd,loan_commitment
ETH::cancel,ETH,Ethiopia,2009,cancel,Debt cancellation,,0,0,nominal_usd,debt_cancellation
ETH::restruct,ETH,Ethiopia,2009,restruct,Debt restructuring,,0,0,nominal_usd,debt_restructuring
ETH::cofi,ETH,Ethiopia,2009,cofi,COFI,1050800000.0,5,5,nominal_usd,investment
ETH::cgef,ETH,Ethiopia,2009,cgef,CGEF,270000000.0,1,1,nominal_usd,loan_commitment
ETH::chapo,ETH,Ethiopia,2009,chapo,CHAPO,,1,0,constant_2021_usd,commitment
ETH::aiddata,ETH,Ethiopia,2010,aiddata,AidData,1802856008.045839,15,13,constant_2023_usd,commitment
ETH::codf,ETH,Ethiopia,2010,codf,CODF,124860000.0,2,2,nominal_usd,loan_commitment
ETH::cla,ETH,Ethiopia,2010,cla,CLA,579380000.0,5,5,nominal_usd,loan_commitment
ETH::cancel,ETH,Ethiopia,2010,cancel,Debt cancellation,,0,0,nominal_usd,debt_cancellation
ETH::restruct,ETH,Ethiopia,2010,restruct,Debt restructuring,,0,0,nominal_usd,debt_restructuring
ETH::cofi,ETH,Ethiopia,2010,cofi,COFI,524000000.0,2,2,nominal_usd,investment
ETH::cgef,ETH,Ethiopia,2010,cgef,CGEF,99450000.0,1,1,nominal_usd,loan_commitment
ETH::chapo,ETH,Ethiopia,2010,chapo,CHAPO,,0,0,constant_2021_usd,commitment
ETH::aiddata,ETH,Ethiopia,2011,aiddata,AidData,1115898218.603823,23,18,constant_2023_usd,commitment
ETH::codf,ETH,Ethiopia,2011,codf,CODF,991000000.0,5,5,nominal_usd,loan_commitment
ETH::cla,ETH,Ethiopia,2011,cla,CLA,995640000.0,6,6,nominal_usd,loan_commitment
ETH::cancel,ETH,Ethiopia,2011,cancel,Debt cancellation,,0,0,nominal_usd,debt_cancellation
ETH::restruct,ETH,Ethiopia,2011,restruct,Debt restructuring,,0,0,nominal_usd,debt_restructuring
ETH::cofi,ETH,Ethiopia,2011,cofi,COFI,277000000.0,1,1,nominal_usd,investment
ETH::cgef,ETH,Ethiopia,2011,cgef,CGEF,188300000.0,1,1,nominal_usd,loan_commitment
ETH::chapo,ETH,Ethiopia,2011,chapo,CHAPO,,1,0,constant_2021_usd,commitment
ETH::aiddata,ETH,Ethiopia,2012,aiddata,AidData,84879574.117085,10,9,constant_2023_usd,commitment
ETH::codf,ETH,Ethiopia,2012,codf,CODF,248000000.0,3,3,nominal_usd,loan_commitment
ETH::cla,ETH,Ethiopia,2012,cla,CLA,276350000.0,5,5,nominal_usd,loan_commitment
ETH::cancel,ETH,Ethiopia,2012,cancel,Debt cancellation,,0,0,nominal_usd,debt_cancellation
ETH::restruct,ETH,Ethiopia,2012,restruct,Debt restructuring,,0,0,nominal_usd,debt_restructuring
ETH::cofi,ETH,Ethiopia,2012,cofi,COFI,,0,0,nominal_usd,investment
ETH::cgef,ETH,Ethiopia,2012,cgef,CGEF,,0,0,nominal_usd,loan_commitment
ETH::chapo,ETH,Ethiopia,2012,chapo,CHAPO,,0,0,constant_2021_usd,commitment
ETH::aiddata,ETH,Ethiopia,2013,aiddata,AidData,6626789220.465642,24,17,constant_2023_usd,commitment
ETH::codf,ETH,Ethiopia,2013,codf,CODF,3930170000.0,9,9,nominal_usd,loan_commitment
ETH::cla,ETH,Ethiopia,2013,cla,CLA,5791760000.0,12,12,nominal_usd,loan_commitment
ETH::cancel,ETH,Ethiopia,2013,cancel,Debt cancellation,,0,0,nominal_usd,debt_cancellation
ETH::restruct,ETH,Ethiopia,2013,restruct,Debt restructuring,,0,0,nominal_usd,debt_restructuring
ETH::cofi,ETH,Ethiopia,2013,cofi,COFI,293250000.0,1,1,nominal_usd,investment
ETH::cgef,ETH,Ethiopia,2013,cgef,CGEF,293300000.0,1,1,nominal_usd,loan_commitment
ETH::chapo,ETH,Ethiopia,2013,chapo,CHAPO,,1,0,constant_2021_usd,commitment
ETH::aiddata,ETH,Ethiopia,2014,aiddata,AidData,1304112321.534083,13,11,constant_2023_usd,commitment
ETH::codf,ETH,Ethiopia,2014,codf,CODF,687000000.0,2,2,nominal_usd,loan_commitment
ETH::cla,ETH,Ethiopia,2014,cla,CLA,1148250000.0,7,7,nominal_usd,loan_commitment
ETH::cancel,ETH,Ethiopia,2014,cancel,Debt cancellation,,0,0,nominal_usd,debt_cancellation
ETH::restruct,ETH,Ethiopia,2014,restruct,Debt restructuring,,0,0,nominal_usd,debt_restructuring
ETH::cofi,ETH,Ethiopia,2014,cofi,COFI,446400000.0,2,2,nominal_usd,investment
ETH::cgef,ETH,Ethiopia,2014,cgef,CGEF,,0,0,nominal_usd,loan_commitment
ETH::chapo,ETH,Ethiopia,2014,chapo,CHAPO,,2,0,constant_2021_usd,commitment
ETH::aiddata,ETH,Ethiopia,2015,aiddata,AidData,734803637.736108,11,6,constant_2023_usd,commitment
ETH::codf,ETH,Ethiopia,2015,codf,CODF,31000000.0,1,1,nominal_usd,loan_commitment
ETH::cla,ETH,Ethiopia,2015,cla,CLA,31000000.0,1,1,nominal_usd,loan_commitment
ETH::cancel,ETH,Ethiopia,2015,cancel,Debt cancellation,,0,0,nominal_usd,debt_cancellation
ETH::restruct,ETH,Ethiopia,2015,restruct,Debt restructuring,,0,0,nominal_usd,debt_restructuring
ETH::cofi,ETH,Ethiopia,2015,cofi,COFI,,0,0,nominal_usd,investment
ETH::cgef,ETH,Ethiopia,2015,cgef,CGEF,31000000.0,1,1,nominal_usd,loan_commitment
ETH::chapo,ETH,Ethiopia,2015,chapo,CHAPO,,2,0,constant_2021_usd,commitment
ETH::aiddata,ETH,Ethiopia,2016,aiddata,AidData,957581061.433694,20,12,constant_2023_usd,commitment
ETH::codf,ETH,Ethiopia,2016,codf,CODF,780910000.0,5,5,nominal_usd,loan_commitment
ETH::cla,ETH,Ethiopia,2016,cla,CLA,780910000.0,5,5,nominal_usd,loan_commitment
ETH::cancel,ETH,Ethiopia,2016,cancel,Debt cancellation,,0,0,nominal_usd,debt_cancellation
ETH::restruct,ETH,Ethiopia,2016,restruct,Debt restructuring,,0,0,nominal_usd,debt_restructuring
ETH::cofi,ETH,Ethiopia,2016,cofi,COFI,,0,0,nominal_usd,investment
ETH::cgef,ETH,Ethiopia,2016,cgef,CGEF,560870000.0,3,3,nominal_usd,loan_commitment
ETH::chapo,ETH,Ethiopia,2016,chapo,CHAPO,,3,0,constant_2021_usd,commitment
ETH::aiddata,ETH,Ethiopia,2017,aiddata,AidData,959233046.491254,19,10,constant_2023_usd,commitment
ETH::codf,ETH,Ethiopia,2017,codf,CODF,621280000.0,4,4,nominal_usd,loan_commitment
ETH::cla,ETH,Ethiopia,2017,cla,CLA,639560000.0,5,5,nominal_usd,loan_commitment
ETH::cancel,ETH,Ethiopia,2017,cancel,Debt cancellation,,0,0,nominal_usd,debt_cancellation
ETH::restruct,ETH,Ethiopia,2017,restruct,Debt restructuring,,0,0,nominal_usd,debt_restructuring
ETH::cofi,ETH,Ethiopia,2017,cofi,COFI,218705000.0,1,1,nominal_usd,investment
ETH::cgef,ETH,Ethiopia,2017,cgef,CGEF,301990000.0,2,2,nominal_usd,loan_commitment
ETH::chapo,ETH,Ethiopia,2017,chapo,CHAPO,24008.949998,4,1,constant_2021_usd,commitment
ETH::aiddata,ETH,Ethiopia,2018,aiddata,AidData,383492154.048391,18,7,constant_2023_usd,commitment
ETH::codf,ETH,Ethiopia,2018,codf,CODF,161630000.0,1,1,nominal_usd,loan_commitment
ETH::cla,ETH,Ethiopia,2018,cla,CLA,243270000.0,2,2,nominal_usd,loan_commitment
ETH::cancel,ETH,Ethiopia,2018,cancel,Debt cancellation,,1,0,nominal_usd,debt_cancellation
ETH::restruct,ETH,Ethiopia,2018,restruct,Debt restructuring,2490000000.0,1,1,nominal_usd,debt_restructuring
ETH::cofi,ETH,Ethiopia,2018,cofi,COFI,,0,0,nominal_usd,investment
ETH::cgef,ETH,Ethiopia,2018,cgef,CGEF,,0,0,nominal_usd,loan_commitment
ETH::chapo,ETH,Ethiopia,2018,chapo,CHAPO,,0,0,constant_2021_usd,commitment
ETH::aiddata,ETH,Ethiopia,2019,aiddata,AidData,82286274.833312,22,5,constant_2023_usd,commitment
ETH::codf,ETH,Ethiopia,2019,codf,CODF,,0,0,nominal_usd,loan_commitment
ETH::cla,ETH,Ethiopia,2019,cla,CLA,500000000.0,1,1,nominal_usd,loan_commitment
ETH::cancel,ETH,Ethiopia,2019,cancel,Debt cancellation,,0,0,nominal_usd,debt_cancellation
ETH::restruct,ETH,Ethiopia,2019,restruct,Debt restructuring,,0,0,nominal_usd,debt_restructuring
ETH::cofi,ETH,Ethiopia,2019,cofi,COFI,,0,0,nominal_usd,investment
ETH::cgef,ETH,Ethiopia,2019,cgef,CGEF,,0,0,nominal_usd,loan_commitment
ETH::chapo,ETH,Ethiopia,2019,chapo,CHAPO,83041.084698,1,1,constant_2021_usd,commitment
ETH::aiddata,ETH,Ethiopia,2020,aiddata,AidData,14097151.545093,23,19,constant_2023_usd,commitment
ETH::codf,ETH,Ethiopia,2020,codf,CODF,,0,0,nominal_usd,loan_commitment
ETH::cla,ETH,Ethiopia,2020,cla,CLA,,0,0,nominal_usd,loan_commitment
ETH::cancel,ETH,Ethiopia,2020,cancel,Debt cancellation,,0,0,nominal_usd,debt_cancellation
ETH::restruct,ETH,Ethiopia,2020,restruct,Debt restructuring,,0,0,nominal_usd,debt_restructuring
ETH::cofi,ETH,Ethiopia,2020,cofi,COFI,,0,0,nominal_usd,investment
ETH::cgef,ETH,Ethiopia,2020,cgef,CGEF,,0,0,nominal_usd,loan_commitment
ETH::chapo,ETH,Ethiopia,2020,chapo,CHAPO,4480147.937992,16,14,constant_2021_usd,commitment
ETH::aiddata,ETH,Ethiopia,2021,aiddata,AidData,63906997.444697,12,9,constant_2023_usd,commitment
ETH::codf,ETH,Ethiopia,2021,codf,CODF,,0,0,nominal_usd,loan_commitment
ETH::cla,ETH,Ethiopia,2021,cla,CLA,,0,0,nominal_usd,loan_commitment
ETH::cancel,ETH,Ethiopia,2021,cancel,Debt cancellation,,0,0,nominal_usd,debt_cancellation
ETH::restruct,ETH,Ethiopia,2021,restruct,Debt restructuring,,0,0,nominal_usd,debt_restructuring
ETH::cofi,ETH,Ethiopia,2021,cofi,COFI,,0,0,nominal_usd,investment
ETH::cgef,ETH,Ethiopia,2021,cgef,CGEF,,0,0,nominal_usd,loan_commitment
ETH::chapo,ETH,Ethiopia,2021,chapo,CHAPO,67302799.990974,9,8,constant_2021_usd,commitment
ETH::aiddata,ETH,Ethiopia,2022,aiddata,AidData,76200361.983574,9,5,constant_2023_usd,commitment
ETH::codf,ETH,Ethiopia,2022,codf,CODF,,0,0,nominal_usd,loan_commitment
ETH::cla,ETH,Ethiopia,2022,cla,CLA,,0,0,nominal_usd,loan_commitment
ETH::cancel,ETH,Ethiopia,2022,cancel,Debt cancellation,,0,0,nominal_usd,debt_cancellation
ETH::restruct,ETH,Ethiopia,2022,restruct,Debt restructuring,,0,0,nominal_usd,debt_restructuring
ETH::cofi,ETH,Ethiopia,2022,cofi,COFI,,0,0,nominal_usd,investment
ETH::cgef,ETH,Ethiopia,2022,cgef,CGEF,,0,0,nominal_usd,loan_commitment
ETH::chapo,ETH,Ethiopia,2022,chapo,CHAPO,,0,0,constant_2021_usd,commitment
ETH::aiddata,ETH,Ethiopia,2023,aiddata,AidData,24831219.967334,10,2,constant_2023_usd,commitment
ETH::codf,ETH,Ethiopia,2023,codf,CODF,,0,0,nominal_usd,loan_commitment
ETH::cla,ETH,Ethiopia,2023,cla,CLA,,0,0,nominal_usd,loan_commitment
ETH::cancel,ETH,Ethiopia,2023,cancel,Debt cancellation,,0,0,nominal_usd,debt_cancellation
ETH::restruct,ETH,Ethiopia,2023,restruct,Debt restructuring,,0,0,nominal_usd,debt_restructuring
ETH::cofi,ETH,Ethiopia,2023,cofi,COFI,,0,0,nominal_usd,investment
ETH::cgef,ETH,Ethiopia,2023,cgef,CGEF,,0,0,nominal_usd,loan_commitment
ETH::chapo,ETH,Ethiopia,2023,chapo,CHAPO,,0,0,constant_2021_usd,commitment
ETH::aiddata,ETH,Ethiopia,2024,aiddata,AidData,,0,0,constant_2023_usd,commitment
ETH::codf,ETH,Ethiopia,2024,codf,CODF,,0,0,nominal_usd,loan_commitment
ETH::cla,ETH,Ethiopia,2024,cla,CLA,,0,0,nominal_usd,loan_commitment
ETH::cancel,ETH,Ethiopia,2024,cancel,Debt cancellation,,0,0,nominal_usd,debt_cancellation
ETH::restruct,ETH,Ethiopia,2024,restruct,Debt restructuring,,0,0,nominal_usd,debt_restructuring
ETH::cofi,ETH,Ethiopia,2024,cofi,COFI,,0,0,nominal_usd,investment
ETH::cgef,ETH,Ethiopia,2024,cgef,CGEF,,0,0,nominal_usd,loan_commitment
ETH::chapo,ETH,Ethiopia,2024,chapo,CHAPO,,0,0,constant_2021_usd,commitment
GAB::aiddata,GAB,Gabon,2000,aiddata,AidData,14316915.687444,1,1,constant_2023_usd,commitment
GAB::codf,GAB,Gabon,2000,codf,CODF,,0,0,nominal_usd,loan_commitment
GAB::cla,GAB,Gabon,2000,cla,CLA,6040000.0,1,1,nominal_usd,loan_commitment
GAB::cancel,GAB,Gabon,2000,cancel,Debt cancellation,,0,0,nominal_usd,debt_cancellation
GAB::restruct,GAB,Gabon,2000,restruct,Debt restructuring,,0,0,nominal_usd,debt_restructuring
GAB::cofi,GAB,Gabon,2000,cofi,COFI,,0,0,nominal_usd,investment
GAB::cgef,GAB,Gabon,2000,cgef,CGEF,,0,0,nominal_usd,loan_commitment
GAB::chapo,GAB,Gabon,2000,chapo,CHAPO,,0,0,constant_2021_usd,commitment
GAB::aiddata,GAB,Gabon,2001,aiddata,AidData,18238636.323621,4,2,constant_2023_usd,commitment
GAB::codf,GAB,Gabon,2001,codf,CODF,,0,0,nominal_usd,loan_commitment
GAB::cla,GAB,Gabon,2001,cla,CLA,7250000.0,1,1,nominal_usd,loan_commitment
GAB::cancel,GAB,Gabon,2001,cancel,Debt cancellation,,0,0,nominal_usd,debt_cancellation
GAB::restruct,GAB,Gabon,2001,restruct,Debt restructuring,,0,0,nominal_usd,debt_restructuring
GAB::cofi,GAB,Gabon,2001,cofi,COFI,,0,0,nominal_usd,investment
GAB::cgef,GAB,Gabon,2001,cgef,CGEF,,0,0,nominal_usd,loan_commitment
GAB::chapo,GAB,Gabon,2001,chapo,CHAPO,,1,0,constant_2021_usd,commitment
GAB::aiddata,GAB,Gabon,2002,aiddata,AidData,780962.183588,1,1,constant_2023_usd,commitment
GAB::codf,GAB,Gabon,2002,codf,CODF,,0,0,nominal_usd,loan_commitment
GAB::cla,GAB,Gabon,2002,cla,CLA,,0,0,nominal_usd,loan_commitment
GAB::cancel,GAB,Gabon,2002,cancel,Debt cancellation,,0,0,nominal_usd,debt_cancellation
GAB::restruct,GAB,Gabon,2002,restruct,Debt restructuring,,0,0,nominal_usd,debt_restructuring
GAB::cofi,GAB,Gabon,2002,cofi,COFI,,0,0,nominal_usd,investment
GAB::cgef,GAB,Gabon,2002,cgef,CGEF,,0,0,nominal_usd,loan_commitment
GAB::chapo,GAB,Gabon,2002,chapo,CHAPO,,0,0,constant_2021_usd,commitment
GAB::aiddata,GAB,Gabon,2003,aiddata,AidData,,2,0,constant_2023_usd,commitment
GAB::codf,GAB,Gabon,2003,codf,CODF,,0,0,nominal_usd,loan_commitment
GAB::cla,GAB,Gabon,2003,cla,CLA,4830000.0,1,1,nominal_usd,loan_commitment
GAB::cancel,GAB,Gabon,2003,cancel,Debt cancellation,,0,0,nominal_usd,debt_cancellation
GAB::restruct,GAB,Gabon,2003,restruct,Debt restructuring,,0,0,nominal_usd,debt_restructuring
GAB::cofi,GAB,Gabon,2003,cofi,COFI,,0,0,nominal_usd,investment
GAB::cgef,GAB,Gabon,2003,cgef,CGEF,,0,0,nominal_usd,loan_commitment
GAB::chapo,GAB,Gabon,2003,chapo,CHAPO,,1,0,constant_2021_usd,commitment
GAB::aiddata,GAB,Gabon,2004,aiddata,AidData,,1,0,constant_2023_usd,commitment
GAB::codf,GAB,Gabon,2004,codf,CODF,,0,0,nominal_usd,loan_commitment
GAB::cla,GAB,Gabon,2004,cla,CLA,10870000.0,2,2,nominal_usd,loan_commitment
GAB::cancel,GAB,Gabon,2004,cancel,Debt cancellation,,0,0,nominal_usd,debt_cancellation
GAB::restruct,GAB,Gabon,2004,restruct,Debt restructuring,,0,0,nominal_usd,debt_restructuring
GAB::cofi,GAB,Gabon,2004,cofi,COFI,,0,0,nominal_usd,investment
GAB::cgef,GAB,Gabon,2004,cgef,CGEF,,0,0,nominal_usd,loan_commitment
GAB::chapo,GAB,Gabon,2004,chapo,CHAPO,,0,0,constant_2021_usd,commitment
GAB::aiddata,GAB,Gabon,2005,aiddata,AidData,733858.484793,2,1,constant_2023_usd,commitment
GAB::codf,GAB,Gabon,2005,codf,CODF,,0,0,nominal_usd,loan_commitment
GAB::cla,GAB,Gabon,2005,cla,CLA,2750000.0,1,1,nominal_usd,loan_commitment
GAB::cancel,GAB,Gabon,2005,cancel,Debt cancellation,,0,0,nominal_usd,debt_cancellation
GAB::restruct,GAB,Gabon,2005,restruct,Debt restructuring,,0,0,nominal_usd,debt_restructuring
GAB::cofi,GAB,Gabon,2005,cofi,COFI,,0,0,nominal_usd,investment
GAB::cgef,GAB,Gabon,2005,cgef,CGEF,,0,0,nominal_usd,loan_commitment
GAB::chapo,GAB,Gabon,2005,chapo,CHAPO,794601.560207,2,1,constant_2021_usd,commitment
GAB::aiddata,GAB,Gabon,2006,aiddata,AidData,11768864.236674,1,1,constant_2023_usd,commitment
GAB::codf,GAB,Gabon,2006,codf,CODF,,0,0,nominal_usd,loan_commitment
GAB::cla,GAB,Gabon,2006,cla,CLA,6280000.0,1,1,nominal_usd,loan_commitment
GAB::cancel,GAB,Gabon,2006,cancel,Debt cancellation,,0,0,nominal_usd,debt_cancellation
GAB::restruct,GAB,Gabon,2006,restruct,Debt restructuring,,0,0,nominal_usd,debt_restructuring
GAB::cofi,GAB,Gabon,2006,cofi,COFI,,0,0,nominal_usd,investment
GAB::cgef,GAB,Gabon,2006,cgef,CGEF,,0,0,nominal_usd,loan_commitment
GAB::chapo,GAB,Gabon,2006,chapo,CHAPO,,0,0,constant_2021_usd,commitment
GAB::aiddata,GAB,Gabon,2007,aiddata,AidData,6620729.270708,7,2,constant_2023_usd,commitment
GAB::codf,GAB,Gabon,2007,codf,CODF,,0,0,nominal_usd,loan_commitment
GAB::cla,GAB,Gabon,2007,cla,CLA,3940000.0,1,1,nominal_usd,loan_commitment
GAB::cancel,GAB,Gabon,2007,cancel,Debt cancellation,,0,0,nominal_usd,debt_cancellation
GAB::restruct,GAB,Gabon,2007,restruct,Debt restructuring,,0,0,nominal_usd,debt_restructuring
GAB::cofi,GAB,Gabon,2007,cofi,COFI,,0,0,nominal_usd,investment
GAB::cgef,GAB,Gabon,2007,cgef,CGEF,,0,0,nominal_usd,loan_commitment
GAB::chapo,GAB,Gabon,2007,chapo,CHAPO,,2,0,constant_2021_usd,commitment
GAB::aiddata,GAB,Gabon,2008,aiddata,AidData,527204578.589086,5,3,constant_2023_usd,commitment
GAB::codf,GAB,Gabon,2008,codf,CODF,370000000.0,2,2,nominal_usd,loan_commitment
GAB::cla,GAB,Gabon,2008,cla,CLA,378630000.0,3,3,nominal_usd,loan_commitment
GAB::cancel,GAB,Gabon,2008,cancel,Debt cancellation,,0,0,nominal_usd,debt_cancellation
GAB::restruct,GAB,Gabon,2008,restruct,Debt restructuring,,0,0,nominal_usd,debt_restructuring
GAB::cofi,GAB,Gabon,2008,cofi,COFI,336000000.0,1,1,nominal_usd,investment
GAB::cgef,GAB,Gabon,2008,cgef,CGEF,370000000.0,2,2,nominal_usd,loan_commitment
GAB::chapo,GAB,Gabon,2008,chapo,CHAPO,,2,0,constant_2021_usd,commitment
GAB::aiddata,GAB,Gabon,2009,aiddata,AidData,394703144.740335,4,3,constant_2023_usd,commitment
GAB::codf,GAB,Gabon,2009,codf,CODF,,0,0,nominal_usd,loan_commitment
GAB::cla,GAB,Gabon,2009,cla,CLA,7320000.0,1,1,nominal_usd,loan_commitment
GAB::cancel,GAB,Gabon,2009,cancel,Debt cancellation,,0,0,nominal_usd,debt_cancellation
GAB::restruct,GAB,Gabon,2009,restruct,Debt restructuring,,0,0,nominal_usd,debt_restructuring
GAB::cofi,GAB,Gabon,2009,cofi,COFI,,0,0,nominal_usd,investment
GAB::cgef,GAB,Gabon,2009,cgef,CGEF,,0,0,nominal_usd,loan_commitment
GAB::chapo,GAB,Gabon,2009,chapo,CHAPO,,0,0,constant_2021_usd,commitment
GAB::aiddata,GAB,Gabon,2010,aiddata,AidData,159111774.117651,8,5,constant_2023_usd,commitment
GAB::codf,GAB,Gabon,2010,codf,CODF,,0,0,nominal_usd,loan_commitment
GAB::cla,GAB,Gabon,2010,cla,CLA,33980000.0,3,3,nominal_usd,loan_commitment
GAB::cancel,GAB,Gabon,2010,cancel,Debt cancellation,,0,0,nominal_usd,debt_cancellation
GAB::restruct,GAB,Gabon,2010,restruct,Debt restructuring,,0,0,nominal_usd,debt_restructuring
GAB::cofi,GAB,Gabon,2010,cofi,COFI,,0,0,nominal_usd,investment
GAB::cgef,GAB,Gabon,2010,cgef,CGEF,,0,0,nominal_usd,loan_commitment
GAB::chapo,GAB,Gabon,2010,chapo,CHAPO,2057480.169465,3,1,constant_2021_usd,commitment
GAB::aiddata,GAB,Gabon,2011,aiddata,AidData,158525625.110883,3,2,constant_2023_usd,commitment
GAB::codf,GAB,Gabon,2011,codf,CODF,131580000.0,1,1,nominal_usd,loan_commitment
GAB::cla,GAB,Gabon,2011,cla,CLA,146280000.0,2,2,nominal_usd,loan_commitment
GAB::cancel,GAB,Gabon,2011,cancel,Debt cancellation,,0,0,nominal_usd,debt_cancellation
GAB::restruct,GAB,Gabon,2011,restruct,Debt restructuring,,0,0,nominal_usd,debt_restructuring
GAB::cofi,GAB,Gabon,2011,cofi,COFI,,0,0,nominal_usd,investment
GAB::cgef,GAB,Gabon,2011,cgef,CGEF,131580000.0,1,1,nominal_usd,loan_commitment
GAB::chapo,GAB,Gabon,2011,chapo,CHAPO,,1,0,constant_2021_usd,commitment
GAB::aiddata,GAB,Gabon,2012,aiddata,AidData,,0,0,constant_2023_usd,commitment
GAB::codf,GAB,Gabon,2012,codf,CODF,,0,0,nominal_usd,loan_commitment
GAB::cla,GAB,Gabon,2012,cla,CLA,,0,0,nominal_usd,loan_commitment
GAB::cancel,GAB,Gabon,2012,cancel,Debt cancellation,,0,0,nominal_usd,debt_cancellation
GAB::restruct,GAB,Gabon,2012,restruct,Debt restructuring,,0,0,nominal_usd,debt_restructuring
GAB::cofi,GAB,Gabon,2012,cofi,COFI,,0,0,nominal_usd,investment
GAB::cgef,GAB,Gabon,2012,cgef,CGEF,,0,0,nominal_usd,loan_commitment
GAB::chapo,GAB,Gabon,2012,chapo,CHAPO,,0,0,constant_2021_usd,commitment
GAB::aiddata,GAB,Gabon,2013,aiddata,AidData,658446642.714536,3,3,constant_2023_usd,commitment
GAB::codf,GAB,Gabon,2013,codf,CODF,645730000.0,2,2,nominal_usd,loan_commitment
GAB::cla,GAB,Gabon,2013,cla,CLA,639450000.0,2,2,nominal_usd,loan_commitment
GAB::cancel,GAB,Gabon,2013,cancel,Debt cancellation,,0,0,nominal_usd,debt_cancellation
GAB::restruct,GAB,Gabon,2013,restruct,Debt restructuring,,0,0,nominal_usd,debt_restructuring
GAB::cofi,GAB,Gabon,2013,cofi,COFI,,0,0,nominal_usd,investment
GAB::cgef,GAB,Gabon,2013,cgef,CGEF,,0,0,nominal_usd,loan_commitment
GAB::chapo,GAB,Gabon,2013,chapo,CHAPO,,0,0,constant_2021_usd,commitment
GAB::aiddata,GAB,Gabon,2014,aiddata,AidData,,2,0,constant_2023_usd,commitment
GAB::codf,GAB,Gabon,2014,codf,CODF,,0,0,nominal_usd,loan_commitment
GAB::cla,GAB,Gabon,2014,cla,CLA,118580000.0,1,1,nominal_usd,loan_commitment
GAB::cancel,GAB,Gabon,2014,cancel,Debt cancellation,,0,0,nominal_usd,debt_cancellation
GAB::restruct,GAB,Gabon,2014,restruct,Debt restructuring,,0,0,nominal_usd,debt_restructuring
GAB::cofi,GAB,Gabon,2014,cofi,COFI,,0,0,nominal_usd,investment
GAB::cgef,GAB,Gabon,2014,cgef,CGEF,,0,0,nominal_usd,loan_commitment
GAB::chapo,GAB,Gabon,2014,chapo,CHAPO,,2,0,constant_2021_usd,commitment
GAB::aiddata,GAB,Gabon,2015,aiddata,AidData,373649842.643847,7,5,constant_2023_usd,commitment
GAB::codf,GAB,Gabon,2015,codf,CODF,100790000.0,1,1,nominal_usd,loan_commitment
GAB::cla,GAB,Gabon,2015,cla,CLA,284400000.0,4,4,nominal_usd,loan_commitment
GAB::cancel,GAB,Gabon,2015,cancel,Debt cancellation,,0,0,nominal_usd,debt_cancellation
GAB::restruct,GAB,Gabon,2015,restruct,Debt restructuring,,0,0,nominal_usd,debt_restructuring
GAB::cofi,GAB,Gabon,2015,cofi,COFI,,0,0,nominal_usd,investment
GAB::cgef,GAB,Gabon,2015,cgef,CGEF,,0,0,nominal_usd,loan_commitment
GAB::chapo,GAB,Gabon,2015,chapo,CHAPO,,1,0,constant_2021_usd,commitment
GAB::aiddata,GAB,Gabon,2016,aiddata,AidData,103270486.879598,5,3,constant_2023_usd,commitment
GAB::codf,GAB,Gabon,2016,codf,CODF,102850000.0,1,1,nominal_usd,loan_commitment
GAB::cla,GAB,Gabon,2016,cla,CLA,102850000.0,1,1,nominal_usd,loan_commitment
GAB::cancel,GAB,Gabon,2016,cancel,Debt cancellation,,0,0,nominal_usd,debt_cancellation
GAB::restruct,GAB,Gabon,2016,restruct,Debt restructuring,,0,0,nominal_usd,debt_restructuring
GAB::cofi,GAB,Gabon,2016,cofi,COFI,,0,0,nominal_usd,investment
GAB::cgef,GAB,Gabon,2016,cgef,CGEF,,0,0,nominal_usd,loan_commitment
GAB::chapo,GAB,Gabon,2016,chapo,CHAPO,,2,0,constant_2021_usd,commitment
GAB::aiddata,GAB,Gabon,2017,aiddata,AidData,,6,0,constant_2023_usd,commitment
GAB::codf,GAB,Gabon,2017,codf,CODF,,0,0,nominal_usd,loan_commitment
GAB::cla,GAB,Gabon,2017,cla,CLA,,0,0,nominal_usd,loan_commitment
GAB::cancel,GAB,Gabon,2017,cancel,Debt cancellation,,0,0,nominal_usd,debt_cancellation
GAB::restruct,GAB,Gabon,2017,restruct,Debt restructuring,,0,0,nominal_usd,debt_restructuring
GAB::cofi,GAB,Gabon,2017,cofi,COFI,,0,0,nominal_usd,investment
GAB::cgef,GAB,Gabon,2017,cgef,CGEF,,0,0,nominal_usd,loan_commitment
GAB::chapo,GAB,Gabon,2017,chapo,CHAPO,,2,0,constant_2021_usd,commitment
GAB::aiddata,GAB,Gabon,2018,aiddata,AidData,58667312.117925,10,2,constant_2023_usd,commitment
GAB::codf,GAB,Gabon,2018,codf,CODF,,0,0,nominal_usd,loan_commitment
GAB::cla,GAB,Gabon,2018,cla,CLA,55590000.0,3,3,nominal_usd,loan_commitment
GAB::cancel,GAB,Gabon,2018,cancel,Debt cancellation,,0,0,nominal_usd,debt_cancellation
GAB::restruct,GAB,Gabon,2018,restruct,Debt restructuring,,0,0,nominal_usd,debt_restructuring
GAB::cofi,GAB,Gabon,2018,cofi,COFI,3110000.0,2,1,nominal_usd,investment
GAB::cgef,GAB,Gabon,2018,cgef,CGEF,3110000.0,1,1,nominal_usd,loan_commitment
GAB::chapo,GAB,Gabon,2018,chapo,CHAPO,24717432.407482,3,1,constant_2021_usd,commitment
GAB::aiddata,GAB,Gabon,2019,aiddata,AidData,37398063.330309,2,1,constant_2023_usd,commitment
GAB::codf,GAB,Gabon,2019,codf,CODF,137810000.0,1,1,nominal_usd,loan_commitment
GAB::cla,GAB,Gabon,2019,cla,CLA,137280000.0,1,1,nominal_usd,loan_commitment
GAB::cancel,GAB,Gabon,2019,cancel,Debt cancellation,,0,0,nominal_usd,debt_cancellation
GAB::restruct,GAB,Gabon,2019,restruct,Debt restructuring,,0,0,nominal_usd,debt_restructuring
GAB::cofi,GAB,Gabon,2019,cofi,COFI,,0,0,nominal_usd,investment
GAB::cgef,GAB,Gabon,2019,cgef,CGEF,,0,0,nominal_usd,loan_commitment
GAB::chapo,GAB,Gabon,2019,chapo,CHAPO,,1,0,constant_2021_usd,commitment
GAB::aiddata,GAB,Gabon,2020,aiddata,AidData,52637005.477924,7,2,constant_2023_usd,commitment
GAB::codf,GAB,Gabon,2020,codf,CODF,,0,0,nominal_usd,loan_commitment
GAB::cla,GAB,Gabon,2020,cla,CLA,,0,0,nominal_usd,loan_commitment
GAB::cancel,GAB,Gabon,2020,cancel,Debt cancellation,,0,0,nominal_usd,debt_cancellation
GAB::restruct,GAB,Gabon,2020,restruct,Debt restructuring,,0,0,nominal_usd,debt_restructuring
GAB::cofi,GAB,Gabon,2020,cofi,COFI,,0,0,nominal_usd,investment
GAB::cgef,GAB,Gabon,2020,cgef,CGEF,,0,0,nominal_usd,loan_commitment
GAB::chapo,GAB,Gabon,2020,chapo,CHAPO,72147.670354,6,1,constant_2021_usd,commitment
GAB::aiddata,GAB,Gabon,2021,aiddata,AidData,24127564.718633,5,5,constant_2023_usd,commitment
GAB::codf,GAB,Gabon,2021,codf,CODF,,0,0,nominal_usd,loan_commitment
GAB::cla,GAB,Gabon,2021,cla,CLA,,0,0,nominal_usd,loan_commitment
GAB::cancel,GAB,Gabon,2021,cancel,Debt cancellation,,0,0,nominal_usd,debt_cancellation
GAB::restruct,GAB,Gabon,2021,restruct,Debt restructuring,,0,0,nominal_usd,debt_restructuring
GAB::cofi,GAB,Gabon,2021,cofi,COFI,,0,0,nominal_usd,investment
GAB::cgef,GAB,Gabon,2021,cgef,CGEF,,0,0,nominal_usd,loan_commitment
GAB::chapo,GAB,Gabon,2021,chapo,CHAPO,14400000.0,4,4,constant_2021_usd,commitment
GAB::aiddata,GAB,Gabon,2022,aiddata,AidData,,3,0,constant_2023_usd,commitment
GAB::codf,GAB,Gabon,2022,codf,CODF,,0,0,nominal_usd,loan_commitment
GAB::cla,GAB,Gabon,2022,cla,CLA,,0,0,nominal_usd,loan_commitment
GAB::cancel,GAB,Gabon,2022,cancel,Debt cancellation,,0,0,nominal_usd,debt_cancellation
GAB::restruct,GAB,Gabon,2022,restruct,Debt restructuring,,0,0,nominal_usd,debt_restructuring
GAB::cofi,GAB,Gabon,2022,cofi,COFI,,0,0,nominal_usd,investment
GAB::cgef,GAB,Gabon,2022,cgef,CGEF,,0,0,nominal_usd,loan_commitment
GAB::chapo,GAB,Gabon,2022,chapo,CHAPO,,0,0,constant_2021_usd,commitment
GAB::aiddata,GAB,Gabon,2023,aiddata,AidData,14000000.0,9,1,constant_2023_usd,commitment
GAB::codf,GAB,Gabon,2023,codf,CODF,,0,0,nominal_usd,loan_commitment
GAB::cla,GAB,Gabon,2023,cla,CLA,,0,0,nominal_usd,loan_commitment
GAB::cancel,GAB,Gabon,2023,cancel,Debt cancellation,,0,0,nominal_usd,debt_cancellation
GAB::restruct,GAB,Gabon,2023,restruct,Debt restructuring,,0,0,nominal_usd,debt_restructuring
GAB::cofi,GAB,Gabon,2023,cofi,COFI,,0,0,nominal_usd,investment
GAB::cgef,GAB,Gabon,2023,cgef,CGEF,,0,0,nominal_usd,loan_commitment
GAB::chapo,GAB,Gabon,2023,chapo,CHAPO,,0,0,constant_2021_usd,commitment
GAB::aiddata,GAB,Gabon,2024,aiddata,AidData,,0,0,constant_2023_usd,commitment
GAB::codf,GAB,Gabon,2024,codf,CODF,,0,0,nominal_usd,loan_commitment
GAB::cla,GAB,Gabon,2024,cla,CLA,,0,0,nominal_usd,loan_commitment
GAB::cancel,GAB,Gabon,2024,cancel,Debt cancellation,,0,0,nominal_usd,debt_cancellation
GAB::restruct,GAB,Gabon,2024,restruct,Debt restructuring,,0,0,nominal_usd,debt_restructuring
GAB::cofi,GAB,Gabon,2024,cofi,COFI,,0,0,nominal_usd,investment
GAB::cgef,GAB,Gabon,2024,cgef,CGEF,,0,0,nominal_usd,loan_commitment
GAB::chapo,GAB,Gabon,2024,chapo,CHAPO,,0,0,constant_2021_usd,commitment
GHA::aiddata,GHA,Ghana,2000,aiddata,AidData,85736267.915499,4,4,constant_2023_usd,commitment
GHA::codf,GHA,Ghana,2000,codf,CODF,,0,0,nominal_usd,loan_commitment
GHA::cla,GHA,Ghana,2000,cla,CLA,25970000.0,2,2,nominal_usd,loan_commitment
GHA::cancel,GHA,Ghana,2000,cancel,Debt cancellation,,0,0,nominal_usd,debt_cancellation
GHA::restruct,GHA,Ghana,2000,restruct,Debt restructuring,,0,0,nominal_usd,debt_restructuring
GHA::cofi,GHA,Ghana,2000,cofi,COFI,,0,0,nominal_usd,investment
GHA::cgef,GHA,Ghana,2000,cgef,CGEF,,0,0,nominal_usd,loan_commitment
GHA::chapo,GHA,Ghana,2000,chapo,CHAPO,20531653.830362,1,1,constant_2021_usd,commitment
GHA::aiddata,GHA,Ghana,2001,aiddata,AidData,,1,0,constant_2023_usd,commitment
GHA::codf,GHA,Ghana,2001,codf,CODF,,0,0,nominal_usd,loan_commitment
GHA::cla,GHA,Ghana,2001,cla,CLA,,0,0,nominal_usd,loan_commitment
GHA::cancel,GHA,Ghana,2001,cancel,Debt cancellation,,0,0,nominal_usd,debt_cancellation
GHA::restruct,GHA,Ghana,2001,restruct,Debt restructuring,,0,0,nominal_usd,debt_restructuring
GHA::cofi,GHA,Ghana,2001,cofi,COFI,,0,0,nominal_usd,investment
GHA::cgef,GHA,Ghana,2001,cgef,CGEF,,0,0,nominal_usd,loan_commitment
GHA::chapo,GHA,Ghana,2001,chapo,CHAPO,,0,0,constant_2021_usd,commitment
GHA::aiddata,GHA,Ghana,2002,aiddata,AidData,129742493.523845,3,3,constant_2023_usd,commitment
GHA::codf,GHA,Ghana,2002,codf,CODF,,0,0,nominal_usd,loan_commitment
GHA::cla,GHA,Ghana,2002,cla,CLA,,0,0,nominal_usd,loan_commitment
GHA::cancel,GHA,Ghana,2002,cancel,Debt cancellation,53500000.0,1,1,nominal_usd,debt_cancellation
GHA::restruct,GHA,Ghana,2002,restruct,Debt restructuring,,0,0,nominal_usd,debt_restructuring
GHA::cofi,GHA,Ghana,2002,cofi,COFI,,0,0,nominal_usd,investment
GHA::cgef,GHA,Ghana,2002,cgef,CGEF,,0,0,nominal_usd,loan_commitment
GHA::chapo,GHA,Ghana,2002,chapo,CHAPO,,0,0,constant_2021_usd,commitment
GHA::aiddata,GHA,Ghana,2003,aiddata,AidData,96954628.287871,4,3,constant_2023_usd,commitment
GHA::codf,GHA,Ghana,2003,codf,CODF,,0,0,nominal_usd,loan_commitment
GHA::cla,GHA,Ghana,2003,cla,CLA,44220000.0,3,3,nominal_usd,loan_commitment
GHA::cancel,GHA,Ghana,2003,cancel,Debt cancellation,,0,0,nominal_usd,debt_cancellation
GHA::restruct,GHA,Ghana,2003,restruct,Debt restructuring,,0,0,nominal_usd,debt_restructuring
GHA::cofi,GHA,Ghana,2003,cofi,COFI,,0,0,nominal_usd,investment
GHA::cgef,GHA,Ghana,2003,cgef,CGEF,,0,0,nominal_usd,loan_commitment
GHA::chapo,GHA,Ghana,2003,chapo,CHAPO,,0,0,constant_2021_usd,commitment
GHA::aiddata,GHA,Ghana,2004,aiddata,AidData,145157.804629,4,2,constant_2023_usd,commitment
GHA::codf,GHA,Ghana,2004,codf,CODF,,0,0,nominal_usd,loan_commitment
GHA::cla,GHA,Ghana,2004,cla,CLA,,0,0,nominal_usd,loan_commitment
GHA::cancel,GHA,Ghana,2004,cancel,Debt cancellation,,0,0,nominal_usd,debt_cancellation
GHA::restruct,GHA,Ghana,2004,restruct,Debt restructuring,,0,0,nominal_usd,debt_restructuring
GHA::cofi,GHA,Ghana,2004,cofi,COFI,,0,0,nominal_usd,investment
GHA::cgef,GHA,Ghana,2004,cgef,CGEF,,0,0,nominal_usd,loan_commitment
GHA::chapo,GHA,Ghana,2004,chapo,CHAPO,,0,0,constant_2021_usd,commitment
GHA::aiddata,GHA,Ghana,2005,aiddata,AidData,2808112.642969,2,2,constant_2023_usd,commitment
GHA::codf,GHA,Ghana,2005,codf,CODF,,0,0,nominal_usd,loan_commitment
GHA::cla,GHA,Ghana,2005,cla,CLA,,0,0,nominal_usd,loan_commitment
GHA::cancel,GHA,Ghana,2005,cancel,Debt cancellation,,0,0,nominal_usd,debt_cancellation
GHA::restruct,GHA,Ghana,2005,restruct,Debt restructuring,,0,0,nominal_usd,debt_restructuring
GHA::cofi,GHA,Ghana,2005,cofi,COFI,,0,0,nominal_usd,investment
GHA::cgef,GHA,Ghana,2005,cgef,CGEF,,0,0,nominal_usd,loan_commitment
GHA::chapo,GHA,Ghana,2005,chapo,CHAPO,,0,0,constant_2021_usd,commitment
GHA::aiddata,GHA,Ghana,2006,aiddata,AidData,208764040.879962,7,3,constant_2023_usd,commitment
GHA::codf,GHA,Ghana,2006,codf,CODF,,0,0,nominal_usd,loan_commitment
GHA::cla,GHA,Ghana,2006,cla,CLA,111000000.0,2,2,nominal_usd,loan_commitment
GHA::cancel,GHA,Ghana,2006,cancel,Debt cancellation,83000000.0,1,1,nominal_usd,debt_cancellation
GHA::restruct,GHA,Ghana,2006,restruct,Debt restructuring,,0,0,nominal_usd,debt_restructuring
GHA::cofi,GHA,Ghana,2006,cofi,COFI,,0,0,nominal_usd,investment
GHA::cgef,GHA,Ghana,2006,cgef,CGEF,,0,0,nominal_usd,loan_commitment
GHA::chapo,GHA,Ghana,2006,chapo,CHAPO,509747.462563,3,1,constant_2021_usd,commitment
GHA::aiddata,GHA,Ghana,2007,aiddata,AidData,587765264.486838,6,5,constant_2023_usd,commitment
GHA::codf,GHA,Ghana,2007,codf,CODF,,0,0,nominal_usd,loan_commitment
GHA::cla,GHA,Ghana,2007,cla,CLA,330100000.0,4,4,nominal_usd,loan_commitment
GHA::cancel,GHA,Ghana,2007,cancel,Debt cancellation,24000000.0,1,1,nominal_usd,debt_cancellation
GHA::restruct,GHA,Ghana,2007,restruct,Debt restructuring,,0,0,nominal_usd,debt_restructuring
GHA::cofi,GHA,Ghana,2007,cofi,COFI,598000000.0,1,1,nominal_usd,investment
GHA::cgef,GHA,Ghana,2007,cgef,CGEF,598000000.0,2,2,nominal_usd,loan_commitment
GHA::chapo,GHA,Ghana,2007,chapo,CHAPO,424626.394361,2,1,constant_2021_usd,commitment
GHA::aiddata,GHA,Ghana,2008,aiddata,AidData,1313461555.866112,8,5,constant_2023_usd,commitment
GHA::codf,GHA,Ghana,2008,codf,CODF,,0,0,nominal_usd,loan_commitment
GHA::cla,GHA,Ghana,2008,cla,CLA,510400000.0,5,5,nominal_usd,loan_commitment
GHA::cancel,GHA,Ghana,2008,cancel,Debt cancellation,,0,0,nominal_usd,debt_cancellation
GHA::restruct,GHA,Ghana,2008,restruct,Debt restructuring,,0,0,nominal_usd,debt_restructuring
GHA::cofi,GHA,Ghana,2008,cofi,COFI,200000000.0,1,1,nominal_usd,investment
GHA::cgef,GHA,Ghana,2008,cgef,CGEF,,0,0,nominal_usd,loan_commitment
GHA::chapo,GHA,Ghana,2008,chapo,CHAPO,381146.480487,1,1,constant_2021_usd,commitment
GHA::aiddata,GHA,Ghana,2009,aiddata,AidData,111671133.908071,6,5,constant_2023_usd,commitment
GHA::codf,GHA,Ghana,2009,codf,CODF,30000000.0,1,1,nominal_usd,loan_commitment
GHA::cla,GHA,Ghana,2009,cla,CLA,35800000.0,2,2,nominal_usd,loan_commitment
GHA::cancel,GHA,Ghana,2009,cancel,Debt cancellation,,0,0,nominal_usd,debt_cancellation
GHA::restruct,GHA,Ghana,2009,restruct,Debt restructuring,,0,0,nominal_usd,debt_restructuring
GHA::cofi,GHA,Ghana,2009,cofi,COFI,,0,0,nominal_usd,investment
GHA::cgef,GHA,Ghana,2009,cgef,CGEF,,0,0,nominal_usd,loan_commitment
GHA::chapo,GHA,Ghana,2009,chapo,CHAPO,11606031.643019,3,2,constant_2021_usd,commitment
GHA::aiddata,GHA,Ghana,2010,aiddata,AidData,503801874.697874,7,4,constant_2023_usd,commitment
GHA::codf,GHA,Ghana,2010,codf,CODF,260000000.0,1,1,nominal_usd,loan_commitment
GHA::cla,GHA,Ghana,2010,cla,CLA,421500000.0,3,3,nominal_usd,loan_commitment
GHA::cancel,GHA,Ghana,2010,cancel,Debt cancellation,,0,0,nominal_usd,debt_cancellation
GHA::restruct,GHA,Ghana,2010,restruct,Debt restructuring,,0,0,nominal_usd,debt_restructuring
GHA::cofi,GHA,Ghana,2010,cofi,COFI,,0,0,nominal_usd,investment
GHA::cgef,GHA,Ghana,2010,cgef,CGEF,,0,0,nominal_usd,loan_commitment
GHA::chapo,GHA,Ghana,2010,chapo,CHAPO,,2,0,constant_2021_usd,commitment
GHA::aiddata,GHA,Ghana,2011,aiddata,AidData,273337166.39362,14,10,constant_2023_usd,commitment
GHA::codf,GHA,Ghana,2011,codf,CODF,157500000.0,2,2,nominal_usd,loan_commitment
GHA::cla,GHA,Ghana,2011,cla,CLA,157500000.0,2,2,nominal_usd,loan_commitment
GHA::cancel,GHA,Ghana,2011,cancel,Debt cancellation,,0,0,nominal_usd,debt_cancellation
GHA::restruct,GHA,Ghana,2011,restruct,Debt restructuring,,0,0,nominal_usd,debt_restructuring
GHA::cofi,GHA,Ghana,2011,cofi,COFI,,0,0,nominal_usd,investment
GHA::cgef,GHA,Ghana,2011,cgef,CGEF,,0,0,nominal_usd,loan_commitment
GHA::chapo,GHA,Ghana,2011,chapo,CHAPO,736266.246075,3,2,constant_2021_usd,commitment
GHA::aiddata,GHA,Ghana,2012,aiddata,AidData,1466701089.482502,11,10,constant_2023_usd,commitment
GHA::codf,GHA,Ghana,2012,codf,CODF,1065160000.0,5,5,nominal_usd,loan_commitment
GHA::cla,GHA,Ghana,2012,cla,CLA,1329160000.0,7,7,nominal_usd,loan_commitment
GHA::cancel,GHA,Ghana,2012,cancel,Debt cancellation,,0,0,nominal_usd,debt_cancellation
GHA::restruct,GHA,Ghana,2012,restruct,Debt restructuring,,0,0,nominal_usd,debt_restructuring
GHA::cofi,GHA,Ghana,2012,cofi,COFI,161000000.0,1,1,nominal_usd,investment
GHA::cgef,GHA,Ghana,2012,cgef,CGEF,1001560000.0,3,3,nominal_usd,loan_commitment
GHA::chapo,GHA,Ghana,2012,chapo,CHAPO,352237.067378,1,1,constant_2021_usd,commitment
GHA::aiddata,GHA,Ghana,2013,aiddata,AidData,289894643.824854,8,4,constant_2023_usd,commitment
GHA::codf,GHA,Ghana,2013,codf,CODF,273410000.0,2,2,nominal_usd,loan_commitment
GHA::cla,GHA,Ghana,2013,cla,CLA,274070000.0,3,3,nominal_usd,loan_commitment
GHA::cancel,GHA,Ghana,2013,cancel,Debt cancellation,,0,0,nominal_usd,debt_cancellation
GHA::restruct,GHA,Ghana,2013,restruct,Debt restructuring,,0,0,nominal_usd,debt_restructuring
GHA::cofi,GHA,Ghana,2013,cofi,COFI,,0,0,nominal_usd,investment
GHA::cgef,GHA,Ghana,2013,cgef,CGEF,,0,0,nominal_usd,loan_commitment
GHA::chapo,GHA,Ghana,2013,chapo,CHAPO,73383.902569,2,1,constant_2021_usd,commitment
GHA::aiddata,GHA,Ghana,2014,aiddata,AidData,178405809.297713,8,6,constant_2023_usd,commitment
GHA::codf,GHA,Ghana,2014,codf,CODF,,0,0,nominal_usd,loan_commitment
GHA::cla,GHA,Ghana,2014,cla,CLA,,0,0,nominal_usd,loan_commitment
GHA::cancel,GHA,Ghana,2014,cancel,Debt cancellation,,0,0,nominal_usd,debt_cancellation
GHA::restruct,GHA,Ghana,2014,restruct,Debt restructuring,,0,0,nominal_usd,debt_restructuring
GHA::cofi,GHA,Ghana,2014,cofi,COFI,,0,0,nominal_usd,investment
GHA::cgef,GHA,Ghana,2014,cgef,CGEF,,0,0,nominal_usd,loan_commitment
GHA::chapo,GHA,Ghana,2014,chapo,CHAPO,898396.36829,2,1,constant_2021_usd,commitment
GHA::aiddata,GHA,Ghana,2015,aiddata,AidData,22301985.368278,9,3,constant_2023_usd,commitment
GHA::codf,GHA,Ghana,2015,codf,CODF,,0,0,nominal_usd,loan_commitment
GHA::cla,GHA,Ghana,2015,cla,CLA,,0,0,nominal_usd,loan_commitment
GHA::cancel,GHA,Ghana,2015,cancel,Debt cancellation,,0,0,nominal_usd,debt_cancellation
GHA::restruct,GHA,Ghana,2015,restruct,Debt restructuring,,0,0,nominal_usd,debt_restructuring
GHA::cofi,GHA,Ghana,2015,cofi,COFI,,0,0,nominal_usd,investment
GHA::cgef,GHA,Ghana,2015,cgef,CGEF,,0,0,nominal_usd,loan_commitment
GHA::chapo,GHA,Ghana,2015,chapo,CHAPO,1458958.240453,4,1,constant_2021_usd,commitment
GHA::aiddata,GHA,Ghana,2016,aiddata,AidData,770107113.402206,16,11,constant_2023_usd,commitment
GHA::codf,GHA,Ghana,2016,codf,CODF,,0,0,nominal_usd,loan_commitment
GHA::cla,GHA,Ghana,2016,cla,CLA,173130000.0,2,2,nominal_usd,loan_commitment
GHA::cancel,GHA,Ghana,2016,cancel,Debt cancellation,,0,0,nominal_usd,debt_cancellation
GHA::restruct,GHA,Ghana,2016,restruct,Debt restructuring,,0,0,nominal_usd,debt_restructuring
GHA::cofi,GHA,Ghana,2016,cofi,COFI,,1,0,nominal_usd,investment
GHA::cgef,GHA,Ghana,2016,cgef,CGEF,,0,0,nominal_usd,loan_commitment
GHA::chapo,GHA,Ghana,2016,chapo,CHAPO,141889.232842,2,1,constant_2021_usd,commitment
GHA::aiddata,GHA,Ghana,2017,aiddata,AidData,545499390.187473,15,5,constant_2023_usd,commitment
GHA::codf,GHA,Ghana,2017,codf,CODF,,0,0,nominal_usd,loan_commitment
GHA::cla,GHA,Ghana,2017,cla,CLA,,0,0,nominal_usd,loan_commitment
GHA::cancel,GHA,Ghana,2017,cancel,Debt cancellation,,0,0,nominal_usd,debt_cancellation
GHA::restruct,GHA,Ghana,2017,restruct,Debt restructuring,,0,0,nominal_usd,debt_restructuring
GHA::cofi,GHA,Ghana,2017,cofi,COFI,,0,0,nominal_usd,investment
GHA::cgef,GHA,Ghana,2017,cgef,CGEF,,0,0,nominal_usd,loan_commitment
GHA::chapo,GHA,Ghana,2017,chapo,CHAPO,,1,0,constant_2021_usd,commitment
GHA::aiddata,GHA,Ghana,2018,aiddata,AidData,945742091.133289,34,25,constant_2023_usd,commitment
GHA::codf,GHA,Ghana,2018,codf,CODF,119000000.0,1,1,nominal_usd,loan_commitment
GHA::cla,GHA,Ghana,2018,cla,CLA,1091620000.0,11,11,nominal_usd,loan_commitment
GHA::cancel,GHA,Ghana,2018,cancel,Debt cancellation,,0,0,nominal_usd,debt_cancellation
GHA::restruct,GHA,Ghana,2018,restruct,Debt restructuring,,0,0,nominal_usd,debt_restructuring
GHA::cofi,GHA,Ghana,2018,cofi,COFI,,0,0,nominal_usd,investment
GHA::cgef,GHA,Ghana,2018,cgef,CGEF,,0,0,nominal_usd,loan_commitment
GHA::chapo,GHA,Ghana,2018,chapo,CHAPO,,2,0,constant_2021_usd,commitment
GHA::aiddata,GHA,Ghana,2019,aiddata,AidData,1074685550.435148,16,10,constant_2023_usd,commitment
GHA::codf,GHA,Ghana,2019,codf,CODF,595640000.0,3,3,nominal_usd,loan_commitment
GHA::cla,GHA,Ghana,2019,cla,CLA,695640000.0,4,4,nominal_usd,loan_commitment
GHA::cancel,GHA,Ghana,2019,cancel,Debt cancellation,40000000.0,1,1,nominal_usd,debt_cancellation
GHA::restruct,GHA,Ghana,2019,restruct,Debt restructuring,,0,0,nominal_usd,debt_restructuring
GHA::cofi,GHA,Ghana,2019,cofi,COFI,,0,0,nominal_usd,investment
GHA::cgef,GHA,Ghana,2019,cgef,CGEF,,0,0,nominal_usd,loan_commitment
GHA::chapo,GHA,Ghana,2019,chapo,CHAPO,147421.63388,2,1,constant_2021_usd,commitment
GHA::aiddata,GHA,Ghana,2020,aiddata,AidData,1139746317.96449,29,23,constant_2023_usd,commitment
GHA::codf,GHA,Ghana,2020,codf,CODF,417490000.0,3,3,nominal_usd,loan_commitment
GHA::cla,GHA,Ghana,2020,cla,CLA,473880000.0,3,3,nominal_usd,loan_commitment
GHA::cancel,GHA,Ghana,2020,cancel,Debt cancellation,,0,0,nominal_usd,debt_cancellation
GHA::restruct,GHA,Ghana,2020,restruct,Debt restructuring,,0,0,nominal_usd,debt_restructuring
GHA::cofi,GHA,Ghana,2020,cofi,COFI,,0,0,nominal_usd,investment
GHA::cgef,GHA,Ghana,2020,cgef,CGEF,,0,0,nominal_usd,loan_commitment
GHA::chapo,GHA,Ghana,2020,chapo,CHAPO,1932911.82746,17,12,constant_2021_usd,commitment
GHA::aiddata,GHA,Ghana,2021,aiddata,AidData,164280733.241828,9,6,constant_2023_usd,commitment
GHA::codf,GHA,Ghana,2021,codf,CODF,,0,0,nominal_usd,loan_commitment
GHA::cla,GHA,Ghana,2021,cla,CLA,,0,0,nominal_usd,loan_commitment
GHA::cancel,GHA,Ghana,2021,cancel,Debt cancellation,,0,0,nominal_usd,debt_cancellation
GHA::restruct,GHA,Ghana,2021,restruct,Debt restructuring,,0,0,nominal_usd,debt_restructuring
GHA::cofi,GHA,Ghana,2021,cofi,COFI,,0,0,nominal_usd,investment
GHA::cgef,GHA,Ghana,2021,cgef,CGEF,,0,0,nominal_usd,loan_commitment
GHA::chapo,GHA,Ghana,2021,chapo,CHAPO,1000000.0,2,1,constant_2021_usd,commitment
GHA::aiddata,GHA,Ghana,2022,aiddata,AidData,198962743.034973,10,4,constant_2023_usd,commitment
GHA::codf,GHA,Ghana,2022,codf,CODF,,0,0,nominal_usd,loan_commitment
GHA::cla,GHA,Ghana,2022,cla,CLA,84990000.0,1,1,nominal_usd,loan_commitment
GHA::cancel,GHA,Ghana,2022,cancel,Debt cancellation,,0,0,nominal_usd,debt_cancellation
GHA::restruct,GHA,Ghana,2022,restruct,Debt restructuring,,0,0,nominal_usd,debt_restructuring
GHA::cofi,GHA,Ghana,2022,cofi,COFI,,0,0,nominal_usd,investment
GHA::cgef,GHA,Ghana,2022,cgef,CGEF,,0,0,nominal_usd,loan_commitment
GHA::chapo,GHA,Ghana,2022,chapo,CHAPO,,0,0,constant_2021_usd,commitment
GHA::aiddata,GHA,Ghana,2023,aiddata,AidData,233404744.69901,9,6,constant_2023_usd,commitment
GHA::codf,GHA,Ghana,2023,codf,CODF,,0,0,nominal_usd,loan_commitment
GHA::cla,GHA,Ghana,2023,cla,CLA,,0,0,nominal_usd,loan_commitment
GHA::cancel,GHA,Ghana,2023,cancel,Debt cancellation,,0,0,nominal_usd,debt_cancellation
GHA::restruct,GHA,Ghana,2023,restruct,Debt restructuring,,0,0,nominal_usd,debt_restructuring
GHA::cofi,GHA,Ghana,2023,cofi,COFI,,0,0,nominal_usd,investment
GHA::cgef,GHA,Ghana,2023,cgef,CGEF,,0,0,nominal_usd,loan_commitment
GHA::chapo,GHA,Ghana,2023,chapo,CHAPO,,0,0,constant_2021_usd,commitment
GHA::aiddata,GHA,Ghana,2024,aiddata,AidData,,0,0,constant_2023_usd,commitment
GHA::codf,GHA,Ghana,2024,codf,CODF,,0,0,nominal_usd,loan_commitment
GHA::cla,GHA,Ghana,2024,cla,CLA,,0,0,nominal_usd,loan_commitment
GHA::cancel,GHA,Ghana,2024,cancel,Debt cancellation,,0,0,nominal_usd,debt_cancellation
GHA::restruct,GHA,Ghana,2024,restruct,Debt restructuring,,0,0,nominal_usd,debt_restructuring
GHA::cofi,GHA,Ghana,2024,cofi,COFI,,0,0,nominal_usd,investment
GHA::cgef,GHA,Ghana,2024,cgef,CGEF,,0,0,nominal_usd,loan_commitment
GHA::chapo,GHA,Ghana,2024,chapo,CHAPO,,0,0,constant_2021_usd,commitment
GIN::aiddata,GIN,Guinea,2000,aiddata,AidData,,1,0,constant_2023_usd,commitment
GIN::codf,GIN,Guinea,2000,codf,CODF,,0,0,nominal_usd,loan_commitment
GIN::cla,GIN,Guinea,2000,cla,CLA,,0,0,nominal_usd,loan_commitment
GIN::cancel,GIN,Guinea,2000,cancel,Debt cancellation,,0,0,nominal_usd,debt_cancellation
GIN::restruct,GIN,Guinea,2000,restruct,Debt restructuring,,0,0,nominal_usd,debt_restructuring
GIN::cofi,GIN,Guinea,2000,cofi,COFI,,0,0,nominal_usd,investment
GIN::cgef,GIN,Guinea,2000,cgef,CGEF,,0,0,nominal_usd,loan_commitment
GIN::chapo,GIN,Guinea,2000,chapo,CHAPO,,1,0,constant_2021_usd,commitment
GIN::aiddata,GIN,Guinea,2001,aiddata,AidData,173914556.932292,1,1,constant_2023_usd,commitment
GIN::codf,GIN,Guinea,2001,codf,CODF,,0,0,nominal_usd,loan_commitment
GIN::cla,GIN,Guinea,2001,cla,CLA,,0,0,nominal_usd,loan_commitment
GIN::cancel,GIN,Guinea,2001,cancel,Debt cancellation,,0,0,nominal_usd,debt_cancellation
GIN::restruct,GIN,Guinea,2001,restruct,Debt restructuring,,0,0,nominal_usd,debt_restructuring
GIN::cofi,GIN,Guinea,2001,cofi,COFI,,0,0,nominal_usd,investment
GIN::cgef,GIN,Guinea,2001,cgef,CGEF,,0,0,nominal_usd,loan_commitment
GIN::chapo,GIN,Guinea,2001,chapo,CHAPO,,0,0,constant_2021_usd,commitment
GIN::aiddata,GIN,Guinea,2002,aiddata,AidData,13851511.764112,2,1,constant_2023_usd,commitment
GIN::codf,GIN,Guinea,2002,codf,CODF,,0,0,nominal_usd,loan_commitment
GIN::cla,GIN,Guinea,2002,cla,CLA,,0,0,nominal_usd,loan_commitment
GIN::cancel,GIN,Guinea,2002,cancel,Debt cancellation,,0,0,nominal_usd,debt_cancellation
GIN::restruct,GIN,Guinea,2002,restruct,Debt restructuring,,0,0,nominal_usd,debt_restructuring
GIN::cofi,GIN,Guinea,2002,cofi,COFI,,0,0,nominal_usd,investment
GIN::cgef,GIN,Guinea,2002,cgef,CGEF,,0,0,nominal_usd,loan_commitment
GIN::chapo,GIN,Guinea,2002,chapo,CHAPO,,1,0,constant_2021_usd,commitment
GIN::aiddata,GIN,Guinea,2003,aiddata,AidData,,1,0,constant_2023_usd,commitment
GIN::codf,GIN,Guinea,2003,codf,CODF,,0,0,nominal_usd,loan_commitment
GIN::cla,GIN,Guinea,2003,cla,CLA,6040000.0,1,1,nominal_usd,loan_commitment
GIN::cancel,GIN,Guinea,2003,cancel,Debt cancellation,,0,0,nominal_usd,debt_cancellation
GIN::restruct,GIN,Guinea,2003,restruct,Debt restructuring,,0,0,nominal_usd,debt_restructuring
GIN::cofi,GIN,Guinea,2003,cofi,COFI,,0,0,nominal_usd,investment
GIN::cgef,GIN,Guinea,2003,cgef,CGEF,,0,0,nominal_usd,loan_commitment
GIN::chapo,GIN,Guinea,2003,chapo,CHAPO,,0,0,constant_2021_usd,commitment
GIN::aiddata,GIN,Guinea,2004,aiddata,AidData,95708245.79103,4,2,constant_2023_usd,commitment
GIN::codf,GIN,Guinea,2004,codf,CODF,,0,0,nominal_usd,loan_commitment
GIN::cla,GIN,Guinea,2004,cla,CLA,4420000.0,2,2,nominal_usd,loan_commitment
GIN::cancel,GIN,Guinea,2004,cancel,Debt cancellation,,0,0,nominal_usd,debt_cancellation
GIN::restruct,GIN,Guinea,2004,restruct,Debt restructuring,,0,0,nominal_usd,debt_restructuring
GIN::cofi,GIN,Guinea,2004,cofi,COFI,,0,0,nominal_usd,investment
GIN::cgef,GIN,Guinea,2004,cgef,CGEF,,0,0,nominal_usd,loan_commitment
GIN::chapo,GIN,Guinea,2004,chapo,CHAPO,,1,0,constant_2021_usd,commitment
GIN::aiddata,GIN,Guinea,2005,aiddata,AidData,90194873.356482,1,1,constant_2023_usd,commitment
GIN::codf,GIN,Guinea,2005,codf,CODF,,0,0,nominal_usd,loan_commitment
GIN::cla,GIN,Guinea,2005,cla,CLA,50980000.0,2,2,nominal_usd,loan_commitment
GIN::cancel,GIN,Guinea,2005,cancel,Debt cancellation,45000000.0,1,1,nominal_usd,debt_cancellation
GIN::restruct,GIN,Guinea,2005,restruct,Debt restructuring,,0,0,nominal_usd,debt_restructuring
GIN::cofi,GIN,Guinea,2005,cofi,COFI,,0,0,nominal_usd,investment
GIN::cgef,GIN,Guinea,2005,cgef,CGEF,,0,0,nominal_usd,loan_commitment
GIN::chapo,GIN,Guinea,2005,chapo,CHAPO,,0,0,constant_2021_usd,commitment
GIN::aiddata,GIN,Guinea,2006,aiddata,AidData,27633007.947715,7,6,constant_2023_usd,commitment
GIN::codf,GIN,Guinea,2006,codf,CODF,,0,0,nominal_usd,loan_commitment
GIN::cla,GIN,Guinea,2006,cla,CLA,11510000.0,2,2,nominal_usd,loan_commitment
GIN::cancel,GIN,Guinea,2006,cancel,Debt cancellation,,0,0,nominal_usd,debt_cancellation
GIN::restruct,GIN,Guinea,2006,restruct,Debt restructuring,,0,0,nominal_usd,debt_restructuring
GIN::cofi,GIN,Guinea,2006,cofi,COFI,,0,0,nominal_usd,investment
GIN::cgef,GIN,Guinea,2006,cgef,CGEF,,0,0,nominal_usd,loan_commitment
GIN::chapo,GIN,Guinea,2006,chapo,CHAPO,335838.34393,3,2,constant_2021_usd,commitment
GIN::aiddata,GIN,Guinea,2007,aiddata,AidData,30751005.097168,6,3,constant_2023_usd,commitment
GIN::codf,GIN,Guinea,2007,codf,CODF,,0,0,nominal_usd,loan_commitment
GIN::cla,GIN,Guinea,2007,cla,CLA,13190000.0,1,1,nominal_usd,loan_commitment
GIN::cancel,GIN,Guinea,2007,cancel,Debt cancellation,4000000.0,1,1,nominal_usd,debt_cancellation
GIN::restruct,GIN,Guinea,2007,restruct,Debt restructuring,,0,0,nominal_usd,debt_restructuring
GIN::cofi,GIN,Guinea,2007,cofi,COFI,,0,0,nominal_usd,investment
GIN::cgef,GIN,Guinea,2007,cgef,CGEF,,0,0,nominal_usd,loan_commitment
GIN::chapo,GIN,Guinea,2007,chapo,CHAPO,,1,0,constant_2021_usd,commitment
GIN::aiddata,GIN,Guinea,2008,aiddata,AidData,14084460.841739,5,1,constant_2023_usd,commitment
GIN::codf,GIN,Guinea,2008,codf,CODF,,0,0,nominal_usd,loan_commitment
GIN::cla,GIN,Guinea,2008,cla,CLA,,0,0,nominal_usd,loan_commitment
GIN::cancel,GIN,Guinea,2008,cancel,Debt cancellation,,0,0,nominal_usd,debt_cancellation
GIN::restruct,GIN,Guinea,2008,restruct,Debt restructuring,,0,0,nominal_usd,debt_restructuring
GIN::cofi,GIN,Guinea,2008,cofi,COFI,,0,0,nominal_usd,investment
GIN::cgef,GIN,Guinea,2008,cgef,CGEF,,0,0,nominal_usd,loan_commitment
GIN::chapo,GIN,Guinea,2008,chapo,CHAPO,15245859.219491,2,1,constant_2021_usd,commitment
GIN::aiddata,GIN,Guinea,2009,aiddata,AidData,,2,0,constant_2023_usd,commitment
GIN::codf,GIN,Guinea,2009,codf,CODF,,0,0,nominal_usd,loan_commitment
GIN::cla,GIN,Guinea,2009,cla,CLA,,0,0,nominal_usd,loan_commitment
GIN::cancel,GIN,Guinea,2009,cancel,Debt cancellation,,0,0,nominal_usd,debt_cancellation
GIN::restruct,GIN,Guinea,2009,restruct,Debt restructuring,,0,0,nominal_usd,debt_restructuring
GIN::cofi,GIN,Guinea,2009,cofi,COFI,,0,0,nominal_usd,investment
GIN::cgef,GIN,Guinea,2009,cgef,CGEF,,0,0,nominal_usd,loan_commitment
GIN::chapo,GIN,Guinea,2009,chapo,CHAPO,,2,0,constant_2021_usd,commitment
GIN::aiddata,GIN,Guinea,2010,aiddata,AidData,,0,0,constant_2023_usd,commitment
GIN::codf,GIN,Guinea,2010,codf,CODF,,0,0,nominal_usd,loan_commitment
GIN::cla,GIN,Guinea,2010,cla,CLA,,0,0,nominal_usd,loan_commitment
GIN::cancel,GIN,Guinea,2010,cancel,Debt cancellation,,0,0,nominal_usd,debt_cancellation
GIN::restruct,GIN,Guinea,2010,restruct,Debt restructuring,,0,0,nominal_usd,debt_restructuring
GIN::cofi,GIN,Guinea,2010,cofi,COFI,,0,0,nominal_usd,investment
GIN::cgef,GIN,Guinea,2010,cgef,CGEF,,0,0,nominal_usd,loan_commitment
GIN::chapo,GIN,Guinea,2010,chapo,CHAPO,,0,0,constant_2021_usd,commitment
GIN::aiddata,GIN,Guinea,2011,aiddata,AidData,527412.875041,2,1,constant_2023_usd,commitment
GIN::codf,GIN,Guinea,2011,codf,CODF,,0,0,nominal_usd,loan_commitment
GIN::cla,GIN,Guinea,2011,cla,CLA,3100000.0,1,1,nominal_usd,loan_commitment
GIN::cancel,GIN,Guinea,2011,cancel,Debt cancellation,,0,0,nominal_usd,debt_cancellation
GIN::restruct,GIN,Guinea,2011,restruct,Debt restructuring,,0,0,nominal_usd,debt_restructuring
GIN::cofi,GIN,Guinea,2011,cofi,COFI,335000000.0,1,1,nominal_usd,investment
GIN::cgef,GIN,Guinea,2011,cgef,CGEF,,0,0,nominal_usd,loan_commitment
GIN::chapo,GIN,Guinea,2011,chapo,CHAPO,570749.027965,1,1,constant_2021_usd,commitment
GIN::aiddata,GIN,Guinea,2012,aiddata,AidData,760840119.754196,5,1,constant_2023_usd,commitment
GIN::codf,GIN,Guinea,2012,codf,CODF,,0,0,nominal_usd,loan_commitment
GIN::cla,GIN,Guinea,2012,cla,CLA,,0,0,nominal_usd,loan_commitment
GIN::cancel,GIN,Guinea,2012,cancel,Debt cancellation,,0,0,nominal_usd,debt_cancellation
GIN::restruct,GIN,Guinea,2012,restruct,Debt restructuring,,0,0,nominal_usd,debt_restructuring
GIN::cofi,GIN,Guinea,2012,cofi,COFI,,0,0,nominal_usd,investment
GIN::cgef,GIN,Guinea,2012,cgef,CGEF,,0,0,nominal_usd,loan_commitment
GIN::chapo,GIN,Guinea,2012,chapo,CHAPO,,1,0,constant_2021_usd,commitment
GIN::aiddata,GIN,Guinea,2013,aiddata,AidData,397717057.136578,4,2,constant_2023_usd,commitment
GIN::codf,GIN,Guinea,2013,codf,CODF,385000000.0,2,2,nominal_usd,loan_commitment
GIN::cla,GIN,Guinea,2013,cla,CLA,384650000.0,2,2,nominal_usd,loan_commitment
GIN::cancel,GIN,Guinea,2013,cancel,Debt cancellation,,0,0,nominal_usd,debt_cancellation
GIN::restruct,GIN,Guinea,2013,restruct,Debt restructuring,,0,0,nominal_usd,debt_restructuring
GIN::cofi,GIN,Guinea,2013,cofi,COFI,,0,0,nominal_usd,investment
GIN::cgef,GIN,Guinea,2013,cgef,CGEF,335000000.0,1,1,nominal_usd,loan_commitment
GIN::chapo,GIN,Guinea,2013,chapo,CHAPO,,0,0,constant_2021_usd,commitment
GIN::aiddata,GIN,Guinea,2014,aiddata,AidData,433793896.63613,17,6,constant_2023_usd,commitment
GIN::codf,GIN,Guinea,2014,codf,CODF,214000000.0,1,1,nominal_usd,loan_commitment
GIN::cla,GIN,Guinea,2014,cla,CLA,214000000.0,1,1,nominal_usd,loan_commitment
GIN::cancel,GIN,Guinea,2014,cancel,Debt cancellation,,0,0,nominal_usd,debt_cancellation
GIN::restruct,GIN,Guinea,2014,restruct,Debt restructuring,,0,0,nominal_usd,debt_restructuring
GIN::cofi,GIN,Guinea,2014,cofi,COFI,,0,0,nominal_usd,investment
GIN::cgef,GIN,Guinea,2014,cgef,CGEF,,0,0,nominal_usd,loan_commitment
GIN::chapo,GIN,Guinea,2014,chapo,CHAPO,5535476.157042,8,1,constant_2021_usd,commitment
GIN::aiddata,GIN,Guinea,2015,aiddata,AidData,83352234.092763,11,3,constant_2023_usd,commitment
GIN::codf,GIN,Guinea,2015,codf,CODF,,0,0,nominal_usd,loan_commitment
GIN::cla,GIN,Guinea,2015,cla,CLA,,0,0,nominal_usd,loan_commitment
GIN::cancel,GIN,Guinea,2015,cancel,Debt cancellation,,0,0,nominal_usd,debt_cancellation
GIN::restruct,GIN,Guinea,2015,restruct,Debt restructuring,,0,0,nominal_usd,debt_restructuring
GIN::cofi,GIN,Guinea,2015,cofi,COFI,,0,0,nominal_usd,investment
GIN::cgef,GIN,Guinea,2015,cgef,CGEF,,0,0,nominal_usd,loan_commitment
GIN::chapo,GIN,Guinea,2015,chapo,CHAPO,,3,0,constant_2021_usd,commitment
GIN::aiddata,GIN,Guinea,2016,aiddata,AidData,,2,0,constant_2023_usd,commitment
GIN::codf,GIN,Guinea,2016,codf,CODF,,0,0,nominal_usd,loan_commitment
GIN::cla,GIN,Guinea,2016,cla,CLA,,0,0,nominal_usd,loan_commitment
GIN::cancel,GIN,Guinea,2016,cancel,Debt cancellation,,0,0,nominal_usd,debt_cancellation
GIN::restruct,GIN,Guinea,2016,restruct,Debt restructuring,,0,0,nominal_usd,debt_restructuring
GIN::cofi,GIN,Guinea,2016,cofi,COFI,,0,0,nominal_usd,investment
GIN::cgef,GIN,Guinea,2016,cgef,CGEF,,0,0,nominal_usd,loan_commitment
GIN::chapo,GIN,Guinea,2016,chapo,CHAPO,,1,0,constant_2021_usd,commitment
GIN::aiddata,GIN,Guinea,2017,aiddata,AidData,20865388.557395,10,2,constant_2023_usd,commitment
GIN::codf,GIN,Guinea,2017,codf,CODF,,0,0,nominal_usd,loan_commitment
GIN::cla,GIN,Guinea,2017,cla,CLA,,0,0,nominal_usd,loan_commitment
GIN::cancel,GIN,Guinea,2017,cancel,Debt cancellation,,0,0,nominal_usd,debt_cancellation
GIN::restruct,GIN,Guinea,2017,restruct,Debt restructuring,,0,0,nominal_usd,debt_restructuring
GIN::cofi,GIN,Guinea,2017,cofi,COFI,,0,0,nominal_usd,investment
GIN::cgef,GIN,Guinea,2017,cgef,CGEF,,0,0,nominal_usd,loan_commitment
GIN::chapo,GIN,Guinea,2017,chapo,CHAPO,17052864.102533,2,1,constant_2021_usd,commitment
GIN::aiddata,GIN,Guinea,2018,aiddata,AidData,2482959877.925618,17,9,constant_2023_usd,commitment
GIN::codf,GIN,Guinea,2018,codf,CODF,1430000000.0,2,2,nominal_usd,loan_commitment
GIN::cla,GIN,Guinea,2018,cla,CLA,2017450000.0,4,4,nominal_usd,loan_commitment
GIN::cancel,GIN,Guinea,2018,cancel,Debt cancellation,,0,0,nominal_usd,debt_cancellation
GIN::restruct,GIN,Guinea,2018,restruct,Debt restructuring,,0,0,nominal_usd,debt_restructuring
GIN::cofi,GIN,Guinea,2018,cofi,COFI,1175000000.0,1,1,nominal_usd,investment
GIN::cgef,GIN,Guinea,2018,cgef,CGEF,1175000000.0,1,1,nominal_usd,loan_commitment
GIN::chapo,GIN,Guinea,2018,chapo,CHAPO,,1,0,constant_2021_usd,commitment
GIN::aiddata,GIN,Guinea,2019,aiddata,AidData,31139624.727224,5,1,constant_2023_usd,commitment
GIN::codf,GIN,Guinea,2019,codf,CODF,,0,0,nominal_usd,loan_commitment
GIN::cla,GIN,Guinea,2019,cla,CLA,,0,0,nominal_usd,loan_commitment
GIN::cancel,GIN,Guinea,2019,cancel,Debt cancellation,,0,0,nominal_usd,debt_cancellation
GIN::restruct,GIN,Guinea,2019,restruct,Debt restructuring,,0,0,nominal_usd,debt_restructuring
GIN::cofi,GIN,Guinea,2019,cofi,COFI,812000000.0,1,1,nominal_usd,investment
GIN::cgef,GIN,Guinea,2019,cgef,CGEF,,0,0,nominal_usd,loan_commitment
GIN::chapo,GIN,Guinea,2019,chapo,CHAPO,,0,0,constant_2021_usd,commitment
GIN::aiddata,GIN,Guinea,2020,aiddata,AidData,1351048835.984255,7,3,constant_2023_usd,commitment
GIN::codf,GIN,Guinea,2020,codf,CODF,,0,0,nominal_usd,loan_commitment
GIN::cla,GIN,Guinea,2020,cla,CLA,,0,0,nominal_usd,loan_commitment
GIN::cancel,GIN,Guinea,2020,cancel,Debt cancellation,,0,0,nominal_usd,debt_cancellation
GIN::restruct,GIN,Guinea,2020,restruct,Debt restructuring,,0,0,nominal_usd,debt_restructuring
GIN::cofi,GIN,Guinea,2020,cofi,COFI,,0,0,nominal_usd,investment
GIN::cgef,GIN,Guinea,2020,cgef,CGEF,,0,0,nominal_usd,loan_commitment
GIN::chapo,GIN,Guinea,2020,chapo,CHAPO,551270.744378,4,1,constant_2021_usd,commitment
GIN::aiddata,GIN,Guinea,2021,aiddata,AidData,4979564.840761,8,2,constant_2023_usd,commitment
GIN::codf,GIN,Guinea,2021,codf,CODF,,0,0,nominal_usd,loan_commitment
GIN::cla,GIN,Guinea,2021,cla,CLA,,0,0,nominal_usd,loan_commitment
GIN::cancel,GIN,Guinea,2021,cancel,Debt cancellation,,0,0,nominal_usd,debt_cancellation
GIN::restruct,GIN,Guinea,2021,restruct,Debt restructuring,,0,0,nominal_usd,debt_restructuring
GIN::cofi,GIN,Guinea,2021,cofi,COFI,,0,0,nominal_usd,investment
GIN::cgef,GIN,Guinea,2021,cgef,CGEF,,0,0,nominal_usd,loan_commitment
GIN::chapo,GIN,Guinea,2021,chapo,CHAPO,9000000.0,4,3,constant_2021_usd,commitment
GIN::aiddata,GIN,Guinea,2022,aiddata,AidData,,6,0,constant_2023_usd,commitment
GIN::codf,GIN,Guinea,2022,codf,CODF,,0,0,nominal_usd,loan_commitment
GIN::cla,GIN,Guinea,2022,cla,CLA,,0,0,nominal_usd,loan_commitment
GIN::cancel,GIN,Guinea,2022,cancel,Debt cancellation,,0,0,nominal_usd,debt_cancellation
GIN::restruct,GIN,Guinea,2022,restruct,Debt restructuring,,0,0,nominal_usd,debt_restructuring
GIN::cofi,GIN,Guinea,2022,cofi,COFI,,0,0,nominal_usd,investment
GIN::cgef,GIN,Guinea,2022,cgef,CGEF,,0,0,nominal_usd,loan_commitment
GIN::chapo,GIN,Guinea,2022,chapo,CHAPO,,0,0,constant_2021_usd,commitment
GIN::aiddata,GIN,Guinea,2023,aiddata,AidData,1245999999.0,5,3,constant_2023_usd,commitment
GIN::codf,GIN,Guinea,2023,codf,CODF,,0,0,nominal_usd,loan_commitment
GIN::cla,GIN,Guinea,2023,cla,CLA,,0,0,nominal_usd,loan_commitment
GIN::cancel,GIN,Guinea,2023,cancel,Debt cancellation,,0,0,nominal_usd,debt_cancellation
GIN::restruct,GIN,Guinea,2023,restruct,Debt restructuring,,0,0,nominal_usd,debt_restructuring
GIN::cofi,GIN,Guinea,2023,cofi,COFI,,0,0,nominal_usd,investment
GIN::cgef,GIN,Guinea,2023,cgef,CGEF,,0,0,nominal_usd,loan_commitment
GIN::chapo,GIN,Guinea,2023,chapo,CHAPO,,0,0,constant_2021_usd,commitment
GIN::aiddata,GIN,Guinea,2024,aiddata,AidData,,0,0,constant_2023_usd,commitment
GIN::codf,GIN,Guinea,2024,codf,CODF,,0,0,nominal_usd,loan_commitment
GIN::cla,GIN,Guinea,2024,cla,CLA,,0,0,nominal_usd,loan_commitment
GIN::cancel,GIN,Guinea,2024,cancel,Debt cancellation,,0,0,nominal_usd,debt_cancellation
GIN::restruct,GIN,Guinea,2024,restruct,Debt restructuring,,0,0,nominal_usd,debt_restructuring
GIN::cofi,GIN,Guinea,2024,cofi,COFI,,0,0,nominal_usd,investment
GIN::cgef,GIN,Guinea,2024,cgef,CGEF,,0,0,nominal_usd,loan_commitment
GIN::chapo,GIN,Guinea,2024,chapo,CHAPO,,0,0,constant_2021_usd,commitment
GMB::aiddata,GMB,The Gambia,2000,aiddata,AidData,,0,0,constant_2023_usd,commitment
GMB::codf,GMB,The Gambia,2000,codf,CODF,,0,0,nominal_usd,loan_commitment
GMB::cla,GMB,The Gambia,2000,cla,CLA,,0,0,nominal_usd,loan_commitment
GMB::cancel,GMB,The Gambia,2000,cancel,Debt cancellation,,0,0,nominal_usd,debt_cancellation
GMB::restruct,GMB,The Gambia,2000,restruct,Debt restructuring,,0,0,nominal_usd,debt_restructuring
GMB::cofi,GMB,The Gambia,2000,cofi,COFI,,0,0,nominal_usd,investment
GMB::cgef,GMB,The Gambia,2000,cgef,CGEF,,0,0,nominal_usd,loan_commitment
GMB::chapo,GMB,The Gambia,2000,chapo,CHAPO,,0,0,constant_2021_usd,commitment
GMB::aiddata,GMB,The Gambia,2001,aiddata,AidData,,0,0,constant_2023_usd,commitment
GMB::codf,GMB,The Gambia,2001,codf,CODF,,0,0,nominal_usd,loan_commitment
GMB::cla,GMB,The Gambia,2001,cla,CLA,,0,0,nominal_usd,loan_commitment
GMB::cancel,GMB,The Gambia,2001,cancel,Debt cancellation,,0,0,nominal_usd,debt_cancellation
GMB::restruct,GMB,The Gambia,2001,restruct,Debt restructuring,,0,0,nominal_usd,debt_restructuring
GMB::cofi,GMB,The Gambia,2001,cofi,COFI,,0,0,nominal_usd,investment
GMB::cgef,GMB,The Gambia,2001,cgef,CGEF,,0,0,nominal_usd,loan_commitment
GMB::chapo,GMB,The Gambia,2001,chapo,CHAPO,,0,0,constant_2021_usd,commitment
GMB::aiddata,GMB,The Gambia,2002,aiddata,AidData,,0,0,constant_2023_usd,commitment
GMB::codf,GMB,The Gambia,2002,codf,CODF,,0,0,nominal_usd,loan_commitment
GMB::cla,GMB,The Gambia,2002,cla,CLA,,0,0,nominal_usd,loan_commitment
GMB::cancel,GMB,The Gambia,2002,cancel,Debt cancellation,,0,0,nominal_usd,debt_cancellation
GMB::restruct,GMB,The Gambia,2002,restruct,Debt restructuring,,0,0,nominal_usd,debt_restructuring
GMB::cofi,GMB,The Gambia,2002,cofi,COFI,,0,0,nominal_usd,investment
GMB::cgef,GMB,The Gambia,2002,cgef,CGEF,,0,0,nominal_usd,loan_commitment
GMB::chapo,GMB,The Gambia,2002,chapo,CHAPO,,0,0,constant_2021_usd,commitment
GMB::aiddata,GMB,The Gambia,2003,aiddata,AidData,,0,0,constant_2023_usd,commitment
GMB::codf,GMB,The Gambia,2003,codf,CODF,,0,0,nominal_usd,loan_commitment
GMB::cla,GMB,The Gambia,2003,cla,CLA,,0,0,nominal_usd,loan_commitment
GMB::cancel,GMB,The Gambia,2003,cancel,Debt cancellation,,0,0,nominal_usd,debt_cancellation
GMB::restruct,GMB,The Gambia,2003,restruct,Debt restructuring,,0,0,nominal_usd,debt_restructuring
GMB::cofi,GMB,The Gambia,2003,cofi,COFI,,0,0,nominal_usd,investment
GMB::cgef,GMB,The Gambia,2003,cgef,CGEF,,0,0,nominal_usd,loan_commitment
GMB::chapo,GMB,The Gambia,2003,chapo,CHAPO,,0,0,constant_2021_usd,commitment
GMB::aiddata,GMB,The Gambia,2004,aiddata,AidData,,0,0,constant_2023_usd,commitment
GMB::codf,GMB,The Gambia,2004,codf,CODF,,0,0,nominal_usd,loan_commitment
GMB::cla,GMB,The Gambia,2004,cla,CLA,,0,0,nominal_usd,loan_commitment
GMB::cancel,GMB,The Gambia,2004,cancel,Debt cancellation,,0,0,nominal_usd,debt_cancellation
GMB::restruct,GMB,The Gambia,2004,restruct,Debt restructuring,,0,0,nominal_usd,debt_restructuring
GMB::cofi,GMB,The Gambia,2004,cofi,COFI,,0,0,nominal_usd,investment
GMB::cgef,GMB,The Gambia,2004,cgef,CGEF,,0,0,nominal_usd,loan_commitment
GMB::chapo,GMB,The Gambia,2004,chapo,CHAPO,,0,0,constant_2021_usd,commitment
GMB::aiddata,GMB,The Gambia,2005,aiddata,AidData,,0,0,constant_2023_usd,commitment
GMB::codf,GMB,The Gambia,2005,codf,CODF,,0,0,nominal_usd,loan_commitment
GMB::cla,GMB,The Gambia,2005,cla,CLA,,0,0,nominal_usd,loan_commitment
GMB::cancel,GMB,The Gambia,2005,cancel,Debt cancellation,,0,0,nominal_usd,debt_cancellation
GMB::restruct,GMB,The Gambia,2005,restruct,Debt restructuring,,0,0,nominal_usd,debt_restructuring
GMB::cofi,GMB,The Gambia,2005,cofi,COFI,,0,0,nominal_usd,investment
GMB::cgef,GMB,The Gambia,2005,cgef,CGEF,,0,0,nominal_usd,loan_commitment
GMB::chapo,GMB,The Gambia,2005,chapo,CHAPO,,0,0,constant_2021_usd,commitment
GMB::aiddata,GMB,The Gambia,2006,aiddata,AidData,,0,0,constant_2023_usd,commitment
GMB::codf,GMB,The Gambia,2006,codf,CODF,,0,0,nominal_usd,loan_commitment
GMB::cla,GMB,The Gambia,2006,cla,CLA,,0,0,nominal_usd,loan_commitment
GMB::cancel,GMB,The Gambia,2006,cancel,Debt cancellation,,0,0,nominal_usd,debt_cancellation
GMB::restruct,GMB,The Gambia,2006,restruct,Debt restructuring,,0,0,nominal_usd,debt_restructuring
GMB::cofi,GMB,The Gambia,2006,cofi,COFI,,0,0,nominal_usd,investment
GMB::cgef,GMB,The Gambia,2006,cgef,CGEF,,0,0,nominal_usd,loan_commitment
GMB::chapo,GMB,The Gambia,2006,chapo,CHAPO,,0,0,constant_2021_usd,commitment
GMB::aiddata,GMB,The Gambia,2007,aiddata,AidData,,0,0,constant_2023_usd,commitment
GMB::codf,GMB,The Gambia,2007,codf,CODF,,0,0,nominal_usd,loan_commitment
GMB::cla,GMB,The Gambia,2007,cla,CLA,,0,0,nominal_usd,loan_commitment
GMB::cancel,GMB,The Gambia,2007,cancel,Debt cancellation,,0,0,nominal_usd,debt_cancellation
GMB::restruct,GMB,The Gambia,2007,restruct,Debt restructuring,,0,0,nominal_usd,debt_restructuring
GMB::cofi,GMB,The Gambia,2007,cofi,COFI,,0,0,nominal_usd,investment
GMB::cgef,GMB,The Gambia,2007,cgef,CGEF,,0,0,nominal_usd,loan_commitment
GMB::chapo,GMB,The Gambia,2007,chapo,CHAPO,,0,0,constant_2021_usd,commitment
GMB::aiddata,GMB,The Gambia,2008,aiddata,AidData,,0,0,constant_2023_usd,commitment
GMB::codf,GMB,The Gambia,2008,codf,CODF,,0,0,nominal_usd,loan_commitment
GMB::cla,GMB,The Gambia,2008,cla,CLA,,0,0,nominal_usd,loan_commitment
GMB::cancel,GMB,The Gambia,2008,cancel,Debt cancellation,,0,0,nominal_usd,debt_cancellation
GMB::restruct,GMB,The Gambia,2008,restruct,Debt restructuring,,0,0,nominal_usd,debt_restructuring
GMB::cofi,GMB,The Gambia,2008,cofi,COFI,,0,0,nominal_usd,investment
GMB::cgef,GMB,The Gambia,2008,cgef,CGEF,,0,0,nominal_usd,loan_commitment
GMB::chapo,GMB,The Gambia,2008,chapo,CHAPO,,0,0,constant_2021_usd,commitment
GMB::aiddata,GMB,The Gambia,2009,aiddata,AidData,,0,0,constant_2023_usd,commitment
GMB::codf,GMB,The Gambia,2009,codf,CODF,,0,0,nominal_usd,loan_commitment
GMB::cla,GMB,The Gambia,2009,cla,CLA,,0,0,nominal_usd,loan_commitment
GMB::cancel,GMB,The Gambia,2009,cancel,Debt cancellation,,0,0,nominal_usd,debt_cancellation
GMB::restruct,GMB,The Gambia,2009,restruct,Debt restructuring,,0,0,nominal_usd,debt_restructuring
GMB::cofi,GMB,The Gambia,2009,cofi,COFI,,0,0,nominal_usd,investment
GMB::cgef,GMB,The Gambia,2009,cgef,CGEF,,0,0,nominal_usd,loan_commitment
GMB::chapo,GMB,The Gambia,2009,chapo,CHAPO,,0,0,constant_2021_usd,commitment
GMB::aiddata,GMB,The Gambia,2010,aiddata,AidData,,0,0,constant_2023_usd,commitment
GMB::codf,GMB,The Gambia,2010,codf,CODF,,0,0,nominal_usd,loan_commitment
GMB::cla,GMB,The Gambia,2010,cla,CLA,,0,0,nominal_usd,loan_commitment
GMB::cancel,GMB,The Gambia,2010,cancel,Debt cancellation,,0,0,nominal_usd,debt_cancellation
GMB::restruct,GMB,The Gambia,2010,restruct,Debt restructuring,,0,0,nominal_usd,debt_restructuring
GMB::cofi,GMB,The Gambia,2010,cofi,COFI,,0,0,nominal_usd,investment
GMB::cgef,GMB,The Gambia,2010,cgef,CGEF,,0,0,nominal_usd,loan_commitment
GMB::chapo,GMB,The Gambia,2010,chapo,CHAPO,,0,0,constant_2021_usd,commitment
GMB::aiddata,GMB,The Gambia,2011,aiddata,AidData,,0,0,constant_2023_usd,commitment
GMB::codf,GMB,The Gambia,2011,codf,CODF,,0,0,nominal_usd,loan_commitment
GMB::cla,GMB,The Gambia,2011,cla,CLA,,0,0,nominal_usd,loan_commitment
GMB::cancel,GMB,The Gambia,2011,cancel,Debt cancellation,,0,0,nominal_usd,debt_cancellation
GMB::restruct,GMB,The Gambia,2011,restruct,Debt restructuring,,0,0,nominal_usd,debt_restructuring
GMB::cofi,GMB,The Gambia,2011,cofi,COFI,,0,0,nominal_usd,investment
GMB::cgef,GMB,The Gambia,2011,cgef,CGEF,,0,0,nominal_usd,loan_commitment
GMB::chapo,GMB,The Gambia,2011,chapo,CHAPO,,0,0,constant_2021_usd,commitment
GMB::aiddata,GMB,The Gambia,2012,aiddata,AidData,,0,0,constant_2023_usd,commitment
GMB::codf,GMB,The Gambia,2012,codf,CODF,,0,0,nominal_usd,loan_commitment
GMB::cla,GMB,The Gambia,2012,cla,CLA,,0,0,nominal_usd,loan_commitment
GMB::cancel,GMB,The Gambia,2012,cancel,Debt cancellation,,0,0,nominal_usd,debt_cancellation
GMB::restruct,GMB,The Gambia,2012,restruct,Debt restructuring,,0,0,nominal_usd,debt_restructuring
GMB::cofi,GMB,The Gambia,2012,cofi,COFI,,0,0,nominal_usd,investment
GMB::cgef,GMB,The Gambia,2012,cgef,CGEF,,0,0,nominal_usd,loan_commitment
GMB::chapo,GMB,The Gambia,2012,chapo,CHAPO,,0,0,constant_2021_usd,commitment
GMB::aiddata,GMB,The Gambia,2013,aiddata,AidData,,0,0,constant_2023_usd,commitment
GMB::codf,GMB,The Gambia,2013,codf,CODF,,0,0,nominal_usd,loan_commitment
GMB::cla,GMB,The Gambia,2013,cla,CLA,,0,0,nominal_usd,loan_commitment
GMB::cancel,GMB,The Gambia,2013,cancel,Debt cancellation,,0,0,nominal_usd,debt_cancellation
GMB::restruct,GMB,The Gambia,2013,restruct,Debt restructuring,,0,0,nominal_usd,debt_restructuring
GMB::cofi,GMB,The Gambia,2013,cofi,COFI,,0,0,nominal_usd,investment
GMB::cgef,GMB,The Gambia,2013,cgef,CGEF,,0,0,nominal_usd,loan_commitment
GMB::chapo,GMB,The Gambia,2013,chapo,CHAPO,,0,0,constant_2021_usd,commitment
GMB::aiddata,GMB,The Gambia,2014,aiddata,AidData,,0,0,constant_2023_usd,commitment
GMB::codf,GMB,The Gambia,2014,codf,CODF,,0,0,nominal_usd,loan_commitment
GMB::cla,GMB,The Gambia,2014,cla,CLA,,0,0,nominal_usd,loan_commitment
GMB::cancel,GMB,The Gambia,2014,cancel,Debt cancellation,,0,0,nominal_usd,debt_cancellation
GMB::restruct,GMB,The Gambia,2014,restruct,Debt restructuring,,0,0,nominal_usd,debt_restructuring
GMB::cofi,GMB,The Gambia,2014,cofi,COFI,,0,0,nominal_usd,investment
GMB::cgef,GMB,The Gambia,2014,cgef,CGEF,,0,0,nominal_usd,loan_commitment
GMB::chapo,GMB,The Gambia,2014,chapo,CHAPO,,0,0,constant_2021_usd,commitment
GMB::aiddata,GMB,The Gambia,2015,aiddata,AidData,,0,0,constant_2023_usd,commitment
GMB::codf,GMB,The Gambia,2015,codf,CODF,,0,0,nominal_usd,loan_commitment
GMB::cla,GMB,The Gambia,2015,cla,CLA,,0,0,nominal_usd,loan_commitment
GMB::cancel,GMB,The Gambia,2015,cancel,Debt cancellation,,0,0,nominal_usd,debt_cancellation
GMB::restruct,GMB,The Gambia,2015,restruct,Debt restructuring,,0,0,nominal_usd,debt_restructuring
GMB::cofi,GMB,The Gambia,2015,cofi,COFI,,0,0,nominal_usd,investment
GMB::cgef,GMB,The Gambia,2015,cgef,CGEF,,0,0,nominal_usd,loan_commitment
GMB::chapo,GMB,The Gambia,2015,chapo,CHAPO,,0,0,constant_2021_usd,commitment
GMB::aiddata,GMB,The Gambia,2016,aiddata,AidData,49242011.877848,2,1,constant_2023_usd,commitment
GMB::codf,GMB,The Gambia,2016,codf,CODF,,0,0,nominal_usd,loan_commitment
GMB::cla,GMB,The Gambia,2016,cla,CLA,,0,0,nominal_usd,loan_commitment
GMB::cancel,GMB,The Gambia,2016,cancel,Debt cancellation,,0,0,nominal_usd,debt_cancellation
GMB::restruct,GMB,The Gambia,2016,restruct,Debt restructuring,,0,0,nominal_usd,debt_restructuring
GMB::cofi,GMB,The Gambia,2016,cofi,COFI,,0,0,nominal_usd,investment
GMB::cgef,GMB,The Gambia,2016,cgef,CGEF,,0,0,nominal_usd,loan_commitment
GMB::chapo,GMB,The Gambia,2016,chapo,CHAPO,,0,0,constant_2021_usd,commitment
GMB::aiddata,GMB,The Gambia,2017,aiddata,AidData,132999426.730203,12,5,constant_2023_usd,commitment
GMB::codf,GMB,The Gambia,2017,codf,CODF,,0,0,nominal_usd,loan_commitment
GMB::cla,GMB,The Gambia,2017,cla,CLA,25000000.0,1,1,nominal_usd,loan_commitment
GMB::cancel,GMB,The Gambia,2017,cancel,Debt cancellation,12320000.0,1,1,nominal_usd,debt_cancellation
GMB::restruct,GMB,The Gambia,2017,restruct,Debt restructuring,,0,0,nominal_usd,debt_restructuring
GMB::cofi,GMB,The Gambia,2017,cofi,COFI,,0,0,nominal_usd,investment
GMB::cgef,GMB,The Gambia,2017,cgef,CGEF,,0,0,nominal_usd,loan_commitment
GMB::chapo,GMB,The Gambia,2017,chapo,CHAPO,119370.048718,3,1,constant_2021_usd,commitment
GMB::aiddata,GMB,The Gambia,2018,aiddata,AidData,1400435.794862,8,2,constant_2023_usd,commitment
GMB::codf,GMB,The Gambia,2018,codf,CODF,25900000.0,1,1,nominal_usd,loan_commitment
GMB::cla,GMB,The Gambia,2018,cla,CLA,25900000.0,1,1,nominal_usd,loan_commitment
GMB::cancel,GMB,The Gambia,2018,cancel,Debt cancellation,,0,0,nominal_usd,debt_cancellation
GMB::restruct,GMB,The Gambia,2018,restruct,Debt restructuring,,0,0,nominal_usd,debt_restructuring
GMB::cofi,GMB,The Gambia,2018,cofi,COFI,,0,0,nominal_usd,investment
GMB::cgef,GMB,The Gambia,2018,cgef,CGEF,,0,0,nominal_usd,loan_commitment
GMB::chapo,GMB,The Gambia,2018,chapo,CHAPO,,1,0,constant_2021_usd,commitment
GMB::aiddata,GMB,The Gambia,2019,aiddata,AidData,4712263.73083,13,4,constant_2023_usd,commitment
GMB::codf,GMB,The Gambia,2019,codf,CODF,,0,0,nominal_usd,loan_commitment
GMB::cla,GMB,The Gambia,2019,cla,CLA,,0,0,nominal_usd,loan_commitment
GMB::cancel,GMB,The Gambia,2019,cancel,Debt cancellation,,0,0,nominal_usd,debt_cancellation
GMB::restruct,GMB,The Gambia,2019,restruct,Debt restructuring,,0,0,nominal_usd,debt_restructuring
GMB::cofi,GMB,The Gambia,2019,cofi,COFI,,0,0,nominal_usd,investment
GMB::cgef,GMB,The Gambia,2019,cgef,CGEF,,0,0,nominal_usd,loan_commitment
GMB::chapo,GMB,The Gambia,2019,chapo,CHAPO,381796.044279,6,3,constant_2021_usd,commitment
GMB::aiddata,GMB,The Gambia,2020,aiddata,AidData,302400.189654,17,4,constant_2023_usd,commitment
GMB::codf,GMB,The Gambia,2020,codf,CODF,,0,0,nominal_usd,loan_commitment
GMB::cla,GMB,The Gambia,2020,cla,CLA,,0,0,nominal_usd,loan_commitment
GMB::cancel,GMB,The Gambia,2020,cancel,Debt cancellation,,0,0,nominal_usd,debt_cancellation
GMB::restruct,GMB,The Gambia,2020,restruct,Debt restructuring,,0,0,nominal_usd,debt_restructuring
GMB::cofi,GMB,The Gambia,2020,cofi,COFI,,0,0,nominal_usd,investment
GMB::cgef,GMB,The Gambia,2020,cgef,CGEF,,0,0,nominal_usd,loan_commitment
GMB::chapo,GMB,The Gambia,2020,chapo,CHAPO,284105.870885,9,3,constant_2021_usd,commitment
GMB::aiddata,GMB,The Gambia,2021,aiddata,AidData,8690559.807922,6,5,constant_2023_usd,commitment
GMB::codf,GMB,The Gambia,2021,codf,CODF,,0,0,nominal_usd,loan_commitment
GMB::cla,GMB,The Gambia,2021,cla,CLA,,0,0,nominal_usd,loan_commitment
GMB::cancel,GMB,The Gambia,2021,cancel,Debt cancellation,,0,0,nominal_usd,debt_cancellation
GMB::restruct,GMB,The Gambia,2021,restruct,Debt restructuring,,0,0,nominal_usd,debt_restructuring
GMB::cofi,GMB,The Gambia,2021,cofi,COFI,,0,0,nominal_usd,investment
GMB::cgef,GMB,The Gambia,2021,cgef,CGEF,,0,0,nominal_usd,loan_commitment
GMB::chapo,GMB,The Gambia,2021,chapo,CHAPO,9380006.104817,4,4,constant_2021_usd,commitment
GMB::aiddata,GMB,The Gambia,2022,aiddata,AidData,496870.824199,12,3,constant_2023_usd,commitment
GMB::codf,GMB,The Gambia,2022,codf,CODF,,0,0,nominal_usd,loan_commitment
GMB::cla,GMB,The Gambia,2022,cla,CLA,,0,0,nominal_usd,loan_commitment
GMB::cancel,GMB,The Gambia,2022,cancel,Debt cancellation,,0,0,nominal_usd,debt_cancellation
GMB::restruct,GMB,The Gambia,2022,restruct,Debt restructuring,,0,0,nominal_usd,debt_restructuring
GMB::cofi,GMB,The Gambia,2022,cofi,COFI,,0,0,nominal_usd,investment
GMB::cgef,GMB,The Gambia,2022,cgef,CGEF,,0,0,nominal_usd,loan_commitment
GMB::chapo,GMB,The Gambia,2022,chapo,CHAPO,,0,0,constant_2021_usd,commitment
GMB::aiddata,GMB,The Gambia,2023,aiddata,AidData,8235.043884,10,1,constant_2023_usd,commitment
GMB::codf,GMB,The Gambia,2023,codf,CODF,,0,0,nominal_usd,loan_commitment
GMB::cla,GMB,The Gambia,2023,cla,CLA,,0,0,nominal_usd,loan_commitment
GMB::cancel,GMB,The Gambia,2023,cancel,Debt cancellation,,0,0,nominal_usd,debt_cancellation
GMB::restruct,GMB,The Gambia,2023,restruct,Debt restructuring,,0,0,nominal_usd,debt_restructuring
GMB::cofi,GMB,The Gambia,2023,cofi,COFI,,0,0,nominal_usd,investment
GMB::cgef,GMB,The Gambia,2023,cgef,CGEF,,0,0,nominal_usd,loan_commitment
GMB::chapo,GMB,The Gambia,2023,chapo,CHAPO,,0,0,constant_2021_usd,commitment
GMB::aiddata,GMB,The Gambia,2024,aiddata,AidData,,0,0,constant_2023_usd,commitment
GMB::codf,GMB,The Gambia,2024,codf,CODF,,0,0,nominal_usd,loan_commitment
GMB::cla,GMB,The Gambia,2024,cla,CLA,,0,0,nominal_usd,loan_commitment
GMB::cancel,GMB,The Gambia,2024,cancel,Debt cancellation,,0,0,nominal_usd,debt_cancellation
GMB::restruct,GMB,The Gambia,2024,restruct,Debt restructuring,,0,0,nominal_usd,debt_restructuring
GMB::cofi,GMB,The Gambia,2024,cofi,COFI,,0,0,nominal_usd,investment
GMB::cgef,GMB,The Gambia,2024,cgef,CGEF,,0,0,nominal_usd,loan_commitment
GMB::chapo,GMB,The Gambia,2024,chapo,CHAPO,,0,0,constant_2021_usd,commitment
GNB::aiddata,GNB,Guinea-Bissau,2000,aiddata,AidData,,1,0,constant_2023_usd,commitment
GNB::codf,GNB,Guinea-Bissau,2000,codf,CODF,,0,0,nominal_usd,loan_commitment
GNB::cla,GNB,Guinea-Bissau,2000,cla,CLA,,0,0,nominal_usd,loan_commitment
GNB::cancel,GNB,Guinea-Bissau,2000,cancel,Debt cancellation,,0,0,nominal_usd,debt_cancellation
GNB::restruct,GNB,Guinea-Bissau,2000,restruct,Debt restructuring,,0,0,nominal_usd,debt_restructuring
GNB::cofi,GNB,Guinea-Bissau,2000,cofi,COFI,,0,0,nominal_usd,investment
GNB::cgef,GNB,Guinea-Bissau,2000,cgef,CGEF,,0,0,nominal_usd,loan_commitment
GNB::chapo,GNB,Guinea-Bissau,2000,chapo,CHAPO,,1,0,constant_2021_usd,commitment
GNB::aiddata,GNB,Guinea-Bissau,2001,aiddata,AidData,17609282.434267,1,1,constant_2023_usd,commitment
GNB::codf,GNB,Guinea-Bissau,2001,codf,CODF,,0,0,nominal_usd,loan_commitment
GNB::cla,GNB,Guinea-Bissau,2001,cla,CLA,,0,0,nominal_usd,loan_commitment
GNB::cancel,GNB,Guinea-Bissau,2001,cancel,Debt cancellation,5800000.0,1,1,nominal_usd,debt_cancellation
GNB::restruct,GNB,Guinea-Bissau,2001,restruct,Debt restructuring,,0,0,nominal_usd,debt_restructuring
GNB::cofi,GNB,Guinea-Bissau,2001,cofi,COFI,,0,0,nominal_usd,investment
GNB::cgef,GNB,Guinea-Bissau,2001,cgef,CGEF,,0,0,nominal_usd,loan_commitment
GNB::chapo,GNB,Guinea-Bissau,2001,chapo,CHAPO,,0,0,constant_2021_usd,commitment
GNB::aiddata,GNB,Guinea-Bissau,2002,aiddata,AidData,16027029.565535,4,2,constant_2023_usd,commitment
GNB::codf,GNB,Guinea-Bissau,2002,codf,CODF,,0,0,nominal_usd,loan_commitment
GNB::cla,GNB,Guinea-Bissau,2002,cla,CLA,,0,0,nominal_usd,loan_commitment
GNB::cancel,GNB,Guinea-Bissau,2002,cancel,Debt cancellation,,0,0,nominal_usd,debt_cancellation
GNB::restruct,GNB,Guinea-Bissau,2002,restruct,Debt restructuring,,0,0,nominal_usd,debt_restructuring
GNB::cofi,GNB,Guinea-Bissau,2002,cofi,COFI,,0,0,nominal_usd,investment
GNB::cgef,GNB,Guinea-Bissau,2002,cgef,CGEF,,0,0,nominal_usd,loan_commitment
GNB::chapo,GNB,Guinea-Bissau,2002,chapo,CHAPO,,1,0,constant_2021_usd,commitment
GNB::aiddata,GNB,Guinea-Bissau,2003,aiddata,AidData,9234315.267757,4,2,constant_2023_usd,commitment
GNB::codf,GNB,Guinea-Bissau,2003,codf,CODF,,0,0,nominal_usd,loan_commitment
GNB::cla,GNB,Guinea-Bissau,2003,cla,CLA,,0,0,nominal_usd,loan_commitment
GNB::cancel,GNB,Guinea-Bissau,2003,cancel,Debt cancellation,,0,0,nominal_usd,debt_cancellation
GNB::restruct,GNB,Guinea-Bissau,2003,restruct,Debt restructuring,,0,0,nominal_usd,debt_restructuring
GNB::cofi,GNB,Guinea-Bissau,2003,cofi,COFI,,0,0,nominal_usd,investment
GNB::cgef,GNB,Guinea-Bissau,2003,cgef,CGEF,,0,0,nominal_usd,loan_commitment
GNB::chapo,GNB,Guinea-Bissau,2003,chapo,CHAPO,8526223.091325,1,1,constant_2021_usd,commitment
GNB::aiddata,GNB,Guinea-Bissau,2004,aiddata,AidData,13341241.461124,5,3,constant_2023_usd,commitment
GNB::codf,GNB,Guinea-Bissau,2004,codf,CODF,,0,0,nominal_usd,loan_commitment
GNB::cla,GNB,Guinea-Bissau,2004,cla,CLA,,0,0,nominal_usd,loan_commitment
GNB::cancel,GNB,Guinea-Bissau,2004,cancel,Debt cancellation,,0,0,nominal_usd,debt_cancellation
GNB::restruct,GNB,Guinea-Bissau,2004,restruct,Debt restructuring,,0,0,nominal_usd,debt_restructuring
GNB::cofi,GNB,Guinea-Bissau,2004,cofi,COFI,,0,0,nominal_usd,investment
GNB::cgef,GNB,Guinea-Bissau,2004,cgef,CGEF,,0,0,nominal_usd,loan_commitment
GNB::chapo,GNB,Guinea-Bissau,2004,chapo,CHAPO,,1,0,constant_2021_usd,commitment
GNB::aiddata,GNB,Guinea-Bissau,2005,aiddata,AidData,4648987.276287,4,4,constant_2023_usd,commitment
GNB::codf,GNB,Guinea-Bissau,2005,codf,CODF,,0,0,nominal_usd,loan_commitment
GNB::cla,GNB,Guinea-Bissau,2005,cla,CLA,,0,0,nominal_usd,loan_commitment
GNB::cancel,GNB,Guinea-Bissau,2005,cancel,Debt cancellation,,0,0,nominal_usd,debt_cancellation
GNB::restruct,GNB,Guinea-Bissau,2005,restruct,Debt restructuring,,0,0,nominal_usd,debt_restructuring
GNB::cofi,GNB,Guinea-Bissau,2005,cofi,COFI,,0,0,nominal_usd,investment
GNB::cgef,GNB,Guinea-Bissau,2005,cgef,CGEF,,0,0,nominal_usd,loan_commitment
GNB::chapo,GNB,Guinea-Bissau,2005,chapo,CHAPO,,0,0,constant_2021_usd,commitment
GNB::aiddata,GNB,Guinea-Bissau,2006,aiddata,AidData,750606.437155,4,1,constant_2023_usd,commitment
GNB::codf,GNB,Guinea-Bissau,2006,codf,CODF,,0,0,nominal_usd,loan_commitment
GNB::cla,GNB,Guinea-Bissau,2006,cla,CLA,,0,0,nominal_usd,loan_commitment
GNB::cancel,GNB,Guinea-Bissau,2006,cancel,Debt cancellation,,0,0,nominal_usd,debt_cancellation
GNB::restruct,GNB,Guinea-Bissau,2006,restruct,Debt restructuring,,0,0,nominal_usd,debt_restructuring
GNB::cofi,GNB,Guinea-Bissau,2006,cofi,COFI,,0,0,nominal_usd,investment
GNB::cgef,GNB,Guinea-Bissau,2006,cgef,CGEF,,0,0,nominal_usd,loan_commitment
GNB::chapo,GNB,Guinea-Bissau,2006,chapo,CHAPO,,1,0,constant_2021_usd,commitment
GNB::aiddata,GNB,Guinea-Bissau,2007,aiddata,AidData,28621274.383578,5,2,constant_2023_usd,commitment
GNB::codf,GNB,Guinea-Bissau,2007,codf,CODF,,0,0,nominal_usd,loan_commitment
GNB::cla,GNB,Guinea-Bissau,2007,cla,CLA,,0,0,nominal_usd,loan_commitment
GNB::cancel,GNB,Guinea-Bissau,2007,cancel,Debt cancellation,,0,0,nominal_usd,debt_cancellation
GNB::restruct,GNB,Guinea-Bissau,2007,restruct,Debt restructuring,,0,0,nominal_usd,debt_restructuring
GNB::cofi,GNB,Guinea-Bissau,2007,cofi,COFI,,0,0,nominal_usd,investment
GNB::cgef,GNB,Guinea-Bissau,2007,cgef,CGEF,,0,0,nominal_usd,loan_commitment
GNB::chapo,GNB,Guinea-Bissau,2007,chapo,CHAPO,,0,0,constant_2021_usd,commitment
GNB::aiddata,GNB,Guinea-Bissau,2008,aiddata,AidData,43098450.175722,5,3,constant_2023_usd,commitment
GNB::codf,GNB,Guinea-Bissau,2008,codf,CODF,,0,0,nominal_usd,loan_commitment
GNB::cla,GNB,Guinea-Bissau,2008,cla,CLA,,0,0,nominal_usd,loan_commitment
GNB::cancel,GNB,Guinea-Bissau,2008,cancel,Debt cancellation,,0,0,nominal_usd,debt_cancellation
GNB::restruct,GNB,Guinea-Bissau,2008,restruct,Debt restructuring,,0,0,nominal_usd,debt_restructuring
GNB::cofi,GNB,Guinea-Bissau,2008,cofi,COFI,,0,0,nominal_usd,investment
GNB::cgef,GNB,Guinea-Bissau,2008,cgef,CGEF,,0,0,nominal_usd,loan_commitment
GNB::chapo,GNB,Guinea-Bissau,2008,chapo,CHAPO,22258954.460456,3,2,constant_2021_usd,commitment
GNB::aiddata,GNB,Guinea-Bissau,2009,aiddata,AidData,12582528.229876,4,2,constant_2023_usd,commitment
GNB::codf,GNB,Guinea-Bissau,2009,codf,CODF,,0,0,nominal_usd,loan_commitment
GNB::cla,GNB,Guinea-Bissau,2009,cla,CLA,,0,0,nominal_usd,loan_commitment
GNB::cancel,GNB,Guinea-Bissau,2009,cancel,Debt cancellation,,0,0,nominal_usd,debt_cancellation
GNB::restruct,GNB,Guinea-Bissau,2009,restruct,Debt restructuring,,0,0,nominal_usd,debt_restructuring
GNB::cofi,GNB,Guinea-Bissau,2009,cofi,COFI,,0,0,nominal_usd,investment
GNB::cgef,GNB,Guinea-Bissau,2009,cgef,CGEF,,0,0,nominal_usd,loan_commitment
GNB::chapo,GNB,Guinea-Bissau,2009,chapo,CHAPO,,1,0,constant_2021_usd,commitment
GNB::aiddata,GNB,Guinea-Bissau,2010,aiddata,AidData,2873377.841157,4,2,constant_2023_usd,commitment
GNB::codf,GNB,Guinea-Bissau,2010,codf,CODF,,0,0,nominal_usd,loan_commitment
GNB::cla,GNB,Guinea-Bissau,2010,cla,CLA,,0,0,nominal_usd,loan_commitment
GNB::cancel,GNB,Guinea-Bissau,2010,cancel,Debt cancellation,,0,0,nominal_usd,debt_cancellation
GNB::restruct,GNB,Guinea-Bissau,2010,restruct,Debt restructuring,,0,0,nominal_usd,debt_restructuring
GNB::cofi,GNB,Guinea-Bissau,2010,cofi,COFI,,0,0,nominal_usd,investment
GNB::cgef,GNB,Guinea-Bissau,2010,cgef,CGEF,,0,0,nominal_usd,loan_commitment
GNB::chapo,GNB,Guinea-Bissau,2010,chapo,CHAPO,,1,0,constant_2021_usd,commitment
GNB::aiddata,GNB,Guinea-Bissau,2011,aiddata,AidData,790828.034922,2,1,constant_2023_usd,commitment
GNB::codf,GNB,Guinea-Bissau,2011,codf,CODF,,0,0,nominal_usd,loan_commitment
GNB::cla,GNB,Guinea-Bissau,2011,cla,CLA,,0,0,nominal_usd,loan_commitment
GNB::cancel,GNB,Guinea-Bissau,2011,cancel,Debt cancellation,,0,0,nominal_usd,debt_cancellation
GNB::restruct,GNB,Guinea-Bissau,2011,restruct,Debt restructuring,,0,0,nominal_usd,debt_restructuring
GNB::cofi,GNB,Guinea-Bissau,2011,cofi,COFI,,0,0,nominal_usd,investment
GNB::cgef,GNB,Guinea-Bissau,2011,cgef,CGEF,,0,0,nominal_usd,loan_commitment
GNB::chapo,GNB,Guinea-Bissau,2011,chapo,CHAPO,855808.330777,1,1,constant_2021_usd,commitment
GNB::aiddata,GNB,Guinea-Bissau,2012,aiddata,AidData,,2,0,constant_2023_usd,commitment
GNB::codf,GNB,Guinea-Bissau,2012,codf,CODF,,0,0,nominal_usd,loan_commitment
GNB::cla,GNB,Guinea-Bissau,2012,cla,CLA,,0,0,nominal_usd,loan_commitment
GNB::cancel,GNB,Guinea-Bissau,2012,cancel,Debt cancellation,,0,0,nominal_usd,debt_cancellation
GNB::restruct,GNB,Guinea-Bissau,2012,restruct,Debt restructuring,,0,0,nominal_usd,debt_restructuring
GNB::cofi,GNB,Guinea-Bissau,2012,cofi,COFI,,0,0,nominal_usd,investment
GNB::cgef,GNB,Guinea-Bissau,2012,cgef,CGEF,,0,0,nominal_usd,loan_commitment
GNB::chapo,GNB,Guinea-Bissau,2012,chapo,CHAPO,,1,0,constant_2021_usd,commitment
GNB::aiddata,GNB,Guinea-Bissau,2013,aiddata,AidData,8703019.07522,4,3,constant_2023_usd,commitment
GNB::codf,GNB,Guinea-Bissau,2013,codf,CODF,,0,0,nominal_usd,loan_commitment
GNB::cla,GNB,Guinea-Bissau,2013,cla,CLA,,0,0,nominal_usd,loan_commitment
GNB::cancel,GNB,Guinea-Bissau,2013,cancel,Debt cancellation,,0,0,nominal_usd,debt_cancellation
GNB::restruct,GNB,Guinea-Bissau,2013,restruct,Debt restructuring,,0,0,nominal_usd,debt_restructuring
GNB::cofi,GNB,Guinea-Bissau,2013,cofi,COFI,,0,0,nominal_usd,investment
GNB::cgef,GNB,Guinea-Bissau,2013,cgef,CGEF,,0,0,nominal_usd,loan_commitment
GNB::chapo,GNB,Guinea-Bissau,2013,chapo,CHAPO,,0,0,constant_2021_usd,commitment
GNB::aiddata,GNB,Guinea-Bissau,2014,aiddata,AidData,166445.16697,5,1,constant_2023_usd,commitment
GNB::codf,GNB,Guinea-Bissau,2014,codf,CODF,,0,0,nominal_usd,loan_commitment
GNB::cla,GNB,Guinea-Bissau,2014,cla,CLA,,0,0,nominal_usd,loan_commitment
GNB::cancel,GNB,Guinea-Bissau,2014,cancel,Debt cancellation,,0,0,nominal_usd,debt_cancellation
GNB::restruct,GNB,Guinea-Bissau,2014,restruct,Debt restructuring,,0,0,nominal_usd,debt_restructuring
GNB::cofi,GNB,Guinea-Bissau,2014,cofi,COFI,,0,0,nominal_usd,investment
GNB::cgef,GNB,Guinea-Bissau,2014,cgef,CGEF,,0,0,nominal_usd,loan_commitment
GNB::chapo,GNB,Guinea-Bissau,2014,chapo,CHAPO,179679.273658,5,1,constant_2021_usd,commitment
GNB::aiddata,GNB,Guinea-Bissau,2015,aiddata,AidData,6714768.732252,5,4,constant_2023_usd,commitment
GNB::codf,GNB,Guinea-Bissau,2015,codf,CODF,,0,0,nominal_usd,loan_commitment
GNB::cla,GNB,Guinea-Bissau,2015,cla,CLA,,0,0,nominal_usd,loan_commitment
GNB::cancel,GNB,Guinea-Bissau,2015,cancel,Debt cancellation,,0,0,nominal_usd,debt_cancellation
GNB::restruct,GNB,Guinea-Bissau,2015,restruct,Debt restructuring,,0,0,nominal_usd,debt_restructuring
GNB::cofi,GNB,Guinea-Bissau,2015,cofi,COFI,,0,0,nominal_usd,investment
GNB::cgef,GNB,Guinea-Bissau,2015,cgef,CGEF,,0,0,nominal_usd,loan_commitment
GNB::chapo,GNB,Guinea-Bissau,2015,chapo,CHAPO,,0,0,constant_2021_usd,commitment
GNB::aiddata,GNB,Guinea-Bissau,2016,aiddata,AidData,32734735.842497,7,2,constant_2023_usd,commitment
GNB::codf,GNB,Guinea-Bissau,2016,codf,CODF,,0,0,nominal_usd,loan_commitment
GNB::cla,GNB,Guinea-Bissau,2016,cla,CLA,,0,0,nominal_usd,loan_commitment
GNB::cancel,GNB,Guinea-Bissau,2016,cancel,Debt cancellation,,0,0,nominal_usd,debt_cancellation
GNB::restruct,GNB,Guinea-Bissau,2016,restruct,Debt restructuring,,0,0,nominal_usd,debt_restructuring
GNB::cofi,GNB,Guinea-Bissau,2016,cofi,COFI,,0,0,nominal_usd,investment
GNB::cgef,GNB,Guinea-Bissau,2016,cgef,CGEF,,0,0,nominal_usd,loan_commitment
GNB::chapo,GNB,Guinea-Bissau,2016,chapo,CHAPO,14169.6541,3,1,constant_2021_usd,commitment
GNB::aiddata,GNB,Guinea-Bissau,2017,aiddata,AidData,25038466.268874,4,1,constant_2023_usd,commitment
GNB::codf,GNB,Guinea-Bissau,2017,codf,CODF,,0,0,nominal_usd,loan_commitment
GNB::cla,GNB,Guinea-Bissau,2017,cla,CLA,,0,0,nominal_usd,loan_commitment
GNB::cancel,GNB,Guinea-Bissau,2017,cancel,Debt cancellation,,0,0,nominal_usd,debt_cancellation
GNB::restruct,GNB,Guinea-Bissau,2017,restruct,Debt restructuring,,0,0,nominal_usd,debt_restructuring
GNB::cofi,GNB,Guinea-Bissau,2017,cofi,COFI,,0,0,nominal_usd,investment
GNB::cgef,GNB,Guinea-Bissau,2017,cgef,CGEF,,0,0,nominal_usd,loan_commitment
GNB::chapo,GNB,Guinea-Bissau,2017,chapo,CHAPO,,1,0,constant_2021_usd,commitment
GNB::aiddata,GNB,Guinea-Bissau,2018,aiddata,AidData,43276799.92454,10,3,constant_2023_usd,commitment
GNB::codf,GNB,Guinea-Bissau,2018,codf,CODF,,0,0,nominal_usd,loan_commitment
GNB::cla,GNB,Guinea-Bissau,2018,cla,CLA,,0,0,nominal_usd,loan_commitment
GNB::cancel,GNB,Guinea-Bissau,2018,cancel,Debt cancellation,,0,0,nominal_usd,debt_cancellation
GNB::restruct,GNB,Guinea-Bissau,2018,restruct,Debt restructuring,,0,0,nominal_usd,debt_restructuring
GNB::cofi,GNB,Guinea-Bissau,2018,cofi,COFI,,0,0,nominal_usd,investment
GNB::cgef,GNB,Guinea-Bissau,2018,cgef,CGEF,,0,0,nominal_usd,loan_commitment
GNB::chapo,GNB,Guinea-Bissau,2018,chapo,CHAPO,,3,0,constant_2021_usd,commitment
GNB::aiddata,GNB,Guinea-Bissau,2019,aiddata,AidData,7195236.035543,10,2,constant_2023_usd,commitment
GNB::codf,GNB,Guinea-Bissau,2019,codf,CODF,,0,0,nominal_usd,loan_commitment
GNB::cla,GNB,Guinea-Bissau,2019,cla,CLA,,0,0,nominal_usd,loan_commitment
GNB::cancel,GNB,Guinea-Bissau,2019,cancel,Debt cancellation,,0,0,nominal_usd,debt_cancellation
GNB::restruct,GNB,Guinea-Bissau,2019,restruct,Debt restructuring,,0,0,nominal_usd,debt_restructuring
GNB::cofi,GNB,Guinea-Bissau,2019,cofi,COFI,,0,0,nominal_usd,investment
GNB::cgef,GNB,Guinea-Bissau,2019,cgef,CGEF,,0,0,nominal_usd,loan_commitment
GNB::chapo,GNB,Guinea-Bissau,2019,chapo,CHAPO,,1,0,constant_2021_usd,commitment
GNB::aiddata,GNB,Guinea-Bissau,2020,aiddata,AidData,308859.836764,8,3,constant_2023_usd,commitment
GNB::codf,GNB,Guinea-Bissau,2020,codf,CODF,,0,0,nominal_usd,loan_commitment
GNB::cla,GNB,Guinea-Bissau,2020,cla,CLA,,0,0,nominal_usd,loan_commitment
GNB::cancel,GNB,Guinea-Bissau,2020,cancel,Debt cancellation,,0,0,nominal_usd,debt_cancellation
GNB::restruct,GNB,Guinea-Bissau,2020,restruct,Debt restructuring,,0,0,nominal_usd,debt_restructuring
GNB::cofi,GNB,Guinea-Bissau,2020,cofi,COFI,,0,0,nominal_usd,investment
GNB::cgef,GNB,Guinea-Bissau,2020,cgef,CGEF,,0,0,nominal_usd,loan_commitment
GNB::chapo,GNB,Guinea-Bissau,2020,chapo,CHAPO,334336.325035,6,3,constant_2021_usd,commitment
GNB::aiddata,GNB,Guinea-Bissau,2021,aiddata,AidData,4979564.840761,16,2,constant_2023_usd,commitment
GNB::codf,GNB,Guinea-Bissau,2021,codf,CODF,,0,0,nominal_usd,loan_commitment
GNB::cla,GNB,Guinea-Bissau,2021,cla,CLA,,0,0,nominal_usd,loan_commitment
GNB::cancel,GNB,Guinea-Bissau,2021,cancel,Debt cancellation,,0,0,nominal_usd,debt_cancellation
GNB::restruct,GNB,Guinea-Bissau,2021,restruct,Debt restructuring,,0,0,nominal_usd,debt_restructuring
GNB::cofi,GNB,Guinea-Bissau,2021,cofi,COFI,,0,0,nominal_usd,investment
GNB::cgef,GNB,Guinea-Bissau,2021,cgef,CGEF,,0,0,nominal_usd,loan_commitment
GNB::chapo,GNB,Guinea-Bissau,2021,chapo,CHAPO,7200000.0,6,3,constant_2021_usd,commitment
GNB::aiddata,GNB,Guinea-Bissau,2022,aiddata,AidData,5720669.477883,12,4,constant_2023_usd,commitment
GNB::codf,GNB,Guinea-Bissau,2022,codf,CODF,,0,0,nominal_usd,loan_commitment
GNB::cla,GNB,Guinea-Bissau,2022,cla,CLA,,0,0,nominal_usd,loan_commitment
GNB::cancel,GNB,Guinea-Bissau,2022,cancel,Debt cancellation,,0,0,nominal_usd,debt_cancellation
GNB::restruct,GNB,Guinea-Bissau,2022,restruct,Debt restructuring,,0,0,nominal_usd,debt_restructuring
GNB::cofi,GNB,Guinea-Bissau,2022,cofi,COFI,,0,0,nominal_usd,investment
GNB::cgef,GNB,Guinea-Bissau,2022,cgef,CGEF,,0,0,nominal_usd,loan_commitment
GNB::chapo,GNB,Guinea-Bissau,2022,chapo,CHAPO,,0,0,constant_2021_usd,commitment
GNB::aiddata,GNB,Guinea-Bissau,2023,aiddata,AidData,,7,0,constant_2023_usd,commitment
GNB::codf,GNB,Guinea-Bissau,2023,codf,CODF,,0,0,nominal_usd,loan_commitment
GNB::cla,GNB,Guinea-Bissau,2023,cla,CLA,,0,0,nominal_usd,loan_commitment
GNB::cancel,GNB,Guinea-Bissau,2023,cancel,Debt cancellation,,0,0,nominal_usd,debt_cancellation
GNB::restruct,GNB,Guinea-Bissau,2023,restruct,Debt restructuring,,0,0,nominal_usd,debt_restructuring
GNB::cofi,GNB,Guinea-Bissau,2023,cofi,COFI,,0,0,nominal_usd,investment
GNB::cgef,GNB,Guinea-Bissau,2023,cgef,CGEF,,0,0,nominal_usd,loan_commitment
GNB::chapo,GNB,Guinea-Bissau,2023,chapo,CHAPO,,0,0,constant_2021_usd,commitment
GNB::aiddata,GNB,Guinea-Bissau,2024,aiddata,AidData,,0,0,constant_2023_usd,commitment
GNB::codf,GNB,Guinea-Bissau,2024,codf,CODF,,0,0,nominal_usd,loan_commitment
GNB::cla,GNB,Guinea-Bissau,2024,cla,CLA,,0,0,nominal_usd,loan_commitment
GNB::cancel,GNB,Guinea-Bissau,2024,cancel,Debt cancellation,,0,0,nominal_usd,debt_cancellation
GNB::restruct,GNB,Guinea-Bissau,2024,restruct,Debt restructuring,,0,0,nominal_usd,debt_restructuring
GNB::cofi,GNB,Guinea-Bissau,2024,cofi,COFI,,0,0,nominal_usd,investment
GNB::cgef,GNB,Guinea-Bissau,2024,cgef,CGEF,,0,0,nominal_usd,loan_commitment
GNB::chapo,GNB,Guinea-Bissau,2024,chapo,CHAPO,,0,0,constant_2021_usd,commitment
GNQ::aiddata,GNQ,Equatorial Guinea,2000,aiddata,AidData,,1,0,constant_2023_usd,commitment
GNQ::codf,GNQ,Equatorial Guinea,2000,codf,CODF,,0,0,nominal_usd,loan_commitment
GNQ::cla,GNQ,Equatorial Guinea,2000,cla,CLA,,0,0,nominal_usd,loan_commitment
GNQ::cancel,GNQ,Equatorial Guinea,2000,cancel,Debt cancellation,,0,0,nominal_usd,debt_cancellation
GNQ::restruct,GNQ,Equatorial Guinea,2000,restruct,Debt restructuring,,0,0,nominal_usd,debt_restructuring
GNQ::cofi,GNQ,Equatorial Guinea,2000,cofi,COFI,,0,0,nominal_usd,investment
GNQ::cgef,GNQ,Equatorial Guinea,2000,cgef,CGEF,,0,0,nominal_usd,loan_commitment
GNQ::chapo,GNQ,Equatorial Guinea,2000,chapo,CHAPO,,0,0,constant_2021_usd,commitment
GNQ::aiddata,GNQ,Equatorial Guinea,2001,aiddata,AidData,132557918.12029,4,3,constant_2023_usd,commitment
GNQ::codf,GNQ,Equatorial Guinea,2001,codf,CODF,,0,0,nominal_usd,loan_commitment
GNQ::cla,GNQ,Equatorial Guinea,2001,cla,CLA,11000000.0,1,1,nominal_usd,loan_commitment
GNQ::cancel,GNQ,Equatorial Guinea,2001,cancel,Debt cancellation,,1,0,nominal_usd,debt_cancellation
GNQ::restruct,GNQ,Equatorial Guinea,2001,restruct,Debt restructuring,,0,0,nominal_usd,debt_restructuring
GNQ::cofi,GNQ,Equatorial Guinea,2001,cofi,COFI,,0,0,nominal_usd,investment
GNQ::cgef,GNQ,Equatorial Guinea,2001,cgef,CGEF,,0,0,nominal_usd,loan_commitment
GNQ::chapo,GNQ,Equatorial Guinea,2001,chapo,CHAPO,,0,0,constant_2021_usd,commitment
GNQ::aiddata,GNQ,Equatorial Guinea,2002,aiddata,AidData,13945753.278364,1,1,constant_2023_usd,commitment
GNQ::codf,GNQ,Equatorial Guinea,2002,codf,CODF,,0,0,nominal_usd,loan_commitment
GNQ::cla,GNQ,Equatorial Guinea,2002,cla,CLA,,0,0,nominal_usd,loan_commitment
GNQ::cancel,GNQ,Equatorial Guinea,2002,cancel,Debt cancellation,,0,0,nominal_usd,debt_cancellation
GNQ::restruct,GNQ,Equatorial Guinea,2002,restruct,Debt restructuring,,0,0,nominal_usd,debt_restructuring
GNQ::cofi,GNQ,Equatorial Guinea,2002,cofi,COFI,,0,0,nominal_usd,investment
GNQ::cgef,GNQ,Equatorial Guinea,2002,cgef,CGEF,,0,0,nominal_usd,loan_commitment
GNQ::chapo,GNQ,Equatorial Guinea,2002,chapo,CHAPO,,0,0,constant_2021_usd,commitment
GNQ::aiddata,GNQ,Equatorial Guinea,2003,aiddata,AidData,23106281.776995,2,1,constant_2023_usd,commitment
GNQ::codf,GNQ,Equatorial Guinea,2003,codf,CODF,,0,0,nominal_usd,loan_commitment
GNQ::cla,GNQ,Equatorial Guinea,2003,cla,CLA,6000000.0,1,1,nominal_usd,loan_commitment
GNQ::cancel,GNQ,Equatorial Guinea,2003,cancel,Debt cancellation,,0,0,nominal_usd,debt_cancellation
GNQ::restruct,GNQ,Equatorial Guinea,2003,restruct,Debt restructuring,,0,0,nominal_usd,debt_restructuring
GNQ::cofi,GNQ,Equatorial Guinea,2003,cofi,COFI,,0,0,nominal_usd,investment
GNQ::cgef,GNQ,Equatorial Guinea,2003,cgef,CGEF,,0,0,nominal_usd,loan_commitment
GNQ::chapo,GNQ,Equatorial Guinea,2003,chapo,CHAPO,,1,0,constant_2021_usd,commitment
GNQ::aiddata,GNQ,Equatorial Guinea,2004,aiddata,AidData,7913800.205944,1,1,constant_2023_usd,commitment
GNQ::codf,GNQ,Equatorial Guinea,2004,codf,CODF,,0,0,nominal_usd,loan_commitment
GNQ::cla,GNQ,Equatorial Guinea,2004,cla,CLA,4830000.0,1,1,nominal_usd,loan_commitment
GNQ::cancel,GNQ,Equatorial Guinea,2004,cancel,Debt cancellation,,0,0,nominal_usd,debt_cancellation
GNQ::restruct,GNQ,Equatorial Guinea,2004,restruct,Debt restructuring,,0,0,nominal_usd,debt_restructuring
GNQ::cofi,GNQ,Equatorial Guinea,2004,cofi,COFI,,0,0,nominal_usd,investment
GNQ::cgef,GNQ,Equatorial Guinea,2004,cgef,CGEF,,0,0,nominal_usd,loan_commitment
GNQ::chapo,GNQ,Equatorial Guinea,2004,chapo,CHAPO,,0,0,constant_2021_usd,commitment
GNQ::aiddata,GNQ,Equatorial Guinea,2005,aiddata,AidData,19569559.594478,4,2,constant_2023_usd,commitment
GNQ::codf,GNQ,Equatorial Guinea,2005,codf,CODF,,0,0,nominal_usd,loan_commitment
GNQ::cla,GNQ,Equatorial Guinea,2005,cla,CLA,9760000.0,2,2,nominal_usd,loan_commitment
GNQ::cancel,GNQ,Equatorial Guinea,2005,cancel,Debt cancellation,,0,0,nominal_usd,debt_cancellation
GNQ::restruct,GNQ,Equatorial Guinea,2005,restruct,Debt restructuring,,0,0,nominal_usd,debt_restructuring
GNQ::cofi,GNQ,Equatorial Guinea,2005,cofi,COFI,,0,0,nominal_usd,investment
GNQ::cgef,GNQ,Equatorial Guinea,2005,cgef,CGEF,,0,0,nominal_usd,loan_commitment
GNQ::chapo,GNQ,Equatorial Guinea,2005,chapo,CHAPO,,0,0,constant_2021_usd,commitment
GNQ::aiddata,GNQ,Equatorial Guinea,2006,aiddata,AidData,32125955.510231,2,1,constant_2023_usd,commitment
GNQ::codf,GNQ,Equatorial Guinea,2006,codf,CODF,,0,0,nominal_usd,loan_commitment
GNQ::cla,GNQ,Equatorial Guinea,2006,cla,CLA,257000000.0,1,1,nominal_usd,loan_commitment
GNQ::cancel,GNQ,Equatorial Guinea,2006,cancel,Debt cancellation,,0,0,nominal_usd,debt_cancellation
GNQ::restruct,GNQ,Equatorial Guinea,2006,restruct,Debt restructuring,,0,0,nominal_usd,debt_restructuring
GNQ::cofi,GNQ,Equatorial Guinea,2006,cofi,COFI,257000000.0,1,1,nominal_usd,investment
GNQ::cgef,GNQ,Equatorial Guinea,2006,cgef,CGEF,257000000.0,1,1,nominal_usd,loan_commitment
GNQ::chapo,GNQ,Equatorial Guinea,2006,chapo,CHAPO,,1,0,constant_2021_usd,commitment
GNQ::aiddata,GNQ,Equatorial Guinea,2007,aiddata,AidData,1188250487.170053,12,7,constant_2023_usd,commitment
GNQ::codf,GNQ,Equatorial Guinea,2007,codf,CODF,,0,0,nominal_usd,loan_commitment
GNQ::cla,GNQ,Equatorial Guinea,2007,cla,CLA,753360000.0,4,4,nominal_usd,loan_commitment
GNQ::cancel,GNQ,Equatorial Guinea,2007,cancel,Debt cancellation,10000000.0,1,1,nominal_usd,debt_cancellation
GNQ::restruct,GNQ,Equatorial Guinea,2007,restruct,Debt restructuring,,0,0,nominal_usd,debt_restructuring
GNQ::cofi,GNQ,Equatorial Guinea,2007,cofi,COFI,,0,0,nominal_usd,investment
GNQ::cgef,GNQ,Equatorial Guinea,2007,cgef,CGEF,,0,0,nominal_usd,loan_commitment
GNQ::chapo,GNQ,Equatorial Guinea,2007,chapo,CHAPO,354827.751552,2,2,constant_2021_usd,commitment
GNQ::aiddata,GNQ,Equatorial Guinea,2008,aiddata,AidData,161853191.918151,7,2,constant_2023_usd,commitment
GNQ::codf,GNQ,Equatorial Guinea,2008,codf,CODF,,0,0,nominal_usd,loan_commitment
GNQ::cla,GNQ,Equatorial Guinea,2008,cla,CLA,,0,0,nominal_usd,loan_commitment
GNQ::cancel,GNQ,Equatorial Guinea,2008,cancel,Debt cancellation,,0,0,nominal_usd,debt_cancellation
GNQ::restruct,GNQ,Equatorial Guinea,2008,restruct,Debt restructuring,,0,0,nominal_usd,debt_restructuring
GNQ::cofi,GNQ,Equatorial Guinea,2008,cofi,COFI,,0,0,nominal_usd,investment
GNQ::cgef,GNQ,Equatorial Guinea,2008,cgef,CGEF,,0,0,nominal_usd,loan_commitment
GNQ::chapo,GNQ,Equatorial Guinea,2008,chapo,CHAPO,219361.419143,2,1,constant_2021_usd,commitment
GNQ::aiddata,GNQ,Equatorial Guinea,2009,aiddata,AidData,1524074574.606262,13,7,constant_2023_usd,commitment
GNQ::codf,GNQ,Equatorial Guinea,2009,codf,CODF,869150000.0,3,3,nominal_usd,loan_commitment
GNQ::cla,GNQ,Equatorial Guinea,2009,cla,CLA,1000910000.0,4,4,nominal_usd,loan_commitment
GNQ::cancel,GNQ,Equatorial Guinea,2009,cancel,Debt cancellation,,0,0,nominal_usd,debt_cancellation
GNQ::restruct,GNQ,Equatorial Guinea,2009,restruct,Debt restructuring,,0,0,nominal_usd,debt_restructuring
GNQ::cofi,GNQ,Equatorial Guinea,2009,cofi,COFI,138874900.0,1,1,nominal_usd,investment
GNQ::cgef,GNQ,Equatorial Guinea,2009,cgef,CGEF,869150000.0,3,3,nominal_usd,loan_commitment
GNQ::chapo,GNQ,Equatorial Guinea,2009,chapo,CHAPO,219865.157685,2,1,constant_2021_usd,commitment
GNQ::aiddata,GNQ,Equatorial Guinea,2010,aiddata,AidData,1504628845.028776,9,5,constant_2023_usd,commitment
GNQ::codf,GNQ,Equatorial Guinea,2010,codf,CODF,300000000.0,1,1,nominal_usd,loan_commitment
GNQ::cla,GNQ,Equatorial Guinea,2010,cla,CLA,300000000.0,1,1,nominal_usd,loan_commitment
GNQ::cancel,GNQ,Equatorial Guinea,2010,cancel,Debt cancellation,,0,0,nominal_usd,debt_cancellation
GNQ::restruct,GNQ,Equatorial Guinea,2010,restruct,Debt restructuring,,0,0,nominal_usd,debt_restructuring
GNQ::cofi,GNQ,Equatorial Guinea,2010,cofi,COFI,,0,0,nominal_usd,investment
GNQ::cgef,GNQ,Equatorial Guinea,2010,cgef,CGEF,300000000.0,1,1,nominal_usd,loan_commitment
GNQ::chapo,GNQ,Equatorial Guinea,2010,chapo,CHAPO,205748.016947,2,1,constant_2021_usd,commitment
GNQ::aiddata,GNQ,Equatorial Guinea,2011,aiddata,AidData,1019590429.964881,10,2,constant_2023_usd,commitment
GNQ::codf,GNQ,Equatorial Guinea,2011,codf,CODF,,0,0,nominal_usd,loan_commitment
GNQ::cla,GNQ,Equatorial Guinea,2011,cla,CLA,,0,0,nominal_usd,loan_commitment
GNQ::cancel,GNQ,Equatorial Guinea,2011,cancel,Debt cancellation,,0,0,nominal_usd,debt_cancellation
GNQ::restruct,GNQ,Equatorial Guinea,2011,restruct,Debt restructuring,,0,0,nominal_usd,debt_restructuring
GNQ::cofi,GNQ,Equatorial Guinea,2011,cofi,COFI,,0,0,nominal_usd,investment
GNQ::cgef,GNQ,Equatorial Guinea,2011,cgef,CGEF,,0,0,nominal_usd,loan_commitment
GNQ::chapo,GNQ,Equatorial Guinea,2011,chapo,CHAPO,,0,0,constant_2021_usd,commitment
GNQ::aiddata,GNQ,Equatorial Guinea,2012,aiddata,AidData,575778802.117283,9,2,constant_2023_usd,commitment
GNQ::codf,GNQ,Equatorial Guinea,2012,codf,CODF,330000000.0,1,1,nominal_usd,loan_commitment
GNQ::cla,GNQ,Equatorial Guinea,2012,cla,CLA,330000000.0,1,1,nominal_usd,loan_commitment
GNQ::cancel,GNQ,Equatorial Guinea,2012,cancel,Debt cancellation,,1,0,nominal_usd,debt_cancellation
GNQ::restruct,GNQ,Equatorial Guinea,2012,restruct,Debt restructuring,,0,0,nominal_usd,debt_restructuring
GNQ::cofi,GNQ,Equatorial Guinea,2012,cofi,COFI,,0,0,nominal_usd,investment
GNQ::cgef,GNQ,Equatorial Guinea,2012,cgef,CGEF,,0,0,nominal_usd,loan_commitment
GNQ::chapo,GNQ,Equatorial Guinea,2012,chapo,CHAPO,,1,0,constant_2021_usd,commitment
GNQ::aiddata,GNQ,Equatorial Guinea,2013,aiddata,AidData,192011732.660309,3,1,constant_2023_usd,commitment
GNQ::codf,GNQ,Equatorial Guinea,2013,codf,CODF,200660000.0,1,1,nominal_usd,loan_commitment
GNQ::cla,GNQ,Equatorial Guinea,2013,cla,CLA,200660000.0,1,1,nominal_usd,loan_commitment
GNQ::cancel,GNQ,Equatorial Guinea,2013,cancel,Debt cancellation,,0,0,nominal_usd,debt_cancellation
GNQ::restruct,GNQ,Equatorial Guinea,2013,restruct,Debt restructuring,,0,0,nominal_usd,debt_restructuring
GNQ::cofi,GNQ,Equatorial Guinea,2013,cofi,COFI,,0,0,nominal_usd,investment
GNQ::cgef,GNQ,Equatorial Guinea,2013,cgef,CGEF,,0,0,nominal_usd,loan_commitment
GNQ::chapo,GNQ,Equatorial Guinea,2013,chapo,CHAPO,,0,0,constant_2021_usd,commitment
GNQ::aiddata,GNQ,Equatorial Guinea,2014,aiddata,AidData,102555.318091,4,1,constant_2023_usd,commitment
GNQ::codf,GNQ,Equatorial Guinea,2014,codf,CODF,,0,0,nominal_usd,loan_commitment
GNQ::cla,GNQ,Equatorial Guinea,2014,cla,CLA,,0,0,nominal_usd,loan_commitment
GNQ::cancel,GNQ,Equatorial Guinea,2014,cancel,Debt cancellation,,0,0,nominal_usd,debt_cancellation
GNQ::restruct,GNQ,Equatorial Guinea,2014,restruct,Debt restructuring,,0,0,nominal_usd,debt_restructuring
GNQ::cofi,GNQ,Equatorial Guinea,2014,cofi,COFI,,0,0,nominal_usd,investment
GNQ::cgef,GNQ,Equatorial Guinea,2014,cgef,CGEF,,0,0,nominal_usd,loan_commitment
GNQ::chapo,GNQ,Equatorial Guinea,2014,chapo,CHAPO,110709.523141,2,1,constant_2021_usd,commitment
GNQ::aiddata,GNQ,Equatorial Guinea,2015,aiddata,AidData,424827795.235949,7,2,constant_2023_usd,commitment
GNQ::codf,GNQ,Equatorial Guinea,2015,codf,CODF,402030000.0,1,1,nominal_usd,loan_commitment
GNQ::cla,GNQ,Equatorial Guinea,2015,cla,CLA,402030000.0,1,1,nominal_usd,loan_commitment
GNQ::cancel,GNQ,Equatorial Guinea,2015,cancel,Debt cancellation,,0,0,nominal_usd,debt_cancellation
GNQ::restruct,GNQ,Equatorial Guinea,2015,restruct,Debt restructuring,,0,0,nominal_usd,debt_restructuring
GNQ::cofi,GNQ,Equatorial Guinea,2015,cofi,COFI,,0,0,nominal_usd,investment
GNQ::cgef,GNQ,Equatorial Guinea,2015,cgef,CGEF,,0,0,nominal_usd,loan_commitment
GNQ::chapo,GNQ,Equatorial Guinea,2015,chapo,CHAPO,,1,0,constant_2021_usd,commitment
GNQ::aiddata,GNQ,Equatorial Guinea,2016,aiddata,AidData,345056277.994293,6,3,constant_2023_usd,commitment
GNQ::codf,GNQ,Equatorial Guinea,2016,codf,CODF,290320000.0,1,1,nominal_usd,loan_commitment
GNQ::cla,GNQ,Equatorial Guinea,2016,cla,CLA,290320000.0,1,1,nominal_usd,loan_commitment
GNQ::cancel,GNQ,Equatorial Guinea,2016,cancel,Debt cancellation,,0,0,nominal_usd,debt_cancellation
GNQ::restruct,GNQ,Equatorial Guinea,2016,restruct,Debt restructuring,,0,0,nominal_usd,debt_restructuring
GNQ::cofi,GNQ,Equatorial Guinea,2016,cofi,COFI,,0,0,nominal_usd,investment
GNQ::cgef,GNQ,Equatorial Guinea,2016,cgef,CGEF,290320000.0,1,1,nominal_usd,loan_commitment
GNQ::chapo,GNQ,Equatorial Guinea,2016,chapo,CHAPO,,2,0,constant_2021_usd,commitment
GNQ::aiddata,GNQ,Equatorial Guinea,2017,aiddata,AidData,701787540.880084,8,5,constant_2023_usd,commitment
GNQ::codf,GNQ,Equatorial Guinea,2017,codf,CODF,772090000.0,4,4,nominal_usd,loan_commitment
GNQ::cla,GNQ,Equatorial Guinea,2017,cla,CLA,772090000.0,4,4,nominal_usd,loan_commitment
GNQ::cancel,GNQ,Equatorial Guinea,2017,cancel,Debt cancellation,,0,0,nominal_usd,debt_cancellation
GNQ::restruct,GNQ,Equatorial Guinea,2017,restruct,Debt restructuring,,0,0,nominal_usd,debt_restructuring
GNQ::cofi,GNQ,Equatorial Guinea,2017,cofi,COFI,,0,0,nominal_usd,investment
GNQ::cgef,GNQ,Equatorial Guinea,2017,cgef,CGEF,,0,0,nominal_usd,loan_commitment
GNQ::chapo,GNQ,Equatorial Guinea,2017,chapo,CHAPO,122780.621538,1,1,constant_2021_usd,commitment
GNQ::aiddata,GNQ,Equatorial Guinea,2018,aiddata,AidData,318107894.550204,20,5,constant_2023_usd,commitment
GNQ::codf,GNQ,Equatorial Guinea,2018,codf,CODF,,0,0,nominal_usd,loan_commitment
GNQ::cla,GNQ,Equatorial Guinea,2018,cla,CLA,,0,0,nominal_usd,loan_commitment
GNQ::cancel,GNQ,Equatorial Guinea,2018,cancel,Debt cancellation,,0,0,nominal_usd,debt_cancellation
GNQ::restruct,GNQ,Equatorial Guinea,2018,restruct,Debt restructuring,,0,0,nominal_usd,debt_restructuring
GNQ::cofi,GNQ,Equatorial Guinea,2018,cofi,COFI,,0,0,nominal_usd,investment
GNQ::cgef,GNQ,Equatorial Guinea,2018,cgef,CGEF,,0,0,nominal_usd,loan_commitment
GNQ::chapo,GNQ,Equatorial Guinea,2018,chapo,CHAPO,1680.785403,7,3,constant_2021_usd,commitment
GNQ::aiddata,GNQ,Equatorial Guinea,2019,aiddata,AidData,1132150711.212561,14,11,constant_2023_usd,commitment
GNQ::codf,GNQ,Equatorial Guinea,2019,codf,CODF,600520000.0,3,3,nominal_usd,loan_commitment
GNQ::cla,GNQ,Equatorial Guinea,2019,cla,CLA,612850000.0,4,4,nominal_usd,loan_commitment
GNQ::cancel,GNQ,Equatorial Guinea,2019,cancel,Debt cancellation,,0,0,nominal_usd,debt_cancellation
GNQ::restruct,GNQ,Equatorial Guinea,2019,restruct,Debt restructuring,,0,0,nominal_usd,debt_restructuring
GNQ::cofi,GNQ,Equatorial Guinea,2019,cofi,COFI,,0,0,nominal_usd,investment
GNQ::cgef,GNQ,Equatorial Guinea,2019,cgef,CGEF,95650000.0,2,2,nominal_usd,loan_commitment
GNQ::chapo,GNQ,Equatorial Guinea,2019,chapo,CHAPO,102098.889613,3,1,constant_2021_usd,commitment
GNQ::aiddata,GNQ,Equatorial Guinea,2020,aiddata,AidData,2071824.686688,10,3,constant_2023_usd,commitment
GNQ::codf,GNQ,Equatorial Guinea,2020,codf,CODF,,0,0,nominal_usd,loan_commitment
GNQ::cla,GNQ,Equatorial Guinea,2020,cla,CLA,,0,0,nominal_usd,loan_commitment
GNQ::cancel,GNQ,Equatorial Guinea,2020,cancel,Debt cancellation,,0,0,nominal_usd,debt_cancellation
GNQ::restruct,GNQ,Equatorial Guinea,2020,restruct,Debt restructuring,,0,0,nominal_usd,debt_restructuring
GNQ::cofi,GNQ,Equatorial Guinea,2020,cofi,COFI,,0,0,nominal_usd,investment
GNQ::cgef,GNQ,Equatorial Guinea,2020,cgef,CGEF,,0,0,nominal_usd,loan_commitment
GNQ::chapo,GNQ,Equatorial Guinea,2020,chapo,CHAPO,2242720.384494,8,3,constant_2021_usd,commitment
GNQ::aiddata,GNQ,Equatorial Guinea,2021,aiddata,AidData,25595931.702994,12,7,constant_2023_usd,commitment
GNQ::codf,GNQ,Equatorial Guinea,2021,codf,CODF,,0,0,nominal_usd,loan_commitment
GNQ::cla,GNQ,Equatorial Guinea,2021,cla,CLA,,0,0,nominal_usd,loan_commitment
GNQ::cancel,GNQ,Equatorial Guinea,2021,cancel,Debt cancellation,,0,0,nominal_usd,debt_cancellation
GNQ::restruct,GNQ,Equatorial Guinea,2021,restruct,Debt restructuring,,0,0,nominal_usd,debt_restructuring
GNQ::cofi,GNQ,Equatorial Guinea,2021,cofi,COFI,,0,0,nominal_usd,investment
GNQ::cgef,GNQ,Equatorial Guinea,2021,cgef,CGEF,,0,0,nominal_usd,loan_commitment
GNQ::chapo,GNQ,Equatorial Guinea,2021,chapo,CHAPO,5760000.0,3,3,constant_2021_usd,commitment
GNQ::aiddata,GNQ,Equatorial Guinea,2022,aiddata,AidData,561616.125636,12,1,constant_2023_usd,commitment
GNQ::codf,GNQ,Equatorial Guinea,2022,codf,CODF,,0,0,nominal_usd,loan_commitment
GNQ::cla,GNQ,Equatorial Guinea,2022,cla,CLA,,0,0,nominal_usd,loan_commitment
GNQ::cancel,GNQ,Equatorial Guinea,2022,cancel,Debt cancellation,,0,0,nominal_usd,debt_cancellation
GNQ::restruct,GNQ,Equatorial Guinea,2022,restruct,Debt restructuring,,0,0,nominal_usd,debt_restructuring
GNQ::cofi,GNQ,Equatorial Guinea,2022,cofi,COFI,,0,0,nominal_usd,investment
GNQ::cgef,GNQ,Equatorial Guinea,2022,cgef,CGEF,,0,0,nominal_usd,loan_commitment
GNQ::chapo,GNQ,Equatorial Guinea,2022,chapo,CHAPO,,0,0,constant_2021_usd,commitment
GNQ::aiddata,GNQ,Equatorial Guinea,2023,aiddata,AidData,,8,0,constant_2023_usd,commitment
GNQ::codf,GNQ,Equatorial Guinea,2023,codf,CODF,,0,0,nominal_usd,loan_commitment
GNQ::cla,GNQ,Equatorial Guinea,2023,cla,CLA,,0,0,nominal_usd,loan_commitment
GNQ::cancel,GNQ,Equatorial Guinea,2023,cancel,Debt cancellation,,0,0,nominal_usd,debt_cancellation
GNQ::restruct,GNQ,Equatorial Guinea,2023,restruct,Debt restructuring,,0,0,nominal_usd,debt_restructuring
GNQ::cofi,GNQ,Equatorial Guinea,2023,cofi,COFI,,0,0,nominal_usd,investment
GNQ::cgef,GNQ,Equatorial Guinea,2023,cgef,CGEF,,0,0,nominal_usd,loan_commitment
GNQ::chapo,GNQ,Equatorial Guinea,2023,chapo,CHAPO,,0,0,constant_2021_usd,commitment
GNQ::aiddata,GNQ,Equatorial Guinea,2024,aiddata,AidData,,0,0,constant_2023_usd,commitment
GNQ::codf,GNQ,Equatorial Guinea,2024,codf,CODF,,0,0,nominal_usd,loan_commitment
GNQ::cla,GNQ,Equatorial Guinea,2024,cla,CLA,,0,0,nominal_usd,loan_commitment
GNQ::cancel,GNQ,Equatorial Guinea,2024,cancel,Debt cancellation,,0,0,nominal_usd,debt_cancellation
GNQ::restruct,GNQ,Equatorial Guinea,2024,restruct,Debt restructuring,,0,0,nominal_usd,debt_restructuring
GNQ::cofi,GNQ,Equatorial Guinea,2024,cofi,COFI,,0,0,nominal_usd,investment
GNQ::cgef,GNQ,Equatorial Guinea,2024,cgef,CGEF,,0,0,nominal_usd,loan_commitment
GNQ::chapo,GNQ,Equatorial Guinea,2024,chapo,CHAPO,,0,0,constant_2021_usd,commitment
KEN::aiddata,KEN,Kenya,2000,aiddata,AidData,,0,0,constant_2023_usd,commitment
KEN::codf,KEN,Kenya,2000,codf,CODF,,0,0,nominal_usd,loan_commitment
KEN::cla,KEN,Kenya,2000,cla,CLA,,0,0,nominal_usd,loan_commitment
KEN::cancel,KEN,Kenya,2000,cancel,Debt cancellation,,0,0,nominal_usd,debt_cancellation
KEN::restruct,KEN,Kenya,2000,restruct,Debt restructuring,,0,0,nominal_usd,debt_restructuring
KEN::cofi,KEN,Kenya,2000,cofi,COFI,,0,0,nominal_usd,investment
KEN::cgef,KEN,Kenya,2000,cgef,CGEF,,0,0,nominal_usd,loan_commitment
KEN::chapo,KEN,Kenya,2000,chapo,CHAPO,,0,0,constant_2021_usd,commitment
KEN::aiddata,KEN,Kenya,2001,aiddata,AidData,45945914.968327,6,4,constant_2023_usd,commitment
KEN::codf,KEN,Kenya,2001,codf,CODF,,0,0,nominal_usd,loan_commitment
KEN::cla,KEN,Kenya,2001,cla,CLA,6040000.0,1,1,nominal_usd,loan_commitment
KEN::cancel,KEN,Kenya,2001,cancel,Debt cancellation,13660000.0,1,1,nominal_usd,debt_cancellation
KEN::restruct,KEN,Kenya,2001,restruct,Debt restructuring,,0,0,nominal_usd,debt_restructuring
KEN::cofi,KEN,Kenya,2001,cofi,COFI,,0,0,nominal_usd,investment
KEN::cgef,KEN,Kenya,2001,cgef,CGEF,,0,0,nominal_usd,loan_commitment
KEN::chapo,KEN,Kenya,2001,chapo,CHAPO,,0,0,constant_2021_usd,commitment
KEN::aiddata,KEN,Kenya,2002,aiddata,AidData,23404428.769265,4,4,constant_2023_usd,commitment
KEN::codf,KEN,Kenya,2002,codf,CODF,,0,0,nominal_usd,loan_commitment
KEN::cla,KEN,Kenya,2002,cla,CLA,6040000.0,1,1,nominal_usd,loan_commitment
KEN::cancel,KEN,Kenya,2002,cancel,Debt cancellation,,0,0,nominal_usd,debt_cancellation
KEN::restruct,KEN,Kenya,2002,restruct,Debt restructuring,,0,0,nominal_usd,debt_restructuring
KEN::cofi,KEN,Kenya,2002,cofi,COFI,,0,0,nominal_usd,investment
KEN::cgef,KEN,Kenya,2002,cgef,CGEF,,0,0,nominal_usd,loan_commitment
KEN::chapo,KEN,Kenya,2002,chapo,CHAPO,2499454.902004,1,1,constant_2021_usd,commitment
KEN::aiddata,KEN,Kenya,2003,aiddata,AidData,1000066.023192,6,5,constant_2023_usd,commitment
KEN::codf,KEN,Kenya,2003,codf,CODF,,0,0,nominal_usd,loan_commitment
KEN::cla,KEN,Kenya,2003,cla,CLA,,0,0,nominal_usd,loan_commitment
KEN::cancel,KEN,Kenya,2003,cancel,Debt cancellation,,0,0,nominal_usd,debt_cancellation
KEN::restruct,KEN,Kenya,2003,restruct,Debt restructuring,,0,0,nominal_usd,debt_restructuring
KEN::cofi,KEN,Kenya,2003,cofi,COFI,,0,0,nominal_usd,investment
KEN::cgef,KEN,Kenya,2003,cgef,CGEF,,0,0,nominal_usd,loan_commitment
KEN::chapo,KEN,Kenya,2003,chapo,CHAPO,125086.732593,1,1,constant_2021_usd,commitment
KEN::aiddata,KEN,Kenya,2004,aiddata,AidData,7138267.747845,5,2,constant_2023_usd,commitment
KEN::codf,KEN,Kenya,2004,codf,CODF,,0,0,nominal_usd,loan_commitment
KEN::cla,KEN,Kenya,2004,cla,CLA,,0,0,nominal_usd,loan_commitment
KEN::cancel,KEN,Kenya,2004,cancel,Debt cancellation,,0,0,nominal_usd,debt_cancellation
KEN::restruct,KEN,Kenya,2004,restruct,Debt restructuring,,0,0,nominal_usd,debt_restructuring
KEN::cofi,KEN,Kenya,2004,cofi,COFI,,0,0,nominal_usd,investment
KEN::cgef,KEN,Kenya,2004,cgef,CGEF,,0,0,nominal_usd,loan_commitment
KEN::chapo,KEN,Kenya,2004,chapo,CHAPO,,0,0,constant_2021_usd,commitment
KEN::aiddata,KEN,Kenya,2005,aiddata,AidData,5936793.416779,7,4,constant_2023_usd,commitment
KEN::codf,KEN,Kenya,2005,codf,CODF,,0,0,nominal_usd,loan_commitment
KEN::cla,KEN,Kenya,2005,cla,CLA,,0,0,nominal_usd,loan_commitment
KEN::cancel,KEN,Kenya,2005,cancel,Debt cancellation,,0,0,nominal_usd,debt_cancellation
KEN::restruct,KEN,Kenya,2005,restruct,Debt restructuring,,0,0,nominal_usd,debt_restructuring
KEN::cofi,KEN,Kenya,2005,cofi,COFI,,0,0,nominal_usd,investment
KEN::cgef,KEN,Kenya,2005,cgef,CGEF,,0,0,nominal_usd,loan_commitment
KEN::chapo,KEN,Kenya,2005,chapo,CHAPO,,0,0,constant_2021_usd,commitment
KEN::aiddata,KEN,Kenya,2006,aiddata,AidData,117728701.093934,7,5,constant_2023_usd,commitment
KEN::codf,KEN,Kenya,2006,codf,CODF,,0,0,nominal_usd,loan_commitment
KEN::cla,KEN,Kenya,2006,cla,CLA,41240000.0,2,2,nominal_usd,loan_commitment
KEN::cancel,KEN,Kenya,2006,cancel,Debt cancellation,,0,0,nominal_usd,debt_cancellation
KEN::restruct,KEN,Kenya,2006,restruct,Debt restructuring,,0,0,nominal_usd,debt_restructuring
KEN::cofi,KEN,Kenya,2006,cofi,COFI,,0,0,nominal_usd,investment
KEN::cgef,KEN,Kenya,2006,cgef,CGEF,19430000.0,1,1,nominal_usd,loan_commitment
KEN::chapo,KEN,Kenya,2006,chapo,CHAPO,127436.865641,2,1,constant_2021_usd,commitment
KEN::aiddata,KEN,Kenya,2007,aiddata,AidData,167618058.202027,7,5,constant_2023_usd,commitment
KEN::codf,KEN,Kenya,2007,codf,CODF,,0,0,nominal_usd,loan_commitment
KEN::cla,KEN,Kenya,2007,cla,CLA,57250000.0,3,3,nominal_usd,loan_commitment
KEN::cancel,KEN,Kenya,2007,cancel,Debt cancellation,,0,0,nominal_usd,debt_cancellation
KEN::restruct,KEN,Kenya,2007,restruct,Debt restructuring,,0,0,nominal_usd,debt_restructuring
KEN::cofi,KEN,Kenya,2007,cofi,COFI,,0,0,nominal_usd,investment
KEN::cgef,KEN,Kenya,2007,cgef,CGEF,4920000.0,1,1,nominal_usd,loan_commitment
KEN::chapo,KEN,Kenya,2007,chapo,CHAPO,,1,0,constant_2021_usd,commitment
KEN::aiddata,KEN,Kenya,2008,aiddata,AidData,249187935.312717,13,8,constant_2023_usd,commitment
KEN::codf,KEN,Kenya,2008,codf,CODF,160520000.0,2,2,nominal_usd,loan_commitment
KEN::cla,KEN,Kenya,2008,cla,CLA,156760000.0,2,2,nominal_usd,loan_commitment
KEN::cancel,KEN,Kenya,2008,cancel,Debt cancellation,,0,0,nominal_usd,debt_cancellation
KEN::restruct,KEN,Kenya,2008,restruct,Debt restructuring,,0,0,nominal_usd,debt_restructuring
KEN::cofi,KEN,Kenya,2008,cofi,COFI,,0,0,nominal_usd,investment
KEN::cgef,KEN,Kenya,2008,cgef,CGEF,,0,0,nominal_usd,loan_commitment
KEN::chapo,KEN,Kenya,2008,chapo,CHAPO,,2,0,constant_2021_usd,commitment
KEN::aiddata,KEN,Kenya,2009,aiddata,AidData,384458798.889958,11,8,constant_2023_usd,commitment
KEN::codf,KEN,Kenya,2009,codf,CODF,239840000.0,2,2,nominal_usd,loan_commitment
KEN::cla,KEN,Kenya,2009,cla,CLA,239950000.0,2,2,nominal_usd,loan_commitment
KEN::cancel,KEN,Kenya,2009,cancel,Debt cancellation,,0,0,nominal_usd,debt_cancellation
KEN::restruct,KEN,Kenya,2009,restruct,Debt restructuring,,0,0,nominal_usd,debt_restructuring
KEN::cofi,KEN,Kenya,2009,cofi,COFI,,0,0,nominal_usd,investment
KEN::cgef,KEN,Kenya,2009,cgef,CGEF,89620000.0,1,1,nominal_usd,loan_commitment
KEN::chapo,KEN,Kenya,2009,chapo,CHAPO,11542920.778463,2,2,constant_2021_usd,commitment
KEN::aiddata,KEN,Kenya,2010,aiddata,AidData,205690132.600472,10,8,constant_2023_usd,commitment
KEN::codf,KEN,Kenya,2010,codf,CODF,87510000.0,1,1,nominal_usd,loan_commitment
KEN::cla,KEN,Kenya,2010,cla,CLA,105900000.0,3,3,nominal_usd,loan_commitment
KEN::cancel,KEN,Kenya,2010,cancel,Debt cancellation,,0,0,nominal_usd,debt_cancellation
KEN::restruct,KEN,Kenya,2010,restruct,Debt restructuring,,0,0,nominal_usd,debt_restructuring
KEN::cofi,KEN,Kenya,2010,cofi,COFI,99000000.0,1,1,nominal_usd,investment
KEN::cgef,KEN,Kenya,2010,cgef,CGEF,180460000.0,2,2,nominal_usd,loan_commitment
KEN::chapo,KEN,Kenya,2010,chapo,CHAPO,1453603.03016,2,1,constant_2021_usd,commitment
KEN::aiddata,KEN,Kenya,2011,aiddata,AidData,462846761.102358,11,9,constant_2023_usd,commitment
KEN::codf,KEN,Kenya,2011,codf,CODF,362480000.0,4,4,nominal_usd,loan_commitment
KEN::cla,KEN,Kenya,2011,cla,CLA,370270000.0,5,5,nominal_usd,loan_commitment
KEN::cancel,KEN,Kenya,2011,cancel,Debt cancellation,,0,0,nominal_usd,debt_cancellation
KEN::restruct,KEN,Kenya,2011,restruct,Debt restructuring,,0,0,nominal_usd,debt_restructuring
KEN::cofi,KEN,Kenya,2011,cofi,COFI,,0,0,nominal_usd,investment
KEN::cgef,KEN,Kenya,2011,cgef,CGEF,,0,0,nominal_usd,loan_commitment
KEN::chapo,KEN,Kenya,2011,chapo,CHAPO,136405917.317916,1,1,constant_2021_usd,commitment
KEN::aiddata,KEN,Kenya,2012,aiddata,AidData,790168575.004204,13,10,constant_2023_usd,commitment
KEN::codf,KEN,Kenya,2012,codf,CODF,434310000.0,2,2,nominal_usd,loan_commitment
KEN::cla,KEN,Kenya,2012,cla,CLA,434410000.0,2,2,nominal_usd,loan_commitment
KEN::cancel,KEN,Kenya,2012,cancel,Debt cancellation,,0,0,nominal_usd,debt_cancellation
KEN::restruct,KEN,Kenya,2012,restruct,Debt restructuring,,0,0,nominal_usd,debt_restructuring
KEN::cofi,KEN,Kenya,2012,cofi,COFI,867000000.0,2,2,nominal_usd,investment
KEN::cgef,KEN,Kenya,2012,cgef,CGEF,367700000.0,1,1,nominal_usd,loan_commitment
KEN::chapo,KEN,Kenya,2012,chapo,CHAPO,234824711.585169,1,1,constant_2021_usd,commitment
KEN::aiddata,KEN,Kenya,2013,aiddata,AidData,446026702.284839,9,8,constant_2023_usd,commitment
KEN::codf,KEN,Kenya,2013,codf,CODF,69800000.0,1,1,nominal_usd,loan_commitment
KEN::cla,KEN,Kenya,2013,cla,CLA,199030000.0,2,2,nominal_usd,loan_commitment
KEN::cancel,KEN,Kenya,2013,cancel,Debt cancellation,,0,0,nominal_usd,debt_cancellation
KEN::restruct,KEN,Kenya,2013,restruct,Debt restructuring,,0,0,nominal_usd,debt_restructuring
KEN::cofi,KEN,Kenya,2013,cofi,COFI,80000000.0,1,1,nominal_usd,investment
KEN::cgef,KEN,Kenya,2013,cgef,CGEF,,0,0,nominal_usd,loan_commitment
KEN::chapo,KEN,Kenya,2013,chapo,CHAPO,46206793.668525,3,2,constant_2021_usd,commitment
KEN::aiddata,KEN,Kenya,2014,aiddata,AidData,3794226270.058037,16,11,constant_2023_usd,commitment
KEN::codf,KEN,Kenya,2014,codf,CODF,3711150000.0,3,3,nominal_usd,loan_commitment
KEN::cla,KEN,Kenya,2014,cla,CLA,3635350000.0,4,4,nominal_usd,loan_commitment
KEN::cancel,KEN,Kenya,2014,cancel,Debt cancellation,,0,0,nominal_usd,debt_cancellation
KEN::restruct,KEN,Kenya,2014,restruct,Debt restructuring,,0,0,nominal_usd,debt_restructuring
KEN::cofi,KEN,Kenya,2014,cofi,COFI,,0,0,nominal_usd,investment
KEN::cgef,KEN,Kenya,2014,cgef,CGEF,107490000.0,1,1,nominal_usd,loan_commitment
KEN::chapo,KEN,Kenya,2014,chapo,CHAPO,30024422.897217,3,1,constant_2021_usd,commitment
KEN::aiddata,KEN,Kenya,2015,aiddata,AidData,1622771914.366722,12,7,constant_2023_usd,commitment
KEN::codf,KEN,Kenya,2015,codf,CODF,1564260000.0,3,3,nominal_usd,loan_commitment
KEN::cla,KEN,Kenya,2015,cla,CLA,1564100000.0,3,3,nominal_usd,loan_commitment
KEN::cancel,KEN,Kenya,2015,cancel,Debt cancellation,,0,0,nominal_usd,debt_cancellation
KEN::restruct,KEN,Kenya,2015,restruct,Debt restructuring,,0,0,nominal_usd,debt_restructuring
KEN::cofi,KEN,Kenya,2015,cofi,COFI,,0,0,nominal_usd,investment
KEN::cgef,KEN,Kenya,2015,cgef,CGEF,139210000.0,1,1,nominal_usd,loan_commitment
KEN::chapo,KEN,Kenya,2015,chapo,CHAPO,,0,0,constant_2021_usd,commitment
KEN::aiddata,KEN,Kenya,2016,aiddata,AidData,771813040.821144,8,3,constant_2023_usd,commitment
KEN::codf,KEN,Kenya,2016,codf,CODF,892630000.0,3,3,nominal_usd,loan_commitment
KEN::cla,KEN,Kenya,2016,cla,CLA,892630000.0,3,3,nominal_usd,loan_commitment
KEN::cancel,KEN,Kenya,2016,cancel,Debt cancellation,,0,0,nominal_usd,debt_cancellation
KEN::restruct,KEN,Kenya,2016,restruct,Debt restructuring,,0,0,nominal_usd,debt_restructuring
KEN::cofi,KEN,Kenya,2016,cofi,COFI,,0,0,nominal_usd,investment
KEN::cgef,KEN,Kenya,2016,cgef,CGEF,,0,0,nominal_usd,loan_commitment
KEN::chapo,KEN,Kenya,2016,chapo,CHAPO,,0,0,constant_2021_usd,commitment
KEN::aiddata,KEN,Kenya,2017,aiddata,AidData,962603658.116558,13,9,constant_2023_usd,commitment
KEN::codf,KEN,Kenya,2017,codf,CODF,1297340000.0,11,11,nominal_usd,loan_commitment
KEN::cla,KEN,Kenya,2017,cla,CLA,1497000000.0,11,11,nominal_usd,loan_commitment
KEN::cancel,KEN,Kenya,2017,cancel,Debt cancellation,,0,0,nominal_usd,debt_cancellation
KEN::restruct,KEN,Kenya,2017,restruct,Debt restructuring,,0,0,nominal_usd,debt_restructuring
KEN::cofi,KEN,Kenya,2017,cofi,COFI,135700000.0,1,1,nominal_usd,investment
KEN::cgef,KEN,Kenya,2017,cgef,CGEF,647530000.0,6,6,nominal_usd,loan_commitment
KEN::chapo,KEN,Kenya,2017,chapo,CHAPO,77552357.967512,1,1,constant_2021_usd,commitment
KEN::aiddata,KEN,Kenya,2018,aiddata,AidData,194656081.800645,16,8,constant_2023_usd,commitment
KEN::codf,KEN,Kenya,2018,codf,CODF,350820000.0,2,2,nominal_usd,loan_commitment
KEN::cla,KEN,Kenya,2018,cla,CLA,350870000.0,2,2,nominal_usd,loan_commitment
KEN::cancel,KEN,Kenya,2018,cancel,Debt cancellation,,0,0,nominal_usd,debt_cancellation
KEN::restruct,KEN,Kenya,2018,restruct,Debt restructuring,,0,0,nominal_usd,debt_restructuring
KEN::cofi,KEN,Kenya,2018,cofi,COFI,,0,0,nominal_usd,investment
KEN::cgef,KEN,Kenya,2018,cgef,CGEF,,0,0,nominal_usd,loan_commitment
KEN::chapo,KEN,Kenya,2018,chapo,CHAPO,52191629.301705,2,2,constant_2021_usd,commitment
KEN::aiddata,KEN,Kenya,2019,aiddata,AidData,277197178.903999,9,7,constant_2023_usd,commitment
KEN::codf,KEN,Kenya,2019,codf,CODF,249970000.0,2,2,nominal_usd,loan_commitment
KEN::cla,KEN,Kenya,2019,cla,CLA,177260000.0,1,1,nominal_usd,loan_commitment
KEN::cancel,KEN,Kenya,2019,cancel,Debt cancellation,,0,0,nominal_usd,debt_cancellation
KEN::restruct,KEN,Kenya,2019,restruct,Debt restructuring,,0,0,nominal_usd,debt_restructuring
KEN::cofi,KEN,Kenya,2019,cofi,COFI,,0,0,nominal_usd,investment
KEN::cgef,KEN,Kenya,2019,cgef,CGEF,83290000.0,1,1,nominal_usd,loan_commitment
KEN::chapo,KEN,Kenya,2019,chapo,CHAPO,1123564.612262,1,1,constant_2021_usd,commitment
KEN::aiddata,KEN,Kenya,2020,aiddata,AidData,37839482.934023,12,5,constant_2023_usd,commitment
KEN::codf,KEN,Kenya,2020,codf,CODF,,0,0,nominal_usd,loan_commitment
KEN::cla,KEN,Kenya,2020,cla,CLA,,0,0,nominal_usd,loan_commitment
KEN::cancel,KEN,Kenya,2020,cancel,Debt cancellation,,0,0,nominal_usd,debt_cancellation
KEN::restruct,KEN,Kenya,2020,restruct,Debt restructuring,,0,0,nominal_usd,debt_restructuring
KEN::cofi,KEN,Kenya,2020,cofi,COFI,,0,0,nominal_usd,investment
KEN::cgef,KEN,Kenya,2020,cgef,CGEF,,0,0,nominal_usd,loan_commitment
KEN::chapo,KEN,Kenya,2020,chapo,CHAPO,29925.357101,5,2,constant_2021_usd,commitment
KEN::aiddata,KEN,Kenya,2021,aiddata,AidData,20359366.455407,11,4,constant_2023_usd,commitment
KEN::codf,KEN,Kenya,2021,codf,CODF,,0,0,nominal_usd,loan_commitment
KEN::cla,KEN,Kenya,2021,cla,CLA,,0,0,nominal_usd,loan_commitment
KEN::cancel,KEN,Kenya,2021,cancel,Debt cancellation,,0,0,nominal_usd,debt_cancellation
KEN::restruct,KEN,Kenya,2021,restruct,Debt restructuring,,0,0,nominal_usd,debt_restructuring
KEN::cofi,KEN,Kenya,2021,cofi,COFI,,0,0,nominal_usd,investment
KEN::cgef,KEN,Kenya,2021,cgef,CGEF,,0,0,nominal_usd,loan_commitment
KEN::chapo,KEN,Kenya,2021,chapo,CHAPO,3600000.0,1,1,constant_2021_usd,commitment
KEN::aiddata,KEN,Kenya,2022,aiddata,AidData,,1,0,constant_2023_usd,commitment
KEN::codf,KEN,Kenya,2022,codf,CODF,,0,0,nominal_usd,loan_commitment
KEN::cla,KEN,Kenya,2022,cla,CLA,,0,0,nominal_usd,loan_commitment
KEN::cancel,KEN,Kenya,2022,cancel,Debt cancellation,,0,0,nominal_usd,debt_cancellation
KEN::restruct,KEN,Kenya,2022,restruct,Debt restructuring,,0,0,nominal_usd,debt_restructuring
KEN::cofi,KEN,Kenya,2022,cofi,COFI,,0,0,nominal_usd,investment
KEN::cgef,KEN,Kenya,2022,cgef,CGEF,,0,0,nominal_usd,loan_commitment
KEN::chapo,KEN,Kenya,2022,chapo,CHAPO,,0,0,constant_2021_usd,commitment
KEN::aiddata,KEN,Kenya,2023,aiddata,AidData,494000000.0,6,2,constant_2023_usd,commitment
KEN::codf,KEN,Kenya,2023,codf,CODF,,0,0,nominal_usd,loan_commitment
KEN::cla,KEN,Kenya,2023,cla,CLA,,0,0,nominal_usd,loan_commitment
KEN::cancel,KEN,Kenya,2023,cancel,Debt cancellation,,0,0,nominal_usd,debt_cancellation
KEN::restruct,KEN,Kenya,2023,restruct,Debt restructuring,,0,0,nominal_usd,debt_restructuring
KEN::cofi,KEN,Kenya,2023,cofi,COFI,,0,0,nominal_usd,investment
KEN::cgef,KEN,Kenya,2023,cgef,CGEF,,0,0,nominal_usd,loan_commitment
KEN::chapo,KEN,Kenya,2023,chapo,CHAPO,,0,0,constant_2021_usd,commitment
KEN::aiddata,KEN,Kenya,2024,aiddata,AidData,,0,0,constant_2023_usd,commitment
KEN::codf,KEN,Kenya,2024,codf,CODF,121090000.0,4,4,nominal_usd,loan_commitment
KEN::cla,KEN,Kenya,2024,cla,CLA,277790000.0,15,15,nominal_usd,loan_commitment
KEN::cancel,KEN,Kenya,2024,cancel,Debt cancellation,,0,0,nominal_usd,debt_cancellation
KEN::restruct,KEN,Kenya,2024,restruct,Debt restructuring,,0,0,nominal_usd,debt_restructuring
KEN::cofi,KEN,Kenya,2024,cofi,COFI,,0,0,nominal_usd,investment
KEN::cgef,KEN,Kenya,2024,cgef,CGEF,,0,0,nominal_usd,loan_commitment
KEN::chapo,KEN,Kenya,2024,chapo,CHAPO,,0,0,constant_2021_usd,commitment
LBR::aiddata,LBR,Liberia,2000,aiddata,AidData,,0,0,constant_2023_usd,commitment
LBR::codf,LBR,Liberia,2000,codf,CODF,,0,0,nominal_usd,loan_commitment
LBR::cla,LBR,Liberia,2000,cla,CLA,,0,0,nominal_usd,loan_commitment
LBR::cancel,LBR,Liberia,2000,cancel,Debt cancellation,,0,0,nominal_usd,debt_cancellation
LBR::restruct,LBR,Liberia,2000,restruct,Debt restructuring,,0,0,nominal_usd,debt_restructuring
LBR::cofi,LBR,Liberia,2000,cofi,COFI,,0,0,nominal_usd,investment
LBR::cgef,LBR,Liberia,2000,cgef,CGEF,,0,0,nominal_usd,loan_commitment
LBR::chapo,LBR,Liberia,2000,chapo,CHAPO,,0,0,constant_2021_usd,commitment
LBR::aiddata,LBR,Liberia,2001,aiddata,AidData,,0,0,constant_2023_usd,commitment
LBR::codf,LBR,Liberia,2001,codf,CODF,,0,0,nominal_usd,loan_commitment
LBR::cla,LBR,Liberia,2001,cla,CLA,,0,0,nominal_usd,loan_commitment
LBR::cancel,LBR,Liberia,2001,cancel,Debt cancellation,,0,0,nominal_usd,debt_cancellation
LBR::restruct,LBR,Liberia,2001,restruct,Debt restructuring,,0,0,nominal_usd,debt_restructuring
LBR::cofi,LBR,Liberia,2001,cofi,COFI,,0,0,nominal_usd,investment
LBR::cgef,LBR,Liberia,2001,cgef,CGEF,,0,0,nominal_usd,loan_commitment
LBR::chapo,LBR,Liberia,2001,chapo,CHAPO,,0,0,constant_2021_usd,commitment
LBR::aiddata,LBR,Liberia,2002,aiddata,AidData,,0,0,constant_2023_usd,commitment
LBR::codf,LBR,Liberia,2002,codf,CODF,,0,0,nominal_usd,loan_commitment
LBR::cla,LBR,Liberia,2002,cla,CLA,,0,0,nominal_usd,loan_commitment
LBR::cancel,LBR,Liberia,2002,cancel,Debt cancellation,,0,0,nominal_usd,debt_cancellation
LBR::restruct,LBR,Liberia,2002,restruct,Debt restructuring,,0,0,nominal_usd,debt_restructuring
LBR::cofi,LBR,Liberia,2002,cofi,COFI,,0,0,nominal_usd,investment
LBR::cgef,LBR,Liberia,2002,cgef,CGEF,,0,0,nominal_usd,loan_commitment
LBR::chapo,LBR,Liberia,2002,chapo,CHAPO,,0,0,constant_2021_usd,commitment
LBR::aiddata,LBR,Liberia,2003,aiddata,AidData,,1,0,constant_2023_usd,commitment
LBR::codf,LBR,Liberia,2003,codf,CODF,,0,0,nominal_usd,loan_commitment
LBR::cla,LBR,Liberia,2003,cla,CLA,,0,0,nominal_usd,loan_commitment
LBR::cancel,LBR,Liberia,2003,cancel,Debt cancellation,,0,0,nominal_usd,debt_cancellation
LBR::restruct,LBR,Liberia,2003,restruct,Debt restructuring,,0,0,nominal_usd,debt_restructuring
LBR::cofi,LBR,Liberia,2003,cofi,COFI,,0,0,nominal_usd,investment
LBR::cgef,LBR,Liberia,2003,cgef,CGEF,,0,0,nominal_usd,loan_commitment
LBR::chapo,LBR,Liberia,2003,chapo,CHAPO,,0,0,constant_2021_usd,commitment
LBR::aiddata,LBR,Liberia,2004,aiddata,AidData,6337015.775148,2,2,constant_2023_usd,commitment
LBR::codf,LBR,Liberia,2004,codf,CODF,,0,0,nominal_usd,loan_commitment
LBR::cla,LBR,Liberia,2004,cla,CLA,,0,0,nominal_usd,loan_commitment
LBR::cancel,LBR,Liberia,2004,cancel,Debt cancellation,,0,0,nominal_usd,debt_cancellation
LBR::restruct,LBR,Liberia,2004,restruct,Debt restructuring,,0,0,nominal_usd,debt_restructuring
LBR::cofi,LBR,Liberia,2004,cofi,COFI,,0,0,nominal_usd,investment
LBR::cgef,LBR,Liberia,2004,cgef,CGEF,,0,0,nominal_usd,loan_commitment
LBR::chapo,LBR,Liberia,2004,chapo,CHAPO,,0,0,constant_2021_usd,commitment
LBR::aiddata,LBR,Liberia,2005,aiddata,AidData,12521052.752399,6,2,constant_2023_usd,commitment
LBR::codf,LBR,Liberia,2005,codf,CODF,,0,0,nominal_usd,loan_commitment
LBR::cla,LBR,Liberia,2005,cla,CLA,,0,0,nominal_usd,loan_commitment
LBR::cancel,LBR,Liberia,2005,cancel,Debt cancellation,,0,0,nominal_usd,debt_cancellation
LBR::restruct,LBR,Liberia,2005,restruct,Debt restructuring,,0,0,nominal_usd,debt_restructuring
LBR::cofi,LBR,Liberia,2005,cofi,COFI,,0,0,nominal_usd,investment
LBR::cgef,LBR,Liberia,2005,cgef,CGEF,,0,0,nominal_usd,loan_commitment
LBR::chapo,LBR,Liberia,2005,chapo,CHAPO,,1,0,constant_2021_usd,commitment
LBR::aiddata,LBR,Liberia,2006,aiddata,AidData,52927949.173009,10,7,constant_2023_usd,commitment
LBR::codf,LBR,Liberia,2006,codf,CODF,,0,0,nominal_usd,loan_commitment
LBR::cla,LBR,Liberia,2006,cla,CLA,5000000.0,1,1,nominal_usd,loan_commitment
LBR::cancel,LBR,Liberia,2006,cancel,Debt cancellation,10000000.0,1,1,nominal_usd,debt_cancellation
LBR::restruct,LBR,Liberia,2006,restruct,Debt restructuring,,0,0,nominal_usd,debt_restructuring
LBR::cofi,LBR,Liberia,2006,cofi,COFI,,0,0,nominal_usd,investment
LBR::cgef,LBR,Liberia,2006,cgef,CGEF,,0,0,nominal_usd,loan_commitment
LBR::chapo,LBR,Liberia,2006,chapo,CHAPO,315832.20384,2,2,constant_2021_usd,commitment
LBR::aiddata,LBR,Liberia,2007,aiddata,AidData,19355872.008412,10,3,constant_2023_usd,commitment
LBR::codf,LBR,Liberia,2007,codf,CODF,,0,0,nominal_usd,loan_commitment
LBR::cla,LBR,Liberia,2007,cla,CLA,,0,0,nominal_usd,loan_commitment
LBR::cancel,LBR,Liberia,2007,cancel,Debt cancellation,12000000.0,1,1,nominal_usd,debt_cancellation
LBR::restruct,LBR,Liberia,2007,restruct,Debt restructuring,,0,0,nominal_usd,debt_restructuring
LBR::cofi,LBR,Liberia,2007,cofi,COFI,,0,0,nominal_usd,investment
LBR::cgef,LBR,Liberia,2007,cgef,CGEF,,0,0,nominal_usd,loan_commitment
LBR::chapo,LBR,Liberia,2007,chapo,CHAPO,236551.834368,4,1,constant_2021_usd,commitment
LBR::aiddata,LBR,Liberia,2008,aiddata,AidData,25684422.790996,11,4,constant_2023_usd,commitment
LBR::codf,LBR,Liberia,2008,codf,CODF,,0,0,nominal_usd,loan_commitment
LBR::cla,LBR,Liberia,2008,cla,CLA,,0,0,nominal_usd,loan_commitment
LBR::cancel,LBR,Liberia,2008,cancel,Debt cancellation,,0,0,nominal_usd,debt_cancellation
LBR::restruct,LBR,Liberia,2008,restruct,Debt restructuring,,0,0,nominal_usd,debt_restructuring
LBR::cofi,LBR,Liberia,2008,cofi,COFI,,0,0,nominal_usd,investment
LBR::cgef,LBR,Liberia,2008,cgef,CGEF,,0,0,nominal_usd,loan_commitment
LBR::chapo,LBR,Liberia,2008,chapo,CHAPO,15245859.219491,2,1,constant_2021_usd,commitment
LBR::aiddata,LBR,Liberia,2009,aiddata,AidData,420026.040062,5,2,constant_2023_usd,commitment
LBR::codf,LBR,Liberia,2009,codf,CODF,,0,0,nominal_usd,loan_commitment
LBR::cla,LBR,Liberia,2009,cla,CLA,,0,0,nominal_usd,loan_commitment
LBR::cancel,LBR,Liberia,2009,cancel,Debt cancellation,,0,0,nominal_usd,debt_cancellation
LBR::restruct,LBR,Liberia,2009,restruct,Debt restructuring,,0,0,nominal_usd,debt_restructuring
LBR::cofi,LBR,Liberia,2009,cofi,COFI,,0,0,nominal_usd,investment
LBR::cgef,LBR,Liberia,2009,cgef,CGEF,,0,0,nominal_usd,loan_commitment
LBR::chapo,LBR,Liberia,2009,chapo,CHAPO,527676.378444,3,2,constant_2021_usd,commitment
LBR::aiddata,LBR,Liberia,2010,aiddata,AidData,8156985.890745,8,5,constant_2023_usd,commitment
LBR::codf,LBR,Liberia,2010,codf,CODF,,0,0,nominal_usd,loan_commitment
LBR::cla,LBR,Liberia,2010,cla,CLA,,0,0,nominal_usd,loan_commitment
LBR::cancel,LBR,Liberia,2010,cancel,Debt cancellation,,0,0,nominal_usd,debt_cancellation
LBR::restruct,LBR,Liberia,2010,restruct,Debt restructuring,,0,0,nominal_usd,debt_restructuring
LBR::cofi,LBR,Liberia,2010,cofi,COFI,,0,0,nominal_usd,investment
LBR::cgef,LBR,Liberia,2010,cgef,CGEF,,0,0,nominal_usd,loan_commitment
LBR::chapo,LBR,Liberia,2010,chapo,CHAPO,2983346.245725,3,3,constant_2021_usd,commitment
LBR::aiddata,LBR,Liberia,2011,aiddata,AidData,20434249.298464,12,5,constant_2023_usd,commitment
LBR::codf,LBR,Liberia,2011,codf,CODF,,0,0,nominal_usd,loan_commitment
LBR::cla,LBR,Liberia,2011,cla,CLA,,0,0,nominal_usd,loan_commitment
LBR::cancel,LBR,Liberia,2011,cancel,Debt cancellation,,0,0,nominal_usd,debt_cancellation
LBR::restruct,LBR,Liberia,2011,restruct,Debt restructuring,,0,0,nominal_usd,debt_restructuring
LBR::cofi,LBR,Liberia,2011,cofi,COFI,,0,0,nominal_usd,investment
LBR::cgef,LBR,Liberia,2011,cgef,CGEF,,0,0,nominal_usd,loan_commitment
LBR::chapo,LBR,Liberia,2011,chapo,CHAPO,570749.027965,4,1,constant_2021_usd,commitment
LBR::aiddata,LBR,Liberia,2012,aiddata,AidData,47189583.084214,11,5,constant_2023_usd,commitment
LBR::codf,LBR,Liberia,2012,codf,CODF,,0,0,nominal_usd,loan_commitment
LBR::cla,LBR,Liberia,2012,cla,CLA,,0,0,nominal_usd,loan_commitment
LBR::cancel,LBR,Liberia,2012,cancel,Debt cancellation,,0,0,nominal_usd,debt_cancellation
LBR::restruct,LBR,Liberia,2012,restruct,Debt restructuring,,0,0,nominal_usd,debt_restructuring
LBR::cofi,LBR,Liberia,2012,cofi,COFI,,0,0,nominal_usd,investment
LBR::cgef,LBR,Liberia,2012,cgef,CGEF,,0,0,nominal_usd,loan_commitment
LBR::chapo,LBR,Liberia,2012,chapo,CHAPO,1761185.336889,1,1,constant_2021_usd,commitment
LBR::aiddata,LBR,Liberia,2013,aiddata,AidData,536476004.407418,9,5,constant_2023_usd,commitment
LBR::codf,LBR,Liberia,2013,codf,CODF,,0,0,nominal_usd,loan_commitment
LBR::cla,LBR,Liberia,2013,cla,CLA,,0,0,nominal_usd,loan_commitment
LBR::cancel,LBR,Liberia,2013,cancel,Debt cancellation,,0,0,nominal_usd,debt_cancellation
LBR::restruct,LBR,Liberia,2013,restruct,Debt restructuring,,0,0,nominal_usd,debt_restructuring
LBR::cofi,LBR,Liberia,2013,cofi,COFI,,0,0,nominal_usd,investment
LBR::cgef,LBR,Liberia,2013,cgef,CGEF,,0,0,nominal_usd,loan_commitment
LBR::chapo,LBR,Liberia,2013,chapo,CHAPO,564018.276095,3,1,constant_2021_usd,commitment
LBR::aiddata,LBR,Liberia,2014,aiddata,AidData,35490996.580071,18,11,constant_2023_usd,commitment
LBR::codf,LBR,Liberia,2014,codf,CODF,,0,0,nominal_usd,loan_commitment
LBR::cla,LBR,Liberia,2014,cla,CLA,,0,0,nominal_usd,loan_commitment
LBR::cancel,LBR,Liberia,2014,cancel,Debt cancellation,,0,0,nominal_usd,debt_cancellation
LBR::restruct,LBR,Liberia,2014,restruct,Debt restructuring,,0,0,nominal_usd,debt_restructuring
LBR::cofi,LBR,Liberia,2014,cofi,COFI,,1,0,nominal_usd,investment
LBR::cgef,LBR,Liberia,2014,cgef,CGEF,,0,0,nominal_usd,loan_commitment
LBR::chapo,LBR,Liberia,2014,chapo,CHAPO,22141.904628,1,1,constant_2021_usd,commitment
LBR::aiddata,LBR,Liberia,2015,aiddata,AidData,22985553.096361,15,5,constant_2023_usd,commitment
LBR::codf,LBR,Liberia,2015,codf,CODF,,0,0,nominal_usd,loan_commitment
LBR::cla,LBR,Liberia,2015,cla,CLA,,0,0,nominal_usd,loan_commitment
LBR::cancel,LBR,Liberia,2015,cancel,Debt cancellation,,0,0,nominal_usd,debt_cancellation
LBR::restruct,LBR,Liberia,2015,restruct,Debt restructuring,,0,0,nominal_usd,debt_restructuring
LBR::cofi,LBR,Liberia,2015,cofi,COFI,,0,0,nominal_usd,investment
LBR::cgef,LBR,Liberia,2015,cgef,CGEF,,0,0,nominal_usd,loan_commitment
LBR::chapo,LBR,Liberia,2015,chapo,CHAPO,,2,0,constant_2021_usd,commitment
LBR::aiddata,LBR,Liberia,2016,aiddata,AidData,63871177.839346,10,6,constant_2023_usd,commitment
LBR::codf,LBR,Liberia,2016,codf,CODF,52710000.0,1,1,nominal_usd,loan_commitment
LBR::cla,LBR,Liberia,2016,cla,CLA,52710000.0,1,1,nominal_usd,loan_commitment
LBR::cancel,LBR,Liberia,2016,cancel,Debt cancellation,,0,0,nominal_usd,debt_cancellation
LBR::restruct,LBR,Liberia,2016,restruct,Debt restructuring,,0,0,nominal_usd,debt_restructuring
LBR::cofi,LBR,Liberia,2016,cofi,COFI,,0,0,nominal_usd,investment
LBR::cgef,LBR,Liberia,2016,cgef,CGEF,,0,0,nominal_usd,loan_commitment
LBR::chapo,LBR,Liberia,2016,chapo,CHAPO,49754.992479,2,1,constant_2021_usd,commitment
LBR::aiddata,LBR,Liberia,2017,aiddata,AidData,10641.26381,5,1,constant_2023_usd,commitment
LBR::codf,LBR,Liberia,2017,codf,CODF,,0,0,nominal_usd,loan_commitment
LBR::cla,LBR,Liberia,2017,cla,CLA,,0,0,nominal_usd,loan_commitment
LBR::cancel,LBR,Liberia,2017,cancel,Debt cancellation,,0,0,nominal_usd,debt_cancellation
LBR::restruct,LBR,Liberia,2017,restruct,Debt restructuring,,0,0,nominal_usd,debt_restructuring
LBR::cofi,LBR,Liberia,2017,cofi,COFI,,0,0,nominal_usd,investment
LBR::cgef,LBR,Liberia,2017,cgef,CGEF,,0,0,nominal_usd,loan_commitment
LBR::chapo,LBR,Liberia,2017,chapo,CHAPO,,0,0,constant_2021_usd,commitment
LBR::aiddata,LBR,Liberia,2018,aiddata,AidData,50827365.797224,12,4,constant_2023_usd,commitment
LBR::codf,LBR,Liberia,2018,codf,CODF,,0,0,nominal_usd,loan_commitment
LBR::cla,LBR,Liberia,2018,cla,CLA,,0,0,nominal_usd,loan_commitment
LBR::cancel,LBR,Liberia,2018,cancel,Debt cancellation,,0,0,nominal_usd,debt_cancellation
LBR::restruct,LBR,Liberia,2018,restruct,Debt restructuring,,0,0,nominal_usd,debt_restructuring
LBR::cofi,LBR,Liberia,2018,cofi,COFI,,0,0,nominal_usd,investment
LBR::cgef,LBR,Liberia,2018,cgef,CGEF,,0,0,nominal_usd,loan_commitment
LBR::chapo,LBR,Liberia,2018,chapo,CHAPO,21796994.957573,3,1,constant_2021_usd,commitment
LBR::aiddata,LBR,Liberia,2019,aiddata,AidData,39581863.987484,17,4,constant_2023_usd,commitment
LBR::codf,LBR,Liberia,2019,codf,CODF,,0,0,nominal_usd,loan_commitment
LBR::cla,LBR,Liberia,2019,cla,CLA,,0,0,nominal_usd,loan_commitment
LBR::cancel,LBR,Liberia,2019,cancel,Debt cancellation,,0,0,nominal_usd,debt_cancellation
LBR::restruct,LBR,Liberia,2019,restruct,Debt restructuring,,0,0,nominal_usd,debt_restructuring
LBR::cofi,LBR,Liberia,2019,cofi,COFI,,0,0,nominal_usd,investment
LBR::cgef,LBR,Liberia,2019,cgef,CGEF,,0,0,nominal_usd,loan_commitment
LBR::chapo,LBR,Liberia,2019,chapo,CHAPO,23594.856857,8,2,constant_2021_usd,commitment
LBR::aiddata,LBR,Liberia,2020,aiddata,AidData,5801764.273701,15,6,constant_2023_usd,commitment
LBR::codf,LBR,Liberia,2020,codf,CODF,,0,0,nominal_usd,loan_commitment
LBR::cla,LBR,Liberia,2020,cla,CLA,,0,0,nominal_usd,loan_commitment
LBR::cancel,LBR,Liberia,2020,cancel,Debt cancellation,,0,0,nominal_usd,debt_cancellation
LBR::restruct,LBR,Liberia,2020,restruct,Debt restructuring,,0,0,nominal_usd,debt_restructuring
LBR::cofi,LBR,Liberia,2020,cofi,COFI,,0,0,nominal_usd,investment
LBR::cgef,LBR,Liberia,2020,cgef,CGEF,,0,0,nominal_usd,loan_commitment
LBR::chapo,LBR,Liberia,2020,chapo,CHAPO,5104855.323066,10,4,constant_2021_usd,commitment
LBR::aiddata,LBR,Liberia,2021,aiddata,AidData,12445428.405204,16,7,constant_2023_usd,commitment
LBR::codf,LBR,Liberia,2021,codf,CODF,,0,0,nominal_usd,loan_commitment
LBR::cla,LBR,Liberia,2021,cla,CLA,,0,0,nominal_usd,loan_commitment
LBR::cancel,LBR,Liberia,2021,cancel,Debt cancellation,,0,0,nominal_usd,debt_cancellation
LBR::restruct,LBR,Liberia,2021,restruct,Debt restructuring,,0,0,nominal_usd,debt_restructuring
LBR::cofi,LBR,Liberia,2021,cofi,COFI,,0,0,nominal_usd,investment
LBR::cgef,LBR,Liberia,2021,cgef,CGEF,,0,0,nominal_usd,loan_commitment
LBR::chapo,LBR,Liberia,2021,chapo,CHAPO,4840152.4,2,2,constant_2021_usd,commitment
LBR::aiddata,LBR,Liberia,2022,aiddata,AidData,66144.339197,19,2,constant_2023_usd,commitment
LBR::codf,LBR,Liberia,2022,codf,CODF,,0,0,nominal_usd,loan_commitment
LBR::cla,LBR,Liberia,2022,cla,CLA,,0,0,nominal_usd,loan_commitment
LBR::cancel,LBR,Liberia,2022,cancel,Debt cancellation,,0,0,nominal_usd,debt_cancellation
LBR::restruct,LBR,Liberia,2022,restruct,Debt restructuring,,0,0,nominal_usd,debt_restructuring
LBR::cofi,LBR,Liberia,2022,cofi,COFI,,0,0,nominal_usd,investment
LBR::cgef,LBR,Liberia,2022,cgef,CGEF,,0,0,nominal_usd,loan_commitment
LBR::chapo,LBR,Liberia,2022,chapo,CHAPO,,0,0,constant_2021_usd,commitment
LBR::aiddata,LBR,Liberia,2023,aiddata,AidData,1001000.0,12,2,constant_2023_usd,commitment
LBR::codf,LBR,Liberia,2023,codf,CODF,,0,0,nominal_usd,loan_commitment
LBR::cla,LBR,Liberia,2023,cla,CLA,,0,0,nominal_usd,loan_commitment
LBR::cancel,LBR,Liberia,2023,cancel,Debt cancellation,,0,0,nominal_usd,debt_cancellation
LBR::restruct,LBR,Liberia,2023,restruct,Debt restructuring,,0,0,nominal_usd,debt_restructuring
LBR::cofi,LBR,Liberia,2023,cofi,COFI,,0,0,nominal_usd,investment
LBR::cgef,LBR,Liberia,2023,cgef,CGEF,,0,0,nominal_usd,loan_commitment
LBR::chapo,LBR,Liberia,2023,chapo,CHAPO,,0,0,constant_2021_usd,commitment
LBR::aiddata,LBR,Liberia,2024,aiddata,AidData,,0,0,constant_2023_usd,commitment
LBR::codf,LBR,Liberia,2024,codf,CODF,,0,0,nominal_usd,loan_commitment
LBR::cla,LBR,Liberia,2024,cla,CLA,,0,0,nominal_usd,loan_commitment
LBR::cancel,LBR,Liberia,2024,cancel,Debt cancellation,,0,0,nominal_usd,debt_cancellation
LBR::restruct,LBR,Liberia,2024,restruct,Debt restructuring,,0,0,nominal_usd,debt_restructuring
LBR::cofi,LBR,Liberia,2024,cofi,COFI,,0,0,nominal_usd,investment
LBR::cgef,LBR,Liberia,2024,cgef,CGEF,,0,0,nominal_usd,loan_commitment
LBR::chapo,LBR,Liberia,2024,chapo,CHAPO,,0,0,constant_2021_usd,commitment
LBY::aiddata,LBY,Libya,2000,aiddata,AidData,,0,0,constant_2023_usd,commitment
LBY::codf,LBY,Libya,2000,codf,CODF,,0,0,nominal_usd,loan_commitment
LBY::cla,LBY,Libya,2000,cla,CLA,,0,0,nominal_usd,loan_commitment
LBY::cancel,LBY,Libya,2000,cancel,Debt cancellation,,0,0,nominal_usd,debt_cancellation
LBY::restruct,LBY,Libya,2000,restruct,Debt restructuring,,0,0,nominal_usd,debt_restructuring
LBY::cofi,LBY,Libya,2000,cofi,COFI,,0,0,nominal_usd,investment
LBY::cgef,LBY,Libya,2000,cgef,CGEF,,0,0,nominal_usd,loan_commitment
LBY::chapo,LBY,Libya,2000,chapo,CHAPO,,0,0,constant_2021_usd,commitment
LBY::aiddata,LBY,Libya,2001,aiddata,AidData,,0,0,constant_2023_usd,commitment
LBY::codf,LBY,Libya,2001,codf,CODF,,0,0,nominal_usd,loan_commitment
LBY::cla,LBY,Libya,2001,cla,CLA,,0,0,nominal_usd,loan_commitment
LBY::cancel,LBY,Libya,2001,cancel,Debt cancellation,,0,0,nominal_usd,debt_cancellation
LBY::restruct,LBY,Libya,2001,restruct,Debt restructuring,,0,0,nominal_usd,debt_restructuring
LBY::cofi,LBY,Libya,2001,cofi,COFI,,0,0,nominal_usd,investment
LBY::cgef,LBY,Libya,2001,cgef,CGEF,,0,0,nominal_usd,loan_commitment
LBY::chapo,LBY,Libya,2001,chapo,CHAPO,,0,0,constant_2021_usd,commitment
LBY::aiddata,LBY,Libya,2002,aiddata,AidData,,0,0,constant_2023_usd,commitment
LBY::codf,LBY,Libya,2002,codf,CODF,,0,0,nominal_usd,loan_commitment
LBY::cla,LBY,Libya,2002,cla,CLA,,0,0,nominal_usd,loan_commitment
LBY::cancel,LBY,Libya,2002,cancel,Debt cancellation,,0,0,nominal_usd,debt_cancellation
LBY::restruct,LBY,Libya,2002,restruct,Debt restructuring,,0,0,nominal_usd,debt_restructuring
LBY::cofi,LBY,Libya,2002,cofi,COFI,,0,0,nominal_usd,investment
LBY::cgef,LBY,Libya,2002,cgef,CGEF,,0,0,nominal_usd,loan_commitment
LBY::chapo,LBY,Libya,2002,chapo,CHAPO,,0,0,constant_2021_usd,commitment
LBY::aiddata,LBY,Libya,2003,aiddata,AidData,,0,0,constant_2023_usd,commitment
LBY::codf,LBY,Libya,2003,codf,CODF,,0,0,nominal_usd,loan_commitment
LBY::cla,LBY,Libya,2003,cla,CLA,,0,0,nominal_usd,loan_commitment
LBY::cancel,LBY,Libya,2003,cancel,Debt cancellation,,0,0,nominal_usd,debt_cancellation
LBY::restruct,LBY,Libya,2003,restruct,Debt restructuring,,0,0,nominal_usd,debt_restructuring
LBY::cofi,LBY,Libya,2003,cofi,COFI,,0,0,nominal_usd,investment
LBY::cgef,LBY,Libya,2003,cgef,CGEF,,0,0,nominal_usd,loan_commitment
LBY::chapo,LBY,Libya,2003,chapo,CHAPO,,0,0,constant_2021_usd,commitment
LBY::aiddata,LBY,Libya,2004,aiddata,AidData,,0,0,constant_2023_usd,commitment
LBY::codf,LBY,Libya,2004,codf,CODF,,0,0,nominal_usd,loan_commitment
LBY::cla,LBY,Libya,2004,cla,CLA,,0,0,nominal_usd,loan_commitment
LBY::cancel,LBY,Libya,2004,cancel,Debt cancellation,,0,0,nominal_usd,debt_cancellation
LBY::restruct,LBY,Libya,2004,restruct,Debt restructuring,,0,0,nominal_usd,debt_restructuring
LBY::cofi,LBY,Libya,2004,cofi,COFI,,0,0,nominal_usd,investment
LBY::cgef,LBY,Libya,2004,cgef,CGEF,,0,0,nominal_usd,loan_commitment
LBY::chapo,LBY,Libya,2004,chapo,CHAPO,,0,0,constant_2021_usd,commitment
LBY::aiddata,LBY,Libya,2005,aiddata,AidData,,1,0,constant_2023_usd,commitment
LBY::codf,LBY,Libya,2005,codf,CODF,,0,0,nominal_usd,loan_commitment
LBY::cla,LBY,Libya,2005,cla,CLA,,0,0,nominal_usd,loan_commitment
LBY::cancel,LBY,Libya,2005,cancel,Debt cancellation,,0,0,nominal_usd,debt_cancellation
LBY::restruct,LBY,Libya,2005,restruct,Debt restructuring,,0,0,nominal_usd,debt_restructuring
LBY::cofi,LBY,Libya,2005,cofi,COFI,,0,0,nominal_usd,investment
LBY::cgef,LBY,Libya,2005,cgef,CGEF,,0,0,nominal_usd,loan_commitment
LBY::chapo,LBY,Libya,2005,chapo,CHAPO,,0,0,constant_2021_usd,commitment
LBY::aiddata,LBY,Libya,2006,aiddata,AidData,,0,0,constant_2023_usd,commitment
LBY::codf,LBY,Libya,2006,codf,CODF,,0,0,nominal_usd,loan_commitment
LBY::cla,LBY,Libya,2006,cla,CLA,,0,0,nominal_usd,loan_commitment
LBY::cancel,LBY,Libya,2006,cancel,Debt cancellation,,0,0,nominal_usd,debt_cancellation
LBY::restruct,LBY,Libya,2006,restruct,Debt restructuring,,0,0,nominal_usd,debt_restructuring
LBY::cofi,LBY,Libya,2006,cofi,COFI,,0,0,nominal_usd,investment
LBY::cgef,LBY,Libya,2006,cgef,CGEF,,0,0,nominal_usd,loan_commitment
LBY::chapo,LBY,Libya,2006,chapo,CHAPO,,0,0,constant_2021_usd,commitment
LBY::aiddata,LBY,Libya,2007,aiddata,AidData,,0,0,constant_2023_usd,commitment
LBY::codf,LBY,Libya,2007,codf,CODF,,0,0,nominal_usd,loan_commitment
LBY::cla,LBY,Libya,2007,cla,CLA,,0,0,nominal_usd,loan_commitment
LBY::cancel,LBY,Libya,2007,cancel,Debt cancellation,,0,0,nominal_usd,debt_cancellation
LBY::restruct,LBY,Libya,2007,restruct,Debt restructuring,,0,0,nominal_usd,debt_restructuring
LBY::cofi,LBY,Libya,2007,cofi,COFI,,0,0,nominal_usd,investment
LBY::cgef,LBY,Libya,2007,cgef,CGEF,,0,0,nominal_usd,loan_commitment
LBY::chapo,LBY,Libya,2007,chapo,CHAPO,,0,0,constant_2021_usd,commitment
LBY::aiddata,LBY,Libya,2008,aiddata,AidData,,0,0,constant_2023_usd,commitment
LBY::codf,LBY,Libya,2008,codf,CODF,,0,0,nominal_usd,loan_commitment
LBY::cla,LBY,Libya,2008,cla,CLA,,0,0,nominal_usd,loan_commitment
LBY::cancel,LBY,Libya,2008,cancel,Debt cancellation,,0,0,nominal_usd,debt_cancellation
LBY::restruct,LBY,Libya,2008,restruct,Debt restructuring,,0,0,nominal_usd,debt_restructuring
LBY::cofi,LBY,Libya,2008,cofi,COFI,,0,0,nominal_usd,investment
LBY::cgef,LBY,Libya,2008,cgef,CGEF,,0,0,nominal_usd,loan_commitment
LBY::chapo,LBY,Libya,2008,chapo,CHAPO,,0,0,constant_2021_usd,commitment
LBY::aiddata,LBY,Libya,2009,aiddata,AidData,507579724.954733,2,2,constant_2023_usd,commitment
LBY::codf,LBY,Libya,2009,codf,CODF,,0,0,nominal_usd,loan_commitment
LBY::cla,LBY,Libya,2009,cla,CLA,,0,0,nominal_usd,loan_commitment
LBY::cancel,LBY,Libya,2009,cancel,Debt cancellation,,0,0,nominal_usd,debt_cancellation
LBY::restruct,LBY,Libya,2009,restruct,Debt restructuring,,0,0,nominal_usd,debt_restructuring
LBY::cofi,LBY,Libya,2009,cofi,COFI,,0,0,nominal_usd,investment
LBY::cgef,LBY,Libya,2009,cgef,CGEF,,0,0,nominal_usd,loan_commitment
LBY::chapo,LBY,Libya,2009,chapo,CHAPO,,0,0,constant_2021_usd,commitment
LBY::aiddata,LBY,Libya,2010,aiddata,AidData,,1,0,constant_2023_usd,commitment
LBY::codf,LBY,Libya,2010,codf,CODF,,0,0,nominal_usd,loan_commitment
LBY::cla,LBY,Libya,2010,cla,CLA,,0,0,nominal_usd,loan_commitment
LBY::cancel,LBY,Libya,2010,cancel,Debt cancellation,,0,0,nominal_usd,debt_cancellation
LBY::restruct,LBY,Libya,2010,restruct,Debt restructuring,,0,0,nominal_usd,debt_restructuring
LBY::cofi,LBY,Libya,2010,cofi,COFI,,0,0,nominal_usd,investment
LBY::cgef,LBY,Libya,2010,cgef,CGEF,,0,0,nominal_usd,loan_commitment
LBY::chapo,LBY,Libya,2010,chapo,CHAPO,,0,0,constant_2021_usd,commitment
LBY::aiddata,LBY,Libya,2011,aiddata,AidData,3516085.83361,2,1,constant_2023_usd,commitment
LBY::codf,LBY,Libya,2011,codf,CODF,,0,0,nominal_usd,loan_commitment
LBY::cla,LBY,Libya,2011,cla,CLA,,0,0,nominal_usd,loan_commitment
LBY::cancel,LBY,Libya,2011,cancel,Debt cancellation,,0,0,nominal_usd,debt_cancellation
LBY::restruct,LBY,Libya,2011,restruct,Debt restructuring,,0,0,nominal_usd,debt_restructuring
LBY::cofi,LBY,Libya,2011,cofi,COFI,,0,0,nominal_usd,investment
LBY::cgef,LBY,Libya,2011,cgef,CGEF,,0,0,nominal_usd,loan_commitment
LBY::chapo,LBY,Libya,2011,chapo,CHAPO,,0,0,constant_2021_usd,commitment
LBY::aiddata,LBY,Libya,2012,aiddata,AidData,,0,0,constant_2023_usd,commitment
LBY::codf,LBY,Libya,2012,codf,CODF,,0,0,nominal_usd,loan_commitment
LBY::cla,LBY,Libya,2012,cla,CLA,,0,0,nominal_usd,loan_commitment
LBY::cancel,LBY,Libya,2012,cancel,Debt cancellation,,0,0,nominal_usd,debt_cancellation
LBY::restruct,LBY,Libya,2012,restruct,Debt restructuring,,0,0,nominal_usd,debt_restructuring
LBY::cofi,LBY,Libya,2012,cofi,COFI,,0,0,nominal_usd,investment
LBY::cgef,LBY,Libya,2012,cgef,CGEF,,0,0,nominal_usd,loan_commitment
LBY::chapo,LBY,Libya,2012,chapo,CHAPO,,0,0,constant_2021_usd,commitment
LBY::aiddata,LBY,Libya,2013,aiddata,AidData,,1,0,constant_2023_usd,commitment
LBY::codf,LBY,Libya,2013,codf,CODF,,0,0,nominal_usd,loan_commitment
LBY::cla,LBY,Libya,2013,cla,CLA,,0,0,nominal_usd,loan_commitment
LBY::cancel,LBY,Libya,2013,cancel,Debt cancellation,,0,0,nominal_usd,debt_cancellation
LBY::restruct,LBY,Libya,2013,restruct,Debt restructuring,,0,0,nominal_usd,debt_restructuring
LBY::cofi,LBY,Libya,2013,cofi,COFI,,0,0,nominal_usd,investment
LBY::cgef,LBY,Libya,2013,cgef,CGEF,,0,0,nominal_usd,loan_commitment
LBY::chapo,LBY,Libya,2013,chapo,CHAPO,,1,0,constant_2021_usd,commitment
LBY::aiddata,LBY,Libya,2014,aiddata,AidData,,0,0,constant_2023_usd,commitment
LBY::codf,LBY,Libya,2014,codf,CODF,,0,0,nominal_usd,loan_commitment
LBY::cla,LBY,Libya,2014,cla,CLA,,0,0,nominal_usd,loan_commitment
LBY::cancel,LBY,Libya,2014,cancel,Debt cancellation,,0,0,nominal_usd,debt_cancellation
LBY::restruct,LBY,Libya,2014,restruct,Debt restructuring,,0,0,nominal_usd,debt_restructuring
LBY::cofi,LBY,Libya,2014,cofi,COFI,,0,0,nominal_usd,investment
LBY::cgef,LBY,Libya,2014,cgef,CGEF,,0,0,nominal_usd,loan_commitment
LBY::chapo,LBY,Libya,2014,chapo,CHAPO,,0,0,constant_2021_usd,commitment
LBY::aiddata,LBY,Libya,2015,aiddata,AidData,,0,0,constant_2023_usd,commitment
LBY::codf,LBY,Libya,2015,codf,CODF,,0,0,nominal_usd,loan_commitment
LBY::cla,LBY,Libya,2015,cla,CLA,,0,0,nominal_usd,loan_commitment
LBY::cancel,LBY,Libya,2015,cancel,Debt cancellation,,0,0,nominal_usd,debt_cancellation
LBY::restruct,LBY,Libya,2015,restruct,Debt restructuring,,0,0,nominal_usd,debt_restructuring
LBY::cofi,LBY,Libya,2015,cofi,COFI,,0,0,nominal_usd,investment
LBY::cgef,LBY,Libya,2015,cgef,CGEF,,0,0,nominal_usd,loan_commitment
LBY::chapo,LBY,Libya,2015,chapo,CHAPO,,0,0,constant_2021_usd,commitment
LBY::aiddata,LBY,Libya,2016,aiddata,AidData,,0,0,constant_2023_usd,commitment
LBY::codf,LBY,Libya,2016,codf,CODF,,0,0,nominal_usd,loan_commitment
LBY::cla,LBY,Libya,2016,cla,CLA,,0,0,nominal_usd,loan_commitment
LBY::cancel,LBY,Libya,2016,cancel,Debt cancellation,,0,0,nominal_usd,debt_cancellation
LBY::restruct,LBY,Libya,2016,restruct,Debt restructuring,,0,0,nominal_usd,debt_restructuring
LBY::cofi,LBY,Libya,2016,cofi,COFI,,0,0,nominal_usd,investment
LBY::cgef,LBY,Libya,2016,cgef,CGEF,,0,0,nominal_usd,loan_commitment
LBY::chapo,LBY,Libya,2016,chapo,CHAPO,,0,0,constant_2021_usd,commitment
LBY::aiddata,LBY,Libya,2017,aiddata,AidData,,0,0,constant_2023_usd,commitment
LBY::codf,LBY,Libya,2017,codf,CODF,,0,0,nominal_usd,loan_commitment
LBY::cla,LBY,Libya,2017,cla,CLA,,0,0,nominal_usd,loan_commitment
LBY::cancel,LBY,Libya,2017,cancel,Debt cancellation,,0,0,nominal_usd,debt_cancellation
LBY::restruct,LBY,Libya,2017,restruct,Debt restructuring,,0,0,nominal_usd,debt_restructuring
LBY::cofi,LBY,Libya,2017,cofi,COFI,,0,0,nominal_usd,investment
LBY::cgef,LBY,Libya,2017,cgef,CGEF,,0,0,nominal_usd,loan_commitment
LBY::chapo,LBY,Libya,2017,chapo,CHAPO,,0,0,constant_2021_usd,commitment
LBY::aiddata,LBY,Libya,2018,aiddata,AidData,6037777.764827,2,1,constant_2023_usd,commitment
LBY::codf,LBY,Libya,2018,codf,CODF,,0,0,nominal_usd,loan_commitment
LBY::cla,LBY,Libya,2018,cla,CLA,,0,0,nominal_usd,loan_commitment
LBY::cancel,LBY,Libya,2018,cancel,Debt cancellation,,0,0,nominal_usd,debt_cancellation
LBY::restruct,LBY,Libya,2018,restruct,Debt restructuring,,0,0,nominal_usd,debt_restructuring
LBY::cofi,LBY,Libya,2018,cofi,COFI,,0,0,nominal_usd,investment
LBY::cgef,LBY,Libya,2018,cgef,CGEF,,0,0,nominal_usd,loan_commitment
LBY::chapo,LBY,Libya,2018,chapo,CHAPO,6539098.487272,1,1,constant_2021_usd,commitment
LBY::aiddata,LBY,Libya,2019,aiddata,AidData,,0,0,constant_2023_usd,commitment
LBY::codf,LBY,Libya,2019,codf,CODF,,0,0,nominal_usd,loan_commitment
LBY::cla,LBY,Libya,2019,cla,CLA,,0,0,nominal_usd,loan_commitment
LBY::cancel,LBY,Libya,2019,cancel,Debt cancellation,,0,0,nominal_usd,debt_cancellation
LBY::restruct,LBY,Libya,2019,restruct,Debt restructuring,,0,0,nominal_usd,debt_restructuring
LBY::cofi,LBY,Libya,2019,cofi,COFI,,0,0,nominal_usd,investment
LBY::cgef,LBY,Libya,2019,cgef,CGEF,,0,0,nominal_usd,loan_commitment
LBY::chapo,LBY,Libya,2019,chapo,CHAPO,,0,0,constant_2021_usd,commitment
LBY::aiddata,LBY,Libya,2020,aiddata,AidData,3879058.985707,3,2,constant_2023_usd,commitment
LBY::codf,LBY,Libya,2020,codf,CODF,,0,0,nominal_usd,loan_commitment
LBY::cla,LBY,Libya,2020,cla,CLA,,0,0,nominal_usd,loan_commitment
LBY::cancel,LBY,Libya,2020,cancel,Debt cancellation,,0,0,nominal_usd,debt_cancellation
LBY::restruct,LBY,Libya,2020,restruct,Debt restructuring,,0,0,nominal_usd,debt_restructuring
LBY::cofi,LBY,Libya,2020,cofi,COFI,,0,0,nominal_usd,investment
LBY::cgef,LBY,Libya,2020,cgef,CGEF,,0,0,nominal_usd,loan_commitment
LBY::chapo,LBY,Libya,2020,chapo,CHAPO,4199025.485022,4,2,constant_2021_usd,commitment
LBY::aiddata,LBY,Libya,2021,aiddata,AidData,,1,0,constant_2023_usd,commitment
LBY::codf,LBY,Libya,2021,codf,CODF,,0,0,nominal_usd,loan_commitment
LBY::cla,LBY,Libya,2021,cla,CLA,,0,0,nominal_usd,loan_commitment
LBY::cancel,LBY,Libya,2021,cancel,Debt cancellation,,0,0,nominal_usd,debt_cancellation
LBY::restruct,LBY,Libya,2021,restruct,Debt restructuring,,0,0,nominal_usd,debt_restructuring
LBY::cofi,LBY,Libya,2021,cofi,COFI,,0,0,nominal_usd,investment
LBY::cgef,LBY,Libya,2021,cgef,CGEF,,0,0,nominal_usd,loan_commitment
LBY::chapo,LBY,Libya,2021,chapo,CHAPO,,1,0,constant_2021_usd,commitment
LBY::aiddata,LBY,Libya,2022,aiddata,AidData,,0,0,constant_2023_usd,commitment
LBY::codf,LBY,Libya,2022,codf,CODF,,0,0,nominal_usd,loan_commitment
LBY::cla,LBY,Libya,2022,cla,CLA,,0,0,nominal_usd,loan_commitment
LBY::cancel,LBY,Libya,2022,cancel,Debt cancellation,,0,0,nominal_usd,debt_cancellation
LBY::restruct,LBY,Libya,2022,restruct,Debt restructuring,,0,0,nominal_usd,debt_restructuring
LBY::cofi,LBY,Libya,2022,cofi,COFI,,0,0,nominal_usd,investment
LBY::cgef,LBY,Libya,2022,cgef,CGEF,,0,0,nominal_usd,loan_commitment
LBY::chapo,LBY,Libya,2022,chapo,CHAPO,,0,0,constant_2021_usd,commitment
LBY::aiddata,LBY,Libya,2023,aiddata,AidData,4237022.424017,1,1,constant_2023_usd,commitment
LBY::codf,LBY,Libya,2023,codf,CODF,,0,0,nominal_usd,loan_commitment
LBY::cla,LBY,Libya,2023,cla,CLA,,0,0,nominal_usd,loan_commitment
LBY::cancel,LBY,Libya,2023,cancel,Debt cancellation,,0,0,nominal_usd,debt_cancellation
LBY::restruct,LBY,Libya,2023,restruct,Debt restructuring,,0,0,nominal_usd,debt_restructuring
LBY::cofi,LBY,Libya,2023,cofi,COFI,,0,0,nominal_usd,investment
LBY::cgef,LBY,Libya,2023,cgef,CGEF,,0,0,nominal_usd,loan_commitment
LBY::chapo,LBY,Libya,2023,chapo,CHAPO,,0,0,constant_2021_usd,commitment
LBY::aiddata,LBY,Libya,2024,aiddata,AidData,,0,0,constant_2023_usd,commitment
LBY::codf,LBY,Libya,2024,codf,CODF,,0,0,nominal_usd,loan_commitment
LBY::cla,LBY,Libya,2024,cla,CLA,,0,0,nominal_usd,loan_commitment
LBY::cancel,LBY,Libya,2024,cancel,Debt cancellation,,0,0,nominal_usd,debt_cancellation
LBY::restruct,LBY,Libya,2024,restruct,Debt restructuring,,0,0,nominal_usd,debt_restructuring
LBY::cofi,LBY,Libya,2024,cofi,COFI,,0,0,nominal_usd,investment
LBY::cgef,LBY,Libya,2024,cgef,CGEF,,0,0,nominal_usd,loan_commitment
LBY::chapo,LBY,Libya,2024,chapo,CHAPO,,0,0,constant_2021_usd,commitment
LSO::aiddata,LSO,Lesotho,2000,aiddata,AidData,,0,0,constant_2023_usd,commitment
LSO::codf,LSO,Lesotho,2000,codf,CODF,,0,0,nominal_usd,loan_commitment
LSO::cla,LSO,Lesotho,2000,cla,CLA,,0,0,nominal_usd,loan_commitment
LSO::cancel,LSO,Lesotho,2000,cancel,Debt cancellation,,0,0,nominal_usd,debt_cancellation
LSO::restruct,LSO,Lesotho,2000,restruct,Debt restructuring,,0,0,nominal_usd,debt_restructuring
LSO::cofi,LSO,Lesotho,2000,cofi,COFI,,0,0,nominal_usd,investment
LSO::cgef,LSO,Lesotho,2000,cgef,CGEF,,0,0,nominal_usd,loan_commitment
LSO::chapo,LSO,Lesotho,2000,chapo,CHAPO,,0,0,constant_2021_usd,commitment
LSO::aiddata,LSO,Lesotho,2001,aiddata,AidData,12130912.182615,3,2,constant_2023_usd,commitment
LSO::codf,LSO,Lesotho,2001,codf,CODF,,0,0,nominal_usd,loan_commitment
LSO::cla,LSO,Lesotho,2001,cla,CLA,,0,0,nominal_usd,loan_commitment
LSO::cancel,LSO,Lesotho,2001,cancel,Debt cancellation,3300000.0,1,1,nominal_usd,debt_cancellation
LSO::restruct,LSO,Lesotho,2001,restruct,Debt restructuring,,0,0,nominal_usd,debt_restructuring
LSO::cofi,LSO,Lesotho,2001,cofi,COFI,,0,0,nominal_usd,investment
LSO::cgef,LSO,Lesotho,2001,cgef,CGEF,,0,0,nominal_usd,loan_commitment
LSO::chapo,LSO,Lesotho,2001,chapo,CHAPO,,0,0,constant_2021_usd,commitment
LSO::aiddata,LSO,Lesotho,2002,aiddata,AidData,5275539.185379,4,1,constant_2023_usd,commitment
LSO::codf,LSO,Lesotho,2002,codf,CODF,,0,0,nominal_usd,loan_commitment
LSO::cla,LSO,Lesotho,2002,cla,CLA,,0,0,nominal_usd,loan_commitment
LSO::cancel,LSO,Lesotho,2002,cancel,Debt cancellation,,0,0,nominal_usd,debt_cancellation
LSO::restruct,LSO,Lesotho,2002,restruct,Debt restructuring,,0,0,nominal_usd,debt_restructuring
LSO::cofi,LSO,Lesotho,2002,cofi,COFI,,0,0,nominal_usd,investment
LSO::cgef,LSO,Lesotho,2002,cgef,CGEF,,0,0,nominal_usd,loan_commitment
LSO::chapo,LSO,Lesotho,2002,chapo,CHAPO,,2,0,constant_2021_usd,commitment
LSO::aiddata,LSO,Lesotho,2003,aiddata,AidData,13447484.093518,7,4,constant_2023_usd,commitment
LSO::codf,LSO,Lesotho,2003,codf,CODF,,0,0,nominal_usd,loan_commitment
LSO::cla,LSO,Lesotho,2003,cla,CLA,,0,0,nominal_usd,loan_commitment
LSO::cancel,LSO,Lesotho,2003,cancel,Debt cancellation,,0,0,nominal_usd,debt_cancellation
LSO::restruct,LSO,Lesotho,2003,restruct,Debt restructuring,,0,0,nominal_usd,debt_restructuring
LSO::cofi,LSO,Lesotho,2003,cofi,COFI,,0,0,nominal_usd,investment
LSO::cgef,LSO,Lesotho,2003,cgef,CGEF,,0,0,nominal_usd,loan_commitment
LSO::chapo,LSO,Lesotho,2003,chapo,CHAPO,,0,0,constant_2021_usd,commitment
LSO::aiddata,LSO,Lesotho,2004,aiddata,AidData,,1,0,constant_2023_usd,commitment
LSO::codf,LSO,Lesotho,2004,codf,CODF,,0,0,nominal_usd,loan_commitment
LSO::cla,LSO,Lesotho,2004,cla,CLA,,0,0,nominal_usd,loan_commitment
LSO::cancel,LSO,Lesotho,2004,cancel,Debt cancellation,,0,0,nominal_usd,debt_cancellation
LSO::restruct,LSO,Lesotho,2004,restruct,Debt restructuring,,0,0,nominal_usd,debt_restructuring
LSO::cofi,LSO,Lesotho,2004,cofi,COFI,,0,0,nominal_usd,investment
LSO::cgef,LSO,Lesotho,2004,cgef,CGEF,,0,0,nominal_usd,loan_commitment
LSO::chapo,LSO,Lesotho,2004,chapo,CHAPO,,0,0,constant_2021_usd,commitment
LSO::aiddata,LSO,Lesotho,2005,aiddata,AidData,22180546.46094,7,3,constant_2023_usd,commitment
LSO::codf,LSO,Lesotho,2005,codf,CODF,,0,0,nominal_usd,loan_commitment
LSO::cla,LSO,Lesotho,2005,cla,CLA,,0,0,nominal_usd,loan_commitment
LSO::cancel,LSO,Lesotho,2005,cancel,Debt cancellation,,0,0,nominal_usd,debt_cancellation
LSO::restruct,LSO,Lesotho,2005,restruct,Debt restructuring,,0,0,nominal_usd,debt_restructuring
LSO::cofi,LSO,Lesotho,2005,cofi,COFI,,0,0,nominal_usd,investment
LSO::cgef,LSO,Lesotho,2005,cgef,CGEF,,0,0,nominal_usd,loan_commitment
LSO::chapo,LSO,Lesotho,2005,chapo,CHAPO,,1,0,constant_2021_usd,commitment
LSO::aiddata,LSO,Lesotho,2006,aiddata,AidData,9251323.34161,3,3,constant_2023_usd,commitment
LSO::codf,LSO,Lesotho,2006,codf,CODF,,0,0,nominal_usd,loan_commitment
LSO::cla,LSO,Lesotho,2006,cla,CLA,,0,0,nominal_usd,loan_commitment
LSO::cancel,LSO,Lesotho,2006,cancel,Debt cancellation,6400000.0,1,1,nominal_usd,debt_cancellation
LSO::restruct,LSO,Lesotho,2006,restruct,Debt restructuring,,0,0,nominal_usd,debt_restructuring
LSO::cofi,LSO,Lesotho,2006,cofi,COFI,,0,0,nominal_usd,investment
LSO::cgef,LSO,Lesotho,2006,cgef,CGEF,,0,0,nominal_usd,loan_commitment
LSO::chapo,LSO,Lesotho,2006,chapo,CHAPO,,0,0,constant_2021_usd,commitment
LSO::aiddata,LSO,Lesotho,2007,aiddata,AidData,10922412.021096,4,1,constant_2023_usd,commitment
LSO::codf,LSO,Lesotho,2007,codf,CODF,,0,0,nominal_usd,loan_commitment
LSO::cla,LSO,Lesotho,2007,cla,CLA,,0,0,nominal_usd,loan_commitment
LSO::cancel,LSO,Lesotho,2007,cancel,Debt cancellation,,0,0,nominal_usd,debt_cancellation
LSO::restruct,LSO,Lesotho,2007,restruct,Debt restructuring,,0,0,nominal_usd,debt_restructuring
LSO::cofi,LSO,Lesotho,2007,cofi,COFI,,0,0,nominal_usd,investment
LSO::cgef,LSO,Lesotho,2007,cgef,CGEF,,0,0,nominal_usd,loan_commitment
LSO::chapo,LSO,Lesotho,2007,chapo,CHAPO,,1,0,constant_2021_usd,commitment
LSO::aiddata,LSO,Lesotho,2008,aiddata,AidData,47640803.022161,2,2,constant_2023_usd,commitment
LSO::codf,LSO,Lesotho,2008,codf,CODF,32820000.0,1,1,nominal_usd,loan_commitment
LSO::cla,LSO,Lesotho,2008,cla,CLA,32820000.0,1,1,nominal_usd,loan_commitment
LSO::cancel,LSO,Lesotho,2008,cancel,Debt cancellation,,0,0,nominal_usd,debt_cancellation
LSO::restruct,LSO,Lesotho,2008,restruct,Debt restructuring,,0,0,nominal_usd,debt_restructuring
LSO::cofi,LSO,Lesotho,2008,cofi,COFI,,0,0,nominal_usd,investment
LSO::cgef,LSO,Lesotho,2008,cgef,CGEF,,0,0,nominal_usd,loan_commitment
LSO::chapo,LSO,Lesotho,2008,chapo,CHAPO,,0,0,constant_2021_usd,commitment
LSO::aiddata,LSO,Lesotho,2009,aiddata,AidData,8239.384331,5,1,constant_2023_usd,commitment
LSO::codf,LSO,Lesotho,2009,codf,CODF,,0,0,nominal_usd,loan_commitment
LSO::cla,LSO,Lesotho,2009,cla,CLA,,0,0,nominal_usd,loan_commitment
LSO::cancel,LSO,Lesotho,2009,cancel,Debt cancellation,,0,0,nominal_usd,debt_cancellation
LSO::restruct,LSO,Lesotho,2009,restruct,Debt restructuring,,0,0,nominal_usd,debt_restructuring
LSO::cofi,LSO,Lesotho,2009,cofi,COFI,,0,0,nominal_usd,investment
LSO::cgef,LSO,Lesotho,2009,cgef,CGEF,,0,0,nominal_usd,loan_commitment
LSO::chapo,LSO,Lesotho,2009,chapo,CHAPO,,2,0,constant_2021_usd,commitment
LSO::aiddata,LSO,Lesotho,2010,aiddata,AidData,15653200.979598,6,2,constant_2023_usd,commitment
LSO::codf,LSO,Lesotho,2010,codf,CODF,,0,0,nominal_usd,loan_commitment
LSO::cla,LSO,Lesotho,2010,cla,CLA,,0,0,nominal_usd,loan_commitment
LSO::cancel,LSO,Lesotho,2010,cancel,Debt cancellation,,0,0,nominal_usd,debt_cancellation
LSO::restruct,LSO,Lesotho,2010,restruct,Debt restructuring,,0,0,nominal_usd,debt_restructuring
LSO::cofi,LSO,Lesotho,2010,cofi,COFI,,0,0,nominal_usd,investment
LSO::cgef,LSO,Lesotho,2010,cgef,CGEF,,0,0,nominal_usd,loan_commitment
LSO::chapo,LSO,Lesotho,2010,chapo,CHAPO,,0,0,constant_2021_usd,commitment
LSO::aiddata,LSO,Lesotho,2011,aiddata,AidData,35966696.225414,7,3,constant_2023_usd,commitment
LSO::codf,LSO,Lesotho,2011,codf,CODF,33790000.0,1,1,nominal_usd,loan_commitment
LSO::cla,LSO,Lesotho,2011,cla,CLA,41520000.0,2,2,nominal_usd,loan_commitment
LSO::cancel,LSO,Lesotho,2011,cancel,Debt cancellation,,0,0,nominal_usd,debt_cancellation
LSO::restruct,LSO,Lesotho,2011,restruct,Debt restructuring,,0,0,nominal_usd,debt_restructuring
LSO::cofi,LSO,Lesotho,2011,cofi,COFI,,0,0,nominal_usd,investment
LSO::cgef,LSO,Lesotho,2011,cgef,CGEF,,0,0,nominal_usd,loan_commitment
LSO::chapo,LSO,Lesotho,2011,chapo,CHAPO,,1,0,constant_2021_usd,commitment
LSO::aiddata,LSO,Lesotho,2012,aiddata,AidData,29275645.762629,12,9,constant_2023_usd,commitment
LSO::codf,LSO,Lesotho,2012,codf,CODF,,0,0,nominal_usd,loan_commitment
LSO::cla,LSO,Lesotho,2012,cla,CLA,8000000.0,1,1,nominal_usd,loan_commitment
LSO::cancel,LSO,Lesotho,2012,cancel,Debt cancellation,,0,0,nominal_usd,debt_cancellation
LSO::restruct,LSO,Lesotho,2012,restruct,Debt restructuring,,0,0,nominal_usd,debt_restructuring
LSO::cofi,LSO,Lesotho,2012,cofi,COFI,,0,0,nominal_usd,investment
LSO::cgef,LSO,Lesotho,2012,cgef,CGEF,,0,0,nominal_usd,loan_commitment
LSO::chapo,LSO,Lesotho,2012,chapo,CHAPO,,1,0,constant_2021_usd,commitment
LSO::aiddata,LSO,Lesotho,2013,aiddata,AidData,,2,0,constant_2023_usd,commitment
LSO::codf,LSO,Lesotho,2013,codf,CODF,,0,0,nominal_usd,loan_commitment
LSO::cla,LSO,Lesotho,2013,cla,CLA,,0,0,nominal_usd,loan_commitment
LSO::cancel,LSO,Lesotho,2013,cancel,Debt cancellation,,0,0,nominal_usd,debt_cancellation
LSO::restruct,LSO,Lesotho,2013,restruct,Debt restructuring,,0,0,nominal_usd,debt_restructuring
LSO::cofi,LSO,Lesotho,2013,cofi,COFI,,0,0,nominal_usd,investment
LSO::cgef,LSO,Lesotho,2013,cgef,CGEF,,0,0,nominal_usd,loan_commitment
LSO::chapo,LSO,Lesotho,2013,chapo,CHAPO,,1,0,constant_2021_usd,commitment
LSO::aiddata,LSO,Lesotho,2014,aiddata,AidData,12866211.406793,3,1,constant_2023_usd,commitment
LSO::codf,LSO,Lesotho,2014,codf,CODF,,0,0,nominal_usd,loan_commitment
LSO::cla,LSO,Lesotho,2014,cla,CLA,,0,0,nominal_usd,loan_commitment
LSO::cancel,LSO,Lesotho,2014,cancel,Debt cancellation,,0,0,nominal_usd,debt_cancellation
LSO::restruct,LSO,Lesotho,2014,restruct,Debt restructuring,,0,0,nominal_usd,debt_restructuring
LSO::cofi,LSO,Lesotho,2014,cofi,COFI,,0,0,nominal_usd,investment
LSO::cgef,LSO,Lesotho,2014,cgef,CGEF,,0,0,nominal_usd,loan_commitment
LSO::chapo,LSO,Lesotho,2014,chapo,CHAPO,,0,0,constant_2021_usd,commitment
LSO::aiddata,LSO,Lesotho,2015,aiddata,AidData,1046198.381401,8,1,constant_2023_usd,commitment
LSO::codf,LSO,Lesotho,2015,codf,CODF,,0,0,nominal_usd,loan_commitment
LSO::cla,LSO,Lesotho,2015,cla,CLA,,0,0,nominal_usd,loan_commitment
LSO::cancel,LSO,Lesotho,2015,cancel,Debt cancellation,,0,0,nominal_usd,debt_cancellation
LSO::restruct,LSO,Lesotho,2015,restruct,Debt restructuring,,0,0,nominal_usd,debt_restructuring
LSO::cofi,LSO,Lesotho,2015,cofi,COFI,,0,0,nominal_usd,investment
LSO::cgef,LSO,Lesotho,2015,cgef,CGEF,,0,0,nominal_usd,loan_commitment
LSO::chapo,LSO,Lesotho,2015,chapo,CHAPO,,1,0,constant_2021_usd,commitment
LSO::aiddata,LSO,Lesotho,2016,aiddata,AidData,31150.571133,5,2,constant_2023_usd,commitment
LSO::codf,LSO,Lesotho,2016,codf,CODF,,0,0,nominal_usd,loan_commitment
LSO::cla,LSO,Lesotho,2016,cla,CLA,,0,0,nominal_usd,loan_commitment
LSO::cancel,LSO,Lesotho,2016,cancel,Debt cancellation,,0,0,nominal_usd,debt_cancellation
LSO::restruct,LSO,Lesotho,2016,restruct,Debt restructuring,,0,0,nominal_usd,debt_restructuring
LSO::cofi,LSO,Lesotho,2016,cofi,COFI,,0,0,nominal_usd,investment
LSO::cgef,LSO,Lesotho,2016,cgef,CGEF,,0,0,nominal_usd,loan_commitment
LSO::chapo,LSO,Lesotho,2016,chapo,CHAPO,24088.074058,2,1,constant_2021_usd,commitment
LSO::aiddata,LSO,Lesotho,2017,aiddata,AidData,49552.793466,16,5,constant_2023_usd,commitment
LSO::codf,LSO,Lesotho,2017,codf,CODF,,0,0,nominal_usd,loan_commitment
LSO::cla,LSO,Lesotho,2017,cla,CLA,,0,0,nominal_usd,loan_commitment
LSO::cancel,LSO,Lesotho,2017,cancel,Debt cancellation,,0,0,nominal_usd,debt_cancellation
LSO::restruct,LSO,Lesotho,2017,restruct,Debt restructuring,,0,0,nominal_usd,debt_restructuring
LSO::cofi,LSO,Lesotho,2017,cofi,COFI,,0,0,nominal_usd,investment
LSO::cgef,LSO,Lesotho,2017,cgef,CGEF,,0,0,nominal_usd,loan_commitment
LSO::chapo,LSO,Lesotho,2017,chapo,CHAPO,40678.135949,3,2,constant_2021_usd,commitment
LSO::aiddata,LSO,Lesotho,2018,aiddata,AidData,179749459.97417,19,10,constant_2023_usd,commitment
LSO::codf,LSO,Lesotho,2018,codf,CODF,105820000.0,1,1,nominal_usd,loan_commitment
LSO::cla,LSO,Lesotho,2018,cla,CLA,105840000.0,1,1,nominal_usd,loan_commitment
LSO::cancel,LSO,Lesotho,2018,cancel,Debt cancellation,11630000.0,1,1,nominal_usd,debt_cancellation
LSO::restruct,LSO,Lesotho,2018,restruct,Debt restructuring,,0,0,nominal_usd,debt_restructuring
LSO::cofi,LSO,Lesotho,2018,cofi,COFI,,0,0,nominal_usd,investment
LSO::cgef,LSO,Lesotho,2018,cgef,CGEF,,0,0,nominal_usd,loan_commitment
LSO::chapo,LSO,Lesotho,2018,chapo,CHAPO,70893663.250902,3,2,constant_2021_usd,commitment
LSO::aiddata,LSO,Lesotho,2019,aiddata,AidData,1037987.490907,7,1,constant_2023_usd,commitment
LSO::codf,LSO,Lesotho,2019,codf,CODF,,0,0,nominal_usd,loan_commitment
LSO::cla,LSO,Lesotho,2019,cla,CLA,,0,0,nominal_usd,loan_commitment
LSO::cancel,LSO,Lesotho,2019,cancel,Debt cancellation,,0,0,nominal_usd,debt_cancellation
LSO::restruct,LSO,Lesotho,2019,restruct,Debt restructuring,,0,0,nominal_usd,debt_restructuring
LSO::cofi,LSO,Lesotho,2019,cofi,COFI,,0,0,nominal_usd,investment
LSO::cgef,LSO,Lesotho,2019,cgef,CGEF,,0,0,nominal_usd,loan_commitment
LSO::chapo,LSO,Lesotho,2019,chapo,CHAPO,,2,0,constant_2021_usd,commitment
LSO::aiddata,LSO,Lesotho,2020,aiddata,AidData,73673839.821684,7,4,constant_2023_usd,commitment
LSO::codf,LSO,Lesotho,2020,codf,CODF,66830000.0,1,1,nominal_usd,loan_commitment
LSO::cla,LSO,Lesotho,2020,cla,CLA,66880000.0,1,1,nominal_usd,loan_commitment
LSO::cancel,LSO,Lesotho,2020,cancel,Debt cancellation,,0,0,nominal_usd,debt_cancellation
LSO::restruct,LSO,Lesotho,2020,restruct,Debt restructuring,,0,0,nominal_usd,debt_restructuring
LSO::cofi,LSO,Lesotho,2020,cofi,COFI,70000000.0,1,1,nominal_usd,investment
LSO::cgef,LSO,Lesotho,2020,cgef,CGEF,66830000.0,1,1,nominal_usd,loan_commitment
LSO::chapo,LSO,Lesotho,2020,chapo,CHAPO,1611763.319995,3,1,constant_2021_usd,commitment
LSO::aiddata,LSO,Lesotho,2021,aiddata,AidData,3836219.867657,3,2,constant_2023_usd,commitment
LSO::codf,LSO,Lesotho,2021,codf,CODF,,0,0,nominal_usd,loan_commitment
LSO::cla,LSO,Lesotho,2021,cla,CLA,,0,0,nominal_usd,loan_commitment
LSO::cancel,LSO,Lesotho,2021,cancel,Debt cancellation,,0,0,nominal_usd,debt_cancellation
LSO::restruct,LSO,Lesotho,2021,restruct,Debt restructuring,,0,0,nominal_usd,debt_restructuring
LSO::cofi,LSO,Lesotho,2021,cofi,COFI,,0,0,nominal_usd,investment
LSO::cgef,LSO,Lesotho,2021,cgef,CGEF,,0,0,nominal_usd,loan_commitment
LSO::chapo,LSO,Lesotho,2021,chapo,CHAPO,4160120.0,3,2,constant_2021_usd,commitment
LSO::aiddata,LSO,Lesotho,2022,aiddata,AidData,499589.192554,6,2,constant_2023_usd,commitment
LSO::codf,LSO,Lesotho,2022,codf,CODF,30000000.0,1,1,nominal_usd,loan_commitment
LSO::cla,LSO,Lesotho,2022,cla,CLA,30000000.0,1,1,nominal_usd,loan_commitment
LSO::cancel,LSO,Lesotho,2022,cancel,Debt cancellation,,0,0,nominal_usd,debt_cancellation
LSO::restruct,LSO,Lesotho,2022,restruct,Debt restructuring,,0,0,nominal_usd,debt_restructuring
LSO::cofi,LSO,Lesotho,2022,cofi,COFI,,0,0,nominal_usd,investment
LSO::cgef,LSO,Lesotho,2022,cgef,CGEF,,0,0,nominal_usd,loan_commitment
LSO::chapo,LSO,Lesotho,2022,chapo,CHAPO,,0,0,constant_2021_usd,commitment
LSO::aiddata,LSO,Lesotho,2023,aiddata,AidData,1884743.590807,6,3,constant_2023_usd,commitment
LSO::codf,LSO,Lesotho,2023,codf,CODF,,0,0,nominal_usd,loan_commitment
LSO::cla,LSO,Lesotho,2023,cla,CLA,,0,0,nominal_usd,loan_commitment
LSO::cancel,LSO,Lesotho,2023,cancel,Debt cancellation,,0,0,nominal_usd,debt_cancellation
LSO::restruct,LSO,Lesotho,2023,restruct,Debt restructuring,,0,0,nominal_usd,debt_restructuring
LSO::cofi,LSO,Lesotho,2023,cofi,COFI,,0,0,nominal_usd,investment
LSO::cgef,LSO,Lesotho,2023,cgef,CGEF,,0,0,nominal_usd,loan_commitment
LSO::chapo,LSO,Lesotho,2023,chapo,CHAPO,,0,0,constant_2021_usd,commitment
LSO::aiddata,LSO,Lesotho,2024,aiddata,AidData,,0,0,constant_2023_usd,commitment
LSO::codf,LSO,Lesotho,2024,codf,CODF,,0,0,nominal_usd,loan_commitment
LSO::cla,LSO,Lesotho,2024,cla,CLA,,0,0,nominal_usd,loan_commitment
LSO::cancel,LSO,Lesotho,2024,cancel,Debt cancellation,,0,0,nominal_usd,debt_cancellation
LSO::restruct,LSO,Lesotho,2024,restruct,Debt restructuring,,0,0,nominal_usd,debt_restructuring
LSO::cofi,LSO,Lesotho,2024,cofi,COFI,,0,0,nominal_usd,investment
LSO::cgef,LSO,Lesotho,2024,cgef,CGEF,,0,0,nominal_usd,loan_commitment
LSO::chapo,LSO,Lesotho,2024,chapo,CHAPO,,0,0,constant_2021_usd,commitment
MAR::aiddata,MAR,Morocco,2000,aiddata,AidData,15766938.776924,2,2,constant_2023_usd,commitment
MAR::codf,MAR,Morocco,2000,codf,CODF,,0,0,nominal_usd,loan_commitment
MAR::cla,MAR,Morocco,2000,cla,CLA,7620000.0,1,1,nominal_usd,loan_commitment
MAR::cancel,MAR,Morocco,2000,cancel,Debt cancellation,,0,0,nominal_usd,debt_cancellation
MAR::restruct,MAR,Morocco,2000,restruct,Debt restructuring,,0,0,nominal_usd,debt_restructuring
MAR::cofi,MAR,Morocco,2000,cofi,COFI,,0,0,nominal_usd,investment
MAR::cgef,MAR,Morocco,2000,cgef,CGEF,,0,0,nominal_usd,loan_commitment
MAR::chapo,MAR,Morocco,2000,chapo,CHAPO,,0,0,constant_2021_usd,commitment
MAR::aiddata,MAR,Morocco,2001,aiddata,AidData,42089160.746817,2,1,constant_2023_usd,commitment
MAR::codf,MAR,Morocco,2001,codf,CODF,,0,0,nominal_usd,loan_commitment
MAR::cla,MAR,Morocco,2001,cla,CLA,13040000.0,1,1,nominal_usd,loan_commitment
MAR::cancel,MAR,Morocco,2001,cancel,Debt cancellation,,0,0,nominal_usd,debt_cancellation
MAR::restruct,MAR,Morocco,2001,restruct,Debt restructuring,,0,0,nominal_usd,debt_restructuring
MAR::cofi,MAR,Morocco,2001,cofi,COFI,,0,0,nominal_usd,investment
MAR::cgef,MAR,Morocco,2001,cgef,CGEF,,0,0,nominal_usd,loan_commitment
MAR::chapo,MAR,Morocco,2001,chapo,CHAPO,45568910.025519,1,1,constant_2021_usd,commitment
MAR::aiddata,MAR,Morocco,2002,aiddata,AidData,15563460.658654,3,3,constant_2023_usd,commitment
MAR::codf,MAR,Morocco,2002,codf,CODF,,0,0,nominal_usd,loan_commitment
MAR::cla,MAR,Morocco,2002,cla,CLA,6040000.0,1,1,nominal_usd,loan_commitment
MAR::cancel,MAR,Morocco,2002,cancel,Debt cancellation,,0,0,nominal_usd,debt_cancellation
MAR::restruct,MAR,Morocco,2002,restruct,Debt restructuring,,0,0,nominal_usd,debt_restructuring
MAR::cofi,MAR,Morocco,2002,cofi,COFI,6390000.0,3,3,nominal_usd,investment
MAR::cgef,MAR,Morocco,2002,cgef,CGEF,,0,0,nominal_usd,loan_commitment
MAR::chapo,MAR,Morocco,2002,chapo,CHAPO,,0,0,constant_2021_usd,commitment
MAR::aiddata,MAR,Morocco,2003,aiddata,AidData,,0,0,constant_2023_usd,commitment
MAR::codf,MAR,Morocco,2003,codf,CODF,,0,0,nominal_usd,loan_commitment
MAR::cla,MAR,Morocco,2003,cla,CLA,,0,0,nominal_usd,loan_commitment
MAR::cancel,MAR,Morocco,2003,cancel,Debt cancellation,,0,0,nominal_usd,debt_cancellation
MAR::restruct,MAR,Morocco,2003,restruct,Debt restructuring,,0,0,nominal_usd,debt_restructuring
MAR::cofi,MAR,Morocco,2003,cofi,COFI,,0,0,nominal_usd,investment
MAR::cgef,MAR,Morocco,2003,cgef,CGEF,,0,0,nominal_usd,loan_commitment
MAR::chapo,MAR,Morocco,2003,chapo,CHAPO,,0,0,constant_2021_usd,commitment
MAR::aiddata,MAR,Morocco,2004,aiddata,AidData,1270844.072126,2,1,constant_2023_usd,commitment
MAR::codf,MAR,Morocco,2004,codf,CODF,,0,0,nominal_usd,loan_commitment
MAR::cla,MAR,Morocco,2004,cla,CLA,,0,0,nominal_usd,loan_commitment
MAR::cancel,MAR,Morocco,2004,cancel,Debt cancellation,,0,0,nominal_usd,debt_cancellation
MAR::restruct,MAR,Morocco,2004,restruct,Debt restructuring,,0,0,nominal_usd,debt_restructuring
MAR::cofi,MAR,Morocco,2004,cofi,COFI,,0,0,nominal_usd,investment
MAR::cgef,MAR,Morocco,2004,cgef,CGEF,,0,0,nominal_usd,loan_commitment
MAR::chapo,MAR,Morocco,2004,chapo,CHAPO,,0,0,constant_2021_usd,commitment
MAR::aiddata,MAR,Morocco,2005,aiddata,AidData,,3,0,constant_2023_usd,commitment
MAR::codf,MAR,Morocco,2005,codf,CODF,,0,0,nominal_usd,loan_commitment
MAR::cla,MAR,Morocco,2005,cla,CLA,,0,0,nominal_usd,loan_commitment
MAR::cancel,MAR,Morocco,2005,cancel,Debt cancellation,,0,0,nominal_usd,debt_cancellation
MAR::restruct,MAR,Morocco,2005,restruct,Debt restructuring,,0,0,nominal_usd,debt_restructuring
MAR::cofi,MAR,Morocco,2005,cofi,COFI,,0,0,nominal_usd,investment
MAR::cgef,MAR,Morocco,2005,cgef,CGEF,,0,0,nominal_usd,loan_commitment
MAR::chapo,MAR,Morocco,2005,chapo,CHAPO,,1,0,constant_2021_usd,commitment
MAR::aiddata,MAR,Morocco,2006,aiddata,AidData,7045850.774932,2,2,constant_2023_usd,commitment
MAR::codf,MAR,Morocco,2006,codf,CODF,,0,0,nominal_usd,loan_commitment
MAR::cla,MAR,Morocco,2006,cla,CLA,,0,0,nominal_usd,loan_commitment
MAR::cancel,MAR,Morocco,2006,cancel,Debt cancellation,,0,0,nominal_usd,debt_cancellation
MAR::restruct,MAR,Morocco,2006,restruct,Debt restructuring,,0,0,nominal_usd,debt_restructuring
MAR::cofi,MAR,Morocco,2006,cofi,COFI,,0,0,nominal_usd,investment
MAR::cgef,MAR,Morocco,2006,cgef,CGEF,,0,0,nominal_usd,loan_commitment
MAR::chapo,MAR,Morocco,2006,chapo,CHAPO,,0,0,constant_2021_usd,commitment
MAR::aiddata,MAR,Morocco,2007,aiddata,AidData,,0,0,constant_2023_usd,commitment
MAR::codf,MAR,Morocco,2007,codf,CODF,,0,0,nominal_usd,loan_commitment
MAR::cla,MAR,Morocco,2007,cla,CLA,,0,0,nominal_usd,loan_commitment
MAR::cancel,MAR,Morocco,2007,cancel,Debt cancellation,,0,0,nominal_usd,debt_cancellation
MAR::restruct,MAR,Morocco,2007,restruct,Debt restructuring,,0,0,nominal_usd,debt_restructuring
MAR::cofi,MAR,Morocco,2007,cofi,COFI,,0,0,nominal_usd,investment
MAR::cgef,MAR,Morocco,2007,cgef,CGEF,,0,0,nominal_usd,loan_commitment
MAR::chapo,MAR,Morocco,2007,chapo,CHAPO,,0,0,constant_2021_usd,commitment
MAR::aiddata,MAR,Morocco,2008,aiddata,AidData,727325084.919149,5,2,constant_2023_usd,commitment
MAR::codf,MAR,Morocco,2008,codf,CODF,514960000.0,1,1,nominal_usd,loan_commitment
MAR::cla,MAR,Morocco,2008,cla,CLA,514960000.0,1,1,nominal_usd,loan_commitment
MAR::cancel,MAR,Morocco,2008,cancel,Debt cancellation,,0,0,nominal_usd,debt_cancellation
MAR::restruct,MAR,Morocco,2008,restruct,Debt restructuring,,0,0,nominal_usd,debt_restructuring
MAR::cofi,MAR,Morocco,2008,cofi,COFI,,0,0,nominal_usd,investment
MAR::cgef,MAR,Morocco,2008,cgef,CGEF,,0,0,nominal_usd,loan_commitment
MAR::chapo,MAR,Morocco,2008,chapo,CHAPO,,0,0,constant_2021_usd,commitment
MAR::aiddata,MAR,Morocco,2009,aiddata,AidData,,0,0,constant_2023_usd,commitment
MAR::codf,MAR,Morocco,2009,codf,CODF,,0,0,nominal_usd,loan_commitment
MAR::cla,MAR,Morocco,2009,cla,CLA,,0,0,nominal_usd,loan_commitment
MAR::cancel,MAR,Morocco,2009,cancel,Debt cancellation,,0,0,nominal_usd,debt_cancellation
MAR::restruct,MAR,Morocco,2009,restruct,Debt restructuring,,0,0,nominal_usd,debt_restructuring
MAR::cofi,MAR,Morocco,2009,cofi,COFI,,0,0,nominal_usd,investment
MAR::cgef,MAR,Morocco,2009,cgef,CGEF,,0,0,nominal_usd,loan_commitment
MAR::chapo,MAR,Morocco,2009,chapo,CHAPO,,0,0,constant_2021_usd,commitment
MAR::aiddata,MAR,Morocco,2010,aiddata,AidData,,2,0,constant_2023_usd,commitment
MAR::codf,MAR,Morocco,2010,codf,CODF,,0,0,nominal_usd,loan_commitment
MAR::cla,MAR,Morocco,2010,cla,CLA,,0,0,nominal_usd,loan_commitment
MAR::cancel,MAR,Morocco,2010,cancel,Debt cancellation,,0,0,nominal_usd,debt_cancellation
MAR::restruct,MAR,Morocco,2010,restruct,Debt restructuring,,0,0,nominal_usd,debt_restructuring
MAR::cofi,MAR,Morocco,2010,cofi,COFI,,0,0,nominal_usd,investment
MAR::cgef,MAR,Morocco,2010,cgef,CGEF,,0,0,nominal_usd,loan_commitment
MAR::chapo,MAR,Morocco,2010,chapo,CHAPO,,1,0,constant_2021_usd,commitment
MAR::aiddata,MAR,Morocco,2011,aiddata,AidData,269899278.567056,7,4,constant_2023_usd,commitment
MAR::codf,MAR,Morocco,2011,codf,CODF,183600000.0,1,1,nominal_usd,loan_commitment
MAR::cla,MAR,Morocco,2011,cla,CLA,183600000.0,1,1,nominal_usd,loan_commitment
MAR::cancel,MAR,Morocco,2011,cancel,Debt cancellation,,0,0,nominal_usd,debt_cancellation
MAR::restruct,MAR,Morocco,2011,restruct,Debt restructuring,,0,0,nominal_usd,debt_restructuring
MAR::cofi,MAR,Morocco,2011,cofi,COFI,,0,0,nominal_usd,investment
MAR::cgef,MAR,Morocco,2011,cgef,CGEF,,0,0,nominal_usd,loan_commitment
MAR::chapo,MAR,Morocco,2011,chapo,CHAPO,,0,0,constant_2021_usd,commitment
MAR::aiddata,MAR,Morocco,2012,aiddata,AidData,,5,0,constant_2023_usd,commitment
MAR::codf,MAR,Morocco,2012,codf,CODF,,0,0,nominal_usd,loan_commitment
MAR::cla,MAR,Morocco,2012,cla,CLA,,0,0,nominal_usd,loan_commitment
MAR::cancel,MAR,Morocco,2012,cancel,Debt cancellation,,0,0,nominal_usd,debt_cancellation
MAR::restruct,MAR,Morocco,2012,restruct,Debt restructuring,,0,0,nominal_usd,debt_restructuring
MAR::cofi,MAR,Morocco,2012,cofi,COFI,,0,0,nominal_usd,investment
MAR::cgef,MAR,Morocco,2012,cgef,CGEF,,0,0,nominal_usd,loan_commitment
MAR::chapo,MAR,Morocco,2012,chapo,CHAPO,,1,0,constant_2021_usd,commitment
MAR::aiddata,MAR,Morocco,2013,aiddata,AidData,,0,0,constant_2023_usd,commitment
MAR::codf,MAR,Morocco,2013,codf,CODF,,0,0,nominal_usd,loan_commitment
MAR::cla,MAR,Morocco,2013,cla,CLA,,0,0,nominal_usd,loan_commitment
MAR::cancel,MAR,Morocco,2013,cancel,Debt cancellation,,0,0,nominal_usd,debt_cancellation
MAR::restruct,MAR,Morocco,2013,restruct,Debt restructuring,,0,0,nominal_usd,debt_restructuring
MAR::cofi,MAR,Morocco,2013,cofi,COFI,,0,0,nominal_usd,investment
MAR::cgef,MAR,Morocco,2013,cgef,CGEF,,0,0,nominal_usd,loan_commitment
MAR::chapo,MAR,Morocco,2013,chapo,CHAPO,,0,0,constant_2021_usd,commitment
MAR::aiddata,MAR,Morocco,2014,aiddata,AidData,416673710.046027,3,3,constant_2023_usd,commitment
MAR::codf,MAR,Morocco,2014,codf,CODF,304500000.0,1,1,nominal_usd,loan_commitment
MAR::cla,MAR,Morocco,2014,cla,CLA,304500000.0,1,1,nominal_usd,loan_commitment
MAR::cancel,MAR,Morocco,2014,cancel,Debt cancellation,,0,0,nominal_usd,debt_cancellation
MAR::restruct,MAR,Morocco,2014,restruct,Debt restructuring,,0,0,nominal_usd,debt_restructuring
MAR::cofi,MAR,Morocco,2014,cofi,COFI,305000000.0,1,1,nominal_usd,investment
MAR::cgef,MAR,Morocco,2014,cgef,CGEF,304500000.0,1,1,nominal_usd,loan_commitment
MAR::chapo,MAR,Morocco,2014,chapo,CHAPO,,0,0,constant_2021_usd,commitment
MAR::aiddata,MAR,Morocco,2015,aiddata,AidData,10367454.2069,5,3,constant_2023_usd,commitment
MAR::codf,MAR,Morocco,2015,codf,CODF,,0,0,nominal_usd,loan_commitment
MAR::cla,MAR,Morocco,2015,cla,CLA,,0,0,nominal_usd,loan_commitment
MAR::cancel,MAR,Morocco,2015,cancel,Debt cancellation,,0,0,nominal_usd,debt_cancellation
MAR::restruct,MAR,Morocco,2015,restruct,Debt restructuring,,0,0,nominal_usd,debt_restructuring
MAR::cofi,MAR,Morocco,2015,cofi,COFI,,0,0,nominal_usd,investment
MAR::cgef,MAR,Morocco,2015,cgef,CGEF,,0,0,nominal_usd,loan_commitment
MAR::chapo,MAR,Morocco,2015,chapo,CHAPO,,1,0,constant_2021_usd,commitment
MAR::aiddata,MAR,Morocco,2016,aiddata,AidData,181714214.026395,5,1,constant_2023_usd,commitment
MAR::codf,MAR,Morocco,2016,codf,CODF,,0,0,nominal_usd,loan_commitment
MAR::cla,MAR,Morocco,2016,cla,CLA,,0,0,nominal_usd,loan_commitment
MAR::cancel,MAR,Morocco,2016,cancel,Debt cancellation,,0,0,nominal_usd,debt_cancellation
MAR::restruct,MAR,Morocco,2016,restruct,Debt restructuring,,0,0,nominal_usd,debt_restructuring
MAR::cofi,MAR,Morocco,2016,cofi,COFI,,0,0,nominal_usd,investment
MAR::cgef,MAR,Morocco,2016,cgef,CGEF,,0,0,nominal_usd,loan_commitment
MAR::chapo,MAR,Morocco,2016,chapo,CHAPO,,1,0,constant_2021_usd,commitment
MAR::aiddata,MAR,Morocco,2017,aiddata,AidData,,1,0,constant_2023_usd,commitment
MAR::codf,MAR,Morocco,2017,codf,CODF,,0,0,nominal_usd,loan_commitment
MAR::cla,MAR,Morocco,2017,cla,CLA,,0,0,nominal_usd,loan_commitment
MAR::cancel,MAR,Morocco,2017,cancel,Debt cancellation,,0,0,nominal_usd,debt_cancellation
MAR::restruct,MAR,Morocco,2017,restruct,Debt restructuring,,0,0,nominal_usd,debt_restructuring
MAR::cofi,MAR,Morocco,2017,cofi,COFI,1950000.0,1,1,nominal_usd,investment
MAR::cgef,MAR,Morocco,2017,cgef,CGEF,,0,0,nominal_usd,loan_commitment
MAR::chapo,MAR,Morocco,2017,chapo,CHAPO,,1,0,constant_2021_usd,commitment
MAR::aiddata,MAR,Morocco,2018,aiddata,AidData,298715293.255507,7,6,constant_2023_usd,commitment
MAR::codf,MAR,Morocco,2018,codf,CODF,,0,0,nominal_usd,loan_commitment
MAR::cla,MAR,Morocco,2018,cla,CLA,,0,0,nominal_usd,loan_commitment
MAR::cancel,MAR,Morocco,2018,cancel,Debt cancellation,,0,0,nominal_usd,debt_cancellation
MAR::restruct,MAR,Morocco,2018,restruct,Debt restructuring,,0,0,nominal_usd,debt_restructuring
MAR::cofi,MAR,Morocco,2018,cofi,COFI,150000000.0,1,1,nominal_usd,investment
MAR::cgef,MAR,Morocco,2018,cgef,CGEF,,0,0,nominal_usd,loan_commitment
MAR::chapo,MAR,Morocco,2018,chapo,CHAPO,,1,0,constant_2021_usd,commitment
MAR::aiddata,MAR,Morocco,2019,aiddata,AidData,,1,0,constant_2023_usd,commitment
MAR::codf,MAR,Morocco,2019,codf,CODF,,0,0,nominal_usd,loan_commitment
MAR::cla,MAR,Morocco,2019,cla,CLA,,0,0,nominal_usd,loan_commitment
MAR::cancel,MAR,Morocco,2019,cancel,Debt cancellation,,0,0,nominal_usd,debt_cancellation
MAR::restruct,MAR,Morocco,2019,restruct,Debt restructuring,,0,0,nominal_usd,debt_restructuring
MAR::cofi,MAR,Morocco,2019,cofi,COFI,,0,0,nominal_usd,investment
MAR::cgef,MAR,Morocco,2019,cgef,CGEF,,0,0,nominal_usd,loan_commitment
MAR::chapo,MAR,Morocco,2019,chapo,CHAPO,,0,0,constant_2021_usd,commitment
MAR::aiddata,MAR,Morocco,2020,aiddata,AidData,1904940.356014,6,4,constant_2023_usd,commitment
MAR::codf,MAR,Morocco,2020,codf,CODF,,0,0,nominal_usd,loan_commitment
MAR::cla,MAR,Morocco,2020,cla,CLA,,0,0,nominal_usd,loan_commitment
MAR::cancel,MAR,Morocco,2020,cancel,Debt cancellation,,0,0,nominal_usd,debt_cancellation
MAR::restruct,MAR,Morocco,2020,restruct,Debt restructuring,,0,0,nominal_usd,debt_restructuring
MAR::cofi,MAR,Morocco,2020,cofi,COFI,,0,0,nominal_usd,investment
MAR::cgef,MAR,Morocco,2020,cgef,CGEF,,0,0,nominal_usd,loan_commitment
MAR::chapo,MAR,Morocco,2020,chapo,CHAPO,2062070.500043,6,4,constant_2021_usd,commitment
MAR::aiddata,MAR,Morocco,2021,aiddata,AidData,8319812.410263,4,2,constant_2023_usd,commitment
MAR::codf,MAR,Morocco,2021,codf,CODF,,0,0,nominal_usd,loan_commitment
MAR::cla,MAR,Morocco,2021,cla,CLA,,0,0,nominal_usd,loan_commitment
MAR::cancel,MAR,Morocco,2021,cancel,Debt cancellation,,0,0,nominal_usd,debt_cancellation
MAR::restruct,MAR,Morocco,2021,restruct,Debt restructuring,,0,0,nominal_usd,debt_restructuring
MAR::cofi,MAR,Morocco,2021,cofi,COFI,,0,0,nominal_usd,investment
MAR::cgef,MAR,Morocco,2021,cgef,CGEF,,0,0,nominal_usd,loan_commitment
MAR::chapo,MAR,Morocco,2021,chapo,CHAPO,9000000.0,2,1,constant_2021_usd,commitment
MAR::aiddata,MAR,Morocco,2022,aiddata,AidData,,5,0,constant_2023_usd,commitment
MAR::codf,MAR,Morocco,2022,codf,CODF,,0,0,nominal_usd,loan_commitment
MAR::cla,MAR,Morocco,2022,cla,CLA,,0,0,nominal_usd,loan_commitment
MAR::cancel,MAR,Morocco,2022,cancel,Debt cancellation,,0,0,nominal_usd,debt_cancellation
MAR::restruct,MAR,Morocco,2022,restruct,Debt restructuring,,0,0,nominal_usd,debt_restructuring
MAR::cofi,MAR,Morocco,2022,cofi,COFI,,0,0,nominal_usd,investment
MAR::cgef,MAR,Morocco,2022,cgef,CGEF,,0,0,nominal_usd,loan_commitment
MAR::chapo,MAR,Morocco,2022,chapo,CHAPO,,0,0,constant_2021_usd,commitment
MAR::aiddata,MAR,Morocco,2023,aiddata,AidData,,1,0,constant_2023_usd,commitment
MAR::codf,MAR,Morocco,2023,codf,CODF,,0,0,nominal_usd,loan_commitment
MAR::cla,MAR,Morocco,2023,cla,CLA,,0,0,nominal_usd,loan_commitment
MAR::cancel,MAR,Morocco,2023,cancel,Debt cancellation,,0,0,nominal_usd,debt_cancellation
MAR::restruct,MAR,Morocco,2023,restruct,Debt restructuring,,0,0,nominal_usd,debt_restructuring
MAR::cofi,MAR,Morocco,2023,cofi,COFI,,0,0,nominal_usd,investment
MAR::cgef,MAR,Morocco,2023,cgef,CGEF,,0,0,nominal_usd,loan_commitment
MAR::chapo,MAR,Morocco,2023,chapo,CHAPO,,0,0,constant_2021_usd,commitment
MAR::aiddata,MAR,Morocco,2024,aiddata,AidData,,0,0,constant_2023_usd,commitment
MAR::codf,MAR,Morocco,2024,codf,CODF,,0,0,nominal_usd,loan_commitment
MAR::cla,MAR,Morocco,2024,cla,CLA,,0,0,nominal_usd,loan_commitment
MAR::cancel,MAR,Morocco,2024,cancel,Debt cancellation,,0,0,nominal_usd,debt_cancellation
MAR::restruct,MAR,Morocco,2024,restruct,Debt restructuring,,0,0,nominal_usd,debt_restructuring
MAR::cofi,MAR,Morocco,2024,cofi,COFI,,0,0,nominal_usd,investment
MAR::cgef,MAR,Morocco,2024,cgef,CGEF,,0,0,nominal_usd,loan_commitment
MAR::chapo,MAR,Morocco,2024,chapo,CHAPO,,0,0,constant_2021_usd,commitment
MDG::aiddata,MDG,Madagascar,2000,aiddata,AidData,29584474.576535,2,1,constant_2023_usd,commitment
MDG::codf,MDG,Madagascar,2000,codf,CODF,,0,0,nominal_usd,loan_commitment
MDG::cla,MDG,Madagascar,2000,cla,CLA,,0,0,nominal_usd,loan_commitment
MDG::cancel,MDG,Madagascar,2000,cancel,Debt cancellation,,0,0,nominal_usd,debt_cancellation
MDG::restruct,MDG,Madagascar,2000,restruct,Debt restructuring,,0,0,nominal_usd,debt_restructuring
MDG::cofi,MDG,Madagascar,2000,cofi,COFI,,0,0,nominal_usd,investment
MDG::cgef,MDG,Madagascar,2000,cgef,CGEF,,0,0,nominal_usd,loan_commitment
MDG::chapo,MDG,Madagascar,2000,chapo,CHAPO,,1,0,constant_2021_usd,commitment
MDG::aiddata,MDG,Madagascar,2001,aiddata,AidData,69675652.262035,2,1,constant_2023_usd,commitment
MDG::codf,MDG,Madagascar,2001,codf,CODF,,0,0,nominal_usd,loan_commitment
MDG::cla,MDG,Madagascar,2001,cla,CLA,,0,0,nominal_usd,loan_commitment
MDG::cancel,MDG,Madagascar,2001,cancel,Debt cancellation,30000000.0,1,1,nominal_usd,debt_cancellation
MDG::restruct,MDG,Madagascar,2001,restruct,Debt restructuring,,0,0,nominal_usd,debt_restructuring
MDG::cofi,MDG,Madagascar,2001,cofi,COFI,,0,0,nominal_usd,investment
MDG::cgef,MDG,Madagascar,2001,cgef,CGEF,,0,0,nominal_usd,loan_commitment
MDG::chapo,MDG,Madagascar,2001,chapo,CHAPO,,0,0,constant_2021_usd,commitment
MDG::aiddata,MDG,Madagascar,2002,aiddata,AidData,,1,0,constant_2023_usd,commitment
MDG::codf,MDG,Madagascar,2002,codf,CODF,,0,0,nominal_usd,loan_commitment
MDG::cla,MDG,Madagascar,2002,cla,CLA,,0,0,nominal_usd,loan_commitment
MDG::cancel,MDG,Madagascar,2002,cancel,Debt cancellation,,0,0,nominal_usd,debt_cancellation
MDG::restruct,MDG,Madagascar,2002,restruct,Debt restructuring,,0,0,nominal_usd,debt_restructuring
MDG::cofi,MDG,Madagascar,2002,cofi,COFI,,0,0,nominal_usd,investment
MDG::cgef,MDG,Madagascar,2002,cgef,CGEF,,0,0,nominal_usd,loan_commitment
MDG::chapo,MDG,Madagascar,2002,chapo,CHAPO,,1,0,constant_2021_usd,commitment
MDG::aiddata,MDG,Madagascar,2003,aiddata,AidData,,0,0,constant_2023_usd,commitment
MDG::codf,MDG,Madagascar,2003,codf,CODF,,0,0,nominal_usd,loan_commitment
MDG::cla,MDG,Madagascar,2003,cla,CLA,,0,0,nominal_usd,loan_commitment
MDG::cancel,MDG,Madagascar,2003,cancel,Debt cancellation,,0,0,nominal_usd,debt_cancellation
MDG::restruct,MDG,Madagascar,2003,restruct,Debt restructuring,,0,0,nominal_usd,debt_restructuring
MDG::cofi,MDG,Madagascar,2003,cofi,COFI,,0,0,nominal_usd,investment
MDG::cgef,MDG,Madagascar,2003,cgef,CGEF,,0,0,nominal_usd,loan_commitment
MDG::chapo,MDG,Madagascar,2003,chapo,CHAPO,,0,0,constant_2021_usd,commitment
MDG::aiddata,MDG,Madagascar,2004,aiddata,AidData,15023334.370955,6,3,constant_2023_usd,commitment
MDG::codf,MDG,Madagascar,2004,codf,CODF,,0,0,nominal_usd,loan_commitment
MDG::cla,MDG,Madagascar,2004,cla,CLA,,0,0,nominal_usd,loan_commitment
MDG::cancel,MDG,Madagascar,2004,cancel,Debt cancellation,,0,0,nominal_usd,debt_cancellation
MDG::restruct,MDG,Madagascar,2004,restruct,Debt restructuring,,0,0,nominal_usd,debt_restructuring
MDG::cofi,MDG,Madagascar,2004,cofi,COFI,,0,0,nominal_usd,investment
MDG::cgef,MDG,Madagascar,2004,cgef,CGEF,,0,0,nominal_usd,loan_commitment
MDG::chapo,MDG,Madagascar,2004,chapo,CHAPO,,1,0,constant_2021_usd,commitment
MDG::aiddata,MDG,Madagascar,2005,aiddata,AidData,,0,0,constant_2023_usd,commitment
MDG::codf,MDG,Madagascar,2005,codf,CODF,,0,0,nominal_usd,loan_commitment
MDG::cla,MDG,Madagascar,2005,cla,CLA,,0,0,nominal_usd,loan_commitment
MDG::cancel,MDG,Madagascar,2005,cancel,Debt cancellation,,0,0,nominal_usd,debt_cancellation
MDG::restruct,MDG,Madagascar,2005,restruct,Debt restructuring,,0,0,nominal_usd,debt_restructuring
MDG::cofi,MDG,Madagascar,2005,cofi,COFI,,0,0,nominal_usd,investment
MDG::cgef,MDG,Madagascar,2005,cgef,CGEF,,0,0,nominal_usd,loan_commitment
MDG::chapo,MDG,Madagascar,2005,chapo,CHAPO,,0,0,constant_2021_usd,commitment
MDG::aiddata,MDG,Madagascar,2006,aiddata,AidData,58912580.59594,8,2,constant_2023_usd,commitment
MDG::codf,MDG,Madagascar,2006,codf,CODF,,0,0,nominal_usd,loan_commitment
MDG::cla,MDG,Madagascar,2006,cla,CLA,,0,0,nominal_usd,loan_commitment
MDG::cancel,MDG,Madagascar,2006,cancel,Debt cancellation,,0,0,nominal_usd,debt_cancellation
MDG::restruct,MDG,Madagascar,2006,restruct,Debt restructuring,,0,0,nominal_usd,debt_restructuring
MDG::cofi,MDG,Madagascar,2006,cofi,COFI,,0,0,nominal_usd,investment
MDG::cgef,MDG,Madagascar,2006,cgef,CGEF,,0,0,nominal_usd,loan_commitment
MDG::chapo,MDG,Madagascar,2006,chapo,CHAPO,,3,0,constant_2021_usd,commitment
MDG::aiddata,MDG,Madagascar,2007,aiddata,AidData,89767164.515081,11,5,constant_2023_usd,commitment
MDG::codf,MDG,Madagascar,2007,codf,CODF,,0,0,nominal_usd,loan_commitment
MDG::cla,MDG,Madagascar,2007,cla,CLA,50590000.0,1,1,nominal_usd,loan_commitment
MDG::cancel,MDG,Madagascar,2007,cancel,Debt cancellation,,1,0,nominal_usd,debt_cancellation
MDG::restruct,MDG,Madagascar,2007,restruct,Debt restructuring,,0,0,nominal_usd,debt_restructuring
MDG::cofi,MDG,Madagascar,2007,cofi,COFI,,0,0,nominal_usd,investment
MDG::cgef,MDG,Madagascar,2007,cgef,CGEF,,0,0,nominal_usd,loan_commitment
MDG::chapo,MDG,Madagascar,2007,chapo,CHAPO,473103.668737,3,1,constant_2021_usd,commitment
MDG::aiddata,MDG,Madagascar,2008,aiddata,AidData,3793794.597669,4,1,constant_2023_usd,commitment
MDG::codf,MDG,Madagascar,2008,codf,CODF,,0,0,nominal_usd,loan_commitment
MDG::cla,MDG,Madagascar,2008,cla,CLA,4010000.0,1,1,nominal_usd,loan_commitment
MDG::cancel,MDG,Madagascar,2008,cancel,Debt cancellation,,0,0,nominal_usd,debt_cancellation
MDG::restruct,MDG,Madagascar,2008,restruct,Debt restructuring,,0,0,nominal_usd,debt_restructuring
MDG::cofi,MDG,Madagascar,2008,cofi,COFI,,0,0,nominal_usd,investment
MDG::cgef,MDG,Madagascar,2008,cgef,CGEF,,0,0,nominal_usd,loan_commitment
MDG::chapo,MDG,Madagascar,2008,chapo,CHAPO,,2,0,constant_2021_usd,commitment
MDG::aiddata,MDG,Madagascar,2009,aiddata,AidData,10040354.430525,7,4,constant_2023_usd,commitment
MDG::codf,MDG,Madagascar,2009,codf,CODF,,0,0,nominal_usd,loan_commitment
MDG::cla,MDG,Madagascar,2009,cla,CLA,,0,0,nominal_usd,loan_commitment
MDG::cancel,MDG,Madagascar,2009,cancel,Debt cancellation,,0,0,nominal_usd,debt_cancellation
MDG::restruct,MDG,Madagascar,2009,restruct,Debt restructuring,,0,0,nominal_usd,debt_restructuring
MDG::cofi,MDG,Madagascar,2009,cofi,COFI,,0,0,nominal_usd,investment
MDG::cgef,MDG,Madagascar,2009,cgef,CGEF,,0,0,nominal_usd,loan_commitment
MDG::chapo,MDG,Madagascar,2009,chapo,CHAPO,659643.760941,2,1,constant_2021_usd,commitment
MDG::aiddata,MDG,Madagascar,2010,aiddata,AidData,4679304.244612,8,6,constant_2023_usd,commitment
MDG::codf,MDG,Madagascar,2010,codf,CODF,,0,0,nominal_usd,loan_commitment
MDG::cla,MDG,Madagascar,2010,cla,CLA,,0,0,nominal_usd,loan_commitment
MDG::cancel,MDG,Madagascar,2010,cancel,Debt cancellation,,0,0,nominal_usd,debt_cancellation
MDG::restruct,MDG,Madagascar,2010,restruct,Debt restructuring,,0,0,nominal_usd,debt_restructuring
MDG::cofi,MDG,Madagascar,2010,cofi,COFI,,0,0,nominal_usd,investment
MDG::cgef,MDG,Madagascar,2010,cgef,CGEF,,0,0,nominal_usd,loan_commitment
MDG::chapo,MDG,Madagascar,2010,chapo,CHAPO,534804.119659,3,2,constant_2021_usd,commitment
MDG::aiddata,MDG,Madagascar,2011,aiddata,AidData,2639415.750536,1,1,constant_2023_usd,commitment
MDG::codf,MDG,Madagascar,2011,codf,CODF,,0,0,nominal_usd,loan_commitment
MDG::cla,MDG,Madagascar,2011,cla,CLA,,0,0,nominal_usd,loan_commitment
MDG::cancel,MDG,Madagascar,2011,cancel,Debt cancellation,,0,0,nominal_usd,debt_cancellation
MDG::restruct,MDG,Madagascar,2011,restruct,Debt restructuring,,0,0,nominal_usd,debt_restructuring
MDG::cofi,MDG,Madagascar,2011,cofi,COFI,,0,0,nominal_usd,investment
MDG::cgef,MDG,Madagascar,2011,cgef,CGEF,,0,0,nominal_usd,loan_commitment
MDG::chapo,MDG,Madagascar,2011,chapo,CHAPO,,0,0,constant_2021_usd,commitment
MDG::aiddata,MDG,Madagascar,2012,aiddata,AidData,16122488.2655,5,2,constant_2023_usd,commitment
MDG::codf,MDG,Madagascar,2012,codf,CODF,,0,0,nominal_usd,loan_commitment
MDG::cla,MDG,Madagascar,2012,cla,CLA,,0,0,nominal_usd,loan_commitment
MDG::cancel,MDG,Madagascar,2012,cancel,Debt cancellation,,0,0,nominal_usd,debt_cancellation
MDG::restruct,MDG,Madagascar,2012,restruct,Debt restructuring,,0,0,nominal_usd,debt_restructuring
MDG::cofi,MDG,Madagascar,2012,cofi,COFI,,0,0,nominal_usd,investment
MDG::cgef,MDG,Madagascar,2012,cgef,CGEF,,0,0,nominal_usd,loan_commitment
MDG::chapo,MDG,Madagascar,2012,chapo,CHAPO,,2,0,constant_2021_usd,commitment
MDG::aiddata,MDG,Madagascar,2013,aiddata,AidData,20179358.995232,6,1,constant_2023_usd,commitment
MDG::codf,MDG,Madagascar,2013,codf,CODF,,0,0,nominal_usd,loan_commitment
MDG::cla,MDG,Madagascar,2013,cla,CLA,,0,0,nominal_usd,loan_commitment
MDG::cancel,MDG,Madagascar,2013,cancel,Debt cancellation,,0,0,nominal_usd,debt_cancellation
MDG::restruct,MDG,Madagascar,2013,restruct,Debt restructuring,,0,0,nominal_usd,debt_restructuring
MDG::cofi,MDG,Madagascar,2013,cofi,COFI,,0,0,nominal_usd,investment
MDG::cgef,MDG,Madagascar,2013,cgef,CGEF,,0,0,nominal_usd,loan_commitment
MDG::chapo,MDG,Madagascar,2013,chapo,CHAPO,22015170.770659,2,1,constant_2021_usd,commitment
MDG::aiddata,MDG,Madagascar,2014,aiddata,AidData,,4,0,constant_2023_usd,commitment
MDG::codf,MDG,Madagascar,2014,codf,CODF,,0,0,nominal_usd,loan_commitment
MDG::cla,MDG,Madagascar,2014,cla,CLA,,0,0,nominal_usd,loan_commitment
MDG::cancel,MDG,Madagascar,2014,cancel,Debt cancellation,,0,0,nominal_usd,debt_cancellation
MDG::restruct,MDG,Madagascar,2014,restruct,Debt restructuring,,0,0,nominal_usd,debt_restructuring
MDG::cofi,MDG,Madagascar,2014,cofi,COFI,,0,0,nominal_usd,investment
MDG::cgef,MDG,Madagascar,2014,cgef,CGEF,,0,0,nominal_usd,loan_commitment
MDG::chapo,MDG,Madagascar,2014,chapo,CHAPO,,2,0,constant_2021_usd,commitment
MDG::aiddata,MDG,Madagascar,2015,aiddata,AidData,5954306.077114,6,5,constant_2023_usd,commitment
MDG::codf,MDG,Madagascar,2015,codf,CODF,,0,0,nominal_usd,loan_commitment
MDG::cla,MDG,Madagascar,2015,cla,CLA,,0,0,nominal_usd,loan_commitment
MDG::cancel,MDG,Madagascar,2015,cancel,Debt cancellation,,0,0,nominal_usd,debt_cancellation
MDG::restruct,MDG,Madagascar,2015,restruct,Debt restructuring,,0,0,nominal_usd,debt_restructuring
MDG::cofi,MDG,Madagascar,2015,cofi,COFI,,0,0,nominal_usd,investment
MDG::cgef,MDG,Madagascar,2015,cgef,CGEF,,0,0,nominal_usd,loan_commitment
MDG::chapo,MDG,Madagascar,2015,chapo,CHAPO,3232382.584604,1,1,constant_2021_usd,commitment
MDG::aiddata,MDG,Madagascar,2016,aiddata,AidData,241809.700523,8,2,constant_2023_usd,commitment
MDG::codf,MDG,Madagascar,2016,codf,CODF,,0,0,nominal_usd,loan_commitment
MDG::cla,MDG,Madagascar,2016,cla,CLA,,0,0,nominal_usd,loan_commitment
MDG::cancel,MDG,Madagascar,2016,cancel,Debt cancellation,,0,0,nominal_usd,debt_cancellation
MDG::restruct,MDG,Madagascar,2016,restruct,Debt restructuring,,0,0,nominal_usd,debt_restructuring
MDG::cofi,MDG,Madagascar,2016,cofi,COFI,,0,0,nominal_usd,investment
MDG::cgef,MDG,Madagascar,2016,cgef,CGEF,,0,0,nominal_usd,loan_commitment
MDG::chapo,MDG,Madagascar,2016,chapo,CHAPO,118080.450836,2,1,constant_2021_usd,commitment
MDG::aiddata,MDG,Madagascar,2017,aiddata,AidData,184892785.419167,21,8,constant_2023_usd,commitment
MDG::codf,MDG,Madagascar,2017,codf,CODF,105000000.0,1,1,nominal_usd,loan_commitment
MDG::cla,MDG,Madagascar,2017,cla,CLA,105000000.0,1,1,nominal_usd,loan_commitment
MDG::cancel,MDG,Madagascar,2017,cancel,Debt cancellation,,0,0,nominal_usd,debt_cancellation
MDG::restruct,MDG,Madagascar,2017,restruct,Debt restructuring,,0,0,nominal_usd,debt_restructuring
MDG::cofi,MDG,Madagascar,2017,cofi,COFI,,0,0,nominal_usd,investment
MDG::cgef,MDG,Madagascar,2017,cgef,CGEF,,0,0,nominal_usd,loan_commitment
MDG::chapo,MDG,Madagascar,2017,chapo,CHAPO,2534316.56665,5,2,constant_2021_usd,commitment
MDG::aiddata,MDG,Madagascar,2018,aiddata,AidData,103728149.083991,18,6,constant_2023_usd,commitment
MDG::codf,MDG,Madagascar,2018,codf,CODF,102630000.0,2,2,nominal_usd,loan_commitment
MDG::cla,MDG,Madagascar,2018,cla,CLA,102650000.0,2,2,nominal_usd,loan_commitment
MDG::cancel,MDG,Madagascar,2018,cancel,Debt cancellation,,0,0,nominal_usd,debt_cancellation
MDG::restruct,MDG,Madagascar,2018,restruct,Debt restructuring,,0,0,nominal_usd,debt_restructuring
MDG::cofi,MDG,Madagascar,2018,cofi,COFI,197000000.0,1,1,nominal_usd,investment
MDG::cgef,MDG,Madagascar,2018,cgef,CGEF,,0,0,nominal_usd,loan_commitment
MDG::chapo,MDG,Madagascar,2018,chapo,CHAPO,467722.13657,6,3,constant_2021_usd,commitment
MDG::aiddata,MDG,Madagascar,2019,aiddata,AidData,165561227.44083,8,2,constant_2023_usd,commitment
MDG::codf,MDG,Madagascar,2019,codf,CODF,157740000.0,1,1,nominal_usd,loan_commitment
MDG::cla,MDG,Madagascar,2019,cla,CLA,157720000.0,1,1,nominal_usd,loan_commitment
MDG::cancel,MDG,Madagascar,2019,cancel,Debt cancellation,,0,0,nominal_usd,debt_cancellation
MDG::restruct,MDG,Madagascar,2019,restruct,Debt restructuring,,0,0,nominal_usd,debt_restructuring
MDG::cofi,MDG,Madagascar,2019,cofi,COFI,,0,0,nominal_usd,investment
MDG::cgef,MDG,Madagascar,2019,cgef,CGEF,,0,0,nominal_usd,loan_commitment
MDG::chapo,MDG,Madagascar,2019,chapo,CHAPO,,2,0,constant_2021_usd,commitment
MDG::aiddata,MDG,Madagascar,2020,aiddata,AidData,50801870.588923,7,2,constant_2023_usd,commitment
MDG::codf,MDG,Madagascar,2020,codf,CODF,48990000.0,1,1,nominal_usd,loan_commitment
MDG::cla,MDG,Madagascar,2020,cla,CLA,48980000.0,1,1,nominal_usd,loan_commitment
MDG::cancel,MDG,Madagascar,2020,cancel,Debt cancellation,,0,0,nominal_usd,debt_cancellation
MDG::restruct,MDG,Madagascar,2020,restruct,Debt restructuring,,0,0,nominal_usd,debt_restructuring
MDG::cofi,MDG,Madagascar,2020,cofi,COFI,,0,0,nominal_usd,investment
MDG::cgef,MDG,Madagascar,2020,cgef,CGEF,,0,0,nominal_usd,loan_commitment
MDG::chapo,MDG,Madagascar,2020,chapo,CHAPO,283676.598606,4,1,constant_2021_usd,commitment
MDG::aiddata,MDG,Madagascar,2021,aiddata,AidData,5421583.406074,14,5,constant_2023_usd,commitment
MDG::codf,MDG,Madagascar,2021,codf,CODF,,0,0,nominal_usd,loan_commitment
MDG::cla,MDG,Madagascar,2021,cla,CLA,,0,0,nominal_usd,loan_commitment
MDG::cancel,MDG,Madagascar,2021,cancel,Debt cancellation,,0,0,nominal_usd,debt_cancellation
MDG::restruct,MDG,Madagascar,2021,restruct,Debt restructuring,,0,0,nominal_usd,debt_restructuring
MDG::cofi,MDG,Madagascar,2021,cofi,COFI,,0,0,nominal_usd,investment
MDG::cgef,MDG,Madagascar,2021,cgef,CGEF,,0,0,nominal_usd,loan_commitment
MDG::chapo,MDG,Madagascar,2021,chapo,CHAPO,5641860.465116,10,3,constant_2021_usd,commitment
MDG::aiddata,MDG,Madagascar,2022,aiddata,AidData,280808.062818,9,1,constant_2023_usd,commitment
MDG::codf,MDG,Madagascar,2022,codf,CODF,,0,0,nominal_usd,loan_commitment
MDG::cla,MDG,Madagascar,2022,cla,CLA,,0,0,nominal_usd,loan_commitment
MDG::cancel,MDG,Madagascar,2022,cancel,Debt cancellation,,0,0,nominal_usd,debt_cancellation
MDG::restruct,MDG,Madagascar,2022,restruct,Debt restructuring,,0,0,nominal_usd,debt_restructuring
MDG::cofi,MDG,Madagascar,2022,cofi,COFI,,0,0,nominal_usd,investment
MDG::cgef,MDG,Madagascar,2022,cgef,CGEF,,0,0,nominal_usd,loan_commitment
MDG::chapo,MDG,Madagascar,2022,chapo,CHAPO,,0,0,constant_2021_usd,commitment
MDG::aiddata,MDG,Madagascar,2023,aiddata,AidData,253515175.037045,10,1,constant_2023_usd,commitment
MDG::codf,MDG,Madagascar,2023,codf,CODF,240000000.0,1,1,nominal_usd,loan_commitment
MDG::cla,MDG,Madagascar,2023,cla,CLA,240000000.0,1,1,nominal_usd,loan_commitment
MDG::cancel,MDG,Madagascar,2023,cancel,Debt cancellation,,0,0,nominal_usd,debt_cancellation
MDG::restruct,MDG,Madagascar,2023,restruct,Debt restructuring,,0,0,nominal_usd,debt_restructuring
MDG::cofi,MDG,Madagascar,2023,cofi,COFI,,0,0,nominal_usd,investment
MDG::cgef,MDG,Madagascar,2023,cgef,CGEF,240000000.0,1,1,nominal_usd,loan_commitment
MDG::chapo,MDG,Madagascar,2023,chapo,CHAPO,,0,0,constant_2021_usd,commitment
MDG::aiddata,MDG,Madagascar,2024,aiddata,AidData,,0,0,constant_2023_usd,commitment
MDG::codf,MDG,Madagascar,2024,codf,CODF,,0,0,nominal_usd,loan_commitment
MDG::cla,MDG,Madagascar,2024,cla,CLA,,0,0,nominal_usd,loan_commitment
MDG::cancel,MDG,Madagascar,2024,cancel,Debt cancellation,,0,0,nominal_usd,debt_cancellation
MDG::restruct,MDG,Madagascar,2024,restruct,Debt restructuring,,0,0,nominal_usd,debt_restructuring
MDG::cofi,MDG,Madagascar,2024,cofi,COFI,,0,0,nominal_usd,investment
MDG::cgef,MDG,Madagascar,2024,cgef,CGEF,,0,0,nominal_usd,loan_commitment
MDG::chapo,MDG,Madagascar,2024,chapo,CHAPO,,0,0,constant_2021_usd,commitment
MLI::aiddata,MLI,Mali,2000,aiddata,AidData,57267662.749777,3,2,constant_2023_usd,commitment
MLI::codf,MLI,Mali,2000,codf,CODF,,0,0,nominal_usd,loan_commitment
MLI::cla,MLI,Mali,2000,cla,CLA,,0,0,nominal_usd,loan_commitment
MLI::cancel,MLI,Mali,2000,cancel,Debt cancellation,,0,0,nominal_usd,debt_cancellation
MLI::restruct,MLI,Mali,2000,restruct,Debt restructuring,,0,0,nominal_usd,debt_restructuring
MLI::cofi,MLI,Mali,2000,cofi,COFI,,0,0,nominal_usd,investment
MLI::cgef,MLI,Mali,2000,cgef,CGEF,,0,0,nominal_usd,loan_commitment
MLI::chapo,MLI,Mali,2000,chapo,CHAPO,,0,0,constant_2021_usd,commitment
MLI::aiddata,MLI,Mali,2001,aiddata,AidData,123420494.300334,3,2,constant_2023_usd,commitment
MLI::codf,MLI,Mali,2001,codf,CODF,,0,0,nominal_usd,loan_commitment
MLI::cla,MLI,Mali,2001,cla,CLA,,0,0,nominal_usd,loan_commitment
MLI::cancel,MLI,Mali,2001,cancel,Debt cancellation,40050000.0,1,1,nominal_usd,debt_cancellation
MLI::restruct,MLI,Mali,2001,restruct,Debt restructuring,,0,0,nominal_usd,debt_restructuring
MLI::cofi,MLI,Mali,2001,cofi,COFI,,0,0,nominal_usd,investment
MLI::cgef,MLI,Mali,2001,cgef,CGEF,,0,0,nominal_usd,loan_commitment
MLI::chapo,MLI,Mali,2001,chapo,CHAPO,,1,0,constant_2021_usd,commitment
MLI::aiddata,MLI,Mali,2002,aiddata,AidData,,0,0,constant_2023_usd,commitment
MLI::codf,MLI,Mali,2002,codf,CODF,,0,0,nominal_usd,loan_commitment
MLI::cla,MLI,Mali,2002,cla,CLA,,0,0,nominal_usd,loan_commitment
MLI::cancel,MLI,Mali,2002,cancel,Debt cancellation,,0,0,nominal_usd,debt_cancellation
MLI::restruct,MLI,Mali,2002,restruct,Debt restructuring,,0,0,nominal_usd,debt_restructuring
MLI::cofi,MLI,Mali,2002,cofi,COFI,,0,0,nominal_usd,investment
MLI::cgef,MLI,Mali,2002,cgef,CGEF,,0,0,nominal_usd,loan_commitment
MLI::chapo,MLI,Mali,2002,chapo,CHAPO,,0,0,constant_2021_usd,commitment
MLI::aiddata,MLI,Mali,2003,aiddata,AidData,,1,0,constant_2023_usd,commitment
MLI::codf,MLI,Mali,2003,codf,CODF,,0,0,nominal_usd,loan_commitment
MLI::cla,MLI,Mali,2003,cla,CLA,,0,0,nominal_usd,loan_commitment
MLI::cancel,MLI,Mali,2003,cancel,Debt cancellation,,0,0,nominal_usd,debt_cancellation
MLI::restruct,MLI,Mali,2003,restruct,Debt restructuring,,0,0,nominal_usd,debt_restructuring
MLI::cofi,MLI,Mali,2003,cofi,COFI,,0,0,nominal_usd,investment
MLI::cgef,MLI,Mali,2003,cgef,CGEF,,0,0,nominal_usd,loan_commitment
MLI::chapo,MLI,Mali,2003,chapo,CHAPO,,1,0,constant_2021_usd,commitment
MLI::aiddata,MLI,Mali,2004,aiddata,AidData,15123044.458301,2,1,constant_2023_usd,commitment
MLI::codf,MLI,Mali,2004,codf,CODF,,0,0,nominal_usd,loan_commitment
MLI::cla,MLI,Mali,2004,cla,CLA,,0,0,nominal_usd,loan_commitment
MLI::cancel,MLI,Mali,2004,cancel,Debt cancellation,,0,0,nominal_usd,debt_cancellation
MLI::restruct,MLI,Mali,2004,restruct,Debt restructuring,,0,0,nominal_usd,debt_restructuring
MLI::cofi,MLI,Mali,2004,cofi,COFI,,0,0,nominal_usd,investment
MLI::cgef,MLI,Mali,2004,cgef,CGEF,,0,0,nominal_usd,loan_commitment
MLI::chapo,MLI,Mali,2004,chapo,CHAPO,,0,0,constant_2021_usd,commitment
MLI::aiddata,MLI,Mali,2005,aiddata,AidData,17270633.757816,7,3,constant_2023_usd,commitment
MLI::codf,MLI,Mali,2005,codf,CODF,,0,0,nominal_usd,loan_commitment
MLI::cla,MLI,Mali,2005,cla,CLA,,0,0,nominal_usd,loan_commitment
MLI::cancel,MLI,Mali,2005,cancel,Debt cancellation,,0,0,nominal_usd,debt_cancellation
MLI::restruct,MLI,Mali,2005,restruct,Debt restructuring,,0,0,nominal_usd,debt_restructuring
MLI::cofi,MLI,Mali,2005,cofi,COFI,,0,0,nominal_usd,investment
MLI::cgef,MLI,Mali,2005,cgef,CGEF,,0,0,nominal_usd,loan_commitment
MLI::chapo,MLI,Mali,2005,chapo,CHAPO,,2,0,constant_2021_usd,commitment
MLI::aiddata,MLI,Mali,2006,aiddata,AidData,,1,0,constant_2023_usd,commitment
MLI::codf,MLI,Mali,2006,codf,CODF,,0,0,nominal_usd,loan_commitment
MLI::cla,MLI,Mali,2006,cla,CLA,,0,0,nominal_usd,loan_commitment
MLI::cancel,MLI,Mali,2006,cancel,Debt cancellation,40000000.0,1,1,nominal_usd,debt_cancellation
MLI::restruct,MLI,Mali,2006,restruct,Debt restructuring,,0,0,nominal_usd,debt_restructuring
MLI::cofi,MLI,Mali,2006,cofi,COFI,,0,0,nominal_usd,investment
MLI::cgef,MLI,Mali,2006,cgef,CGEF,,0,0,nominal_usd,loan_commitment
MLI::chapo,MLI,Mali,2006,chapo,CHAPO,,1,0,constant_2021_usd,commitment
MLI::aiddata,MLI,Mali,2007,aiddata,AidData,153374620.282413,10,6,constant_2023_usd,commitment
MLI::codf,MLI,Mali,2007,codf,CODF,,0,0,nominal_usd,loan_commitment
MLI::cla,MLI,Mali,2007,cla,CLA,,0,0,nominal_usd,loan_commitment
MLI::cancel,MLI,Mali,2007,cancel,Debt cancellation,50000000.0,1,1,nominal_usd,debt_cancellation
MLI::restruct,MLI,Mali,2007,restruct,Debt restructuring,,0,0,nominal_usd,debt_restructuring
MLI::cofi,MLI,Mali,2007,cofi,COFI,,0,0,nominal_usd,investment
MLI::cgef,MLI,Mali,2007,cgef,CGEF,,0,0,nominal_usd,loan_commitment
MLI::chapo,MLI,Mali,2007,chapo,CHAPO,23655.183437,3,1,constant_2021_usd,commitment
MLI::aiddata,MLI,Mali,2008,aiddata,AidData,111993212.665403,9,4,constant_2023_usd,commitment
MLI::codf,MLI,Mali,2008,codf,CODF,,0,0,nominal_usd,loan_commitment
MLI::cla,MLI,Mali,2008,cla,CLA,,0,0,nominal_usd,loan_commitment
MLI::cancel,MLI,Mali,2008,cancel,Debt cancellation,,0,0,nominal_usd,debt_cancellation
MLI::restruct,MLI,Mali,2008,restruct,Debt restructuring,,0,0,nominal_usd,debt_restructuring
MLI::cofi,MLI,Mali,2008,cofi,COFI,,0,0,nominal_usd,investment
MLI::cgef,MLI,Mali,2008,cgef,CGEF,,0,0,nominal_usd,loan_commitment
MLI::chapo,MLI,Mali,2008,chapo,CHAPO,11547413.607511,5,3,constant_2021_usd,commitment
MLI::aiddata,MLI,Mali,2009,aiddata,AidData,1072764.959252,5,3,constant_2023_usd,commitment
MLI::codf,MLI,Mali,2009,codf,CODF,,0,0,nominal_usd,loan_commitment
MLI::cla,MLI,Mali,2009,cla,CLA,,0,0,nominal_usd,loan_commitment
MLI::cancel,MLI,Mali,2009,cancel,Debt cancellation,,0,0,nominal_usd,debt_cancellation
MLI::restruct,MLI,Mali,2009,restruct,Debt restructuring,,0,0,nominal_usd,debt_restructuring
MLI::cofi,MLI,Mali,2009,cofi,COFI,,0,0,nominal_usd,investment
MLI::cgef,MLI,Mali,2009,cgef,CGEF,,0,0,nominal_usd,loan_commitment
MLI::chapo,MLI,Mali,2009,chapo,CHAPO,1161452.540562,4,3,constant_2021_usd,commitment
MLI::aiddata,MLI,Mali,2010,aiddata,AidData,195701717.662517,3,1,constant_2023_usd,commitment
MLI::codf,MLI,Mali,2010,codf,CODF,152140000.0,1,1,nominal_usd,loan_commitment
MLI::cla,MLI,Mali,2010,cla,CLA,152130000.0,1,1,nominal_usd,loan_commitment
MLI::cancel,MLI,Mali,2010,cancel,Debt cancellation,,0,0,nominal_usd,debt_cancellation
MLI::restruct,MLI,Mali,2010,restruct,Debt restructuring,,0,0,nominal_usd,debt_restructuring
MLI::cofi,MLI,Mali,2010,cofi,COFI,,0,0,nominal_usd,investment
MLI::cgef,MLI,Mali,2010,cgef,CGEF,,0,0,nominal_usd,loan_commitment
MLI::chapo,MLI,Mali,2010,chapo,CHAPO,,0,0,constant_2021_usd,commitment
MLI::aiddata,MLI,Mali,2011,aiddata,AidData,127497859.476007,15,7,constant_2023_usd,commitment
MLI::codf,MLI,Mali,2011,codf,CODF,42850000.0,1,1,nominal_usd,loan_commitment
MLI::cla,MLI,Mali,2011,cla,CLA,50590000.0,2,2,nominal_usd,loan_commitment
MLI::cancel,MLI,Mali,2011,cancel,Debt cancellation,,0,0,nominal_usd,debt_cancellation
MLI::restruct,MLI,Mali,2011,restruct,Debt restructuring,,0,0,nominal_usd,debt_restructuring
MLI::cofi,MLI,Mali,2011,cofi,COFI,,0,0,nominal_usd,investment
MLI::cgef,MLI,Mali,2011,cgef,CGEF,,0,0,nominal_usd,loan_commitment
MLI::chapo,MLI,Mali,2011,chapo,CHAPO,5779785.156529,4,3,constant_2021_usd,commitment
MLI::aiddata,MLI,Mali,2012,aiddata,AidData,15362149.58289,8,6,constant_2023_usd,commitment
MLI::codf,MLI,Mali,2012,codf,CODF,,0,0,nominal_usd,loan_commitment
MLI::cla,MLI,Mali,2012,cla,CLA,33600000.0,1,1,nominal_usd,loan_commitment
MLI::cancel,MLI,Mali,2012,cancel,Debt cancellation,,1,0,nominal_usd,debt_cancellation
MLI::restruct,MLI,Mali,2012,restruct,Debt restructuring,,0,0,nominal_usd,debt_restructuring
MLI::cofi,MLI,Mali,2012,cofi,COFI,,0,0,nominal_usd,investment
MLI::cgef,MLI,Mali,2012,cgef,CGEF,,0,0,nominal_usd,loan_commitment
MLI::chapo,MLI,Mali,2012,chapo,CHAPO,809604.147728,2,2,constant_2021_usd,commitment
MLI::aiddata,MLI,Mali,2013,aiddata,AidData,373996091.460556,9,4,constant_2023_usd,commitment
MLI::codf,MLI,Mali,2013,codf,CODF,145000000.0,1,1,nominal_usd,loan_commitment
MLI::cla,MLI,Mali,2013,cla,CLA,145000000.0,1,1,nominal_usd,loan_commitment
MLI::cancel,MLI,Mali,2013,cancel,Debt cancellation,,0,0,nominal_usd,debt_cancellation
MLI::restruct,MLI,Mali,2013,restruct,Debt restructuring,,0,0,nominal_usd,debt_restructuring
MLI::cofi,MLI,Mali,2013,cofi,COFI,248000000.0,1,1,nominal_usd,investment
MLI::cgef,MLI,Mali,2013,cgef,CGEF,145000000.0,1,1,nominal_usd,loan_commitment
MLI::chapo,MLI,Mali,2013,chapo,CHAPO,594791.429089,2,1,constant_2021_usd,commitment
MLI::aiddata,MLI,Mali,2014,aiddata,AidData,207606098.825252,8,5,constant_2023_usd,commitment
MLI::codf,MLI,Mali,2014,codf,CODF,70880000.0,1,1,nominal_usd,loan_commitment
MLI::cla,MLI,Mali,2014,cla,CLA,86000000.0,2,2,nominal_usd,loan_commitment
MLI::cancel,MLI,Mali,2014,cancel,Debt cancellation,,0,0,nominal_usd,debt_cancellation
MLI::restruct,MLI,Mali,2014,restruct,Debt restructuring,,0,0,nominal_usd,debt_restructuring
MLI::cofi,MLI,Mali,2014,cofi,COFI,99000000.0,1,1,nominal_usd,investment
MLI::cgef,MLI,Mali,2014,cgef,CGEF,,0,0,nominal_usd,loan_commitment
MLI::chapo,MLI,Mali,2014,chapo,CHAPO,1074818.941016,2,2,constant_2021_usd,commitment
MLI::aiddata,MLI,Mali,2015,aiddata,AidData,14339720.412847,8,2,constant_2023_usd,commitment
MLI::codf,MLI,Mali,2015,codf,CODF,,0,0,nominal_usd,loan_commitment
MLI::cla,MLI,Mali,2015,cla,CLA,,0,0,nominal_usd,loan_commitment
MLI::cancel,MLI,Mali,2015,cancel,Debt cancellation,,0,0,nominal_usd,debt_cancellation
MLI::restruct,MLI,Mali,2015,restruct,Debt restructuring,,0,0,nominal_usd,debt_restructuring
MLI::cofi,MLI,Mali,2015,cofi,COFI,,0,0,nominal_usd,investment
MLI::cgef,MLI,Mali,2015,cgef,CGEF,,0,0,nominal_usd,loan_commitment
MLI::chapo,MLI,Mali,2015,chapo,CHAPO,,2,0,constant_2021_usd,commitment
MLI::aiddata,MLI,Mali,2016,aiddata,AidData,6565601.583713,4,1,constant_2023_usd,commitment
MLI::codf,MLI,Mali,2016,codf,CODF,,0,0,nominal_usd,loan_commitment
MLI::cla,MLI,Mali,2016,cla,CLA,,0,0,nominal_usd,loan_commitment
MLI::cancel,MLI,Mali,2016,cancel,Debt cancellation,,0,0,nominal_usd,debt_cancellation
MLI::restruct,MLI,Mali,2016,restruct,Debt restructuring,,0,0,nominal_usd,debt_restructuring
MLI::cofi,MLI,Mali,2016,cofi,COFI,,0,0,nominal_usd,investment
MLI::cgef,MLI,Mali,2016,cgef,CGEF,,0,0,nominal_usd,loan_commitment
MLI::chapo,MLI,Mali,2016,chapo,CHAPO,,1,0,constant_2021_usd,commitment
MLI::aiddata,MLI,Mali,2017,aiddata,AidData,70921534.4439,14,4,constant_2023_usd,commitment
MLI::codf,MLI,Mali,2017,codf,CODF,,0,0,nominal_usd,loan_commitment
MLI::cla,MLI,Mali,2017,cla,CLA,,0,0,nominal_usd,loan_commitment
MLI::cancel,MLI,Mali,2017,cancel,Debt cancellation,,0,0,nominal_usd,debt_cancellation
MLI::restruct,MLI,Mali,2017,restruct,Debt restructuring,,0,0,nominal_usd,debt_restructuring
MLI::cofi,MLI,Mali,2017,cofi,COFI,,0,0,nominal_usd,investment
MLI::cgef,MLI,Mali,2017,cgef,CGEF,,0,0,nominal_usd,loan_commitment
MLI::chapo,MLI,Mali,2017,chapo,CHAPO,,3,0,constant_2021_usd,commitment
MLI::aiddata,MLI,Mali,2018,aiddata,AidData,173624373.061491,7,2,constant_2023_usd,commitment
MLI::codf,MLI,Mali,2018,codf,CODF,168850000.0,1,1,nominal_usd,loan_commitment
MLI::cla,MLI,Mali,2018,cla,CLA,168820000.0,1,1,nominal_usd,loan_commitment
MLI::cancel,MLI,Mali,2018,cancel,Debt cancellation,,0,0,nominal_usd,debt_cancellation
MLI::restruct,MLI,Mali,2018,restruct,Debt restructuring,,0,0,nominal_usd,debt_restructuring
MLI::cofi,MLI,Mali,2018,cofi,COFI,,0,0,nominal_usd,investment
MLI::cgef,MLI,Mali,2018,cgef,CGEF,,0,0,nominal_usd,loan_commitment
MLI::chapo,MLI,Mali,2018,chapo,CHAPO,,0,0,constant_2021_usd,commitment
MLI::aiddata,MLI,Mali,2019,aiddata,AidData,,6,0,constant_2023_usd,commitment
MLI::codf,MLI,Mali,2019,codf,CODF,,0,0,nominal_usd,loan_commitment
MLI::cla,MLI,Mali,2019,cla,CLA,,0,0,nominal_usd,loan_commitment
MLI::cancel,MLI,Mali,2019,cancel,Debt cancellation,,0,0,nominal_usd,debt_cancellation
MLI::restruct,MLI,Mali,2019,restruct,Debt restructuring,,0,0,nominal_usd,debt_restructuring
MLI::cofi,MLI,Mali,2019,cofi,COFI,,0,0,nominal_usd,investment
MLI::cgef,MLI,Mali,2019,cgef,CGEF,,0,0,nominal_usd,loan_commitment
MLI::chapo,MLI,Mali,2019,chapo,CHAPO,,1,0,constant_2021_usd,commitment
MLI::aiddata,MLI,Mali,2020,aiddata,AidData,54166.025622,6,1,constant_2023_usd,commitment
MLI::codf,MLI,Mali,2020,codf,CODF,,0,0,nominal_usd,loan_commitment
MLI::cla,MLI,Mali,2020,cla,CLA,,0,0,nominal_usd,loan_commitment
MLI::cancel,MLI,Mali,2020,cancel,Debt cancellation,,0,0,nominal_usd,debt_cancellation
MLI::restruct,MLI,Mali,2020,restruct,Debt restructuring,,0,0,nominal_usd,debt_restructuring
MLI::cofi,MLI,Mali,2020,cofi,COFI,,0,0,nominal_usd,investment
MLI::cgef,MLI,Mali,2020,cgef,CGEF,,0,0,nominal_usd,loan_commitment
MLI::chapo,MLI,Mali,2020,chapo,CHAPO,147889.319038,8,2,constant_2021_usd,commitment
MLI::aiddata,MLI,Mali,2021,aiddata,AidData,14232720.81784,8,3,constant_2023_usd,commitment
MLI::codf,MLI,Mali,2021,codf,CODF,,0,0,nominal_usd,loan_commitment
MLI::cla,MLI,Mali,2021,cla,CLA,,0,0,nominal_usd,loan_commitment
MLI::cancel,MLI,Mali,2021,cancel,Debt cancellation,,0,0,nominal_usd,debt_cancellation
MLI::restruct,MLI,Mali,2021,restruct,Debt restructuring,,0,0,nominal_usd,debt_restructuring
MLI::cofi,MLI,Mali,2021,cofi,COFI,,0,0,nominal_usd,investment
MLI::cgef,MLI,Mali,2021,cgef,CGEF,,0,0,nominal_usd,loan_commitment
MLI::chapo,MLI,Mali,2021,chapo,CHAPO,15434419.447099,3,3,constant_2021_usd,commitment
MLI::aiddata,MLI,Mali,2022,aiddata,AidData,10205126.618926,9,2,constant_2023_usd,commitment
MLI::codf,MLI,Mali,2022,codf,CODF,,0,0,nominal_usd,loan_commitment
MLI::cla,MLI,Mali,2022,cla,CLA,,0,0,nominal_usd,loan_commitment
MLI::cancel,MLI,Mali,2022,cancel,Debt cancellation,,0,0,nominal_usd,debt_cancellation
MLI::restruct,MLI,Mali,2022,restruct,Debt restructuring,,0,0,nominal_usd,debt_restructuring
MLI::cofi,MLI,Mali,2022,cofi,COFI,,0,0,nominal_usd,investment
MLI::cgef,MLI,Mali,2022,cgef,CGEF,,0,0,nominal_usd,loan_commitment
MLI::chapo,MLI,Mali,2022,chapo,CHAPO,,0,0,constant_2021_usd,commitment
MLI::aiddata,MLI,Mali,2023,aiddata,AidData,205955.02971,15,2,constant_2023_usd,commitment
MLI::codf,MLI,Mali,2023,codf,CODF,,0,0,nominal_usd,loan_commitment
MLI::cla,MLI,Mali,2023,cla,CLA,,0,0,nominal_usd,loan_commitment
MLI::cancel,MLI,Mali,2023,cancel,Debt cancellation,,0,0,nominal_usd,debt_cancellation
MLI::restruct,MLI,Mali,2023,restruct,Debt restructuring,,0,0,nominal_usd,debt_restructuring
MLI::cofi,MLI,Mali,2023,cofi,COFI,,0,0,nominal_usd,investment
MLI::cgef,MLI,Mali,2023,cgef,CGEF,,0,0,nominal_usd,loan_commitment
MLI::chapo,MLI,Mali,2023,chapo,CHAPO,,0,0,constant_2021_usd,commitment
MLI::aiddata,MLI,Mali,2024,aiddata,AidData,,0,0,constant_2023_usd,commitment
MLI::codf,MLI,Mali,2024,codf,CODF,,0,0,nominal_usd,loan_commitment
MLI::cla,MLI,Mali,2024,cla,CLA,,0,0,nominal_usd,loan_commitment
MLI::cancel,MLI,Mali,2024,cancel,Debt cancellation,,0,0,nominal_usd,debt_cancellation
MLI::restruct,MLI,Mali,2024,restruct,Debt restructuring,,0,0,nominal_usd,debt_restructuring
MLI::cofi,MLI,Mali,2024,cofi,COFI,,0,0,nominal_usd,investment
MLI::cgef,MLI,Mali,2024,cgef,CGEF,,0,0,nominal_usd,loan_commitment
MLI::chapo,MLI,Mali,2024,chapo,CHAPO,,0,0,constant_2021_usd,commitment
MOZ::aiddata,MOZ,Mozambique,2000,aiddata,AidData,18507750.524293,5,5,constant_2023_usd,commitment
MOZ::codf,MOZ,Mozambique,2000,codf,CODF,,0,0,nominal_usd,loan_commitment
MOZ::cla,MOZ,Mozambique,2000,cla,CLA,,0,0,nominal_usd,loan_commitment
MOZ::cancel,MOZ,Mozambique,2000,cancel,Debt cancellation,,0,0,nominal_usd,debt_cancellation
MOZ::restruct,MOZ,Mozambique,2000,restruct,Debt restructuring,,0,0,nominal_usd,debt_restructuring
MOZ::cofi,MOZ,Mozambique,2000,cofi,COFI,,0,0,nominal_usd,investment
MOZ::cgef,MOZ,Mozambique,2000,cgef,CGEF,,0,0,nominal_usd,loan_commitment
MOZ::chapo,MOZ,Mozambique,2000,chapo,CHAPO,,0,0,constant_2021_usd,commitment
MOZ::aiddata,MOZ,Mozambique,2001,aiddata,AidData,107630904.910918,3,3,constant_2023_usd,commitment
MOZ::codf,MOZ,Mozambique,2001,codf,CODF,,0,0,nominal_usd,loan_commitment
MOZ::cla,MOZ,Mozambique,2001,cla,CLA,11190000.0,1,1,nominal_usd,loan_commitment
MOZ::cancel,MOZ,Mozambique,2001,cancel,Debt cancellation,35000000.0,1,1,nominal_usd,debt_cancellation
MOZ::restruct,MOZ,Mozambique,2001,restruct,Debt restructuring,,0,0,nominal_usd,debt_restructuring
MOZ::cofi,MOZ,Mozambique,2001,cofi,COFI,,0,0,nominal_usd,investment
MOZ::cgef,MOZ,Mozambique,2001,cgef,CGEF,,0,0,nominal_usd,loan_commitment
MOZ::chapo,MOZ,Mozambique,2001,chapo,CHAPO,,0,0,constant_2021_usd,commitment
MOZ::aiddata,MOZ,Mozambique,2002,aiddata,AidData,12743390.822982,3,2,constant_2023_usd,commitment
MOZ::codf,MOZ,Mozambique,2002,codf,CODF,,0,0,nominal_usd,loan_commitment
MOZ::cla,MOZ,Mozambique,2002,cla,CLA,,0,0,nominal_usd,loan_commitment
MOZ::cancel,MOZ,Mozambique,2002,cancel,Debt cancellation,,0,0,nominal_usd,debt_cancellation
MOZ::restruct,MOZ,Mozambique,2002,restruct,Debt restructuring,,0,0,nominal_usd,debt_restructuring
MOZ::cofi,MOZ,Mozambique,2002,cofi,COFI,,0,0,nominal_usd,investment
MOZ::cgef,MOZ,Mozambique,2002,cgef,CGEF,,0,0,nominal_usd,loan_commitment
MOZ::chapo,MOZ,Mozambique,2002,chapo,CHAPO,,1,0,constant_2021_usd,commitment
MOZ::aiddata,MOZ,Mozambique,2003,aiddata,AidData,1125017.460293,2,1,constant_2023_usd,commitment
MOZ::codf,MOZ,Mozambique,2003,codf,CODF,,0,0,nominal_usd,loan_commitment
MOZ::cla,MOZ,Mozambique,2003,cla,CLA,,0,0,nominal_usd,loan_commitment
MOZ::cancel,MOZ,Mozambique,2003,cancel,Debt cancellation,,0,0,nominal_usd,debt_cancellation
MOZ::restruct,MOZ,Mozambique,2003,restruct,Debt restructuring,,0,0,nominal_usd,debt_restructuring
MOZ::cofi,MOZ,Mozambique,2003,cofi,COFI,,0,0,nominal_usd,investment
MOZ::cgef,MOZ,Mozambique,2003,cgef,CGEF,,0,0,nominal_usd,loan_commitment
MOZ::chapo,MOZ,Mozambique,2003,chapo,CHAPO,,0,0,constant_2021_usd,commitment
MOZ::aiddata,MOZ,Mozambique,2004,aiddata,AidData,,2,0,constant_2023_usd,commitment
MOZ::codf,MOZ,Mozambique,2004,codf,CODF,,0,0,nominal_usd,loan_commitment
MOZ::cla,MOZ,Mozambique,2004,cla,CLA,,0,0,nominal_usd,loan_commitment
MOZ::cancel,MOZ,Mozambique,2004,cancel,Debt cancellation,,0,0,nominal_usd,debt_cancellation
MOZ::restruct,MOZ,Mozambique,2004,restruct,Debt restructuring,,0,0,nominal_usd,debt_restructuring
MOZ::cofi,MOZ,Mozambique,2004,cofi,COFI,,0,0,nominal_usd,investment
MOZ::cgef,MOZ,Mozambique,2004,cgef,CGEF,,0,0,nominal_usd,loan_commitment
MOZ::chapo,MOZ,Mozambique,2004,chapo,CHAPO,,2,0,constant_2021_usd,commitment
MOZ::aiddata,MOZ,Mozambique,2005,aiddata,AidData,15834211.10036,3,3,constant_2023_usd,commitment
MOZ::codf,MOZ,Mozambique,2005,codf,CODF,,0,0,nominal_usd,loan_commitment
MOZ::cla,MOZ,Mozambique,2005,cla,CLA,,0,0,nominal_usd,loan_commitment
MOZ::cancel,MOZ,Mozambique,2005,cancel,Debt cancellation,7500000.0,1,1,nominal_usd,debt_cancellation
MOZ::restruct,MOZ,Mozambique,2005,restruct,Debt restructuring,,0,0,nominal_usd,debt_restructuring
MOZ::cofi,MOZ,Mozambique,2005,cofi,COFI,,0,0,nominal_usd,investment
MOZ::cgef,MOZ,Mozambique,2005,cgef,CGEF,,0,0,nominal_usd,loan_commitment
MOZ::chapo,MOZ,Mozambique,2005,chapo,CHAPO,,0,0,constant_2021_usd,commitment
MOZ::aiddata,MOZ,Mozambique,2006,aiddata,AidData,37530.321858,2,1,constant_2023_usd,commitment
MOZ::codf,MOZ,Mozambique,2006,codf,CODF,,0,0,nominal_usd,loan_commitment
MOZ::cla,MOZ,Mozambique,2006,cla,CLA,,0,0,nominal_usd,loan_commitment
MOZ::cancel,MOZ,Mozambique,2006,cancel,Debt cancellation,,0,0,nominal_usd,debt_cancellation
MOZ::restruct,MOZ,Mozambique,2006,restruct,Debt restructuring,,0,0,nominal_usd,debt_restructuring
MOZ::cofi,MOZ,Mozambique,2006,cofi,COFI,,0,0,nominal_usd,investment
MOZ::cgef,MOZ,Mozambique,2006,cgef,CGEF,,0,0,nominal_usd,loan_commitment
MOZ::chapo,MOZ,Mozambique,2006,chapo,CHAPO,,1,0,constant_2021_usd,commitment
MOZ::aiddata,MOZ,Mozambique,2007,aiddata,AidData,320874658.763072,8,6,constant_2023_usd,commitment
MOZ::codf,MOZ,Mozambique,2007,codf,CODF,,0,0,nominal_usd,loan_commitment
MOZ::cla,MOZ,Mozambique,2007,cla,CLA,50000000.0,1,1,nominal_usd,loan_commitment
MOZ::cancel,MOZ,Mozambique,2007,cancel,Debt cancellation,30000000.0,1,1,nominal_usd,debt_cancellation
MOZ::restruct,MOZ,Mozambique,2007,restruct,Debt restructuring,,0,0,nominal_usd,debt_restructuring
MOZ::cofi,MOZ,Mozambique,2007,cofi,COFI,,0,0,nominal_usd,investment
MOZ::cgef,MOZ,Mozambique,2007,cgef,CGEF,,0,0,nominal_usd,loan_commitment
MOZ::chapo,MOZ,Mozambique,2007,chapo,CHAPO,,0,0,constant_2021_usd,commitment
MOZ::aiddata,MOZ,Mozambique,2008,aiddata,AidData,32819109.246615,4,1,constant_2023_usd,commitment
MOZ::codf,MOZ,Mozambique,2008,codf,CODF,,0,0,nominal_usd,loan_commitment
MOZ::cla,MOZ,Mozambique,2008,cla,CLA,,0,0,nominal_usd,loan_commitment
MOZ::cancel,MOZ,Mozambique,2008,cancel,Debt cancellation,,0,0,nominal_usd,debt_cancellation
MOZ::restruct,MOZ,Mozambique,2008,restruct,Debt restructuring,,0,0,nominal_usd,debt_restructuring
MOZ::cofi,MOZ,Mozambique,2008,cofi,COFI,,0,0,nominal_usd,investment
MOZ::cgef,MOZ,Mozambique,2008,cgef,CGEF,,0,0,nominal_usd,loan_commitment
MOZ::chapo,MOZ,Mozambique,2008,chapo,CHAPO,,2,0,constant_2021_usd,commitment
MOZ::aiddata,MOZ,Mozambique,2009,aiddata,AidData,173711255.523579,6,5,constant_2023_usd,commitment
MOZ::codf,MOZ,Mozambique,2009,codf,CODF,97000000.0,2,2,nominal_usd,loan_commitment
MOZ::cla,MOZ,Mozambique,2009,cla,CLA,117000000.0,3,3,nominal_usd,loan_commitment
MOZ::cancel,MOZ,Mozambique,2009,cancel,Debt cancellation,,0,0,nominal_usd,debt_cancellation
MOZ::restruct,MOZ,Mozambique,2009,restruct,Debt restructuring,,0,0,nominal_usd,debt_restructuring
MOZ::cofi,MOZ,Mozambique,2009,cofi,COFI,,0,0,nominal_usd,investment
MOZ::cgef,MOZ,Mozambique,2009,cgef,CGEF,,0,0,nominal_usd,loan_commitment
MOZ::chapo,MOZ,Mozambique,2009,chapo,CHAPO,,1,0,constant_2021_usd,commitment
MOZ::aiddata,MOZ,Mozambique,2010,aiddata,AidData,112271509.167183,7,3,constant_2023_usd,commitment
MOZ::codf,MOZ,Mozambique,2010,codf,CODF,,0,0,nominal_usd,loan_commitment
MOZ::cla,MOZ,Mozambique,2010,cla,CLA,23600000.0,2,2,nominal_usd,loan_commitment
MOZ::cancel,MOZ,Mozambique,2010,cancel,Debt cancellation,,0,0,nominal_usd,debt_cancellation
MOZ::restruct,MOZ,Mozambique,2010,restruct,Debt restructuring,,0,0,nominal_usd,debt_restructuring
MOZ::cofi,MOZ,Mozambique,2010,cofi,COFI,,0,0,nominal_usd,investment
MOZ::cgef,MOZ,Mozambique,2010,cgef,CGEF,,0,0,nominal_usd,loan_commitment
MOZ::chapo,MOZ,Mozambique,2010,chapo,CHAPO,,3,0,constant_2021_usd,commitment
MOZ::aiddata,MOZ,Mozambique,2011,aiddata,AidData,97072922.033584,4,3,constant_2023_usd,commitment
MOZ::codf,MOZ,Mozambique,2011,codf,CODF,40000000.0,1,1,nominal_usd,loan_commitment
MOZ::cla,MOZ,Mozambique,2011,cla,CLA,40000000.0,1,1,nominal_usd,loan_commitment
MOZ::cancel,MOZ,Mozambique,2011,cancel,Debt cancellation,,0,0,nominal_usd,debt_cancellation
MOZ::restruct,MOZ,Mozambique,2011,restruct,Debt restructuring,,0,0,nominal_usd,debt_restructuring
MOZ::cofi,MOZ,Mozambique,2011,cofi,COFI,,0,0,nominal_usd,investment
MOZ::cgef,MOZ,Mozambique,2011,cgef,CGEF,,0,0,nominal_usd,loan_commitment
MOZ::chapo,MOZ,Mozambique,2011,chapo,CHAPO,,1,0,constant_2021_usd,commitment
MOZ::aiddata,MOZ,Mozambique,2012,aiddata,AidData,1355319247.672015,11,9,constant_2023_usd,commitment
MOZ::codf,MOZ,Mozambique,2012,codf,CODF,1249580000.0,5,5,nominal_usd,loan_commitment
MOZ::cla,MOZ,Mozambique,2012,cla,CLA,1258980000.0,6,6,nominal_usd,loan_commitment
MOZ::cancel,MOZ,Mozambique,2012,cancel,Debt cancellation,,0,0,nominal_usd,debt_cancellation
MOZ::restruct,MOZ,Mozambique,2012,restruct,Debt restructuring,,0,0,nominal_usd,debt_restructuring
MOZ::cofi,MOZ,Mozambique,2012,cofi,COFI,,0,0,nominal_usd,investment
MOZ::cgef,MOZ,Mozambique,2012,cgef,CGEF,,0,0,nominal_usd,loan_commitment
MOZ::chapo,MOZ,Mozambique,2012,chapo,CHAPO,3722278.042216,1,1,constant_2021_usd,commitment
MOZ::aiddata,MOZ,Mozambique,2013,aiddata,AidData,3259052499.799976,8,6,constant_2023_usd,commitment
MOZ::codf,MOZ,Mozambique,2013,codf,CODF,176100000.0,2,2,nominal_usd,loan_commitment
MOZ::cla,MOZ,Mozambique,2013,cla,CLA,176100000.0,2,2,nominal_usd,loan_commitment
MOZ::cancel,MOZ,Mozambique,2013,cancel,Debt cancellation,,0,0,nominal_usd,debt_cancellation
MOZ::restruct,MOZ,Mozambique,2013,restruct,Debt restructuring,,0,0,nominal_usd,debt_restructuring
MOZ::cofi,MOZ,Mozambique,2013,cofi,COFI,,0,0,nominal_usd,investment
MOZ::cgef,MOZ,Mozambique,2013,cgef,CGEF,,0,0,nominal_usd,loan_commitment
MOZ::chapo,MOZ,Mozambique,2013,chapo,CHAPO,29554557.667374,3,3,constant_2021_usd,commitment
MOZ::aiddata,MOZ,Mozambique,2014,aiddata,AidData,686510660.12641,7,5,constant_2023_usd,commitment
MOZ::codf,MOZ,Mozambique,2014,codf,CODF,432380000.0,2,2,nominal_usd,loan_commitment
MOZ::cla,MOZ,Mozambique,2014,cla,CLA,432380000.0,2,2,nominal_usd,loan_commitment
MOZ::cancel,MOZ,Mozambique,2014,cancel,Debt cancellation,,0,0,nominal_usd,debt_cancellation
MOZ::restruct,MOZ,Mozambique,2014,restruct,Debt restructuring,,0,0,nominal_usd,debt_restructuring
MOZ::cofi,MOZ,Mozambique,2014,cofi,COFI,,0,0,nominal_usd,investment
MOZ::cgef,MOZ,Mozambique,2014,cgef,CGEF,,0,0,nominal_usd,loan_commitment
MOZ::chapo,MOZ,Mozambique,2014,chapo,CHAPO,,1,0,constant_2021_usd,commitment
MOZ::aiddata,MOZ,Mozambique,2015,aiddata,AidData,6676270.783232,3,2,constant_2023_usd,commitment
MOZ::codf,MOZ,Mozambique,2015,codf,CODF,,0,0,nominal_usd,loan_commitment
MOZ::cla,MOZ,Mozambique,2015,cla,CLA,,0,0,nominal_usd,loan_commitment
MOZ::cancel,MOZ,Mozambique,2015,cancel,Debt cancellation,,0,0,nominal_usd,debt_cancellation
MOZ::restruct,MOZ,Mozambique,2015,restruct,Debt restructuring,,0,0,nominal_usd,debt_restructuring
MOZ::cofi,MOZ,Mozambique,2015,cofi,COFI,,0,0,nominal_usd,investment
MOZ::cgef,MOZ,Mozambique,2015,cgef,CGEF,,0,0,nominal_usd,loan_commitment
MOZ::chapo,MOZ,Mozambique,2015,chapo,CHAPO,,0,0,constant_2021_usd,commitment
MOZ::aiddata,MOZ,Mozambique,2016,aiddata,AidData,21175952.622319,5,3,constant_2023_usd,commitment
MOZ::codf,MOZ,Mozambique,2016,codf,CODF,,0,0,nominal_usd,loan_commitment
MOZ::cla,MOZ,Mozambique,2016,cla,CLA,,0,0,nominal_usd,loan_commitment
MOZ::cancel,MOZ,Mozambique,2016,cancel,Debt cancellation,,0,0,nominal_usd,debt_cancellation
MOZ::restruct,MOZ,Mozambique,2016,restruct,Debt restructuring,,0,0,nominal_usd,debt_restructuring
MOZ::cofi,MOZ,Mozambique,2016,cofi,COFI,,0,0,nominal_usd,investment
MOZ::cgef,MOZ,Mozambique,2016,cgef,CGEF,,0,0,nominal_usd,loan_commitment
MOZ::chapo,MOZ,Mozambique,2016,chapo,CHAPO,5785942.090956,2,1,constant_2021_usd,commitment
MOZ::aiddata,MOZ,Mozambique,2017,aiddata,AidData,2359913935.062016,18,15,constant_2023_usd,commitment
MOZ::codf,MOZ,Mozambique,2017,codf,CODF,156000000.0,1,1,nominal_usd,loan_commitment
MOZ::cla,MOZ,Mozambique,2017,cla,CLA,156000000.0,1,1,nominal_usd,loan_commitment
MOZ::cancel,MOZ,Mozambique,2017,cancel,Debt cancellation,34000000.0,1,1,nominal_usd,debt_cancellation
MOZ::restruct,MOZ,Mozambique,2017,restruct,Debt restructuring,2020000000.0,1,1,nominal_usd,debt_restructuring
MOZ::cofi,MOZ,Mozambique,2017,cofi,COFI,,0,0,nominal_usd,investment
MOZ::cgef,MOZ,Mozambique,2017,cgef,CGEF,,0,0,nominal_usd,loan_commitment
MOZ::chapo,MOZ,Mozambique,2017,chapo,CHAPO,,1,0,constant_2021_usd,commitment
MOZ::aiddata,MOZ,Mozambique,2018,aiddata,AidData,20729703.659239,6,4,constant_2023_usd,commitment
MOZ::codf,MOZ,Mozambique,2018,codf,CODF,,0,0,nominal_usd,loan_commitment
MOZ::cla,MOZ,Mozambique,2018,cla,CLA,,0,0,nominal_usd,loan_commitment
MOZ::cancel,MOZ,Mozambique,2018,cancel,Debt cancellation,,0,0,nominal_usd,debt_cancellation
MOZ::restruct,MOZ,Mozambique,2018,restruct,Debt restructuring,,0,0,nominal_usd,debt_restructuring
MOZ::cofi,MOZ,Mozambique,2018,cofi,COFI,,0,0,nominal_usd,investment
MOZ::cgef,MOZ,Mozambique,2018,cgef,CGEF,,0,0,nominal_usd,loan_commitment
MOZ::chapo,MOZ,Mozambique,2018,chapo,CHAPO,,0,0,constant_2021_usd,commitment
MOZ::aiddata,MOZ,Mozambique,2019,aiddata,AidData,38430518.024558,12,4,constant_2023_usd,commitment
MOZ::codf,MOZ,Mozambique,2019,codf,CODF,,0,0,nominal_usd,loan_commitment
MOZ::cla,MOZ,Mozambique,2019,cla,CLA,,0,0,nominal_usd,loan_commitment
MOZ::cancel,MOZ,Mozambique,2019,cancel,Debt cancellation,,0,0,nominal_usd,debt_cancellation
MOZ::restruct,MOZ,Mozambique,2019,restruct,Debt restructuring,,0,0,nominal_usd,debt_restructuring
MOZ::cofi,MOZ,Mozambique,2019,cofi,COFI,,0,0,nominal_usd,investment
MOZ::cgef,MOZ,Mozambique,2019,cgef,CGEF,,0,0,nominal_usd,loan_commitment
MOZ::chapo,MOZ,Mozambique,2019,chapo,CHAPO,,0,0,constant_2021_usd,commitment
MOZ::aiddata,MOZ,Mozambique,2020,aiddata,AidData,298936165.56652,16,10,constant_2023_usd,commitment
MOZ::codf,MOZ,Mozambique,2020,codf,CODF,132000000.0,1,1,nominal_usd,loan_commitment
MOZ::cla,MOZ,Mozambique,2020,cla,CLA,132000000.0,1,1,nominal_usd,loan_commitment
MOZ::cancel,MOZ,Mozambique,2020,cancel,Debt cancellation,,0,0,nominal_usd,debt_cancellation
MOZ::restruct,MOZ,Mozambique,2020,restruct,Debt restructuring,,0,0,nominal_usd,debt_restructuring
MOZ::cofi,MOZ,Mozambique,2020,cofi,COFI,,0,0,nominal_usd,investment
MOZ::cgef,MOZ,Mozambique,2020,cgef,CGEF,,0,0,nominal_usd,loan_commitment
MOZ::chapo,MOZ,Mozambique,2020,chapo,CHAPO,146929.624148,10,6,constant_2021_usd,commitment
MOZ::aiddata,MOZ,Mozambique,2021,aiddata,AidData,26603050.363559,14,7,constant_2023_usd,commitment
MOZ::codf,MOZ,Mozambique,2021,codf,CODF,,0,0,nominal_usd,loan_commitment
MOZ::cla,MOZ,Mozambique,2021,cla,CLA,,0,0,nominal_usd,loan_commitment
MOZ::cancel,MOZ,Mozambique,2021,cancel,Debt cancellation,,0,0,nominal_usd,debt_cancellation
MOZ::restruct,MOZ,Mozambique,2021,restruct,Debt restructuring,,0,0,nominal_usd,debt_restructuring
MOZ::cofi,MOZ,Mozambique,2021,cofi,COFI,,0,0,nominal_usd,investment
MOZ::cgef,MOZ,Mozambique,2021,cgef,CGEF,,0,0,nominal_usd,loan_commitment
MOZ::chapo,MOZ,Mozambique,2021,chapo,CHAPO,27980000.0,5,5,constant_2021_usd,commitment
MOZ::aiddata,MOZ,Mozambique,2022,aiddata,AidData,24866292.931108,2,1,constant_2023_usd,commitment
MOZ::codf,MOZ,Mozambique,2022,codf,CODF,,0,0,nominal_usd,loan_commitment
MOZ::cla,MOZ,Mozambique,2022,cla,CLA,,0,0,nominal_usd,loan_commitment
MOZ::cancel,MOZ,Mozambique,2022,cancel,Debt cancellation,,0,0,nominal_usd,debt_cancellation
MOZ::restruct,MOZ,Mozambique,2022,restruct,Debt restructuring,,0,0,nominal_usd,debt_restructuring
MOZ::cofi,MOZ,Mozambique,2022,cofi,COFI,,0,0,nominal_usd,investment
MOZ::cgef,MOZ,Mozambique,2022,cgef,CGEF,,0,0,nominal_usd,loan_commitment
MOZ::chapo,MOZ,Mozambique,2022,chapo,CHAPO,,0,0,constant_2021_usd,commitment
MOZ::aiddata,MOZ,Mozambique,2023,aiddata,AidData,,2,0,constant_2023_usd,commitment
MOZ::codf,MOZ,Mozambique,2023,codf,CODF,,0,0,nominal_usd,loan_commitment
MOZ::cla,MOZ,Mozambique,2023,cla,CLA,,0,0,nominal_usd,loan_commitment
MOZ::cancel,MOZ,Mozambique,2023,cancel,Debt cancellation,,0,0,nominal_usd,debt_cancellation
MOZ::restruct,MOZ,Mozambique,2023,restruct,Debt restructuring,,0,0,nominal_usd,debt_restructuring
MOZ::cofi,MOZ,Mozambique,2023,cofi,COFI,,0,0,nominal_usd,investment
MOZ::cgef,MOZ,Mozambique,2023,cgef,CGEF,,0,0,nominal_usd,loan_commitment
MOZ::chapo,MOZ,Mozambique,2023,chapo,CHAPO,,0,0,constant_2021_usd,commitment
MOZ::aiddata,MOZ,Mozambique,2024,aiddata,AidData,,0,0,constant_2023_usd,commitment
MOZ::codf,MOZ,Mozambique,2024,codf,CODF,,0,0,nominal_usd,loan_commitment
MOZ::cla,MOZ,Mozambique,2024,cla,CLA,,0,0,nominal_usd,loan_commitment
MOZ::cancel,MOZ,Mozambique,2024,cancel,Debt cancellation,,0,0,nominal_usd,debt_cancellation
MOZ::restruct,MOZ,Mozambique,2024,restruct,Debt restructuring,,0,0,nominal_usd,debt_restructuring
MOZ::cofi,MOZ,Mozambique,2024,cofi,COFI,,0,0,nominal_usd,investment
MOZ::cgef,MOZ,Mozambique,2024,cgef,CGEF,,0,0,nominal_usd,loan_commitment
MOZ::chapo,MOZ,Mozambique,2024,chapo,CHAPO,,0,0,constant_2021_usd,commitment
MRT::aiddata,MRT,Mauritania,2000,aiddata,AidData,,0,0,constant_2023_usd,commitment
MRT::codf,MRT,Mauritania,2000,codf,CODF,,0,0,nominal_usd,loan_commitment
MRT::cla,MRT,Mauritania,2000,cla,CLA,,0,0,nominal_usd,loan_commitment
MRT::cancel,MRT,Mauritania,2000,cancel,Debt cancellation,,0,0,nominal_usd,debt_cancellation
MRT::restruct,MRT,Mauritania,2000,restruct,Debt restructuring,,0,0,nominal_usd,debt_restructuring
MRT::cofi,MRT,Mauritania,2000,cofi,COFI,,0,0,nominal_usd,investment
MRT::cgef,MRT,Mauritania,2000,cgef,CGEF,,0,0,nominal_usd,loan_commitment
MRT::chapo,MRT,Mauritania,2000,chapo,CHAPO,,0,0,constant_2021_usd,commitment
MRT::aiddata,MRT,Mauritania,2001,aiddata,AidData,,0,0,constant_2023_usd,commitment
MRT::codf,MRT,Mauritania,2001,codf,CODF,,0,0,nominal_usd,loan_commitment
MRT::cla,MRT,Mauritania,2001,cla,CLA,,0,0,nominal_usd,loan_commitment
MRT::cancel,MRT,Mauritania,2001,cancel,Debt cancellation,,0,0,nominal_usd,debt_cancellation
MRT::restruct,MRT,Mauritania,2001,restruct,Debt restructuring,,0,0,nominal_usd,debt_restructuring
MRT::cofi,MRT,Mauritania,2001,cofi,COFI,,0,0,nominal_usd,investment
MRT::cgef,MRT,Mauritania,2001,cgef,CGEF,,0,0,nominal_usd,loan_commitment
MRT::chapo,MRT,Mauritania,2001,chapo,CHAPO,,0,0,constant_2021_usd,commitment
MRT::aiddata,MRT,Mauritania,2002,aiddata,AidData,1394575.327836,2,1,constant_2023_usd,commitment
MRT::codf,MRT,Mauritania,2002,codf,CODF,,0,0,nominal_usd,loan_commitment
MRT::cla,MRT,Mauritania,2002,cla,CLA,,0,0,nominal_usd,loan_commitment
MRT::cancel,MRT,Mauritania,2002,cancel,Debt cancellation,,0,0,nominal_usd,debt_cancellation
MRT::restruct,MRT,Mauritania,2002,restruct,Debt restructuring,,0,0,nominal_usd,debt_restructuring
MRT::cofi,MRT,Mauritania,2002,cofi,COFI,,0,0,nominal_usd,investment
MRT::cgef,MRT,Mauritania,2002,cgef,CGEF,,0,0,nominal_usd,loan_commitment
MRT::chapo,MRT,Mauritania,2002,chapo,CHAPO,,1,0,constant_2021_usd,commitment
MRT::aiddata,MRT,Mauritania,2003,aiddata,AidData,,1,0,constant_2023_usd,commitment
MRT::codf,MRT,Mauritania,2003,codf,CODF,,0,0,nominal_usd,loan_commitment
MRT::cla,MRT,Mauritania,2003,cla,CLA,,0,0,nominal_usd,loan_commitment
MRT::cancel,MRT,Mauritania,2003,cancel,Debt cancellation,,0,0,nominal_usd,debt_cancellation
MRT::restruct,MRT,Mauritania,2003,restruct,Debt restructuring,,0,0,nominal_usd,debt_restructuring
MRT::cofi,MRT,Mauritania,2003,cofi,COFI,,0,0,nominal_usd,investment
MRT::cgef,MRT,Mauritania,2003,cgef,CGEF,,0,0,nominal_usd,loan_commitment
MRT::chapo,MRT,Mauritania,2003,chapo,CHAPO,,0,0,constant_2021_usd,commitment
MRT::aiddata,MRT,Mauritania,2004,aiddata,AidData,1051868.149487,2,1,constant_2023_usd,commitment
MRT::codf,MRT,Mauritania,2004,codf,CODF,,0,0,nominal_usd,loan_commitment
MRT::cla,MRT,Mauritania,2004,cla,CLA,,0,0,nominal_usd,loan_commitment
MRT::cancel,MRT,Mauritania,2004,cancel,Debt cancellation,,0,0,nominal_usd,debt_cancellation
MRT::restruct,MRT,Mauritania,2004,restruct,Debt restructuring,,0,0,nominal_usd,debt_restructuring
MRT::cofi,MRT,Mauritania,2004,cofi,COFI,,0,0,nominal_usd,investment
MRT::cgef,MRT,Mauritania,2004,cgef,CGEF,,0,0,nominal_usd,loan_commitment
MRT::chapo,MRT,Mauritania,2004,chapo,CHAPO,,1,0,constant_2021_usd,commitment
MRT::aiddata,MRT,Mauritania,2005,aiddata,AidData,,2,0,constant_2023_usd,commitment
MRT::codf,MRT,Mauritania,2005,codf,CODF,,0,0,nominal_usd,loan_commitment
MRT::cla,MRT,Mauritania,2005,cla,CLA,,0,0,nominal_usd,loan_commitment
MRT::cancel,MRT,Mauritania,2005,cancel,Debt cancellation,,0,0,nominal_usd,debt_cancellation
MRT::restruct,MRT,Mauritania,2005,restruct,Debt restructuring,,0,0,nominal_usd,debt_restructuring
MRT::cofi,MRT,Mauritania,2005,cofi,COFI,,0,0,nominal_usd,investment
MRT::cgef,MRT,Mauritania,2005,cgef,CGEF,,0,0,nominal_usd,loan_commitment
MRT::chapo,MRT,Mauritania,2005,chapo,CHAPO,,1,0,constant_2021_usd,commitment
MRT::aiddata,MRT,Mauritania,2006,aiddata,AidData,706131.8542,2,1,constant_2023_usd,commitment
MRT::codf,MRT,Mauritania,2006,codf,CODF,,0,0,nominal_usd,loan_commitment
MRT::cla,MRT,Mauritania,2006,cla,CLA,75330000.0,1,1,nominal_usd,loan_commitment
MRT::cancel,MRT,Mauritania,2006,cancel,Debt cancellation,,0,0,nominal_usd,debt_cancellation
MRT::restruct,MRT,Mauritania,2006,restruct,Debt restructuring,,0,0,nominal_usd,debt_restructuring
MRT::cofi,MRT,Mauritania,2006,cofi,COFI,,0,0,nominal_usd,investment
MRT::cgef,MRT,Mauritania,2006,cgef,CGEF,,0,0,nominal_usd,loan_commitment
MRT::chapo,MRT,Mauritania,2006,chapo,CHAPO,,0,0,constant_2021_usd,commitment
MRT::aiddata,MRT,Mauritania,2007,aiddata,AidData,94709178.451472,4,1,constant_2023_usd,commitment
MRT::codf,MRT,Mauritania,2007,codf,CODF,,0,0,nominal_usd,loan_commitment
MRT::cla,MRT,Mauritania,2007,cla,CLA,,0,0,nominal_usd,loan_commitment
MRT::cancel,MRT,Mauritania,2007,cancel,Debt cancellation,61000000.0,1,1,nominal_usd,debt_cancellation
MRT::restruct,MRT,Mauritania,2007,restruct,Debt restructuring,,0,0,nominal_usd,debt_restructuring
MRT::cofi,MRT,Mauritania,2007,cofi,COFI,,0,0,nominal_usd,investment
MRT::cgef,MRT,Mauritania,2007,cgef,CGEF,,0,0,nominal_usd,loan_commitment
MRT::chapo,MRT,Mauritania,2007,chapo,CHAPO,,0,0,constant_2021_usd,commitment
MRT::aiddata,MRT,Mauritania,2008,aiddata,AidData,,2,0,constant_2023_usd,commitment
MRT::codf,MRT,Mauritania,2008,codf,CODF,,0,0,nominal_usd,loan_commitment
MRT::cla,MRT,Mauritania,2008,cla,CLA,,0,0,nominal_usd,loan_commitment
MRT::cancel,MRT,Mauritania,2008,cancel,Debt cancellation,,0,0,nominal_usd,debt_cancellation
MRT::restruct,MRT,Mauritania,2008,restruct,Debt restructuring,,0,0,nominal_usd,debt_restructuring
MRT::cofi,MRT,Mauritania,2008,cofi,COFI,,0,0,nominal_usd,investment
MRT::cgef,MRT,Mauritania,2008,cgef,CGEF,,0,0,nominal_usd,loan_commitment
MRT::chapo,MRT,Mauritania,2008,chapo,CHAPO,,1,0,constant_2021_usd,commitment
MRT::aiddata,MRT,Mauritania,2009,aiddata,AidData,420977531.455511,5,4,constant_2023_usd,commitment
MRT::codf,MRT,Mauritania,2009,codf,CODF,292830000.0,1,1,nominal_usd,loan_commitment
MRT::cla,MRT,Mauritania,2009,cla,CLA,292800000.0,1,1,nominal_usd,loan_commitment
MRT::cancel,MRT,Mauritania,2009,cancel,Debt cancellation,,0,0,nominal_usd,debt_cancellation
MRT::restruct,MRT,Mauritania,2009,restruct,Debt restructuring,,0,0,nominal_usd,debt_restructuring
MRT::cofi,MRT,Mauritania,2009,cofi,COFI,,0,0,nominal_usd,investment
MRT::cgef,MRT,Mauritania,2009,cgef,CGEF,,0,0,nominal_usd,loan_commitment
MRT::chapo,MRT,Mauritania,2009,chapo,CHAPO,16050156.511006,2,2,constant_2021_usd,commitment
MRT::aiddata,MRT,Mauritania,2010,aiddata,AidData,173581928.573871,9,4,constant_2023_usd,commitment
MRT::codf,MRT,Mauritania,2010,codf,CODF,86120000.0,1,1,nominal_usd,loan_commitment
MRT::cla,MRT,Mauritania,2010,cla,CLA,94970000.0,2,2,nominal_usd,loan_commitment
MRT::cancel,MRT,Mauritania,2010,cancel,Debt cancellation,,0,0,nominal_usd,debt_cancellation
MRT::restruct,MRT,Mauritania,2010,restruct,Debt restructuring,,0,0,nominal_usd,debt_restructuring
MRT::cofi,MRT,Mauritania,2010,cofi,COFI,,0,0,nominal_usd,investment
MRT::cgef,MRT,Mauritania,2010,cgef,CGEF,,0,0,nominal_usd,loan_commitment
MRT::chapo,MRT,Mauritania,2010,chapo,CHAPO,,1,0,constant_2021_usd,commitment
MRT::aiddata,MRT,Mauritania,2011,aiddata,AidData,79111931.256216,9,5,constant_2023_usd,commitment
MRT::codf,MRT,Mauritania,2011,codf,CODF,,0,0,nominal_usd,loan_commitment
MRT::cla,MRT,Mauritania,2011,cla,CLA,12380000.0,1,1,nominal_usd,loan_commitment
MRT::cancel,MRT,Mauritania,2011,cancel,Debt cancellation,,0,0,nominal_usd,debt_cancellation
MRT::restruct,MRT,Mauritania,2011,restruct,Debt restructuring,,0,0,nominal_usd,debt_restructuring
MRT::cofi,MRT,Mauritania,2011,cofi,COFI,,0,0,nominal_usd,investment
MRT::cgef,MRT,Mauritania,2011,cgef,CGEF,,0,0,nominal_usd,loan_commitment
MRT::chapo,MRT,Mauritania,2011,chapo,CHAPO,22829961.118612,3,2,constant_2021_usd,commitment
MRT::aiddata,MRT,Mauritania,2012,aiddata,AidData,1682179.609548,6,1,constant_2023_usd,commitment
MRT::codf,MRT,Mauritania,2012,codf,CODF,,0,0,nominal_usd,loan_commitment
MRT::cla,MRT,Mauritania,2012,cla,CLA,,0,0,nominal_usd,loan_commitment
MRT::cancel,MRT,Mauritania,2012,cancel,Debt cancellation,,0,0,nominal_usd,debt_cancellation
MRT::restruct,MRT,Mauritania,2012,restruct,Debt restructuring,,0,0,nominal_usd,debt_restructuring
MRT::cofi,MRT,Mauritania,2012,cofi,COFI,,0,0,nominal_usd,investment
MRT::cgef,MRT,Mauritania,2012,cgef,CGEF,,0,0,nominal_usd,loan_commitment
MRT::chapo,MRT,Mauritania,2012,chapo,CHAPO,,2,0,constant_2021_usd,commitment
MRT::aiddata,MRT,Mauritania,2013,aiddata,AidData,208581146.299012,5,3,constant_2023_usd,commitment
MRT::codf,MRT,Mauritania,2013,codf,CODF,138300000.0,1,1,nominal_usd,loan_commitment
MRT::cla,MRT,Mauritania,2013,cla,CLA,138300000.0,1,1,nominal_usd,loan_commitment
MRT::cancel,MRT,Mauritania,2013,cancel,Debt cancellation,,0,0,nominal_usd,debt_cancellation
MRT::restruct,MRT,Mauritania,2013,restruct,Debt restructuring,,0,0,nominal_usd,debt_restructuring
MRT::cofi,MRT,Mauritania,2013,cofi,COFI,,0,0,nominal_usd,investment
MRT::cgef,MRT,Mauritania,2013,cgef,CGEF,138300000.0,1,1,nominal_usd,loan_commitment
MRT::chapo,MRT,Mauritania,2013,chapo,CHAPO,18345975.642216,1,1,constant_2021_usd,commitment
MRT::aiddata,MRT,Mauritania,2014,aiddata,AidData,46296902.160185,6,2,constant_2023_usd,commitment
MRT::codf,MRT,Mauritania,2014,codf,CODF,,0,0,nominal_usd,loan_commitment
MRT::cla,MRT,Mauritania,2014,cla,CLA,,0,0,nominal_usd,loan_commitment
MRT::cancel,MRT,Mauritania,2014,cancel,Debt cancellation,,0,0,nominal_usd,debt_cancellation
MRT::restruct,MRT,Mauritania,2014,restruct,Debt restructuring,,0,0,nominal_usd,debt_restructuring
MRT::cofi,MRT,Mauritania,2014,cofi,COFI,,0,0,nominal_usd,investment
MRT::cgef,MRT,Mauritania,2014,cgef,CGEF,,0,0,nominal_usd,loan_commitment
MRT::chapo,MRT,Mauritania,2014,chapo,CHAPO,35603641.272529,2,1,constant_2021_usd,commitment
MRT::aiddata,MRT,Mauritania,2015,aiddata,AidData,50394422.485692,10,4,constant_2023_usd,commitment
MRT::codf,MRT,Mauritania,2015,codf,CODF,,0,0,nominal_usd,loan_commitment
MRT::cla,MRT,Mauritania,2015,cla,CLA,48150000.0,2,2,nominal_usd,loan_commitment
MRT::cancel,MRT,Mauritania,2015,cancel,Debt cancellation,,0,0,nominal_usd,debt_cancellation
MRT::restruct,MRT,Mauritania,2015,restruct,Debt restructuring,,0,0,nominal_usd,debt_restructuring
MRT::cofi,MRT,Mauritania,2015,cofi,COFI,,0,0,nominal_usd,investment
MRT::cgef,MRT,Mauritania,2015,cgef,CGEF,,0,0,nominal_usd,loan_commitment
MRT::chapo,MRT,Mauritania,2015,chapo,CHAPO,135700.99547,2,1,constant_2021_usd,commitment
MRT::aiddata,MRT,Mauritania,2016,aiddata,AidData,68980620.383957,8,4,constant_2023_usd,commitment
MRT::codf,MRT,Mauritania,2016,codf,CODF,,0,0,nominal_usd,loan_commitment
MRT::cla,MRT,Mauritania,2016,cla,CLA,,0,0,nominal_usd,loan_commitment
MRT::cancel,MRT,Mauritania,2016,cancel,Debt cancellation,,0,0,nominal_usd,debt_cancellation
MRT::restruct,MRT,Mauritania,2016,restruct,Debt restructuring,,0,0,nominal_usd,debt_restructuring
MRT::cofi,MRT,Mauritania,2016,cofi,COFI,,0,0,nominal_usd,investment
MRT::cgef,MRT,Mauritania,2016,cgef,CGEF,,0,0,nominal_usd,loan_commitment
MRT::chapo,MRT,Mauritania,2016,chapo,CHAPO,584621.161631,4,2,constant_2021_usd,commitment
MRT::aiddata,MRT,Mauritania,2017,aiddata,AidData,50692911.464943,9,3,constant_2023_usd,commitment
MRT::codf,MRT,Mauritania,2017,codf,CODF,,0,0,nominal_usd,loan_commitment
MRT::cla,MRT,Mauritania,2017,cla,CLA,,0,0,nominal_usd,loan_commitment
MRT::cancel,MRT,Mauritania,2017,cancel,Debt cancellation,,0,0,nominal_usd,debt_cancellation
MRT::restruct,MRT,Mauritania,2017,restruct,Debt restructuring,,0,0,nominal_usd,debt_restructuring
MRT::cofi,MRT,Mauritania,2017,cofi,COFI,,0,0,nominal_usd,investment
MRT::cgef,MRT,Mauritania,2017,cgef,CGEF,,0,0,nominal_usd,loan_commitment
MRT::chapo,MRT,Mauritania,2017,chapo,CHAPO,55363501.778743,3,3,constant_2021_usd,commitment
MRT::aiddata,MRT,Mauritania,2018,aiddata,AidData,106803062.687615,15,3,constant_2023_usd,commitment
MRT::codf,MRT,Mauritania,2018,codf,CODF,,0,0,nominal_usd,loan_commitment
MRT::cla,MRT,Mauritania,2018,cla,CLA,,0,0,nominal_usd,loan_commitment
MRT::cancel,MRT,Mauritania,2018,cancel,Debt cancellation,,0,0,nominal_usd,debt_cancellation
MRT::restruct,MRT,Mauritania,2018,restruct,Debt restructuring,,0,0,nominal_usd,debt_restructuring
MRT::cofi,MRT,Mauritania,2018,cofi,COFI,,0,0,nominal_usd,investment
MRT::cgef,MRT,Mauritania,2018,cgef,CGEF,,0,0,nominal_usd,loan_commitment
MRT::chapo,MRT,Mauritania,2018,chapo,CHAPO,322974.450124,4,1,constant_2021_usd,commitment
MRT::aiddata,MRT,Mauritania,2019,aiddata,AidData,122685505.814344,12,4,constant_2023_usd,commitment
MRT::codf,MRT,Mauritania,2019,codf,CODF,87000000.0,1,1,nominal_usd,loan_commitment
MRT::cla,MRT,Mauritania,2019,cla,CLA,87000000.0,1,1,nominal_usd,loan_commitment
MRT::cancel,MRT,Mauritania,2019,cancel,Debt cancellation,,0,0,nominal_usd,debt_cancellation
MRT::restruct,MRT,Mauritania,2019,restruct,Debt restructuring,,0,0,nominal_usd,debt_restructuring
MRT::cofi,MRT,Mauritania,2019,cofi,COFI,,0,0,nominal_usd,investment
MRT::cgef,MRT,Mauritania,2019,cgef,CGEF,,0,0,nominal_usd,loan_commitment
MRT::chapo,MRT,Mauritania,2019,chapo,CHAPO,24031712.912853,4,2,constant_2021_usd,commitment
MRT::aiddata,MRT,Mauritania,2020,aiddata,AidData,275902.544268,14,2,constant_2023_usd,commitment
MRT::codf,MRT,Mauritania,2020,codf,CODF,,0,0,nominal_usd,loan_commitment
MRT::cla,MRT,Mauritania,2020,cla,CLA,,0,0,nominal_usd,loan_commitment
MRT::cancel,MRT,Mauritania,2020,cancel,Debt cancellation,,0,0,nominal_usd,debt_cancellation
MRT::restruct,MRT,Mauritania,2020,restruct,Debt restructuring,,0,0,nominal_usd,debt_restructuring
MRT::cofi,MRT,Mauritania,2020,cofi,COFI,,0,0,nominal_usd,investment
MRT::cgef,MRT,Mauritania,2020,cgef,CGEF,,0,0,nominal_usd,loan_commitment
MRT::chapo,MRT,Mauritania,2020,chapo,CHAPO,298660.530565,12,2,constant_2021_usd,commitment
MRT::aiddata,MRT,Mauritania,2021,aiddata,AidData,41489577.165642,12,5,constant_2023_usd,commitment
MRT::codf,MRT,Mauritania,2021,codf,CODF,,0,0,nominal_usd,loan_commitment
MRT::cla,MRT,Mauritania,2021,cla,CLA,,0,0,nominal_usd,loan_commitment
MRT::cancel,MRT,Mauritania,2021,cancel,Debt cancellation,,0,0,nominal_usd,debt_cancellation
MRT::restruct,MRT,Mauritania,2021,restruct,Debt restructuring,,0,0,nominal_usd,debt_restructuring
MRT::cofi,MRT,Mauritania,2021,cofi,COFI,,0,0,nominal_usd,investment
MRT::cgef,MRT,Mauritania,2021,cgef,CGEF,,0,0,nominal_usd,loan_commitment
MRT::chapo,MRT,Mauritania,2021,chapo,CHAPO,27540000.0,9,4,constant_2021_usd,commitment
MRT::aiddata,MRT,Mauritania,2022,aiddata,AidData,41126982.552403,12,4,constant_2023_usd,commitment
MRT::codf,MRT,Mauritania,2022,codf,CODF,,0,0,nominal_usd,loan_commitment
MRT::cla,MRT,Mauritania,2022,cla,CLA,,0,0,nominal_usd,loan_commitment
MRT::cancel,MRT,Mauritania,2022,cancel,Debt cancellation,,0,0,nominal_usd,debt_cancellation
MRT::restruct,MRT,Mauritania,2022,restruct,Debt restructuring,,0,0,nominal_usd,debt_restructuring
MRT::cofi,MRT,Mauritania,2022,cofi,COFI,,0,0,nominal_usd,investment
MRT::cgef,MRT,Mauritania,2022,cgef,CGEF,,0,0,nominal_usd,loan_commitment
MRT::chapo,MRT,Mauritania,2022,chapo,CHAPO,,0,0,constant_2021_usd,commitment
MRT::aiddata,MRT,Mauritania,2023,aiddata,AidData,454034.080801,12,2,constant_2023_usd,commitment
MRT::codf,MRT,Mauritania,2023,codf,CODF,,0,0,nominal_usd,loan_commitment
MRT::cla,MRT,Mauritania,2023,cla,CLA,,0,0,nominal_usd,loan_commitment
MRT::cancel,MRT,Mauritania,2023,cancel,Debt cancellation,,0,0,nominal_usd,debt_cancellation
MRT::restruct,MRT,Mauritania,2023,restruct,Debt restructuring,,0,0,nominal_usd,debt_restructuring
MRT::cofi,MRT,Mauritania,2023,cofi,COFI,,0,0,nominal_usd,investment
MRT::cgef,MRT,Mauritania,2023,cgef,CGEF,,0,0,nominal_usd,loan_commitment
MRT::chapo,MRT,Mauritania,2023,chapo,CHAPO,,0,0,constant_2021_usd,commitment
MRT::aiddata,MRT,Mauritania,2024,aiddata,AidData,,0,0,constant_2023_usd,commitment
MRT::codf,MRT,Mauritania,2024,codf,CODF,,0,0,nominal_usd,loan_commitment
MRT::cla,MRT,Mauritania,2024,cla,CLA,,0,0,nominal_usd,loan_commitment
MRT::cancel,MRT,Mauritania,2024,cancel,Debt cancellation,,0,0,nominal_usd,debt_cancellation
MRT::restruct,MRT,Mauritania,2024,restruct,Debt restructuring,,0,0,nominal_usd,debt_restructuring
MRT::cofi,MRT,Mauritania,2024,cofi,COFI,,0,0,nominal_usd,investment
MRT::cgef,MRT,Mauritania,2024,cgef,CGEF,,0,0,nominal_usd,loan_commitment
MRT::chapo,MRT,Mauritania,2024,chapo,CHAPO,,0,0,constant_2021_usd,commitment
MUS::aiddata,MUS,Mauritius,2000,aiddata,AidData,7432254.539329,2,2,constant_2023_usd,commitment
MUS::codf,MUS,Mauritius,2000,codf,CODF,,0,0,nominal_usd,loan_commitment
MUS::cla,MUS,Mauritius,2000,cla,CLA,2420000.0,1,1,nominal_usd,loan_commitment
MUS::cancel,MUS,Mauritius,2000,cancel,Debt cancellation,,0,0,nominal_usd,debt_cancellation
MUS::restruct,MUS,Mauritius,2000,restruct,Debt restructuring,,0,0,nominal_usd,debt_restructuring
MUS::cofi,MUS,Mauritius,2000,cofi,COFI,,0,0,nominal_usd,investment
MUS::cgef,MUS,Mauritius,2000,cgef,CGEF,,0,0,nominal_usd,loan_commitment
MUS::chapo,MUS,Mauritius,2000,chapo,CHAPO,,0,0,constant_2021_usd,commitment
MUS::aiddata,MUS,Mauritius,2001,aiddata,AidData,16560064.474156,2,2,constant_2023_usd,commitment
MUS::codf,MUS,Mauritius,2001,codf,CODF,,0,0,nominal_usd,loan_commitment
MUS::cla,MUS,Mauritius,2001,cla,CLA,4840000.0,2,2,nominal_usd,loan_commitment
MUS::cancel,MUS,Mauritius,2001,cancel,Debt cancellation,,0,0,nominal_usd,debt_cancellation
MUS::restruct,MUS,Mauritius,2001,restruct,Debt restructuring,,0,0,nominal_usd,debt_restructuring
MUS::cofi,MUS,Mauritius,2001,cofi,COFI,,0,0,nominal_usd,investment
MUS::cgef,MUS,Mauritius,2001,cgef,CGEF,,0,0,nominal_usd,loan_commitment
MUS::chapo,MUS,Mauritius,2001,chapo,CHAPO,,0,0,constant_2021_usd,commitment
MUS::aiddata,MUS,Mauritius,2002,aiddata,AidData,43231835.16293,3,3,constant_2023_usd,commitment
MUS::codf,MUS,Mauritius,2002,codf,CODF,,0,0,nominal_usd,loan_commitment
MUS::cla,MUS,Mauritius,2002,cla,CLA,14500000.0,2,2,nominal_usd,loan_commitment
MUS::cancel,MUS,Mauritius,2002,cancel,Debt cancellation,,0,0,nominal_usd,debt_cancellation
MUS::restruct,MUS,Mauritius,2002,restruct,Debt restructuring,,0,0,nominal_usd,debt_restructuring
MUS::cofi,MUS,Mauritius,2002,cofi,COFI,,0,0,nominal_usd,investment
MUS::cgef,MUS,Mauritius,2002,cgef,CGEF,,0,0,nominal_usd,loan_commitment
MUS::chapo,MUS,Mauritius,2002,chapo,CHAPO,,0,0,constant_2021_usd,commitment
MUS::aiddata,MUS,Mauritius,2003,aiddata,AidData,2812288.108156,1,1,constant_2023_usd,commitment
MUS::codf,MUS,Mauritius,2003,codf,CODF,,0,0,nominal_usd,loan_commitment
MUS::cla,MUS,Mauritius,2003,cla,CLA,2420000.0,1,1,nominal_usd,loan_commitment
MUS::cancel,MUS,Mauritius,2003,cancel,Debt cancellation,,0,0,nominal_usd,debt_cancellation
MUS::restruct,MUS,Mauritius,2003,restruct,Debt restructuring,,0,0,nominal_usd,debt_restructuring
MUS::cofi,MUS,Mauritius,2003,cofi,COFI,,0,0,nominal_usd,investment
MUS::cgef,MUS,Mauritius,2003,cgef,CGEF,,0,0,nominal_usd,loan_commitment
MUS::chapo,MUS,Mauritius,2003,chapo,CHAPO,,0,0,constant_2021_usd,commitment
MUS::aiddata,MUS,Mauritius,2004,aiddata,AidData,30063295.514894,6,4,constant_2023_usd,commitment
MUS::codf,MUS,Mauritius,2004,codf,CODF,,0,0,nominal_usd,loan_commitment
MUS::cla,MUS,Mauritius,2004,cla,CLA,7250000.0,2,2,nominal_usd,loan_commitment
MUS::cancel,MUS,Mauritius,2004,cancel,Debt cancellation,,0,0,nominal_usd,debt_cancellation
MUS::restruct,MUS,Mauritius,2004,restruct,Debt restructuring,,0,0,nominal_usd,debt_restructuring
MUS::cofi,MUS,Mauritius,2004,cofi,COFI,,0,0,nominal_usd,investment
MUS::cgef,MUS,Mauritius,2004,cgef,CGEF,,0,0,nominal_usd,loan_commitment
MUS::chapo,MUS,Mauritius,2004,chapo,CHAPO,,0,0,constant_2021_usd,commitment
MUS::aiddata,MUS,Mauritius,2005,aiddata,AidData,13565693.356424,5,4,constant_2023_usd,commitment
MUS::codf,MUS,Mauritius,2005,codf,CODF,,0,0,nominal_usd,loan_commitment
MUS::cla,MUS,Mauritius,2005,cla,CLA,7320000.0,2,2,nominal_usd,loan_commitment
MUS::cancel,MUS,Mauritius,2005,cancel,Debt cancellation,,0,0,nominal_usd,debt_cancellation
MUS::restruct,MUS,Mauritius,2005,restruct,Debt restructuring,,0,0,nominal_usd,debt_restructuring
MUS::cofi,MUS,Mauritius,2005,cofi,COFI,,0,0,nominal_usd,investment
MUS::cgef,MUS,Mauritius,2005,cgef,CGEF,,0,0,nominal_usd,loan_commitment
MUS::chapo,MUS,Mauritius,2005,chapo,CHAPO,,0,0,constant_2021_usd,commitment
MUS::aiddata,MUS,Mauritius,2006,aiddata,AidData,42225639.808092,5,5,constant_2023_usd,commitment
MUS::codf,MUS,Mauritius,2006,codf,CODF,,0,0,nominal_usd,loan_commitment
MUS::cla,MUS,Mauritius,2006,cla,CLA,20080000.0,3,3,nominal_usd,loan_commitment
MUS::cancel,MUS,Mauritius,2006,cancel,Debt cancellation,,0,0,nominal_usd,debt_cancellation
MUS::restruct,MUS,Mauritius,2006,restruct,Debt restructuring,,0,0,nominal_usd,debt_restructuring
MUS::cofi,MUS,Mauritius,2006,cofi,COFI,,0,0,nominal_usd,investment
MUS::cgef,MUS,Mauritius,2006,cgef,CGEF,,0,0,nominal_usd,loan_commitment
MUS::chapo,MUS,Mauritius,2006,chapo,CHAPO,,0,0,constant_2021_usd,commitment
MUS::aiddata,MUS,Mauritius,2007,aiddata,AidData,65534472.126579,2,1,constant_2023_usd,commitment
MUS::codf,MUS,Mauritius,2007,codf,CODF,,0,0,nominal_usd,loan_commitment
MUS::cla,MUS,Mauritius,2007,cla,CLA,2630000.0,1,1,nominal_usd,loan_commitment
MUS::cancel,MUS,Mauritius,2007,cancel,Debt cancellation,,0,0,nominal_usd,debt_cancellation
MUS::restruct,MUS,Mauritius,2007,restruct,Debt restructuring,,0,0,nominal_usd,debt_restructuring
MUS::cofi,MUS,Mauritius,2007,cofi,COFI,,0,0,nominal_usd,investment
MUS::cgef,MUS,Mauritius,2007,cgef,CGEF,,0,0,nominal_usd,loan_commitment
MUS::chapo,MUS,Mauritius,2007,chapo,CHAPO,,1,0,constant_2021_usd,commitment
MUS::aiddata,MUS,Mauritius,2008,aiddata,AidData,16171543.002987,5,3,constant_2023_usd,commitment
MUS::codf,MUS,Mauritius,2008,codf,CODF,,0,0,nominal_usd,loan_commitment
MUS::cla,MUS,Mauritius,2008,cla,CLA,4320000.0,1,1,nominal_usd,loan_commitment
MUS::cancel,MUS,Mauritius,2008,cancel,Debt cancellation,,0,0,nominal_usd,debt_cancellation
MUS::restruct,MUS,Mauritius,2008,restruct,Debt restructuring,,0,0,nominal_usd,debt_restructuring
MUS::cofi,MUS,Mauritius,2008,cofi,COFI,,0,0,nominal_usd,investment
MUS::cgef,MUS,Mauritius,2008,cgef,CGEF,,0,0,nominal_usd,loan_commitment
MUS::chapo,MUS,Mauritius,2008,chapo,CHAPO,15203939.960829,2,2,constant_2021_usd,commitment
MUS::aiddata,MUS,Mauritius,2009,aiddata,AidData,465426214.659892,9,5,constant_2023_usd,commitment
MUS::codf,MUS,Mauritius,2009,codf,CODF,330280000.0,2,2,nominal_usd,loan_commitment
MUS::cla,MUS,Mauritius,2009,cla,CLA,350900000.0,5,5,nominal_usd,loan_commitment
MUS::cancel,MUS,Mauritius,2009,cancel,Debt cancellation,,0,0,nominal_usd,debt_cancellation
MUS::restruct,MUS,Mauritius,2009,restruct,Debt restructuring,,0,0,nominal_usd,debt_restructuring
MUS::cofi,MUS,Mauritius,2009,cofi,COFI,,0,0,nominal_usd,investment
MUS::cgef,MUS,Mauritius,2009,cgef,CGEF,,0,0,nominal_usd,loan_commitment
MUS::chapo,MUS,Mauritius,2009,chapo,CHAPO,7827199.613587,2,2,constant_2021_usd,commitment
MUS::aiddata,MUS,Mauritius,2010,aiddata,AidData,3255.461739,3,1,constant_2023_usd,commitment
MUS::codf,MUS,Mauritius,2010,codf,CODF,,0,0,nominal_usd,loan_commitment
MUS::cla,MUS,Mauritius,2010,cla,CLA,5910000.0,1,1,nominal_usd,loan_commitment
MUS::cancel,MUS,Mauritius,2010,cancel,Debt cancellation,,0,0,nominal_usd,debt_cancellation
MUS::restruct,MUS,Mauritius,2010,restruct,Debt restructuring,,0,0,nominal_usd,debt_restructuring
MUS::cofi,MUS,Mauritius,2010,cofi,COFI,,0,0,nominal_usd,investment
MUS::cgef,MUS,Mauritius,2010,cgef,CGEF,,0,0,nominal_usd,loan_commitment
MUS::chapo,MUS,Mauritius,2010,chapo,CHAPO,,0,0,constant_2021_usd,commitment
MUS::aiddata,MUS,Mauritius,2011,aiddata,AidData,6592660.938018,1,1,constant_2023_usd,commitment
MUS::codf,MUS,Mauritius,2011,codf,CODF,89780000.0,1,1,nominal_usd,loan_commitment
MUS::cla,MUS,Mauritius,2011,cla,CLA,98590000.0,3,3,nominal_usd,loan_commitment
MUS::cancel,MUS,Mauritius,2011,cancel,Debt cancellation,,0,0,nominal_usd,debt_cancellation
MUS::restruct,MUS,Mauritius,2011,restruct,Debt restructuring,,0,0,nominal_usd,debt_restructuring
MUS::cofi,MUS,Mauritius,2011,cofi,COFI,,0,0,nominal_usd,investment
MUS::cgef,MUS,Mauritius,2011,cgef,CGEF,5800000.0,1,1,nominal_usd,loan_commitment
MUS::chapo,MUS,Mauritius,2011,chapo,CHAPO,,0,0,constant_2021_usd,commitment
MUS::aiddata,MUS,Mauritius,2012,aiddata,AidData,126334220.845912,9,9,constant_2023_usd,commitment
MUS::codf,MUS,Mauritius,2012,codf,CODF,,0,0,nominal_usd,loan_commitment
MUS::cla,MUS,Mauritius,2012,cla,CLA,,0,0,nominal_usd,loan_commitment
MUS::cancel,MUS,Mauritius,2012,cancel,Debt cancellation,,0,0,nominal_usd,debt_cancellation
MUS::restruct,MUS,Mauritius,2012,restruct,Debt restructuring,,0,0,nominal_usd,debt_restructuring
MUS::cofi,MUS,Mauritius,2012,cofi,COFI,,0,0,nominal_usd,investment
MUS::cgef,MUS,Mauritius,2012,cgef,CGEF,,0,0,nominal_usd,loan_commitment
MUS::chapo,MUS,Mauritius,2012,chapo,CHAPO,,0,0,constant_2021_usd,commitment
MUS::aiddata,MUS,Mauritius,2013,aiddata,AidData,8584635.639221,2,2,constant_2023_usd,commitment
MUS::codf,MUS,Mauritius,2013,codf,CODF,,0,0,nominal_usd,loan_commitment
MUS::cla,MUS,Mauritius,2013,cla,CLA,8070000.0,1,1,nominal_usd,loan_commitment
MUS::cancel,MUS,Mauritius,2013,cancel,Debt cancellation,,0,0,nominal_usd,debt_cancellation
MUS::restruct,MUS,Mauritius,2013,restruct,Debt restructuring,,0,0,nominal_usd,debt_restructuring
MUS::cofi,MUS,Mauritius,2013,cofi,COFI,,0,0,nominal_usd,investment
MUS::cgef,MUS,Mauritius,2013,cgef,CGEF,,0,0,nominal_usd,loan_commitment
MUS::chapo,MUS,Mauritius,2013,chapo,CHAPO,,0,0,constant_2021_usd,commitment
MUS::aiddata,MUS,Mauritius,2014,aiddata,AidData,37651778.911456,5,3,constant_2023_usd,commitment
MUS::codf,MUS,Mauritius,2014,codf,CODF,,0,0,nominal_usd,loan_commitment
MUS::cla,MUS,Mauritius,2014,cla,CLA,16550000.0,2,2,nominal_usd,loan_commitment
MUS::cancel,MUS,Mauritius,2014,cancel,Debt cancellation,,0,0,nominal_usd,debt_cancellation
MUS::restruct,MUS,Mauritius,2014,restruct,Debt restructuring,,0,0,nominal_usd,debt_restructuring
MUS::cofi,MUS,Mauritius,2014,cofi,COFI,,0,0,nominal_usd,investment
MUS::cgef,MUS,Mauritius,2014,cgef,CGEF,,0,0,nominal_usd,loan_commitment
MUS::chapo,MUS,Mauritius,2014,chapo,CHAPO,,0,0,constant_2021_usd,commitment
MUS::aiddata,MUS,Mauritius,2015,aiddata,AidData,8322503.383157,2,1,constant_2023_usd,commitment
MUS::codf,MUS,Mauritius,2015,codf,CODF,,0,0,nominal_usd,loan_commitment
MUS::cla,MUS,Mauritius,2015,cla,CLA,7130000.0,1,1,nominal_usd,loan_commitment
MUS::cancel,MUS,Mauritius,2015,cancel,Debt cancellation,,0,0,nominal_usd,debt_cancellation
MUS::restruct,MUS,Mauritius,2015,restruct,Debt restructuring,,0,0,nominal_usd,debt_restructuring
MUS::cofi,MUS,Mauritius,2015,cofi,COFI,,0,0,nominal_usd,investment
MUS::cgef,MUS,Mauritius,2015,cgef,CGEF,,0,0,nominal_usd,loan_commitment
MUS::chapo,MUS,Mauritius,2015,chapo,CHAPO,,0,0,constant_2021_usd,commitment
MUS::aiddata,MUS,Mauritius,2016,aiddata,AidData,137435576.559593,15,8,constant_2023_usd,commitment
MUS::codf,MUS,Mauritius,2016,codf,CODF,,0,0,nominal_usd,loan_commitment
MUS::cla,MUS,Mauritius,2016,cla,CLA,14560000.0,2,2,nominal_usd,loan_commitment
MUS::cancel,MUS,Mauritius,2016,cancel,Debt cancellation,,0,0,nominal_usd,debt_cancellation
MUS::restruct,MUS,Mauritius,2016,restruct,Debt restructuring,,0,0,nominal_usd,debt_restructuring
MUS::cofi,MUS,Mauritius,2016,cofi,COFI,,0,0,nominal_usd,investment
MUS::cgef,MUS,Mauritius,2016,cgef,CGEF,,0,0,nominal_usd,loan_commitment
MUS::chapo,MUS,Mauritius,2016,chapo,CHAPO,,0,0,constant_2021_usd,commitment
MUS::aiddata,MUS,Mauritius,2017,aiddata,AidData,85816498.943739,11,3,constant_2023_usd,commitment
MUS::codf,MUS,Mauritius,2017,codf,CODF,,0,0,nominal_usd,loan_commitment
MUS::cla,MUS,Mauritius,2017,cla,CLA,17750000.0,1,1,nominal_usd,loan_commitment
MUS::cancel,MUS,Mauritius,2017,cancel,Debt cancellation,,0,0,nominal_usd,debt_cancellation
MUS::restruct,MUS,Mauritius,2017,restruct,Debt restructuring,,0,0,nominal_usd,debt_restructuring
MUS::cofi,MUS,Mauritius,2017,cofi,COFI,,0,0,nominal_usd,investment
MUS::cgef,MUS,Mauritius,2017,cgef,CGEF,,0,0,nominal_usd,loan_commitment
MUS::chapo,MUS,Mauritius,2017,chapo,CHAPO,,0,0,constant_2021_usd,commitment
MUS::aiddata,MUS,Mauritius,2018,aiddata,AidData,124003013.385199,22,15,constant_2023_usd,commitment
MUS::codf,MUS,Mauritius,2018,codf,CODF,52280000.0,1,1,nominal_usd,loan_commitment
MUS::cla,MUS,Mauritius,2018,cla,CLA,52330000.0,1,1,nominal_usd,loan_commitment
MUS::cancel,MUS,Mauritius,2018,cancel,Debt cancellation,,0,0,nominal_usd,debt_cancellation
MUS::restruct,MUS,Mauritius,2018,restruct,Debt restructuring,,0,0,nominal_usd,debt_restructuring
MUS::cofi,MUS,Mauritius,2018,cofi,COFI,,0,0,nominal_usd,investment
MUS::cgef,MUS,Mauritius,2018,cgef,CGEF,,0,0,nominal_usd,loan_commitment
MUS::chapo,MUS,Mauritius,2018,chapo,CHAPO,,0,0,constant_2021_usd,commitment
MUS::aiddata,MUS,Mauritius,2019,aiddata,AidData,49915567.530742,15,10,constant_2023_usd,commitment
MUS::codf,MUS,Mauritius,2019,codf,CODF,,0,0,nominal_usd,loan_commitment
MUS::cla,MUS,Mauritius,2019,cla,CLA,,0,0,nominal_usd,loan_commitment
MUS::cancel,MUS,Mauritius,2019,cancel,Debt cancellation,,0,0,nominal_usd,debt_cancellation
MUS::restruct,MUS,Mauritius,2019,restruct,Debt restructuring,,0,0,nominal_usd,debt_restructuring
MUS::cofi,MUS,Mauritius,2019,cofi,COFI,,0,0,nominal_usd,investment
MUS::cgef,MUS,Mauritius,2019,cgef,CGEF,,0,0,nominal_usd,loan_commitment
MUS::chapo,MUS,Mauritius,2019,chapo,CHAPO,,1,0,constant_2021_usd,commitment
MUS::aiddata,MUS,Mauritius,2020,aiddata,AidData,,6,0,constant_2023_usd,commitment
MUS::codf,MUS,Mauritius,2020,codf,CODF,,0,0,nominal_usd,loan_commitment
MUS::cla,MUS,Mauritius,2020,cla,CLA,,0,0,nominal_usd,loan_commitment
MUS::cancel,MUS,Mauritius,2020,cancel,Debt cancellation,,0,0,nominal_usd,debt_cancellation
MUS::restruct,MUS,Mauritius,2020,restruct,Debt restructuring,,0,0,nominal_usd,debt_restructuring
MUS::cofi,MUS,Mauritius,2020,cofi,COFI,,0,0,nominal_usd,investment
MUS::cgef,MUS,Mauritius,2020,cgef,CGEF,,0,0,nominal_usd,loan_commitment
MUS::chapo,MUS,Mauritius,2020,chapo,CHAPO,,3,0,constant_2021_usd,commitment
MUS::aiddata,MUS,Mauritius,2021,aiddata,AidData,50196749.078141,7,5,constant_2023_usd,commitment
MUS::codf,MUS,Mauritius,2021,codf,CODF,,0,0,nominal_usd,loan_commitment
MUS::cla,MUS,Mauritius,2021,cla,CLA,,0,0,nominal_usd,loan_commitment
MUS::cancel,MUS,Mauritius,2021,cancel,Debt cancellation,,0,0,nominal_usd,debt_cancellation
MUS::restruct,MUS,Mauritius,2021,restruct,Debt restructuring,,0,0,nominal_usd,debt_restructuring
MUS::cofi,MUS,Mauritius,2021,cofi,COFI,,0,0,nominal_usd,investment
MUS::cgef,MUS,Mauritius,2021,cgef,CGEF,,0,0,nominal_usd,loan_commitment
MUS::chapo,MUS,Mauritius,2021,chapo,CHAPO,1800000.0,1,1,constant_2021_usd,commitment
MUS::aiddata,MUS,Mauritius,2022,aiddata,AidData,18898382.627642,8,1,constant_2023_usd,commitment
MUS::codf,MUS,Mauritius,2022,codf,CODF,,0,0,nominal_usd,loan_commitment
MUS::cla,MUS,Mauritius,2022,cla,CLA,,0,0,nominal_usd,loan_commitment
MUS::cancel,MUS,Mauritius,2022,cancel,Debt cancellation,,0,0,nominal_usd,debt_cancellation
MUS::restruct,MUS,Mauritius,2022,restruct,Debt restructuring,,0,0,nominal_usd,debt_restructuring
MUS::cofi,MUS,Mauritius,2022,cofi,COFI,,0,0,nominal_usd,investment
MUS::cgef,MUS,Mauritius,2022,cgef,CGEF,,0,0,nominal_usd,loan_commitment
MUS::chapo,MUS,Mauritius,2022,chapo,CHAPO,,0,0,constant_2021_usd,commitment
MUS::aiddata,MUS,Mauritius,2023,aiddata,AidData,,2,0,constant_2023_usd,commitment
MUS::codf,MUS,Mauritius,2023,codf,CODF,,0,0,nominal_usd,loan_commitment
MUS::cla,MUS,Mauritius,2023,cla,CLA,,0,0,nominal_usd,loan_commitment
MUS::cancel,MUS,Mauritius,2023,cancel,Debt cancellation,,0,0,nominal_usd,debt_cancellation
MUS::restruct,MUS,Mauritius,2023,restruct,Debt restructuring,,0,0,nominal_usd,debt_restructuring
MUS::cofi,MUS,Mauritius,2023,cofi,COFI,,0,0,nominal_usd,investment
MUS::cgef,MUS,Mauritius,2023,cgef,CGEF,,0,0,nominal_usd,loan_commitment
MUS::chapo,MUS,Mauritius,2023,chapo,CHAPO,,0,0,constant_2021_usd,commitment
MUS::aiddata,MUS,Mauritius,2024,aiddata,AidData,,0,0,constant_2023_usd,commitment
MUS::codf,MUS,Mauritius,2024,codf,CODF,,0,0,nominal_usd,loan_commitment
MUS::cla,MUS,Mauritius,2024,cla,CLA,,0,0,nominal_usd,loan_commitment
MUS::cancel,MUS,Mauritius,2024,cancel,Debt cancellation,,0,0,nominal_usd,debt_cancellation
MUS::restruct,MUS,Mauritius,2024,restruct,Debt restructuring,,0,0,nominal_usd,debt_restructuring
MUS::cofi,MUS,Mauritius,2024,cofi,COFI,,0,0,nominal_usd,investment
MUS::cgef,MUS,Mauritius,2024,cgef,CGEF,,0,0,nominal_usd,loan_commitment
MUS::chapo,MUS,Mauritius,2024,chapo,CHAPO,,0,0,constant_2021_usd,commitment
MWI::aiddata,MWI,Malawi,2000,aiddata,AidData,,0,0,constant_2023_usd,commitment
MWI::codf,MWI,Malawi,2000,codf,CODF,,0,0,nominal_usd,loan_commitment
MWI::cla,MWI,Malawi,2000,cla,CLA,,0,0,nominal_usd,loan_commitment
MWI::cancel,MWI,Malawi,2000,cancel,Debt cancellation,,0,0,nominal_usd,debt_cancellation
MWI::restruct,MWI,Malawi,2000,restruct,Debt restructuring,,0,0,nominal_usd,debt_restructuring
MWI::cofi,MWI,Malawi,2000,cofi,COFI,,0,0,nominal_usd,investment
MWI::cgef,MWI,Malawi,2000,cgef,CGEF,,0,0,nominal_usd,loan_commitment
MWI::chapo,MWI,Malawi,2000,chapo,CHAPO,,0,0,constant_2021_usd,commitment
MWI::aiddata,MWI,Malawi,2001,aiddata,AidData,,0,0,constant_2023_usd,commitment
MWI::codf,MWI,Malawi,2001,codf,CODF,,0,0,nominal_usd,loan_commitment
MWI::cla,MWI,Malawi,2001,cla,CLA,,0,0,nominal_usd,loan_commitment
MWI::cancel,MWI,Malawi,2001,cancel,Debt cancellation,,0,0,nominal_usd,debt_cancellation
MWI::restruct,MWI,Malawi,2001,restruct,Debt restructuring,,0,0,nominal_usd,debt_restructuring
MWI::cofi,MWI,Malawi,2001,cofi,COFI,,0,0,nominal_usd,investment
MWI::cgef,MWI,Malawi,2001,cgef,CGEF,,0,0,nominal_usd,loan_commitment
MWI::chapo,MWI,Malawi,2001,chapo,CHAPO,,0,0,constant_2021_usd,commitment
MWI::aiddata,MWI,Malawi,2002,aiddata,AidData,,0,0,constant_2023_usd,commitment
MWI::codf,MWI,Malawi,2002,codf,CODF,,0,0,nominal_usd,loan_commitment
MWI::cla,MWI,Malawi,2002,cla,CLA,,0,0,nominal_usd,loan_commitment
MWI::cancel,MWI,Malawi,2002,cancel,Debt cancellation,,0,0,nominal_usd,debt_cancellation
MWI::restruct,MWI,Malawi,2002,restruct,Debt restructuring,,0,0,nominal_usd,debt_restructuring
MWI::cofi,MWI,Malawi,2002,cofi,COFI,,0,0,nominal_usd,investment
MWI::cgef,MWI,Malawi,2002,cgef,CGEF,,0,0,nominal_usd,loan_commitment
MWI::chapo,MWI,Malawi,2002,chapo,CHAPO,,0,0,constant_2021_usd,commitment
MWI::aiddata,MWI,Malawi,2003,aiddata,AidData,,0,0,constant_2023_usd,commitment
MWI::codf,MWI,Malawi,2003,codf,CODF,,0,0,nominal_usd,loan_commitment
MWI::cla,MWI,Malawi,2003,cla,CLA,,0,0,nominal_usd,loan_commitment
MWI::cancel,MWI,Malawi,2003,cancel,Debt cancellation,,0,0,nominal_usd,debt_cancellation
MWI::restruct,MWI,Malawi,2003,restruct,Debt restructuring,,0,0,nominal_usd,debt_restructuring
MWI::cofi,MWI,Malawi,2003,cofi,COFI,,0,0,nominal_usd,investment
MWI::cgef,MWI,Malawi,2003,cgef,CGEF,,0,0,nominal_usd,loan_commitment
MWI::chapo,MWI,Malawi,2003,chapo,CHAPO,,0,0,constant_2021_usd,commitment
MWI::aiddata,MWI,Malawi,2004,aiddata,AidData,,0,0,constant_2023_usd,commitment
MWI::codf,MWI,Malawi,2004,codf,CODF,,0,0,nominal_usd,loan_commitment
MWI::cla,MWI,Malawi,2004,cla,CLA,,0,0,nominal_usd,loan_commitment
MWI::cancel,MWI,Malawi,2004,cancel,Debt cancellation,,0,0,nominal_usd,debt_cancellation
MWI::restruct,MWI,Malawi,2004,restruct,Debt restructuring,,0,0,nominal_usd,debt_restructuring
MWI::cofi,MWI,Malawi,2004,cofi,COFI,,0,0,nominal_usd,investment
MWI::cgef,MWI,Malawi,2004,cgef,CGEF,,0,0,nominal_usd,loan_commitment
MWI::chapo,MWI,Malawi,2004,chapo,CHAPO,,0,0,constant_2021_usd,commitment
MWI::aiddata,MWI,Malawi,2005,aiddata,AidData,,0,0,constant_2023_usd,commitment
MWI::codf,MWI,Malawi,2005,codf,CODF,,0,0,nominal_usd,loan_commitment
MWI::cla,MWI,Malawi,2005,cla,CLA,,0,0,nominal_usd,loan_commitment
MWI::cancel,MWI,Malawi,2005,cancel,Debt cancellation,,0,0,nominal_usd,debt_cancellation
MWI::restruct,MWI,Malawi,2005,restruct,Debt restructuring,,0,0,nominal_usd,debt_restructuring
MWI::cofi,MWI,Malawi,2005,cofi,COFI,,0,0,nominal_usd,investment
MWI::cgef,MWI,Malawi,2005,cgef,CGEF,,0,0,nominal_usd,loan_commitment
MWI::chapo,MWI,Malawi,2005,chapo,CHAPO,,0,0,constant_2021_usd,commitment
MWI::aiddata,MWI,Malawi,2006,aiddata,AidData,,0,0,constant_2023_usd,commitment
MWI::codf,MWI,Malawi,2006,codf,CODF,,0,0,nominal_usd,loan_commitment
MWI::cla,MWI,Malawi,2006,cla,CLA,,0,0,nominal_usd,loan_commitment
MWI::cancel,MWI,Malawi,2006,cancel,Debt cancellation,,0,0,nominal_usd,debt_cancellation
MWI::restruct,MWI,Malawi,2006,restruct,Debt restructuring,,0,0,nominal_usd,debt_restructuring
MWI::cofi,MWI,Malawi,2006,cofi,COFI,,0,0,nominal_usd,investment
MWI::cgef,MWI,Malawi,2006,cgef,CGEF,,0,0,nominal_usd,loan_commitment
MWI::chapo,MWI,Malawi,2006,chapo,CHAPO,,0,0,constant_2021_usd,commitment
MWI::aiddata,MWI,Malawi,2007,aiddata,AidData,83078226.711818,1,1,constant_2023_usd,commitment
MWI::codf,MWI,Malawi,2007,codf,CODF,,0,0,nominal_usd,loan_commitment
MWI::cla,MWI,Malawi,2007,cla,CLA,,0,0,nominal_usd,loan_commitment
MWI::cancel,MWI,Malawi,2007,cancel,Debt cancellation,,0,0,nominal_usd,debt_cancellation
MWI::restruct,MWI,Malawi,2007,restruct,Debt restructuring,,0,0,nominal_usd,debt_restructuring
MWI::cofi,MWI,Malawi,2007,cofi,COFI,,0,0,nominal_usd,investment
MWI::cgef,MWI,Malawi,2007,cgef,CGEF,,0,0,nominal_usd,loan_commitment
MWI::chapo,MWI,Malawi,2007,chapo,CHAPO,,0,0,constant_2021_usd,commitment
MWI::aiddata,MWI,Malawi,2008,aiddata,AidData,114094243.137685,9,3,constant_2023_usd,commitment
MWI::codf,MWI,Malawi,2008,codf,CODF,,0,0,nominal_usd,loan_commitment
MWI::cla,MWI,Malawi,2008,cla,CLA,,0,0,nominal_usd,loan_commitment
MWI::cancel,MWI,Malawi,2008,cancel,Debt cancellation,,0,0,nominal_usd,debt_cancellation
MWI::restruct,MWI,Malawi,2008,restruct,Debt restructuring,,0,0,nominal_usd,debt_restructuring
MWI::cofi,MWI,Malawi,2008,cofi,COFI,,0,0,nominal_usd,investment
MWI::cgef,MWI,Malawi,2008,cgef,CGEF,,0,0,nominal_usd,loan_commitment
MWI::chapo,MWI,Malawi,2008,chapo,CHAPO,,1,0,constant_2021_usd,commitment
MWI::aiddata,MWI,Malawi,2009,aiddata,AidData,131821772.975193,12,5,constant_2023_usd,commitment
MWI::codf,MWI,Malawi,2009,codf,CODF,92240000.0,1,1,nominal_usd,loan_commitment
MWI::cla,MWI,Malawi,2009,cla,CLA,92230000.0,1,1,nominal_usd,loan_commitment
MWI::cancel,MWI,Malawi,2009,cancel,Debt cancellation,,0,0,nominal_usd,debt_cancellation
MWI::restruct,MWI,Malawi,2009,restruct,Debt restructuring,,0,0,nominal_usd,debt_restructuring
MWI::cofi,MWI,Malawi,2009,cofi,COFI,,0,0,nominal_usd,investment
MWI::cgef,MWI,Malawi,2009,cgef,CGEF,,0,0,nominal_usd,loan_commitment
MWI::chapo,MWI,Malawi,2009,chapo,CHAPO,,1,0,constant_2021_usd,commitment
MWI::aiddata,MWI,Malawi,2010,aiddata,AidData,1359105.100243,11,2,constant_2023_usd,commitment
MWI::codf,MWI,Malawi,2010,codf,CODF,,0,0,nominal_usd,loan_commitment
MWI::cla,MWI,Malawi,2010,cla,CLA,660000.0,1,1,nominal_usd,loan_commitment
MWI::cancel,MWI,Malawi,2010,cancel,Debt cancellation,,0,0,nominal_usd,debt_cancellation
MWI::restruct,MWI,Malawi,2010,restruct,Debt restructuring,,0,0,nominal_usd,debt_restructuring
MWI::cofi,MWI,Malawi,2010,cofi,COFI,,0,0,nominal_usd,investment
MWI::cgef,MWI,Malawi,2010,cgef,CGEF,,0,0,nominal_usd,loan_commitment
MWI::chapo,MWI,Malawi,2010,chapo,CHAPO,,1,0,constant_2021_usd,commitment
MWI::aiddata,MWI,Malawi,2011,aiddata,AidData,94980517.164323,12,5,constant_2023_usd,commitment
MWI::codf,MWI,Malawi,2011,codf,CODF,80000000.0,1,1,nominal_usd,loan_commitment
MWI::cla,MWI,Malawi,2011,cla,CLA,80000000.0,1,1,nominal_usd,loan_commitment
MWI::cancel,MWI,Malawi,2011,cancel,Debt cancellation,,0,0,nominal_usd,debt_cancellation
MWI::restruct,MWI,Malawi,2011,restruct,Debt restructuring,,0,0,nominal_usd,debt_restructuring
MWI::cofi,MWI,Malawi,2011,cofi,COFI,,0,0,nominal_usd,investment
MWI::cgef,MWI,Malawi,2011,cgef,CGEF,,0,0,nominal_usd,loan_commitment
MWI::chapo,MWI,Malawi,2011,chapo,CHAPO,,1,0,constant_2021_usd,commitment
MWI::aiddata,MWI,Malawi,2012,aiddata,AidData,10296269.426873,5,2,constant_2023_usd,commitment
MWI::codf,MWI,Malawi,2012,codf,CODF,70000000.0,1,1,nominal_usd,loan_commitment
MWI::cla,MWI,Malawi,2012,cla,CLA,189600000.0,2,2,nominal_usd,loan_commitment
MWI::cancel,MWI,Malawi,2012,cancel,Debt cancellation,,0,0,nominal_usd,debt_cancellation
MWI::restruct,MWI,Malawi,2012,restruct,Debt restructuring,,0,0,nominal_usd,debt_restructuring
MWI::cofi,MWI,Malawi,2012,cofi,COFI,,0,0,nominal_usd,investment
MWI::cgef,MWI,Malawi,2012,cgef,CGEF,,0,0,nominal_usd,loan_commitment
MWI::chapo,MWI,Malawi,2012,chapo,CHAPO,,0,0,constant_2021_usd,commitment
MWI::aiddata,MWI,Malawi,2013,aiddata,AidData,74731812.757876,6,3,constant_2023_usd,commitment
MWI::codf,MWI,Malawi,2013,codf,CODF,,0,0,nominal_usd,loan_commitment
MWI::cla,MWI,Malawi,2013,cla,CLA,,0,0,nominal_usd,loan_commitment
MWI::cancel,MWI,Malawi,2013,cancel,Debt cancellation,,0,0,nominal_usd,debt_cancellation
MWI::restruct,MWI,Malawi,2013,restruct,Debt restructuring,,0,0,nominal_usd,debt_restructuring
MWI::cofi,MWI,Malawi,2013,cofi,COFI,,0,0,nominal_usd,investment
MWI::cgef,MWI,Malawi,2013,cgef,CGEF,,0,0,nominal_usd,loan_commitment
MWI::chapo,MWI,Malawi,2013,chapo,CHAPO,92853.285463,3,1,constant_2021_usd,commitment
MWI::aiddata,MWI,Malawi,2014,aiddata,AidData,18634656.571043,9,4,constant_2023_usd,commitment
MWI::codf,MWI,Malawi,2014,codf,CODF,,0,0,nominal_usd,loan_commitment
MWI::cla,MWI,Malawi,2014,cla,CLA,,0,0,nominal_usd,loan_commitment
MWI::cancel,MWI,Malawi,2014,cancel,Debt cancellation,,0,0,nominal_usd,debt_cancellation
MWI::restruct,MWI,Malawi,2014,restruct,Debt restructuring,,0,0,nominal_usd,debt_restructuring
MWI::cofi,MWI,Malawi,2014,cofi,COFI,,0,0,nominal_usd,investment
MWI::cgef,MWI,Malawi,2014,cgef,CGEF,,0,0,nominal_usd,loan_commitment
MWI::chapo,MWI,Malawi,2014,chapo,CHAPO,393674.994113,1,1,constant_2021_usd,commitment
MWI::aiddata,MWI,Malawi,2015,aiddata,AidData,71225568.828304,19,12,constant_2023_usd,commitment
MWI::codf,MWI,Malawi,2015,codf,CODF,,0,0,nominal_usd,loan_commitment
MWI::cla,MWI,Malawi,2015,cla,CLA,8000000.0,1,1,nominal_usd,loan_commitment
MWI::cancel,MWI,Malawi,2015,cancel,Debt cancellation,,0,0,nominal_usd,debt_cancellation
MWI::restruct,MWI,Malawi,2015,restruct,Debt restructuring,,0,0,nominal_usd,debt_restructuring
MWI::cofi,MWI,Malawi,2015,cofi,COFI,,0,0,nominal_usd,investment
MWI::cgef,MWI,Malawi,2015,cgef,CGEF,,0,0,nominal_usd,loan_commitment
MWI::chapo,MWI,Malawi,2015,chapo,CHAPO,25812338.100316,3,1,constant_2021_usd,commitment
MWI::aiddata,MWI,Malawi,2016,aiddata,AidData,69335711.888705,29,14,constant_2023_usd,commitment
MWI::codf,MWI,Malawi,2016,codf,CODF,,0,0,nominal_usd,loan_commitment
MWI::cla,MWI,Malawi,2016,cla,CLA,23000000.0,1,1,nominal_usd,loan_commitment
MWI::cancel,MWI,Malawi,2016,cancel,Debt cancellation,,0,0,nominal_usd,debt_cancellation
MWI::restruct,MWI,Malawi,2016,restruct,Debt restructuring,,0,0,nominal_usd,debt_restructuring
MWI::cofi,MWI,Malawi,2016,cofi,COFI,,0,0,nominal_usd,investment
MWI::cgef,MWI,Malawi,2016,cgef,CGEF,,0,0,nominal_usd,loan_commitment
MWI::chapo,MWI,Malawi,2016,chapo,CHAPO,57940.686126,1,1,constant_2021_usd,commitment
MWI::aiddata,MWI,Malawi,2017,aiddata,AidData,21628228.973236,25,7,constant_2023_usd,commitment
MWI::codf,MWI,Malawi,2017,codf,CODF,,0,0,nominal_usd,loan_commitment
MWI::cla,MWI,Malawi,2017,cla,CLA,,0,0,nominal_usd,loan_commitment
MWI::cancel,MWI,Malawi,2017,cancel,Debt cancellation,,0,0,nominal_usd,debt_cancellation
MWI::restruct,MWI,Malawi,2017,restruct,Debt restructuring,,0,0,nominal_usd,debt_restructuring
MWI::cofi,MWI,Malawi,2017,cofi,COFI,,0,0,nominal_usd,investment
MWI::cgef,MWI,Malawi,2017,cgef,CGEF,,0,0,nominal_usd,loan_commitment
MWI::chapo,MWI,Malawi,2017,chapo,CHAPO,92141.936425,5,1,constant_2021_usd,commitment
MWI::aiddata,MWI,Malawi,2018,aiddata,AidData,68738829.981049,17,7,constant_2023_usd,commitment
MWI::codf,MWI,Malawi,2018,codf,CODF,,0,0,nominal_usd,loan_commitment
MWI::cla,MWI,Malawi,2018,cla,CLA,,0,0,nominal_usd,loan_commitment
MWI::cancel,MWI,Malawi,2018,cancel,Debt cancellation,,0,0,nominal_usd,debt_cancellation
MWI::restruct,MWI,Malawi,2018,restruct,Debt restructuring,,0,0,nominal_usd,debt_restructuring
MWI::cofi,MWI,Malawi,2018,cofi,COFI,667000000.0,1,1,nominal_usd,investment
MWI::cgef,MWI,Malawi,2018,cgef,CGEF,,0,0,nominal_usd,loan_commitment
MWI::chapo,MWI,Malawi,2018,chapo,CHAPO,193694.191269,2,1,constant_2021_usd,commitment
MWI::aiddata,MWI,Malawi,2019,aiddata,AidData,63639567.427999,11,5,constant_2023_usd,commitment
MWI::codf,MWI,Malawi,2019,codf,CODF,,0,0,nominal_usd,loan_commitment
MWI::cla,MWI,Malawi,2019,cla,CLA,56910000.0,1,1,nominal_usd,loan_commitment
MWI::cancel,MWI,Malawi,2019,cancel,Debt cancellation,,0,0,nominal_usd,debt_cancellation
MWI::restruct,MWI,Malawi,2019,restruct,Debt restructuring,,0,0,nominal_usd,debt_restructuring
MWI::cofi,MWI,Malawi,2019,cofi,COFI,,0,0,nominal_usd,investment
MWI::cgef,MWI,Malawi,2019,cgef,CGEF,,0,0,nominal_usd,loan_commitment
MWI::chapo,MWI,Malawi,2019,chapo,CHAPO,114534.010784,2,1,constant_2021_usd,commitment
MWI::aiddata,MWI,Malawi,2020,aiddata,AidData,168070586.74938,13,8,constant_2023_usd,commitment
MWI::codf,MWI,Malawi,2020,codf,CODF,100430000.0,1,1,nominal_usd,loan_commitment
MWI::cla,MWI,Malawi,2020,cla,CLA,100420000.0,1,1,nominal_usd,loan_commitment
MWI::cancel,MWI,Malawi,2020,cancel,Debt cancellation,,0,0,nominal_usd,debt_cancellation
MWI::restruct,MWI,Malawi,2020,restruct,Debt restructuring,,0,0,nominal_usd,debt_restructuring
MWI::cofi,MWI,Malawi,2020,cofi,COFI,,0,0,nominal_usd,investment
MWI::cgef,MWI,Malawi,2020,cgef,CGEF,,0,0,nominal_usd,loan_commitment
MWI::chapo,MWI,Malawi,2020,chapo,CHAPO,1305990.101297,10,5,constant_2021_usd,commitment
MWI::aiddata,MWI,Malawi,2021,aiddata,AidData,33009732.283267,14,8,constant_2023_usd,commitment
MWI::codf,MWI,Malawi,2021,codf,CODF,,0,0,nominal_usd,loan_commitment
MWI::cla,MWI,Malawi,2021,cla,CLA,,0,0,nominal_usd,loan_commitment
MWI::cancel,MWI,Malawi,2021,cancel,Debt cancellation,,0,0,nominal_usd,debt_cancellation
MWI::restruct,MWI,Malawi,2021,restruct,Debt restructuring,,0,0,nominal_usd,debt_restructuring
MWI::cofi,MWI,Malawi,2021,cofi,COFI,,0,0,nominal_usd,investment
MWI::cgef,MWI,Malawi,2021,cgef,CGEF,,0,0,nominal_usd,loan_commitment
MWI::chapo,MWI,Malawi,2021,chapo,CHAPO,30050085.144746,6,2,constant_2021_usd,commitment
MWI::aiddata,MWI,Malawi,2022,aiddata,AidData,1671047.440473,9,5,constant_2023_usd,commitment
MWI::codf,MWI,Malawi,2022,codf,CODF,,0,0,nominal_usd,loan_commitment
MWI::cla,MWI,Malawi,2022,cla,CLA,,0,0,nominal_usd,loan_commitment
MWI::cancel,MWI,Malawi,2022,cancel,Debt cancellation,,0,0,nominal_usd,debt_cancellation
MWI::restruct,MWI,Malawi,2022,restruct,Debt restructuring,,0,0,nominal_usd,debt_restructuring
MWI::cofi,MWI,Malawi,2022,cofi,COFI,,0,0,nominal_usd,investment
MWI::cgef,MWI,Malawi,2022,cgef,CGEF,,0,0,nominal_usd,loan_commitment
MWI::chapo,MWI,Malawi,2022,chapo,CHAPO,,0,0,constant_2021_usd,commitment
MWI::aiddata,MWI,Malawi,2023,aiddata,AidData,1571592.188,10,3,constant_2023_usd,commitment
MWI::codf,MWI,Malawi,2023,codf,CODF,,0,0,nominal_usd,loan_commitment
MWI::cla,MWI,Malawi,2023,cla,CLA,,0,0,nominal_usd,loan_commitment
MWI::cancel,MWI,Malawi,2023,cancel,Debt cancellation,,0,0,nominal_usd,debt_cancellation
MWI::restruct,MWI,Malawi,2023,restruct,Debt restructuring,,0,0,nominal_usd,debt_restructuring
MWI::cofi,MWI,Malawi,2023,cofi,COFI,,0,0,nominal_usd,investment
MWI::cgef,MWI,Malawi,2023,cgef,CGEF,,0,0,nominal_usd,loan_commitment
MWI::chapo,MWI,Malawi,2023,chapo,CHAPO,,0,0,constant_2021_usd,commitment
MWI::aiddata,MWI,Malawi,2024,aiddata,AidData,,0,0,constant_2023_usd,commitment
MWI::codf,MWI,Malawi,2024,codf,CODF,,0,0,nominal_usd,loan_commitment
MWI::cla,MWI,Malawi,2024,cla,CLA,,0,0,nominal_usd,loan_commitment
MWI::cancel,MWI,Malawi,2024,cancel,Debt cancellation,,0,0,nominal_usd,debt_cancellation
MWI::restruct,MWI,Malawi,2024,restruct,Debt restructuring,,0,0,nominal_usd,debt_restructuring
MWI::cofi,MWI,Malawi,2024,cofi,COFI,,0,0,nominal_usd,investment
MWI::cgef,MWI,Malawi,2024,cgef,CGEF,,0,0,nominal_usd,loan_commitment
MWI::chapo,MWI,Malawi,2024,chapo,CHAPO,,0,0,constant_2021_usd,commitment
NAM::aiddata,NAM,Namibia,2000,aiddata,AidData,18413948.577572,2,2,constant_2023_usd,commitment
NAM::codf,NAM,Namibia,2000,codf,CODF,,0,0,nominal_usd,loan_commitment
NAM::cla,NAM,Namibia,2000,cla,CLA,1180000.0,1,1,nominal_usd,loan_commitment
NAM::cancel,NAM,Namibia,2000,cancel,Debt cancellation,,0,0,nominal_usd,debt_cancellation
NAM::restruct,NAM,Namibia,2000,restruct,Debt restructuring,,0,0,nominal_usd,debt_restructuring
NAM::cofi,NAM,Namibia,2000,cofi,COFI,,0,0,nominal_usd,investment
NAM::cgef,NAM,Namibia,2000,cgef,CGEF,,0,0,nominal_usd,loan_commitment
NAM::chapo,NAM,Namibia,2000,chapo,CHAPO,,1,0,constant_2021_usd,commitment
NAM::aiddata,NAM,Namibia,2001,aiddata,AidData,,2,0,constant_2023_usd,commitment
NAM::codf,NAM,Namibia,2001,codf,CODF,,0,0,nominal_usd,loan_commitment
NAM::cla,NAM,Namibia,2001,cla,CLA,2420000.0,1,1,nominal_usd,loan_commitment
NAM::cancel,NAM,Namibia,2001,cancel,Debt cancellation,,0,0,nominal_usd,debt_cancellation
NAM::restruct,NAM,Namibia,2001,restruct,Debt restructuring,,0,0,nominal_usd,debt_restructuring
NAM::cofi,NAM,Namibia,2001,cofi,COFI,,0,0,nominal_usd,investment
NAM::cgef,NAM,Namibia,2001,cgef,CGEF,,0,0,nominal_usd,loan_commitment
NAM::chapo,NAM,Namibia,2001,chapo,CHAPO,,0,0,constant_2021_usd,commitment
NAM::aiddata,NAM,Namibia,2002,aiddata,AidData,24083125.119219,3,2,constant_2023_usd,commitment
NAM::codf,NAM,Namibia,2002,codf,CODF,,0,0,nominal_usd,loan_commitment
NAM::cla,NAM,Namibia,2002,cla,CLA,,0,0,nominal_usd,loan_commitment
NAM::cancel,NAM,Namibia,2002,cancel,Debt cancellation,,0,0,nominal_usd,debt_cancellation
NAM::restruct,NAM,Namibia,2002,restruct,Debt restructuring,,0,0,nominal_usd,debt_restructuring
NAM::cofi,NAM,Namibia,2002,cofi,COFI,,0,0,nominal_usd,investment
NAM::cgef,NAM,Namibia,2002,cgef,CGEF,,0,0,nominal_usd,loan_commitment
NAM::chapo,NAM,Namibia,2002,chapo,CHAPO,,1,0,constant_2021_usd,commitment
NAM::aiddata,NAM,Namibia,2003,aiddata,AidData,27251361.961729,3,2,constant_2023_usd,commitment
NAM::codf,NAM,Namibia,2003,codf,CODF,,0,0,nominal_usd,loan_commitment
NAM::cla,NAM,Namibia,2003,cla,CLA,,0,0,nominal_usd,loan_commitment
NAM::cancel,NAM,Namibia,2003,cancel,Debt cancellation,,0,0,nominal_usd,debt_cancellation
NAM::restruct,NAM,Namibia,2003,restruct,Debt restructuring,,0,0,nominal_usd,debt_restructuring
NAM::cofi,NAM,Namibia,2003,cofi,COFI,,0,0,nominal_usd,investment
NAM::cgef,NAM,Namibia,2003,cgef,CGEF,,0,0,nominal_usd,loan_commitment
NAM::chapo,NAM,Namibia,2003,chapo,CHAPO,,0,0,constant_2021_usd,commitment
NAM::aiddata,NAM,Namibia,2004,aiddata,AidData,10281893.307728,5,3,constant_2023_usd,commitment
NAM::codf,NAM,Namibia,2004,codf,CODF,,0,0,nominal_usd,loan_commitment
NAM::cla,NAM,Namibia,2004,cla,CLA,4640000.0,1,1,nominal_usd,loan_commitment
NAM::cancel,NAM,Namibia,2004,cancel,Debt cancellation,,0,0,nominal_usd,debt_cancellation
NAM::restruct,NAM,Namibia,2004,restruct,Debt restructuring,,0,0,nominal_usd,debt_restructuring
NAM::cofi,NAM,Namibia,2004,cofi,COFI,,0,0,nominal_usd,investment
NAM::cgef,NAM,Namibia,2004,cgef,CGEF,,0,0,nominal_usd,loan_commitment
NAM::chapo,NAM,Namibia,2004,chapo,CHAPO,,1,0,constant_2021_usd,commitment
NAM::aiddata,NAM,Namibia,2005,aiddata,AidData,74112333.468105,7,5,constant_2023_usd,commitment
NAM::codf,NAM,Namibia,2005,codf,CODF,,0,0,nominal_usd,loan_commitment
NAM::cla,NAM,Namibia,2005,cla,CLA,36640000.0,2,2,nominal_usd,loan_commitment
NAM::cancel,NAM,Namibia,2005,cancel,Debt cancellation,,0,0,nominal_usd,debt_cancellation
NAM::restruct,NAM,Namibia,2005,restruct,Debt restructuring,,0,0,nominal_usd,debt_restructuring
NAM::cofi,NAM,Namibia,2005,cofi,COFI,,0,0,nominal_usd,investment
NAM::cgef,NAM,Namibia,2005,cgef,CGEF,,0,0,nominal_usd,loan_commitment
NAM::chapo,NAM,Namibia,2005,chapo,CHAPO,,0,0,constant_2021_usd,commitment
NAM::aiddata,NAM,Namibia,2006,aiddata,AidData,3295.281986,5,1,constant_2023_usd,commitment
NAM::codf,NAM,Namibia,2006,codf,CODF,,0,0,nominal_usd,loan_commitment
NAM::cla,NAM,Namibia,2006,cla,CLA,2510000.0,1,1,nominal_usd,loan_commitment
NAM::cancel,NAM,Namibia,2006,cancel,Debt cancellation,,0,0,nominal_usd,debt_cancellation
NAM::restruct,NAM,Namibia,2006,restruct,Debt restructuring,,0,0,nominal_usd,debt_restructuring
NAM::cofi,NAM,Namibia,2006,cofi,COFI,,0,0,nominal_usd,investment
NAM::cgef,NAM,Namibia,2006,cgef,CGEF,,0,0,nominal_usd,loan_commitment
NAM::chapo,NAM,Namibia,2006,chapo,CHAPO,,1,0,constant_2021_usd,commitment
NAM::aiddata,NAM,Namibia,2007,aiddata,AidData,28297852.337965,9,7,constant_2023_usd,commitment
NAM::codf,NAM,Namibia,2007,codf,CODF,,0,0,nominal_usd,loan_commitment
NAM::cla,NAM,Namibia,2007,cla,CLA,61620000.0,3,3,nominal_usd,loan_commitment
NAM::cancel,NAM,Namibia,2007,cancel,Debt cancellation,,0,0,nominal_usd,debt_cancellation
NAM::restruct,NAM,Namibia,2007,restruct,Debt restructuring,,0,0,nominal_usd,debt_restructuring
NAM::cofi,NAM,Namibia,2007,cofi,COFI,,0,0,nominal_usd,investment
NAM::cgef,NAM,Namibia,2007,cgef,CGEF,,0,0,nominal_usd,loan_commitment
NAM::chapo,NAM,Namibia,2007,chapo,CHAPO,1594871.521869,3,2,constant_2021_usd,commitment
NAM::aiddata,NAM,Namibia,2008,aiddata,AidData,71619401.331668,5,4,constant_2023_usd,commitment
NAM::codf,NAM,Namibia,2008,codf,CODF,,0,0,nominal_usd,loan_commitment
NAM::cla,NAM,Namibia,2008,cla,CLA,10700000.0,2,2,nominal_usd,loan_commitment
NAM::cancel,NAM,Namibia,2008,cancel,Debt cancellation,,0,0,nominal_usd,debt_cancellation
NAM::restruct,NAM,Namibia,2008,restruct,Debt restructuring,,0,0,nominal_usd,debt_restructuring
NAM::cofi,NAM,Namibia,2008,cofi,COFI,,0,0,nominal_usd,investment
NAM::cgef,NAM,Namibia,2008,cgef,CGEF,,0,0,nominal_usd,loan_commitment
NAM::chapo,NAM,Namibia,2008,chapo,CHAPO,,1,0,constant_2021_usd,commitment
NAM::aiddata,NAM,Namibia,2009,aiddata,AidData,14531730.365595,10,5,constant_2023_usd,commitment
NAM::codf,NAM,Namibia,2009,codf,CODF,,0,0,nominal_usd,loan_commitment
NAM::cla,NAM,Namibia,2009,cla,CLA,24130000.0,2,2,nominal_usd,loan_commitment
NAM::cancel,NAM,Namibia,2009,cancel,Debt cancellation,,0,0,nominal_usd,debt_cancellation
NAM::restruct,NAM,Namibia,2009,restruct,Debt restructuring,,0,0,nominal_usd,debt_restructuring
NAM::cofi,NAM,Namibia,2009,cofi,COFI,,0,0,nominal_usd,investment
NAM::cgef,NAM,Namibia,2009,cgef,CGEF,,0,0,nominal_usd,loan_commitment
NAM::chapo,NAM,Namibia,2009,chapo,CHAPO,15390561.037951,1,1,constant_2021_usd,commitment
NAM::aiddata,NAM,Namibia,2010,aiddata,AidData,96630.928742,3,2,constant_2023_usd,commitment
NAM::codf,NAM,Namibia,2010,codf,CODF,,0,0,nominal_usd,loan_commitment
NAM::cla,NAM,Namibia,2010,cla,CLA,,0,0,nominal_usd,loan_commitment
NAM::cancel,NAM,Namibia,2010,cancel,Debt cancellation,,0,0,nominal_usd,debt_cancellation
NAM::restruct,NAM,Namibia,2010,restruct,Debt restructuring,,0,0,nominal_usd,debt_restructuring
NAM::cofi,NAM,Namibia,2010,cofi,COFI,,0,0,nominal_usd,investment
NAM::cgef,NAM,Namibia,2010,cgef,CGEF,,0,0,nominal_usd,loan_commitment
NAM::chapo,NAM,Namibia,2010,chapo,CHAPO,,1,0,constant_2021_usd,commitment
NAM::aiddata,NAM,Namibia,2011,aiddata,AidData,17943128.001821,9,4,constant_2023_usd,commitment
NAM::codf,NAM,Namibia,2011,codf,CODF,,0,0,nominal_usd,loan_commitment
NAM::cla,NAM,Namibia,2011,cla,CLA,,0,0,nominal_usd,loan_commitment
NAM::cancel,NAM,Namibia,2011,cancel,Debt cancellation,,0,0,nominal_usd,debt_cancellation
NAM::restruct,NAM,Namibia,2011,restruct,Debt restructuring,,0,0,nominal_usd,debt_restructuring
NAM::cofi,NAM,Namibia,2011,cofi,COFI,,0,0,nominal_usd,investment
NAM::cgef,NAM,Namibia,2011,cgef,CGEF,,0,0,nominal_usd,loan_commitment
NAM::chapo,NAM,Namibia,2011,chapo,CHAPO,,0,0,constant_2021_usd,commitment
NAM::aiddata,NAM,Namibia,2012,aiddata,AidData,1563122969.254322,13,8,constant_2023_usd,commitment
NAM::codf,NAM,Namibia,2012,codf,CODF,120970000.0,2,2,nominal_usd,loan_commitment
NAM::cla,NAM,Namibia,2012,cla,CLA,350190000.0,3,3,nominal_usd,loan_commitment
NAM::cancel,NAM,Namibia,2012,cancel,Debt cancellation,,0,0,nominal_usd,debt_cancellation
NAM::restruct,NAM,Namibia,2012,restruct,Debt restructuring,,0,0,nominal_usd,debt_restructuring
NAM::cofi,NAM,Namibia,2012,cofi,COFI,,0,0,nominal_usd,investment
NAM::cgef,NAM,Namibia,2012,cgef,CGEF,,0,0,nominal_usd,loan_commitment
NAM::chapo,NAM,Namibia,2012,chapo,CHAPO,,1,0,constant_2021_usd,commitment
NAM::aiddata,NAM,Namibia,2013,aiddata,AidData,108259405.832621,9,7,constant_2023_usd,commitment
NAM::codf,NAM,Namibia,2013,codf,CODF,,0,0,nominal_usd,loan_commitment
NAM::cla,NAM,Namibia,2013,cla,CLA,,0,0,nominal_usd,loan_commitment
NAM::cancel,NAM,Namibia,2013,cancel,Debt cancellation,,0,0,nominal_usd,debt_cancellation
NAM::restruct,NAM,Namibia,2013,restruct,Debt restructuring,,0,0,nominal_usd,debt_restructuring
NAM::cofi,NAM,Namibia,2013,cofi,COFI,,0,0,nominal_usd,investment
NAM::cgef,NAM,Namibia,2013,cgef,CGEF,,0,0,nominal_usd,loan_commitment
NAM::chapo,NAM,Namibia,2013,chapo,CHAPO,,0,0,constant_2021_usd,commitment
NAM::aiddata,NAM,Namibia,2014,aiddata,AidData,145322826.815201,5,4,constant_2023_usd,commitment
NAM::codf,NAM,Namibia,2014,codf,CODF,,0,0,nominal_usd,loan_commitment
NAM::cla,NAM,Namibia,2014,cla,CLA,,0,0,nominal_usd,loan_commitment
NAM::cancel,NAM,Namibia,2014,cancel,Debt cancellation,,0,0,nominal_usd,debt_cancellation
NAM::restruct,NAM,Namibia,2014,restruct,Debt restructuring,,0,0,nominal_usd,debt_restructuring
NAM::cofi,NAM,Namibia,2014,cofi,COFI,,0,0,nominal_usd,investment
NAM::cgef,NAM,Namibia,2014,cgef,CGEF,,0,0,nominal_usd,loan_commitment
NAM::chapo,NAM,Namibia,2014,chapo,CHAPO,215350.200881,2,1,constant_2021_usd,commitment
NAM::aiddata,NAM,Namibia,2015,aiddata,AidData,,0,0,constant_2023_usd,commitment
NAM::codf,NAM,Namibia,2015,codf,CODF,,0,0,nominal_usd,loan_commitment
NAM::cla,NAM,Namibia,2015,cla,CLA,,0,0,nominal_usd,loan_commitment
NAM::cancel,NAM,Namibia,2015,cancel,Debt cancellation,,0,0,nominal_usd,debt_cancellation
NAM::restruct,NAM,Namibia,2015,restruct,Debt restructuring,,0,0,nominal_usd,debt_restructuring
NAM::cofi,NAM,Namibia,2015,cofi,COFI,,0,0,nominal_usd,investment
NAM::cgef,NAM,Namibia,2015,cgef,CGEF,,0,0,nominal_usd,loan_commitment
NAM::chapo,NAM,Namibia,2015,chapo,CHAPO,,0,0,constant_2021_usd,commitment
NAM::aiddata,NAM,Namibia,2016,aiddata,AidData,19646230.921844,8,5,constant_2023_usd,commitment
NAM::codf,NAM,Namibia,2016,codf,CODF,,0,0,nominal_usd,loan_commitment
NAM::cla,NAM,Namibia,2016,cla,CLA,,0,0,nominal_usd,loan_commitment
NAM::cancel,NAM,Namibia,2016,cancel,Debt cancellation,,0,0,nominal_usd,debt_cancellation
NAM::restruct,NAM,Namibia,2016,restruct,Debt restructuring,,0,0,nominal_usd,debt_restructuring
NAM::cofi,NAM,Namibia,2016,cofi,COFI,,0,0,nominal_usd,investment
NAM::cgef,NAM,Namibia,2016,cgef,CGEF,,0,0,nominal_usd,loan_commitment
NAM::chapo,NAM,Namibia,2016,chapo,CHAPO,,2,0,constant_2021_usd,commitment
NAM::aiddata,NAM,Namibia,2017,aiddata,AidData,59538306.258012,8,5,constant_2023_usd,commitment
NAM::codf,NAM,Namibia,2017,codf,CODF,,0,0,nominal_usd,loan_commitment
NAM::cla,NAM,Namibia,2017,cla,CLA,,0,0,nominal_usd,loan_commitment
NAM::cancel,NAM,Namibia,2017,cancel,Debt cancellation,,0,0,nominal_usd,debt_cancellation
NAM::restruct,NAM,Namibia,2017,restruct,Debt restructuring,,0,0,nominal_usd,debt_restructuring
NAM::cofi,NAM,Namibia,2017,cofi,COFI,,0,0,nominal_usd,investment
NAM::cgef,NAM,Namibia,2017,cgef,CGEF,,0,0,nominal_usd,loan_commitment
NAM::chapo,NAM,Namibia,2017,chapo,CHAPO,,0,0,constant_2021_usd,commitment
NAM::aiddata,NAM,Namibia,2018,aiddata,AidData,130573768.46565,37,15,constant_2023_usd,commitment
NAM::codf,NAM,Namibia,2018,codf,CODF,,0,0,nominal_usd,loan_commitment
NAM::cla,NAM,Namibia,2018,cla,CLA,,0,0,nominal_usd,loan_commitment
NAM::cancel,NAM,Namibia,2018,cancel,Debt cancellation,,0,0,nominal_usd,debt_cancellation
NAM::restruct,NAM,Namibia,2018,restruct,Debt restructuring,,0,0,nominal_usd,debt_restructuring
NAM::cofi,NAM,Namibia,2018,cofi,COFI,25000000.0,1,1,nominal_usd,investment
NAM::cgef,NAM,Namibia,2018,cgef,CGEF,,0,0,nominal_usd,loan_commitment
NAM::chapo,NAM,Namibia,2018,chapo,CHAPO,308956.263785,6,2,constant_2021_usd,commitment
NAM::aiddata,NAM,Namibia,2019,aiddata,AidData,1229430.590501,25,5,constant_2023_usd,commitment
NAM::codf,NAM,Namibia,2019,codf,CODF,,0,0,nominal_usd,loan_commitment
NAM::cla,NAM,Namibia,2019,cla,CLA,,0,0,nominal_usd,loan_commitment
NAM::cancel,NAM,Namibia,2019,cancel,Debt cancellation,,0,0,nominal_usd,debt_cancellation
NAM::restruct,NAM,Namibia,2019,restruct,Debt restructuring,,0,0,nominal_usd,debt_restructuring
NAM::cofi,NAM,Namibia,2019,cofi,COFI,,0,0,nominal_usd,investment
NAM::cgef,NAM,Namibia,2019,cgef,CGEF,,0,0,nominal_usd,loan_commitment
NAM::chapo,NAM,Namibia,2019,chapo,CHAPO,,0,0,constant_2021_usd,commitment
NAM::aiddata,NAM,Namibia,2020,aiddata,AidData,11759578.398217,16,13,constant_2023_usd,commitment
NAM::codf,NAM,Namibia,2020,codf,CODF,,0,0,nominal_usd,loan_commitment
NAM::cla,NAM,Namibia,2020,cla,CLA,,0,0,nominal_usd,loan_commitment
NAM::cancel,NAM,Namibia,2020,cancel,Debt cancellation,,0,0,nominal_usd,debt_cancellation
NAM::restruct,NAM,Namibia,2020,restruct,Debt restructuring,,0,0,nominal_usd,debt_restructuring
NAM::cofi,NAM,Namibia,2020,cofi,COFI,,0,0,nominal_usd,investment
NAM::cgef,NAM,Namibia,2020,cgef,CGEF,,0,0,nominal_usd,loan_commitment
NAM::chapo,NAM,Namibia,2020,chapo,CHAPO,849109.269899,12,10,constant_2021_usd,commitment
NAM::aiddata,NAM,Namibia,2021,aiddata,AidData,6668068.87719,9,6,constant_2023_usd,commitment
NAM::codf,NAM,Namibia,2021,codf,CODF,,0,0,nominal_usd,loan_commitment
NAM::cla,NAM,Namibia,2021,cla,CLA,,0,0,nominal_usd,loan_commitment
NAM::cancel,NAM,Namibia,2021,cancel,Debt cancellation,,0,0,nominal_usd,debt_cancellation
NAM::restruct,NAM,Namibia,2021,restruct,Debt restructuring,,0,0,nominal_usd,debt_restructuring
NAM::cofi,NAM,Namibia,2021,cofi,COFI,,0,0,nominal_usd,investment
NAM::cgef,NAM,Namibia,2021,cgef,CGEF,,0,0,nominal_usd,loan_commitment
NAM::chapo,NAM,Namibia,2021,chapo,CHAPO,10001488.49797,8,5,constant_2021_usd,commitment
NAM::aiddata,NAM,Namibia,2022,aiddata,AidData,442393.64159,5,3,constant_2023_usd,commitment
NAM::codf,NAM,Namibia,2022,codf,CODF,,0,0,nominal_usd,loan_commitment
NAM::cla,NAM,Namibia,2022,cla,CLA,,0,0,nominal_usd,loan_commitment
NAM::cancel,NAM,Namibia,2022,cancel,Debt cancellation,,0,0,nominal_usd,debt_cancellation
NAM::restruct,NAM,Namibia,2022,restruct,Debt restructuring,,0,0,nominal_usd,debt_restructuring
NAM::cofi,NAM,Namibia,2022,cofi,COFI,,0,0,nominal_usd,investment
NAM::cgef,NAM,Namibia,2022,cgef,CGEF,,0,0,nominal_usd,loan_commitment
NAM::chapo,NAM,Namibia,2022,chapo,CHAPO,,0,0,constant_2021_usd,commitment
NAM::aiddata,NAM,Namibia,2023,aiddata,AidData,90588.357822,12,2,constant_2023_usd,commitment
NAM::codf,NAM,Namibia,2023,codf,CODF,,0,0,nominal_usd,loan_commitment
NAM::cla,NAM,Namibia,2023,cla,CLA,,0,0,nominal_usd,loan_commitment
NAM::cancel,NAM,Namibia,2023,cancel,Debt cancellation,,0,0,nominal_usd,debt_cancellation
NAM::restruct,NAM,Namibia,2023,restruct,Debt restructuring,,0,0,nominal_usd,debt_restructuring
NAM::cofi,NAM,Namibia,2023,cofi,COFI,,1,0,nominal_usd,investment
NAM::cgef,NAM,Namibia,2023,cgef,CGEF,,0,0,nominal_usd,loan_commitment
NAM::chapo,NAM,Namibia,2023,chapo,CHAPO,,0,0,constant_2021_usd,commitment
NAM::aiddata,NAM,Namibia,2024,aiddata,AidData,,0,0,constant_2023_usd,commitment
NAM::codf,NAM,Namibia,2024,codf,CODF,,0,0,nominal_usd,loan_commitment
NAM::cla,NAM,Namibia,2024,cla,CLA,,0,0,nominal_usd,loan_commitment
NAM::cancel,NAM,Namibia,2024,cancel,Debt cancellation,,0,0,nominal_usd,debt_cancellation
NAM::restruct,NAM,Namibia,2024,restruct,Debt restructuring,,0,0,nominal_usd,debt_restructuring
NAM::cofi,NAM,Namibia,2024,cofi,COFI,,0,0,nominal_usd,investment
NAM::cgef,NAM,Namibia,2024,cgef,CGEF,,0,0,nominal_usd,loan_commitment
NAM::chapo,NAM,Namibia,2024,chapo,CHAPO,,0,0,constant_2021_usd,commitment
NER::aiddata,NER,Niger,2000,aiddata,AidData,,0,0,constant_2023_usd,commitment
NER::codf,NER,Niger,2000,codf,CODF,,0,0,nominal_usd,loan_commitment
NER::cla,NER,Niger,2000,cla,CLA,,0,0,nominal_usd,loan_commitment
NER::cancel,NER,Niger,2000,cancel,Debt cancellation,,0,0,nominal_usd,debt_cancellation
NER::restruct,NER,Niger,2000,restruct,Debt restructuring,,0,0,nominal_usd,debt_restructuring
NER::cofi,NER,Niger,2000,cofi,COFI,,0,0,nominal_usd,investment
NER::cgef,NER,Niger,2000,cgef,CGEF,,0,0,nominal_usd,loan_commitment
NER::chapo,NER,Niger,2000,chapo,CHAPO,,0,0,constant_2021_usd,commitment
NER::aiddata,NER,Niger,2001,aiddata,AidData,50506992.896181,3,1,constant_2023_usd,commitment
NER::codf,NER,Niger,2001,codf,CODF,,0,0,nominal_usd,loan_commitment
NER::cla,NER,Niger,2001,cla,CLA,,0,0,nominal_usd,loan_commitment
NER::cancel,NER,Niger,2001,cancel,Debt cancellation,,0,0,nominal_usd,debt_cancellation
NER::restruct,NER,Niger,2001,restruct,Debt restructuring,,0,0,nominal_usd,debt_restructuring
NER::cofi,NER,Niger,2001,cofi,COFI,,0,0,nominal_usd,investment
NER::cgef,NER,Niger,2001,cgef,CGEF,,0,0,nominal_usd,loan_commitment
NER::chapo,NER,Niger,2001,chapo,CHAPO,,1,0,constant_2021_usd,commitment
NER::aiddata,NER,Niger,2002,aiddata,AidData,24829019.1368,6,6,constant_2023_usd,commitment
NER::codf,NER,Niger,2002,codf,CODF,,0,0,nominal_usd,loan_commitment
NER::cla,NER,Niger,2002,cla,CLA,,0,0,nominal_usd,loan_commitment
NER::cancel,NER,Niger,2002,cancel,Debt cancellation,,0,0,nominal_usd,debt_cancellation
NER::restruct,NER,Niger,2002,restruct,Debt restructuring,,0,0,nominal_usd,debt_restructuring
NER::cofi,NER,Niger,2002,cofi,COFI,,0,0,nominal_usd,investment
NER::cgef,NER,Niger,2002,cgef,CGEF,,0,0,nominal_usd,loan_commitment
NER::chapo,NER,Niger,2002,chapo,CHAPO,1660863.890645,2,2,constant_2021_usd,commitment
NER::aiddata,NER,Niger,2003,aiddata,AidData,3129232.091723,12,7,constant_2023_usd,commitment
NER::codf,NER,Niger,2003,codf,CODF,,0,0,nominal_usd,loan_commitment
NER::cla,NER,Niger,2003,cla,CLA,,0,0,nominal_usd,loan_commitment
NER::cancel,NER,Niger,2003,cancel,Debt cancellation,,0,0,nominal_usd,debt_cancellation
NER::restruct,NER,Niger,2003,restruct,Debt restructuring,,0,0,nominal_usd,debt_restructuring
NER::cofi,NER,Niger,2003,cofi,COFI,,0,0,nominal_usd,investment
NER::cgef,NER,Niger,2003,cgef,CGEF,,0,0,nominal_usd,loan_commitment
NER::chapo,NER,Niger,2003,chapo,CHAPO,147156.866968,3,1,constant_2021_usd,commitment
NER::aiddata,NER,Niger,2004,aiddata,AidData,127084.407213,4,1,constant_2023_usd,commitment
NER::codf,NER,Niger,2004,codf,CODF,,0,0,nominal_usd,loan_commitment
NER::cla,NER,Niger,2004,cla,CLA,,0,0,nominal_usd,loan_commitment
NER::cancel,NER,Niger,2004,cancel,Debt cancellation,,0,0,nominal_usd,debt_cancellation
NER::restruct,NER,Niger,2004,restruct,Debt restructuring,,0,0,nominal_usd,debt_restructuring
NER::cofi,NER,Niger,2004,cofi,COFI,,0,0,nominal_usd,investment
NER::cgef,NER,Niger,2004,cgef,CGEF,,0,0,nominal_usd,loan_commitment
NER::chapo,NER,Niger,2004,chapo,CHAPO,137590.471718,2,1,constant_2021_usd,commitment
NER::aiddata,NER,Niger,2005,aiddata,AidData,569638.640093,3,1,constant_2023_usd,commitment
NER::codf,NER,Niger,2005,codf,CODF,,0,0,nominal_usd,loan_commitment
NER::cla,NER,Niger,2005,cla,CLA,,0,0,nominal_usd,loan_commitment
NER::cancel,NER,Niger,2005,cancel,Debt cancellation,,0,0,nominal_usd,debt_cancellation
NER::restruct,NER,Niger,2005,restruct,Debt restructuring,,0,0,nominal_usd,debt_restructuring
NER::cofi,NER,Niger,2005,cofi,COFI,,0,0,nominal_usd,investment
NER::cgef,NER,Niger,2005,cgef,CGEF,,0,0,nominal_usd,loan_commitment
NER::chapo,NER,Niger,2005,chapo,CHAPO,,1,0,constant_2021_usd,commitment
NER::aiddata,NER,Niger,2006,aiddata,AidData,54254464.131064,6,3,constant_2023_usd,commitment
NER::codf,NER,Niger,2006,codf,CODF,,0,0,nominal_usd,loan_commitment
NER::cla,NER,Niger,2006,cla,CLA,,0,0,nominal_usd,loan_commitment
NER::cancel,NER,Niger,2006,cancel,Debt cancellation,,0,0,nominal_usd,debt_cancellation
NER::restruct,NER,Niger,2006,restruct,Debt restructuring,,0,0,nominal_usd,debt_restructuring
NER::cofi,NER,Niger,2006,cofi,COFI,,0,0,nominal_usd,investment
NER::cgef,NER,Niger,2006,cgef,CGEF,,0,0,nominal_usd,loan_commitment
NER::chapo,NER,Niger,2006,chapo,CHAPO,764621.193845,3,2,constant_2021_usd,commitment
NER::aiddata,NER,Niger,2007,aiddata,AidData,9284050.217932,5,3,constant_2023_usd,commitment
NER::codf,NER,Niger,2007,codf,CODF,,0,0,nominal_usd,loan_commitment
NER::cla,NER,Niger,2007,cla,CLA,,0,0,nominal_usd,loan_commitment
NER::cancel,NER,Niger,2007,cancel,Debt cancellation,,1,0,nominal_usd,debt_cancellation
NER::restruct,NER,Niger,2007,restruct,Debt restructuring,,0,0,nominal_usd,debt_restructuring
NER::cofi,NER,Niger,2007,cofi,COFI,,0,0,nominal_usd,investment
NER::cgef,NER,Niger,2007,cgef,CGEF,,0,0,nominal_usd,loan_commitment
NER::chapo,NER,Niger,2007,chapo,CHAPO,,1,0,constant_2021_usd,commitment
NER::aiddata,NER,Niger,2008,aiddata,AidData,2084804180.949645,5,3,constant_2023_usd,commitment
NER::codf,NER,Niger,2008,codf,CODF,,0,0,nominal_usd,loan_commitment
NER::cla,NER,Niger,2008,cla,CLA,,0,0,nominal_usd,loan_commitment
NER::cancel,NER,Niger,2008,cancel,Debt cancellation,,0,0,nominal_usd,debt_cancellation
NER::restruct,NER,Niger,2008,restruct,Debt restructuring,,0,0,nominal_usd,debt_restructuring
NER::cofi,NER,Niger,2008,cofi,COFI,,0,0,nominal_usd,investment
NER::cgef,NER,Niger,2008,cgef,CGEF,,0,0,nominal_usd,loan_commitment
NER::chapo,NER,Niger,2008,chapo,CHAPO,329042.128715,2,1,constant_2021_usd,commitment
NER::aiddata,NER,Niger,2009,aiddata,AidData,383864468.587889,5,3,constant_2023_usd,commitment
NER::codf,NER,Niger,2009,codf,CODF,,0,0,nominal_usd,loan_commitment
NER::cla,NER,Niger,2009,cla,CLA,,0,0,nominal_usd,loan_commitment
NER::cancel,NER,Niger,2009,cancel,Debt cancellation,,0,0,nominal_usd,debt_cancellation
NER::restruct,NER,Niger,2009,restruct,Debt restructuring,,0,0,nominal_usd,debt_restructuring
NER::cofi,NER,Niger,2009,cofi,COFI,,0,0,nominal_usd,investment
NER::cgef,NER,Niger,2009,cgef,CGEF,,0,0,nominal_usd,loan_commitment
NER::chapo,NER,Niger,2009,chapo,CHAPO,70136985.30152,3,2,constant_2021_usd,commitment
NER::aiddata,NER,Niger,2010,aiddata,AidData,2932580.262686,8,3,constant_2023_usd,commitment
NER::codf,NER,Niger,2010,codf,CODF,,0,0,nominal_usd,loan_commitment
NER::cla,NER,Niger,2010,cla,CLA,,0,0,nominal_usd,loan_commitment
NER::cancel,NER,Niger,2010,cancel,Debt cancellation,,0,0,nominal_usd,debt_cancellation
NER::restruct,NER,Niger,2010,restruct,Debt restructuring,,0,0,nominal_usd,debt_restructuring
NER::cofi,NER,Niger,2010,cofi,COFI,,0,0,nominal_usd,investment
NER::cgef,NER,Niger,2010,cgef,CGEF,,0,0,nominal_usd,loan_commitment
NER::chapo,NER,Niger,2010,chapo,CHAPO,,3,0,constant_2021_usd,commitment
NER::aiddata,NER,Niger,2011,aiddata,AidData,351079494.955322,10,5,constant_2023_usd,commitment
NER::codf,NER,Niger,2011,codf,CODF,100620000.0,1,1,nominal_usd,loan_commitment
NER::cla,NER,Niger,2011,cla,CLA,324620000.0,2,2,nominal_usd,loan_commitment
NER::cancel,NER,Niger,2011,cancel,Debt cancellation,,0,0,nominal_usd,debt_cancellation
NER::restruct,NER,Niger,2011,restruct,Debt restructuring,,0,0,nominal_usd,debt_restructuring
NER::cofi,NER,Niger,2011,cofi,COFI,,0,0,nominal_usd,investment
NER::cgef,NER,Niger,2011,cgef,CGEF,100620000.0,1,1,nominal_usd,loan_commitment
NER::chapo,NER,Niger,2011,chapo,CHAPO,,3,0,constant_2021_usd,commitment
NER::aiddata,NER,Niger,2012,aiddata,AidData,5415341.072567,9,5,constant_2023_usd,commitment
NER::codf,NER,Niger,2012,codf,CODF,49130000.0,1,1,nominal_usd,loan_commitment
NER::cla,NER,Niger,2012,cla,CLA,49140000.0,1,1,nominal_usd,loan_commitment
NER::cancel,NER,Niger,2012,cancel,Debt cancellation,,0,0,nominal_usd,debt_cancellation
NER::restruct,NER,Niger,2012,restruct,Debt restructuring,,0,0,nominal_usd,debt_restructuring
NER::cofi,NER,Niger,2012,cofi,COFI,,0,0,nominal_usd,investment
NER::cgef,NER,Niger,2012,cgef,CGEF,,0,0,nominal_usd,loan_commitment
NER::chapo,NER,Niger,2012,chapo,CHAPO,1977900.567076,3,1,constant_2021_usd,commitment
NER::aiddata,NER,Niger,2013,aiddata,AidData,169822963.529247,5,4,constant_2023_usd,commitment
NER::codf,NER,Niger,2013,codf,CODF,74680000.0,1,1,nominal_usd,loan_commitment
NER::cla,NER,Niger,2013,cla,CLA,74680000.0,1,1,nominal_usd,loan_commitment
NER::cancel,NER,Niger,2013,cancel,Debt cancellation,,0,0,nominal_usd,debt_cancellation
NER::restruct,NER,Niger,2013,restruct,Debt restructuring,,0,0,nominal_usd,debt_restructuring
NER::cofi,NER,Niger,2013,cofi,COFI,,0,0,nominal_usd,investment
NER::cgef,NER,Niger,2013,cgef,CGEF,74680000.0,1,1,nominal_usd,loan_commitment
NER::chapo,NER,Niger,2013,chapo,CHAPO,165113.78078,1,1,constant_2021_usd,commitment
NER::aiddata,NER,Niger,2014,aiddata,AidData,108426839.953381,3,2,constant_2023_usd,commitment
NER::codf,NER,Niger,2014,codf,CODF,101470000.0,1,1,nominal_usd,loan_commitment
NER::cla,NER,Niger,2014,cla,CLA,101490000.0,1,1,nominal_usd,loan_commitment
NER::cancel,NER,Niger,2014,cancel,Debt cancellation,,0,0,nominal_usd,debt_cancellation
NER::restruct,NER,Niger,2014,restruct,Debt restructuring,,0,0,nominal_usd,debt_restructuring
NER::cofi,NER,Niger,2014,cofi,COFI,,0,0,nominal_usd,investment
NER::cgef,NER,Niger,2014,cgef,CGEF,,0,0,nominal_usd,loan_commitment
NER::chapo,NER,Niger,2014,chapo,CHAPO,,1,0,constant_2021_usd,commitment
NER::aiddata,NER,Niger,2015,aiddata,AidData,103934311.432625,3,3,constant_2023_usd,commitment
NER::codf,NER,Niger,2015,codf,CODF,,0,0,nominal_usd,loan_commitment
NER::cla,NER,Niger,2015,cla,CLA,15000000.0,1,1,nominal_usd,loan_commitment
NER::cancel,NER,Niger,2015,cancel,Debt cancellation,,0,0,nominal_usd,debt_cancellation
NER::restruct,NER,Niger,2015,restruct,Debt restructuring,,0,0,nominal_usd,debt_restructuring
NER::cofi,NER,Niger,2015,cofi,COFI,,0,0,nominal_usd,investment
NER::cgef,NER,Niger,2015,cgef,CGEF,,0,0,nominal_usd,loan_commitment
NER::chapo,NER,Niger,2015,chapo,CHAPO,,0,0,constant_2021_usd,commitment
NER::aiddata,NER,Niger,2016,aiddata,AidData,17694702.385429,6,5,constant_2023_usd,commitment
NER::codf,NER,Niger,2016,codf,CODF,,0,0,nominal_usd,loan_commitment
NER::cla,NER,Niger,2016,cla,CLA,,0,0,nominal_usd,loan_commitment
NER::cancel,NER,Niger,2016,cancel,Debt cancellation,,0,0,nominal_usd,debt_cancellation
NER::restruct,NER,Niger,2016,restruct,Debt restructuring,,0,0,nominal_usd,debt_restructuring
NER::cofi,NER,Niger,2016,cofi,COFI,,0,0,nominal_usd,investment
NER::cgef,NER,Niger,2016,cgef,CGEF,,0,0,nominal_usd,loan_commitment
NER::chapo,NER,Niger,2016,chapo,CHAPO,1776964.017114,1,1,constant_2021_usd,commitment
NER::aiddata,NER,Niger,2017,aiddata,AidData,1579707.43254,10,3,constant_2023_usd,commitment
NER::codf,NER,Niger,2017,codf,CODF,,0,0,nominal_usd,loan_commitment
NER::cla,NER,Niger,2017,cla,CLA,,0,0,nominal_usd,loan_commitment
NER::cancel,NER,Niger,2017,cancel,Debt cancellation,,0,0,nominal_usd,debt_cancellation
NER::restruct,NER,Niger,2017,restruct,Debt restructuring,,0,0,nominal_usd,debt_restructuring
NER::cofi,NER,Niger,2017,cofi,COFI,,0,0,nominal_usd,investment
NER::cgef,NER,Niger,2017,cgef,CGEF,,0,0,nominal_usd,loan_commitment
NER::chapo,NER,Niger,2017,chapo,CHAPO,,2,0,constant_2021_usd,commitment
NER::aiddata,NER,Niger,2018,aiddata,AidData,7683564.114372,10,2,constant_2023_usd,commitment
NER::codf,NER,Niger,2018,codf,CODF,,0,0,nominal_usd,loan_commitment
NER::cla,NER,Niger,2018,cla,CLA,,0,0,nominal_usd,loan_commitment
NER::cancel,NER,Niger,2018,cancel,Debt cancellation,,0,0,nominal_usd,debt_cancellation
NER::restruct,NER,Niger,2018,restruct,Debt restructuring,161000000.0,1,1,nominal_usd,debt_restructuring
NER::cofi,NER,Niger,2018,cofi,COFI,,0,0,nominal_usd,investment
NER::cgef,NER,Niger,2018,cgef,CGEF,,0,0,nominal_usd,loan_commitment
NER::chapo,NER,Niger,2018,chapo,CHAPO,,1,0,constant_2021_usd,commitment
NER::aiddata,NER,Niger,2019,aiddata,AidData,1702299485.088221,8,2,constant_2023_usd,commitment
NER::codf,NER,Niger,2019,codf,CODF,,0,0,nominal_usd,loan_commitment
NER::cla,NER,Niger,2019,cla,CLA,,0,0,nominal_usd,loan_commitment
NER::cancel,NER,Niger,2019,cancel,Debt cancellation,,0,0,nominal_usd,debt_cancellation
NER::restruct,NER,Niger,2019,restruct,Debt restructuring,,0,0,nominal_usd,debt_restructuring
NER::cofi,NER,Niger,2019,cofi,COFI,,0,0,nominal_usd,investment
NER::cgef,NER,Niger,2019,cgef,CGEF,,0,0,nominal_usd,loan_commitment
NER::chapo,NER,Niger,2019,chapo,CHAPO,,1,0,constant_2021_usd,commitment
NER::aiddata,NER,Niger,2020,aiddata,AidData,8990214.290691,8,4,constant_2023_usd,commitment
NER::codf,NER,Niger,2020,codf,CODF,,0,0,nominal_usd,loan_commitment
NER::cla,NER,Niger,2020,cla,CLA,,0,0,nominal_usd,loan_commitment
NER::cancel,NER,Niger,2020,cancel,Debt cancellation,,0,0,nominal_usd,debt_cancellation
NER::restruct,NER,Niger,2020,restruct,Debt restructuring,,0,0,nominal_usd,debt_restructuring
NER::cofi,NER,Niger,2020,cofi,COFI,,0,0,nominal_usd,investment
NER::cgef,NER,Niger,2020,cgef,CGEF,,0,0,nominal_usd,loan_commitment
NER::chapo,NER,Niger,2020,chapo,CHAPO,1970440.411325,5,3,constant_2021_usd,commitment
NER::aiddata,NER,Niger,2021,aiddata,AidData,13278839.575364,8,2,constant_2023_usd,commitment
NER::codf,NER,Niger,2021,codf,CODF,,0,0,nominal_usd,loan_commitment
NER::cla,NER,Niger,2021,cla,CLA,,0,0,nominal_usd,loan_commitment
NER::cancel,NER,Niger,2021,cancel,Debt cancellation,,0,0,nominal_usd,debt_cancellation
NER::restruct,NER,Niger,2021,restruct,Debt restructuring,,0,0,nominal_usd,debt_restructuring
NER::cofi,NER,Niger,2021,cofi,COFI,,0,0,nominal_usd,investment
NER::cgef,NER,Niger,2021,cgef,CGEF,,0,0,nominal_usd,loan_commitment
NER::chapo,NER,Niger,2021,chapo,CHAPO,14400000.0,3,2,constant_2021_usd,commitment
NER::aiddata,NER,Niger,2022,aiddata,AidData,22863937.415863,8,3,constant_2023_usd,commitment
NER::codf,NER,Niger,2022,codf,CODF,,0,0,nominal_usd,loan_commitment
NER::cla,NER,Niger,2022,cla,CLA,,0,0,nominal_usd,loan_commitment
NER::cancel,NER,Niger,2022,cancel,Debt cancellation,,0,0,nominal_usd,debt_cancellation
NER::restruct,NER,Niger,2022,restruct,Debt restructuring,,0,0,nominal_usd,debt_restructuring
NER::cofi,NER,Niger,2022,cofi,COFI,,0,0,nominal_usd,investment
NER::cgef,NER,Niger,2022,cgef,CGEF,,0,0,nominal_usd,loan_commitment
NER::chapo,NER,Niger,2022,chapo,CHAPO,,0,0,constant_2021_usd,commitment
NER::aiddata,NER,Niger,2023,aiddata,AidData,1524966.252909,9,2,constant_2023_usd,commitment
NER::codf,NER,Niger,2023,codf,CODF,,0,0,nominal_usd,loan_commitment
NER::cla,NER,Niger,2023,cla,CLA,,0,0,nominal_usd,loan_commitment
NER::cancel,NER,Niger,2023,cancel,Debt cancellation,,0,0,nominal_usd,debt_cancellation
NER::restruct,NER,Niger,2023,restruct,Debt restructuring,,0,0,nominal_usd,debt_restructuring
NER::cofi,NER,Niger,2023,cofi,COFI,,0,0,nominal_usd,investment
NER::cgef,NER,Niger,2023,cgef,CGEF,,0,0,nominal_usd,loan_commitment
NER::chapo,NER,Niger,2023,chapo,CHAPO,,0,0,constant_2021_usd,commitment
NER::aiddata,NER,Niger,2024,aiddata,AidData,,0,0,constant_2023_usd,commitment
NER::codf,NER,Niger,2024,codf,CODF,,0,0,nominal_usd,loan_commitment
NER::cla,NER,Niger,2024,cla,CLA,,0,0,nominal_usd,loan_commitment
NER::cancel,NER,Niger,2024,cancel,Debt cancellation,,0,0,nominal_usd,debt_cancellation
NER::restruct,NER,Niger,2024,restruct,Debt restructuring,,0,0,nominal_usd,debt_restructuring
NER::cofi,NER,Niger,2024,cofi,COFI,,0,0,nominal_usd,investment
NER::cgef,NER,Niger,2024,cgef,CGEF,,0,0,nominal_usd,loan_commitment
NER::chapo,NER,Niger,2024,chapo,CHAPO,,0,0,constant_2021_usd,commitment
NGA::aiddata,NGA,Nigeria,2000,aiddata,AidData,,0,0,constant_2023_usd,commitment
NGA::codf,NGA,Nigeria,2000,codf,CODF,,0,0,nominal_usd,loan_commitment
NGA::cla,NGA,Nigeria,2000,cla,CLA,,0,0,nominal_usd,loan_commitment
NGA::cancel,NGA,Nigeria,2000,cancel,Debt cancellation,,0,0,nominal_usd,debt_cancellation
NGA::restruct,NGA,Nigeria,2000,restruct,Debt restructuring,,0,0,nominal_usd,debt_restructuring
NGA::cofi,NGA,Nigeria,2000,cofi,COFI,,0,0,nominal_usd,investment
NGA::cgef,NGA,Nigeria,2000,cgef,CGEF,,0,0,nominal_usd,loan_commitment
NGA::chapo,NGA,Nigeria,2000,chapo,CHAPO,,0,0,constant_2021_usd,commitment
NGA::aiddata,NGA,Nigeria,2001,aiddata,AidData,,1,0,constant_2023_usd,commitment
NGA::codf,NGA,Nigeria,2001,codf,CODF,,0,0,nominal_usd,loan_commitment
NGA::cla,NGA,Nigeria,2001,cla,CLA,,0,0,nominal_usd,loan_commitment
NGA::cancel,NGA,Nigeria,2001,cancel,Debt cancellation,,0,0,nominal_usd,debt_cancellation
NGA::restruct,NGA,Nigeria,2001,restruct,Debt restructuring,,0,0,nominal_usd,debt_restructuring
NGA::cofi,NGA,Nigeria,2001,cofi,COFI,,0,0,nominal_usd,investment
NGA::cgef,NGA,Nigeria,2001,cgef,CGEF,,0,0,nominal_usd,loan_commitment
NGA::chapo,NGA,Nigeria,2001,chapo,CHAPO,,0,0,constant_2021_usd,commitment
NGA::aiddata,NGA,Nigeria,2002,aiddata,AidData,912147408.091052,6,5,constant_2023_usd,commitment
NGA::codf,NGA,Nigeria,2002,codf,CODF,,0,0,nominal_usd,loan_commitment
NGA::cla,NGA,Nigeria,2002,cla,CLA,389520000.0,4,4,nominal_usd,loan_commitment
NGA::cancel,NGA,Nigeria,2002,cancel,Debt cancellation,,0,0,nominal_usd,debt_cancellation
NGA::restruct,NGA,Nigeria,2002,restruct,Debt restructuring,,0,0,nominal_usd,debt_restructuring
NGA::cofi,NGA,Nigeria,2002,cofi,COFI,229800000.0,2,2,nominal_usd,investment
NGA::cgef,NGA,Nigeria,2002,cgef,CGEF,,0,0,nominal_usd,loan_commitment
NGA::chapo,NGA,Nigeria,2002,chapo,CHAPO,13747001.96102,1,1,constant_2021_usd,commitment
NGA::aiddata,NGA,Nigeria,2003,aiddata,AidData,5496482.568379,1,1,constant_2023_usd,commitment
NGA::codf,NGA,Nigeria,2003,codf,CODF,,0,0,nominal_usd,loan_commitment
NGA::cla,NGA,Nigeria,2003,cla,CLA,,0,0,nominal_usd,loan_commitment
NGA::cancel,NGA,Nigeria,2003,cancel,Debt cancellation,,0,0,nominal_usd,debt_cancellation
NGA::restruct,NGA,Nigeria,2003,restruct,Debt restructuring,,0,0,nominal_usd,debt_restructuring
NGA::cofi,NGA,Nigeria,2003,cofi,COFI,,0,0,nominal_usd,investment
NGA::cgef,NGA,Nigeria,2003,cgef,CGEF,,0,0,nominal_usd,loan_commitment
NGA::chapo,NGA,Nigeria,2003,chapo,CHAPO,,0,0,constant_2021_usd,commitment
NGA::aiddata,NGA,Nigeria,2004,aiddata,AidData,,1,0,constant_2023_usd,commitment
NGA::codf,NGA,Nigeria,2004,codf,CODF,,0,0,nominal_usd,loan_commitment
NGA::cla,NGA,Nigeria,2004,cla,CLA,,0,0,nominal_usd,loan_commitment
NGA::cancel,NGA,Nigeria,2004,cancel,Debt cancellation,,0,0,nominal_usd,debt_cancellation
NGA::restruct,NGA,Nigeria,2004,restruct,Debt restructuring,,0,0,nominal_usd,debt_restructuring
NGA::cofi,NGA,Nigeria,2004,cofi,COFI,,0,0,nominal_usd,investment
NGA::cgef,NGA,Nigeria,2004,cgef,CGEF,,0,0,nominal_usd,loan_commitment
NGA::chapo,NGA,Nigeria,2004,chapo,CHAPO,,0,0,constant_2021_usd,commitment
NGA::aiddata,NGA,Nigeria,2005,aiddata,AidData,55950428.998628,2,2,constant_2023_usd,commitment
NGA::codf,NGA,Nigeria,2005,codf,CODF,,0,0,nominal_usd,loan_commitment
NGA::cla,NGA,Nigeria,2005,cla,CLA,,0,0,nominal_usd,loan_commitment
NGA::cancel,NGA,Nigeria,2005,cancel,Debt cancellation,,0,0,nominal_usd,debt_cancellation
NGA::restruct,NGA,Nigeria,2005,restruct,Debt restructuring,,0,0,nominal_usd,debt_restructuring
NGA::cofi,NGA,Nigeria,2005,cofi,COFI,,0,0,nominal_usd,investment
NGA::cgef,NGA,Nigeria,2005,cgef,CGEF,,0,0,nominal_usd,loan_commitment
NGA::chapo,NGA,Nigeria,2005,chapo,CHAPO,,0,0,constant_2021_usd,commitment
NGA::aiddata,NGA,Nigeria,2006,aiddata,AidData,3416436175.478633,4,4,constant_2023_usd,commitment
NGA::codf,NGA,Nigeria,2006,codf,CODF,,0,0,nominal_usd,loan_commitment
NGA::cla,NGA,Nigeria,2006,cla,CLA,200000000.0,1,1,nominal_usd,loan_commitment
NGA::cancel,NGA,Nigeria,2006,cancel,Debt cancellation,,0,0,nominal_usd,debt_cancellation
NGA::restruct,NGA,Nigeria,2006,restruct,Debt restructuring,,0,0,nominal_usd,debt_restructuring
NGA::cofi,NGA,Nigeria,2006,cofi,COFI,,0,0,nominal_usd,investment
NGA::cgef,NGA,Nigeria,2006,cgef,CGEF,,0,0,nominal_usd,loan_commitment
NGA::chapo,NGA,Nigeria,2006,chapo,CHAPO,1274368.656409,1,1,constant_2021_usd,commitment
NGA::aiddata,NGA,Nigeria,2007,aiddata,AidData,21722309.767018,4,3,constant_2023_usd,commitment
NGA::codf,NGA,Nigeria,2007,codf,CODF,,0,0,nominal_usd,loan_commitment
NGA::cla,NGA,Nigeria,2007,cla,CLA,,0,0,nominal_usd,loan_commitment
NGA::cancel,NGA,Nigeria,2007,cancel,Debt cancellation,,0,0,nominal_usd,debt_cancellation
NGA::restruct,NGA,Nigeria,2007,restruct,Debt restructuring,,0,0,nominal_usd,debt_restructuring
NGA::cofi,NGA,Nigeria,2007,cofi,COFI,,1,0,nominal_usd,investment
NGA::cgef,NGA,Nigeria,2007,cgef,CGEF,,0,0,nominal_usd,loan_commitment
NGA::chapo,NGA,Nigeria,2007,chapo,CHAPO,23492744.051966,2,2,constant_2021_usd,commitment
NGA::aiddata,NGA,Nigeria,2008,aiddata,AidData,64887111.097893,3,2,constant_2023_usd,commitment
NGA::codf,NGA,Nigeria,2008,codf,CODF,,0,0,nominal_usd,loan_commitment
NGA::cla,NGA,Nigeria,2008,cla,CLA,,0,0,nominal_usd,loan_commitment
NGA::cancel,NGA,Nigeria,2008,cancel,Debt cancellation,,0,0,nominal_usd,debt_cancellation
NGA::restruct,NGA,Nigeria,2008,restruct,Debt restructuring,,0,0,nominal_usd,debt_restructuring
NGA::cofi,NGA,Nigeria,2008,cofi,COFI,,0,0,nominal_usd,investment
NGA::cgef,NGA,Nigeria,2008,cgef,CGEF,,0,0,nominal_usd,loan_commitment
NGA::chapo,NGA,Nigeria,2008,chapo,CHAPO,,0,0,constant_2021_usd,commitment
NGA::aiddata,NGA,Nigeria,2009,aiddata,AidData,14888559.853335,3,2,constant_2023_usd,commitment
NGA::codf,NGA,Nigeria,2009,codf,CODF,,0,0,nominal_usd,loan_commitment
NGA::cla,NGA,Nigeria,2009,cla,CLA,,0,0,nominal_usd,loan_commitment
NGA::cancel,NGA,Nigeria,2009,cancel,Debt cancellation,,0,0,nominal_usd,debt_cancellation
NGA::restruct,NGA,Nigeria,2009,restruct,Debt restructuring,,0,0,nominal_usd,debt_restructuring
NGA::cofi,NGA,Nigeria,2009,cofi,COFI,,0,0,nominal_usd,investment
NGA::cgef,NGA,Nigeria,2009,cgef,CGEF,,0,0,nominal_usd,loan_commitment
NGA::chapo,NGA,Nigeria,2009,chapo,CHAPO,1099325.788425,2,1,constant_2021_usd,commitment
NGA::aiddata,NGA,Nigeria,2010,aiddata,AidData,1439960634.485083,4,4,constant_2023_usd,commitment
NGA::codf,NGA,Nigeria,2010,codf,CODF,899500000.0,2,2,nominal_usd,loan_commitment
NGA::cla,NGA,Nigeria,2010,cla,CLA,919600000.0,3,3,nominal_usd,loan_commitment
NGA::cancel,NGA,Nigeria,2010,cancel,Debt cancellation,,0,0,nominal_usd,debt_cancellation
NGA::restruct,NGA,Nigeria,2010,restruct,Debt restructuring,,0,0,nominal_usd,debt_restructuring
NGA::cofi,NGA,Nigeria,2010,cofi,COFI,,0,0,nominal_usd,investment
NGA::cgef,NGA,Nigeria,2010,cgef,CGEF,,0,0,nominal_usd,loan_commitment
NGA::chapo,NGA,Nigeria,2010,chapo,CHAPO,,0,0,constant_2021_usd,commitment
NGA::aiddata,NGA,Nigeria,2011,aiddata,AidData,,1,0,constant_2023_usd,commitment
NGA::codf,NGA,Nigeria,2011,codf,CODF,,0,0,nominal_usd,loan_commitment
NGA::cla,NGA,Nigeria,2011,cla,CLA,,0,0,nominal_usd,loan_commitment
NGA::cancel,NGA,Nigeria,2011,cancel,Debt cancellation,,0,0,nominal_usd,debt_cancellation
NGA::restruct,NGA,Nigeria,2011,restruct,Debt restructuring,,0,0,nominal_usd,debt_restructuring
NGA::cofi,NGA,Nigeria,2011,cofi,COFI,,0,0,nominal_usd,investment
NGA::cgef,NGA,Nigeria,2011,cgef,CGEF,,0,0,nominal_usd,loan_commitment
NGA::chapo,NGA,Nigeria,2011,chapo,CHAPO,,0,0,constant_2021_usd,commitment
NGA::aiddata,NGA,Nigeria,2012,aiddata,AidData,758672484.08538,3,2,constant_2023_usd,commitment
NGA::codf,NGA,Nigeria,2012,codf,CODF,500000000.0,1,1,nominal_usd,loan_commitment
NGA::cla,NGA,Nigeria,2012,cla,CLA,500000000.0,1,1,nominal_usd,loan_commitment
NGA::cancel,NGA,Nigeria,2012,cancel,Debt cancellation,,0,0,nominal_usd,debt_cancellation
NGA::restruct,NGA,Nigeria,2012,restruct,Debt restructuring,,0,0,nominal_usd,debt_restructuring
NGA::cofi,NGA,Nigeria,2012,cofi,COFI,,0,0,nominal_usd,investment
NGA::cgef,NGA,Nigeria,2012,cgef,CGEF,,0,0,nominal_usd,loan_commitment
NGA::chapo,NGA,Nigeria,2012,chapo,CHAPO,1848088.793533,1,1,constant_2021_usd,commitment
NGA::aiddata,NGA,Nigeria,2013,aiddata,AidData,2052776869.658891,14,9,constant_2023_usd,commitment
NGA::codf,NGA,Nigeria,2013,codf,CODF,1584320000.0,3,3,nominal_usd,loan_commitment
NGA::cla,NGA,Nigeria,2013,cla,CLA,1584320000.0,3,3,nominal_usd,loan_commitment
NGA::cancel,NGA,Nigeria,2013,cancel,Debt cancellation,,0,0,nominal_usd,debt_cancellation
NGA::restruct,NGA,Nigeria,2013,restruct,Debt restructuring,,0,0,nominal_usd,debt_restructuring
NGA::cofi,NGA,Nigeria,2013,cofi,COFI,984000000.0,1,1,nominal_usd,investment
NGA::cgef,NGA,Nigeria,2013,cgef,CGEF,984320000.0,1,1,nominal_usd,loan_commitment
NGA::chapo,NGA,Nigeria,2013,chapo,CHAPO,14167.326969,1,1,constant_2021_usd,commitment
NGA::aiddata,NGA,Nigeria,2014,aiddata,AidData,117288852.272576,5,3,constant_2023_usd,commitment
NGA::codf,NGA,Nigeria,2014,codf,CODF,,0,0,nominal_usd,loan_commitment
NGA::cla,NGA,Nigeria,2014,cla,CLA,,0,0,nominal_usd,loan_commitment
NGA::cancel,NGA,Nigeria,2014,cancel,Debt cancellation,,0,0,nominal_usd,debt_cancellation
NGA::restruct,NGA,Nigeria,2014,restruct,Debt restructuring,,0,0,nominal_usd,debt_restructuring
NGA::cofi,NGA,Nigeria,2014,cofi,COFI,,0,0,nominal_usd,investment
NGA::cgef,NGA,Nigeria,2014,cgef,CGEF,,0,0,nominal_usd,loan_commitment
NGA::chapo,NGA,Nigeria,2014,chapo,CHAPO,269518.910487,1,1,constant_2021_usd,commitment
NGA::aiddata,NGA,Nigeria,2015,aiddata,AidData,136567.829771,6,2,constant_2023_usd,commitment
NGA::codf,NGA,Nigeria,2015,codf,CODF,,0,0,nominal_usd,loan_commitment
NGA::cla,NGA,Nigeria,2015,cla,CLA,,0,0,nominal_usd,loan_commitment
NGA::cancel,NGA,Nigeria,2015,cancel,Debt cancellation,,0,0,nominal_usd,debt_cancellation
NGA::restruct,NGA,Nigeria,2015,restruct,Debt restructuring,,0,0,nominal_usd,debt_restructuring
NGA::cofi,NGA,Nigeria,2015,cofi,COFI,,0,0,nominal_usd,investment
NGA::cgef,NGA,Nigeria,2015,cgef,CGEF,,0,0,nominal_usd,loan_commitment
NGA::chapo,NGA,Nigeria,2015,chapo,CHAPO,56716.688963,2,1,constant_2021_usd,commitment
NGA::aiddata,NGA,Nigeria,2016,aiddata,AidData,1345948.324661,5,3,constant_2023_usd,commitment
NGA::codf,NGA,Nigeria,2016,codf,CODF,325670000.0,1,1,nominal_usd,loan_commitment
NGA::cla,NGA,Nigeria,2016,cla,CLA,325670000.0,1,1,nominal_usd,loan_commitment
NGA::cancel,NGA,Nigeria,2016,cancel,Debt cancellation,,0,0,nominal_usd,debt_cancellation
NGA::restruct,NGA,Nigeria,2016,restruct,Debt restructuring,,0,0,nominal_usd,debt_restructuring
NGA::cofi,NGA,Nigeria,2016,cofi,COFI,,0,0,nominal_usd,investment
NGA::cgef,NGA,Nigeria,2016,cgef,CGEF,,0,0,nominal_usd,loan_commitment
NGA::chapo,NGA,Nigeria,2016,chapo,CHAPO,,0,0,constant_2021_usd,commitment
NGA::aiddata,NGA,Nigeria,2017,aiddata,AidData,2000094146.867579,13,9,constant_2023_usd,commitment
NGA::codf,NGA,Nigeria,2017,codf,CODF,2749390000.0,4,4,nominal_usd,loan_commitment
NGA::cla,NGA,Nigeria,2017,cla,CLA,2791890000.0,5,5,nominal_usd,loan_commitment
NGA::cancel,NGA,Nigeria,2017,cancel,Debt cancellation,,0,0,nominal_usd,debt_cancellation
NGA::restruct,NGA,Nigeria,2017,restruct,Debt restructuring,,0,0,nominal_usd,debt_restructuring
NGA::cofi,NGA,Nigeria,2017,cofi,COFI,4930000000.0,1,1,nominal_usd,investment
NGA::cgef,NGA,Nigeria,2017,cgef,CGEF,,0,0,nominal_usd,loan_commitment
NGA::chapo,NGA,Nigeria,2017,chapo,CHAPO,,0,0,constant_2021_usd,commitment
NGA::aiddata,NGA,Nigeria,2018,aiddata,AidData,1100102323.628859,24,13,constant_2023_usd,commitment
NGA::codf,NGA,Nigeria,2018,codf,CODF,885520000.0,3,3,nominal_usd,loan_commitment
NGA::cla,NGA,Nigeria,2018,cla,CLA,884220000.0,3,3,nominal_usd,loan_commitment
NGA::cancel,NGA,Nigeria,2018,cancel,Debt cancellation,,0,0,nominal_usd,debt_cancellation
NGA::restruct,NGA,Nigeria,2018,restruct,Debt restructuring,,0,0,nominal_usd,debt_restructuring
NGA::cofi,NGA,Nigeria,2018,cofi,COFI,,0,0,nominal_usd,investment
NGA::cgef,NGA,Nigeria,2018,cgef,CGEF,,0,0,nominal_usd,loan_commitment
NGA::chapo,NGA,Nigeria,2018,chapo,CHAPO,21092.913353,1,1,constant_2021_usd,commitment
NGA::aiddata,NGA,Nigeria,2019,aiddata,AidData,1273899932.520801,21,14,constant_2023_usd,commitment
NGA::codf,NGA,Nigeria,2019,codf,CODF,1021530000.0,3,3,nominal_usd,loan_commitment
NGA::cla,NGA,Nigeria,2019,cla,CLA,1021530000.0,3,3,nominal_usd,loan_commitment
NGA::cancel,NGA,Nigeria,2019,cancel,Debt cancellation,,0,0,nominal_usd,debt_cancellation
NGA::restruct,NGA,Nigeria,2019,restruct,Debt restructuring,,0,0,nominal_usd,debt_restructuring
NGA::cofi,NGA,Nigeria,2019,cofi,COFI,1000000000.0,2,2,nominal_usd,investment
NGA::cgef,NGA,Nigeria,2019,cgef,CGEF,,0,0,nominal_usd,loan_commitment
NGA::chapo,NGA,Nigeria,2019,chapo,CHAPO,34249.868988,1,1,constant_2021_usd,commitment
NGA::aiddata,NGA,Nigeria,2020,aiddata,AidData,2735467507.766183,27,18,constant_2023_usd,commitment
NGA::codf,NGA,Nigeria,2020,codf,CODF,,0,0,nominal_usd,loan_commitment
NGA::cla,NGA,Nigeria,2020,cla,CLA,,0,0,nominal_usd,loan_commitment
NGA::cancel,NGA,Nigeria,2020,cancel,Debt cancellation,,0,0,nominal_usd,debt_cancellation
NGA::restruct,NGA,Nigeria,2020,restruct,Debt restructuring,,0,0,nominal_usd,debt_restructuring
NGA::cofi,NGA,Nigeria,2020,cofi,COFI,,1,0,nominal_usd,investment
NGA::cgef,NGA,Nigeria,2020,cgef,CGEF,,0,0,nominal_usd,loan_commitment
NGA::chapo,NGA,Nigeria,2020,chapo,CHAPO,2062998.349274,14,7,constant_2021_usd,commitment
NGA::aiddata,NGA,Nigeria,2021,aiddata,AidData,559549362.464397,9,6,constant_2023_usd,commitment
NGA::codf,NGA,Nigeria,2021,codf,CODF,,0,0,nominal_usd,loan_commitment
NGA::cla,NGA,Nigeria,2021,cla,CLA,,0,0,nominal_usd,loan_commitment
NGA::cancel,NGA,Nigeria,2021,cancel,Debt cancellation,,0,0,nominal_usd,debt_cancellation
NGA::restruct,NGA,Nigeria,2021,restruct,Debt restructuring,,0,0,nominal_usd,debt_restructuring
NGA::cofi,NGA,Nigeria,2021,cofi,COFI,,0,0,nominal_usd,investment
NGA::cgef,NGA,Nigeria,2021,cgef,CGEF,,0,0,nominal_usd,loan_commitment
NGA::chapo,NGA,Nigeria,2021,chapo,CHAPO,8460000.0,2,1,constant_2021_usd,commitment
NGA::aiddata,NGA,Nigeria,2022,aiddata,AidData,995239305.806718,8,6,constant_2023_usd,commitment
NGA::codf,NGA,Nigeria,2022,codf,CODF,,0,0,nominal_usd,loan_commitment
NGA::cla,NGA,Nigeria,2022,cla,CLA,,0,0,nominal_usd,loan_commitment
NGA::cancel,NGA,Nigeria,2022,cancel,Debt cancellation,,0,0,nominal_usd,debt_cancellation
NGA::restruct,NGA,Nigeria,2022,restruct,Debt restructuring,,0,0,nominal_usd,debt_restructuring
NGA::cofi,NGA,Nigeria,2022,cofi,COFI,,0,0,nominal_usd,investment
NGA::cgef,NGA,Nigeria,2022,cgef,CGEF,,0,0,nominal_usd,loan_commitment
NGA::chapo,NGA,Nigeria,2022,chapo,CHAPO,,0,0,constant_2021_usd,commitment
NGA::aiddata,NGA,Nigeria,2023,aiddata,AidData,1250468336.688388,9,5,constant_2023_usd,commitment
NGA::codf,NGA,Nigeria,2023,codf,CODF,264910000.0,1,1,nominal_usd,loan_commitment
NGA::cla,NGA,Nigeria,2023,cla,CLA,264920000.0,1,1,nominal_usd,loan_commitment
NGA::cancel,NGA,Nigeria,2023,cancel,Debt cancellation,,0,0,nominal_usd,debt_cancellation
NGA::restruct,NGA,Nigeria,2023,restruct,Debt restructuring,,0,0,nominal_usd,debt_restructuring
NGA::cofi,NGA,Nigeria,2023,cofi,COFI,,0,0,nominal_usd,investment
NGA::cgef,NGA,Nigeria,2023,cgef,CGEF,,0,0,nominal_usd,loan_commitment
NGA::chapo,NGA,Nigeria,2023,chapo,CHAPO,,0,0,constant_2021_usd,commitment
NGA::aiddata,NGA,Nigeria,2024,aiddata,AidData,,0,0,constant_2023_usd,commitment
NGA::codf,NGA,Nigeria,2024,codf,CODF,,0,0,nominal_usd,loan_commitment
NGA::cla,NGA,Nigeria,2024,cla,CLA,,0,0,nominal_usd,loan_commitment
NGA::cancel,NGA,Nigeria,2024,cancel,Debt cancellation,,0,0,nominal_usd,debt_cancellation
NGA::restruct,NGA,Nigeria,2024,restruct,Debt restructuring,,0,0,nominal_usd,debt_restructuring
NGA::cofi,NGA,Nigeria,2024,cofi,COFI,,0,0,nominal_usd,investment
NGA::cgef,NGA,Nigeria,2024,cgef,CGEF,,0,0,nominal_usd,loan_commitment
NGA::chapo,NGA,Nigeria,2024,chapo,CHAPO,,0,0,constant_2021_usd,commitment
RWA::aiddata,RWA,Rwanda,2000,aiddata,AidData,,1,0,constant_2023_usd,commitment
RWA::codf,RWA,Rwanda,2000,codf,CODF,,0,0,nominal_usd,loan_commitment
RWA::cla,RWA,Rwanda,2000,cla,CLA,,0,0,nominal_usd,loan_commitment
RWA::cancel,RWA,Rwanda,2000,cancel,Debt cancellation,,0,0,nominal_usd,debt_cancellation
RWA::restruct,RWA,Rwanda,2000,restruct,Debt restructuring,,0,0,nominal_usd,debt_restructuring
RWA::cofi,RWA,Rwanda,2000,cofi,COFI,,0,0,nominal_usd,investment
RWA::cgef,RWA,Rwanda,2000,cgef,CGEF,,0,0,nominal_usd,loan_commitment
RWA::chapo,RWA,Rwanda,2000,chapo,CHAPO,,0,0,constant_2021_usd,commitment
RWA::aiddata,RWA,Rwanda,2001,aiddata,AidData,46872921.428565,3,3,constant_2023_usd,commitment
RWA::codf,RWA,Rwanda,2001,codf,CODF,,0,0,nominal_usd,loan_commitment
RWA::cla,RWA,Rwanda,2001,cla,CLA,,0,0,nominal_usd,loan_commitment
RWA::cancel,RWA,Rwanda,2001,cancel,Debt cancellation,16350000.0,1,1,nominal_usd,debt_cancellation
RWA::restruct,RWA,Rwanda,2001,restruct,Debt restructuring,,0,0,nominal_usd,debt_restructuring
RWA::cofi,RWA,Rwanda,2001,cofi,COFI,,0,0,nominal_usd,investment
RWA::cgef,RWA,Rwanda,2001,cgef,CGEF,,0,0,nominal_usd,loan_commitment
RWA::chapo,RWA,Rwanda,2001,chapo,CHAPO,,0,0,constant_2021_usd,commitment
RWA::aiddata,RWA,Rwanda,2002,aiddata,AidData,25394438.234204,2,2,constant_2023_usd,commitment
RWA::codf,RWA,Rwanda,2002,codf,CODF,,0,0,nominal_usd,loan_commitment
RWA::cla,RWA,Rwanda,2002,cla,CLA,,0,0,nominal_usd,loan_commitment
RWA::cancel,RWA,Rwanda,2002,cancel,Debt cancellation,,0,0,nominal_usd,debt_cancellation
RWA::restruct,RWA,Rwanda,2002,restruct,Debt restructuring,,0,0,nominal_usd,debt_restructuring
RWA::cofi,RWA,Rwanda,2002,cofi,COFI,,0,0,nominal_usd,investment
RWA::cgef,RWA,Rwanda,2002,cgef,CGEF,,0,0,nominal_usd,loan_commitment
RWA::chapo,RWA,Rwanda,2002,chapo,CHAPO,,0,0,constant_2021_usd,commitment
RWA::aiddata,RWA,Rwanda,2003,aiddata,AidData,,1,0,constant_2023_usd,commitment
RWA::codf,RWA,Rwanda,2003,codf,CODF,,0,0,nominal_usd,loan_commitment
RWA::cla,RWA,Rwanda,2003,cla,CLA,3800000.0,1,1,nominal_usd,loan_commitment
RWA::cancel,RWA,Rwanda,2003,cancel,Debt cancellation,,0,0,nominal_usd,debt_cancellation
RWA::restruct,RWA,Rwanda,2003,restruct,Debt restructuring,,0,0,nominal_usd,debt_restructuring
RWA::cofi,RWA,Rwanda,2003,cofi,COFI,,0,0,nominal_usd,investment
RWA::cgef,RWA,Rwanda,2003,cgef,CGEF,,0,0,nominal_usd,loan_commitment
RWA::chapo,RWA,Rwanda,2003,chapo,CHAPO,,0,0,constant_2021_usd,commitment
RWA::aiddata,RWA,Rwanda,2004,aiddata,AidData,,2,0,constant_2023_usd,commitment
RWA::codf,RWA,Rwanda,2004,codf,CODF,,0,0,nominal_usd,loan_commitment
RWA::cla,RWA,Rwanda,2004,cla,CLA,,0,0,nominal_usd,loan_commitment
RWA::cancel,RWA,Rwanda,2004,cancel,Debt cancellation,,0,0,nominal_usd,debt_cancellation
RWA::restruct,RWA,Rwanda,2004,restruct,Debt restructuring,,0,0,nominal_usd,debt_restructuring
RWA::cofi,RWA,Rwanda,2004,cofi,COFI,,0,0,nominal_usd,investment
RWA::cgef,RWA,Rwanda,2004,cgef,CGEF,,0,0,nominal_usd,loan_commitment
RWA::chapo,RWA,Rwanda,2004,chapo,CHAPO,,0,0,constant_2021_usd,commitment
RWA::aiddata,RWA,Rwanda,2005,aiddata,AidData,,1,0,constant_2023_usd,commitment
RWA::codf,RWA,Rwanda,2005,codf,CODF,,0,0,nominal_usd,loan_commitment
RWA::cla,RWA,Rwanda,2005,cla,CLA,,0,0,nominal_usd,loan_commitment
RWA::cancel,RWA,Rwanda,2005,cancel,Debt cancellation,,0,0,nominal_usd,debt_cancellation
RWA::restruct,RWA,Rwanda,2005,restruct,Debt restructuring,,0,0,nominal_usd,debt_restructuring
RWA::cofi,RWA,Rwanda,2005,cofi,COFI,,0,0,nominal_usd,investment
RWA::cgef,RWA,Rwanda,2005,cgef,CGEF,,0,0,nominal_usd,loan_commitment
RWA::chapo,RWA,Rwanda,2005,chapo,CHAPO,,0,0,constant_2021_usd,commitment
RWA::aiddata,RWA,Rwanda,2006,aiddata,AidData,63254191.579307,6,5,constant_2023_usd,commitment
RWA::codf,RWA,Rwanda,2006,codf,CODF,,0,0,nominal_usd,loan_commitment
RWA::cla,RWA,Rwanda,2006,cla,CLA,,0,0,nominal_usd,loan_commitment
RWA::cancel,RWA,Rwanda,2006,cancel,Debt cancellation,,0,0,nominal_usd,debt_cancellation
RWA::restruct,RWA,Rwanda,2006,restruct,Debt restructuring,,0,0,nominal_usd,debt_restructuring
RWA::cofi,RWA,Rwanda,2006,cofi,COFI,,0,0,nominal_usd,investment
RWA::cgef,RWA,Rwanda,2006,cgef,CGEF,,0,0,nominal_usd,loan_commitment
RWA::chapo,RWA,Rwanda,2006,chapo,CHAPO,25997120.590734,2,2,constant_2021_usd,commitment
RWA::aiddata,RWA,Rwanda,2007,aiddata,AidData,56814877.636883,4,2,constant_2023_usd,commitment
RWA::codf,RWA,Rwanda,2007,codf,CODF,,0,0,nominal_usd,loan_commitment
RWA::cla,RWA,Rwanda,2007,cla,CLA,,0,0,nominal_usd,loan_commitment
RWA::cancel,RWA,Rwanda,2007,cancel,Debt cancellation,,1,0,nominal_usd,debt_cancellation
RWA::restruct,RWA,Rwanda,2007,restruct,Debt restructuring,,0,0,nominal_usd,debt_restructuring
RWA::cofi,RWA,Rwanda,2007,cofi,COFI,,0,0,nominal_usd,investment
RWA::cgef,RWA,Rwanda,2007,cgef,CGEF,,0,0,nominal_usd,loan_commitment
RWA::chapo,RWA,Rwanda,2007,chapo,CHAPO,,2,0,constant_2021_usd,commitment
RWA::aiddata,RWA,Rwanda,2008,aiddata,AidData,2181074.272208,5,2,constant_2023_usd,commitment
RWA::codf,RWA,Rwanda,2008,codf,CODF,,0,0,nominal_usd,loan_commitment
RWA::cla,RWA,Rwanda,2008,cla,CLA,,0,0,nominal_usd,loan_commitment
RWA::cancel,RWA,Rwanda,2008,cancel,Debt cancellation,,0,0,nominal_usd,debt_cancellation
RWA::restruct,RWA,Rwanda,2008,restruct,Debt restructuring,,0,0,nominal_usd,debt_restructuring
RWA::cofi,RWA,Rwanda,2008,cofi,COFI,,0,0,nominal_usd,investment
RWA::cgef,RWA,Rwanda,2008,cgef,CGEF,,0,0,nominal_usd,loan_commitment
RWA::chapo,RWA,Rwanda,2008,chapo,CHAPO,2193614.191434,1,1,constant_2021_usd,commitment
RWA::aiddata,RWA,Rwanda,2009,aiddata,AidData,44570850.672808,5,2,constant_2023_usd,commitment
RWA::codf,RWA,Rwanda,2009,codf,CODF,32060000.0,1,1,nominal_usd,loan_commitment
RWA::cla,RWA,Rwanda,2009,cla,CLA,32060000.0,1,1,nominal_usd,loan_commitment
RWA::cancel,RWA,Rwanda,2009,cancel,Debt cancellation,,0,0,nominal_usd,debt_cancellation
RWA::restruct,RWA,Rwanda,2009,restruct,Debt restructuring,,0,0,nominal_usd,debt_restructuring
RWA::cofi,RWA,Rwanda,2009,cofi,COFI,,0,0,nominal_usd,investment
RWA::cgef,RWA,Rwanda,2009,cgef,CGEF,,0,0,nominal_usd,loan_commitment
RWA::chapo,RWA,Rwanda,2009,chapo,CHAPO,,2,0,constant_2021_usd,commitment
RWA::aiddata,RWA,Rwanda,2010,aiddata,AidData,1900016.676335,1,1,constant_2023_usd,commitment
RWA::codf,RWA,Rwanda,2010,codf,CODF,,0,0,nominal_usd,loan_commitment
RWA::cla,RWA,Rwanda,2010,cla,CLA,6000000.0,1,1,nominal_usd,loan_commitment
RWA::cancel,RWA,Rwanda,2010,cancel,Debt cancellation,,0,0,nominal_usd,debt_cancellation
RWA::restruct,RWA,Rwanda,2010,restruct,Debt restructuring,,0,0,nominal_usd,debt_restructuring
RWA::cofi,RWA,Rwanda,2010,cofi,COFI,,0,0,nominal_usd,investment
RWA::cgef,RWA,Rwanda,2010,cgef,CGEF,,0,0,nominal_usd,loan_commitment
RWA::chapo,RWA,Rwanda,2010,chapo,CHAPO,,0,0,constant_2021_usd,commitment
RWA::aiddata,RWA,Rwanda,2011,aiddata,AidData,,2,0,constant_2023_usd,commitment
RWA::codf,RWA,Rwanda,2011,codf,CODF,,0,0,nominal_usd,loan_commitment
RWA::cla,RWA,Rwanda,2011,cla,CLA,20240000.0,2,2,nominal_usd,loan_commitment
RWA::cancel,RWA,Rwanda,2011,cancel,Debt cancellation,,0,0,nominal_usd,debt_cancellation
RWA::restruct,RWA,Rwanda,2011,restruct,Debt restructuring,,0,0,nominal_usd,debt_restructuring
RWA::cofi,RWA,Rwanda,2011,cofi,COFI,,0,0,nominal_usd,investment
RWA::cgef,RWA,Rwanda,2011,cgef,CGEF,,0,0,nominal_usd,loan_commitment
RWA::chapo,RWA,Rwanda,2011,chapo,CHAPO,,1,0,constant_2021_usd,commitment
RWA::aiddata,RWA,Rwanda,2012,aiddata,AidData,189382090.12344,9,5,constant_2023_usd,commitment
RWA::codf,RWA,Rwanda,2012,codf,CODF,113000000.0,1,1,nominal_usd,loan_commitment
RWA::cla,RWA,Rwanda,2012,cla,CLA,141420000.0,3,3,nominal_usd,loan_commitment
RWA::cancel,RWA,Rwanda,2012,cancel,Debt cancellation,,0,0,nominal_usd,debt_cancellation
RWA::restruct,RWA,Rwanda,2012,restruct,Debt restructuring,,0,0,nominal_usd,debt_restructuring
RWA::cofi,RWA,Rwanda,2012,cofi,COFI,,0,0,nominal_usd,investment
RWA::cgef,RWA,Rwanda,2012,cgef,CGEF,,0,0,nominal_usd,loan_commitment
RWA::chapo,RWA,Rwanda,2012,chapo,CHAPO,,0,0,constant_2021_usd,commitment
RWA::aiddata,RWA,Rwanda,2013,aiddata,AidData,2376793.942827,6,3,constant_2023_usd,commitment
RWA::codf,RWA,Rwanda,2013,codf,CODF,,0,0,nominal_usd,loan_commitment
RWA::cla,RWA,Rwanda,2013,cla,CLA,,0,0,nominal_usd,loan_commitment
RWA::cancel,RWA,Rwanda,2013,cancel,Debt cancellation,,0,0,nominal_usd,debt_cancellation
RWA::restruct,RWA,Rwanda,2013,restruct,Debt restructuring,,0,0,nominal_usd,debt_restructuring
RWA::cofi,RWA,Rwanda,2013,cofi,COFI,,0,0,nominal_usd,investment
RWA::cgef,RWA,Rwanda,2013,cgef,CGEF,,0,0,nominal_usd,loan_commitment
RWA::chapo,RWA,Rwanda,2013,chapo,CHAPO,1831931.360756,2,1,constant_2021_usd,commitment
RWA::aiddata,RWA,Rwanda,2014,aiddata,AidData,47815031.188354,6,3,constant_2023_usd,commitment
RWA::codf,RWA,Rwanda,2014,codf,CODF,,0,0,nominal_usd,loan_commitment
RWA::cla,RWA,Rwanda,2014,cla,CLA,8150000.0,1,1,nominal_usd,loan_commitment
RWA::cancel,RWA,Rwanda,2014,cancel,Debt cancellation,,0,0,nominal_usd,debt_cancellation
RWA::restruct,RWA,Rwanda,2014,restruct,Debt restructuring,,0,0,nominal_usd,debt_restructuring
RWA::cofi,RWA,Rwanda,2014,cofi,COFI,,0,0,nominal_usd,investment
RWA::cgef,RWA,Rwanda,2014,cgef,CGEF,,0,0,nominal_usd,loan_commitment
RWA::chapo,RWA,Rwanda,2014,chapo,CHAPO,,0,0,constant_2021_usd,commitment
RWA::aiddata,RWA,Rwanda,2015,aiddata,AidData,,3,0,constant_2023_usd,commitment
RWA::codf,RWA,Rwanda,2015,codf,CODF,,0,0,nominal_usd,loan_commitment
RWA::cla,RWA,Rwanda,2015,cla,CLA,,0,0,nominal_usd,loan_commitment
RWA::cancel,RWA,Rwanda,2015,cancel,Debt cancellation,,0,0,nominal_usd,debt_cancellation
RWA::restruct,RWA,Rwanda,2015,restruct,Debt restructuring,,0,0,nominal_usd,debt_restructuring
RWA::cofi,RWA,Rwanda,2015,cofi,COFI,,0,0,nominal_usd,investment
RWA::cgef,RWA,Rwanda,2015,cgef,CGEF,,0,0,nominal_usd,loan_commitment
RWA::chapo,RWA,Rwanda,2015,chapo,CHAPO,,1,0,constant_2021_usd,commitment
RWA::aiddata,RWA,Rwanda,2016,aiddata,AidData,125910645.378373,6,2,constant_2023_usd,commitment
RWA::codf,RWA,Rwanda,2016,codf,CODF,73930000.0,1,1,nominal_usd,loan_commitment
RWA::cla,RWA,Rwanda,2016,cla,CLA,75660000.0,1,1,nominal_usd,loan_commitment
RWA::cancel,RWA,Rwanda,2016,cancel,Debt cancellation,,0,0,nominal_usd,debt_cancellation
RWA::restruct,RWA,Rwanda,2016,restruct,Debt restructuring,,0,0,nominal_usd,debt_restructuring
RWA::cofi,RWA,Rwanda,2016,cofi,COFI,,0,0,nominal_usd,investment
RWA::cgef,RWA,Rwanda,2016,cgef,CGEF,,0,0,nominal_usd,loan_commitment
RWA::chapo,RWA,Rwanda,2016,chapo,CHAPO,49593789.351056,1,1,constant_2021_usd,commitment
RWA::aiddata,RWA,Rwanda,2017,aiddata,AidData,49452081.17707,8,3,constant_2023_usd,commitment
RWA::codf,RWA,Rwanda,2017,codf,CODF,,0,0,nominal_usd,loan_commitment
RWA::cla,RWA,Rwanda,2017,cla,CLA,,0,0,nominal_usd,loan_commitment
RWA::cancel,RWA,Rwanda,2017,cancel,Debt cancellation,,0,0,nominal_usd,debt_cancellation
RWA::restruct,RWA,Rwanda,2017,restruct,Debt restructuring,,0,0,nominal_usd,debt_restructuring
RWA::cofi,RWA,Rwanda,2017,cofi,COFI,,0,0,nominal_usd,investment
RWA::cgef,RWA,Rwanda,2017,cgef,CGEF,,0,0,nominal_usd,loan_commitment
RWA::chapo,RWA,Rwanda,2017,chapo,CHAPO,,2,0,constant_2021_usd,commitment
RWA::aiddata,RWA,Rwanda,2018,aiddata,AidData,147089672.41042,15,4,constant_2023_usd,commitment
RWA::codf,RWA,Rwanda,2018,codf,CODF,134440000.0,2,2,nominal_usd,loan_commitment
RWA::cla,RWA,Rwanda,2018,cla,CLA,134480000.0,2,2,nominal_usd,loan_commitment
RWA::cancel,RWA,Rwanda,2018,cancel,Debt cancellation,,0,0,nominal_usd,debt_cancellation
RWA::restruct,RWA,Rwanda,2018,restruct,Debt restructuring,,0,0,nominal_usd,debt_restructuring
RWA::cofi,RWA,Rwanda,2018,cofi,COFI,,0,0,nominal_usd,investment
RWA::cgef,RWA,Rwanda,2018,cgef,CGEF,,0,0,nominal_usd,loan_commitment
RWA::chapo,RWA,Rwanda,2018,chapo,CHAPO,,1,0,constant_2021_usd,commitment
RWA::aiddata,RWA,Rwanda,2019,aiddata,AidData,45347333.139311,9,1,constant_2023_usd,commitment
RWA::codf,RWA,Rwanda,2019,codf,CODF,,0,0,nominal_usd,loan_commitment
RWA::cla,RWA,Rwanda,2019,cla,CLA,,0,0,nominal_usd,loan_commitment
RWA::cancel,RWA,Rwanda,2019,cancel,Debt cancellation,,0,0,nominal_usd,debt_cancellation
RWA::restruct,RWA,Rwanda,2019,restruct,Debt restructuring,,0,0,nominal_usd,debt_restructuring
RWA::cofi,RWA,Rwanda,2019,cofi,COFI,,0,0,nominal_usd,investment
RWA::cgef,RWA,Rwanda,2019,cgef,CGEF,,0,0,nominal_usd,loan_commitment
RWA::chapo,RWA,Rwanda,2019,chapo,CHAPO,,1,0,constant_2021_usd,commitment
RWA::aiddata,RWA,Rwanda,2020,aiddata,AidData,280167862.121442,16,15,constant_2023_usd,commitment
RWA::codf,RWA,Rwanda,2020,codf,CODF,214000000.0,1,1,nominal_usd,loan_commitment
RWA::cla,RWA,Rwanda,2020,cla,CLA,214000000.0,1,1,nominal_usd,loan_commitment
RWA::cancel,RWA,Rwanda,2020,cancel,Debt cancellation,,0,0,nominal_usd,debt_cancellation
RWA::restruct,RWA,Rwanda,2020,restruct,Debt restructuring,,0,0,nominal_usd,debt_restructuring
RWA::cofi,RWA,Rwanda,2020,cofi,COFI,214000000.0,1,1,nominal_usd,investment
RWA::cgef,RWA,Rwanda,2020,cgef,CGEF,214000000.0,1,1,nominal_usd,loan_commitment
RWA::chapo,RWA,Rwanda,2020,chapo,CHAPO,7137671.58658,9,9,constant_2021_usd,commitment
RWA::aiddata,RWA,Rwanda,2021,aiddata,AidData,8348047.282199,6,3,constant_2023_usd,commitment
RWA::codf,RWA,Rwanda,2021,codf,CODF,,0,0,nominal_usd,loan_commitment
RWA::cla,RWA,Rwanda,2021,cla,CLA,,0,0,nominal_usd,loan_commitment
RWA::cancel,RWA,Rwanda,2021,cancel,Debt cancellation,,0,0,nominal_usd,debt_cancellation
RWA::restruct,RWA,Rwanda,2021,restruct,Debt restructuring,,0,0,nominal_usd,debt_restructuring
RWA::cofi,RWA,Rwanda,2021,cofi,COFI,,0,0,nominal_usd,investment
RWA::cgef,RWA,Rwanda,2021,cgef,CGEF,,0,0,nominal_usd,loan_commitment
RWA::chapo,RWA,Rwanda,2021,chapo,CHAPO,9052890.516631,4,3,constant_2021_usd,commitment
RWA::aiddata,RWA,Rwanda,2022,aiddata,AidData,65668552.803597,9,4,constant_2023_usd,commitment
RWA::codf,RWA,Rwanda,2022,codf,CODF,29450000.0,1,1,nominal_usd,loan_commitment
RWA::cla,RWA,Rwanda,2022,cla,CLA,29460000.0,1,1,nominal_usd,loan_commitment
RWA::cancel,RWA,Rwanda,2022,cancel,Debt cancellation,,0,0,nominal_usd,debt_cancellation
RWA::restruct,RWA,Rwanda,2022,restruct,Debt restructuring,,0,0,nominal_usd,debt_restructuring
RWA::cofi,RWA,Rwanda,2022,cofi,COFI,,0,0,nominal_usd,investment
RWA::cgef,RWA,Rwanda,2022,cgef,CGEF,,0,0,nominal_usd,loan_commitment
RWA::chapo,RWA,Rwanda,2022,chapo,CHAPO,,0,0,constant_2021_usd,commitment
RWA::aiddata,RWA,Rwanda,2023,aiddata,AidData,50000000.0,6,1,constant_2023_usd,commitment
RWA::codf,RWA,Rwanda,2023,codf,CODF,,0,0,nominal_usd,loan_commitment
RWA::cla,RWA,Rwanda,2023,cla,CLA,,0,0,nominal_usd,loan_commitment
RWA::cancel,RWA,Rwanda,2023,cancel,Debt cancellation,,0,0,nominal_usd,debt_cancellation
RWA::restruct,RWA,Rwanda,2023,restruct,Debt restructuring,,0,0,nominal_usd,debt_restructuring
RWA::cofi,RWA,Rwanda,2023,cofi,COFI,,0,0,nominal_usd,investment
RWA::cgef,RWA,Rwanda,2023,cgef,CGEF,,0,0,nominal_usd,loan_commitment
RWA::chapo,RWA,Rwanda,2023,chapo,CHAPO,,0,0,constant_2021_usd,commitment
RWA::aiddata,RWA,Rwanda,2024,aiddata,AidData,,0,0,constant_2023_usd,commitment
RWA::codf,RWA,Rwanda,2024,codf,CODF,,0,0,nominal_usd,loan_commitment
RWA::cla,RWA,Rwanda,2024,cla,CLA,,0,0,nominal_usd,loan_commitment
RWA::cancel,RWA,Rwanda,2024,cancel,Debt cancellation,,0,0,nominal_usd,debt_cancellation
RWA::restruct,RWA,Rwanda,2024,restruct,Debt restructuring,,0,0,nominal_usd,debt_restructuring
RWA::cofi,RWA,Rwanda,2024,cofi,COFI,,0,0,nominal_usd,investment
RWA::cgef,RWA,Rwanda,2024,cgef,CGEF,,0,0,nominal_usd,loan_commitment
RWA::chapo,RWA,Rwanda,2024,chapo,CHAPO,,0,0,constant_2021_usd,commitment
SDN::aiddata,SDN,Sudan,2000,aiddata,AidData,810029691.010383,5,4,constant_2023_usd,commitment
SDN::codf,SDN,Sudan,2000,codf,CODF,,0,0,nominal_usd,loan_commitment
SDN::cla,SDN,Sudan,2000,cla,CLA,,0,0,nominal_usd,loan_commitment
SDN::cancel,SDN,Sudan,2000,cancel,Debt cancellation,,0,0,nominal_usd,debt_cancellation
SDN::restruct,SDN,Sudan,2000,restruct,Debt restructuring,,0,0,nominal_usd,debt_restructuring
SDN::cofi,SDN,Sudan,2000,cofi,COFI,149000000.0,1,1,nominal_usd,investment
SDN::cgef,SDN,Sudan,2000,cgef,CGEF,,0,0,nominal_usd,loan_commitment
SDN::chapo,SDN,Sudan,2000,chapo,CHAPO,,0,0,constant_2021_usd,commitment
SDN::aiddata,SDN,Sudan,2001,aiddata,AidData,547951875.078137,6,5,constant_2023_usd,commitment
SDN::codf,SDN,Sudan,2001,codf,CODF,,0,0,nominal_usd,loan_commitment
SDN::cla,SDN,Sudan,2001,cla,CLA,127500000.0,1,1,nominal_usd,loan_commitment
SDN::cancel,SDN,Sudan,2001,cancel,Debt cancellation,67000000.0,1,1,nominal_usd,debt_cancellation
SDN::restruct,SDN,Sudan,2001,restruct,Debt restructuring,,0,0,nominal_usd,debt_restructuring
SDN::cofi,SDN,Sudan,2001,cofi,COFI,,0,0,nominal_usd,investment
SDN::cgef,SDN,Sudan,2001,cgef,CGEF,,0,0,nominal_usd,loan_commitment
SDN::chapo,SDN,Sudan,2001,chapo,CHAPO,,1,0,constant_2021_usd,commitment
SDN::aiddata,SDN,Sudan,2002,aiddata,AidData,138710177.66731,5,5,constant_2023_usd,commitment
SDN::codf,SDN,Sudan,2002,codf,CODF,,0,0,nominal_usd,loan_commitment
SDN::cla,SDN,Sudan,2002,cla,CLA,54320000.0,3,3,nominal_usd,loan_commitment
SDN::cancel,SDN,Sudan,2002,cancel,Debt cancellation,,0,0,nominal_usd,debt_cancellation
SDN::restruct,SDN,Sudan,2002,restruct,Debt restructuring,,0,0,nominal_usd,debt_restructuring
SDN::cofi,SDN,Sudan,2002,cofi,COFI,,0,0,nominal_usd,investment
SDN::cgef,SDN,Sudan,2002,cgef,CGEF,50700000.0,2,2,nominal_usd,loan_commitment
SDN::chapo,SDN,Sudan,2002,chapo,CHAPO,6248637.255009,1,1,constant_2021_usd,commitment
SDN::aiddata,SDN,Sudan,2003,aiddata,AidData,2676083215.658728,9,8,constant_2023_usd,commitment
SDN::codf,SDN,Sudan,2003,codf,CODF,,0,0,nominal_usd,loan_commitment
SDN::cla,SDN,Sudan,2003,cla,CLA,1243850000.0,8,8,nominal_usd,loan_commitment
SDN::cancel,SDN,Sudan,2003,cancel,Debt cancellation,,0,0,nominal_usd,debt_cancellation
SDN::restruct,SDN,Sudan,2003,restruct,Debt restructuring,,0,0,nominal_usd,debt_restructuring
SDN::cofi,SDN,Sudan,2003,cofi,COFI,608000000.0,1,1,nominal_usd,investment
SDN::cgef,SDN,Sudan,2003,cgef,CGEF,989000000.0,2,2,nominal_usd,loan_commitment
SDN::chapo,SDN,Sudan,2003,chapo,CHAPO,,1,0,constant_2021_usd,commitment
SDN::aiddata,SDN,Sudan,2004,aiddata,AidData,826277609.643576,21,19,constant_2023_usd,commitment
SDN::codf,SDN,Sudan,2004,codf,CODF,,0,0,nominal_usd,loan_commitment
SDN::cla,SDN,Sudan,2004,cla,CLA,258900000.0,8,8,nominal_usd,loan_commitment
SDN::cancel,SDN,Sudan,2004,cancel,Debt cancellation,,0,0,nominal_usd,debt_cancellation
SDN::restruct,SDN,Sudan,2004,restruct,Debt restructuring,,0,0,nominal_usd,debt_restructuring
SDN::cofi,SDN,Sudan,2004,cofi,COFI,,0,0,nominal_usd,investment
SDN::cgef,SDN,Sudan,2004,cgef,CGEF,,0,0,nominal_usd,loan_commitment
SDN::chapo,SDN,Sudan,2004,chapo,CHAPO,7516252.002226,5,4,constant_2021_usd,commitment
SDN::aiddata,SDN,Sudan,2005,aiddata,AidData,1626495084.60613,15,12,constant_2023_usd,commitment
SDN::codf,SDN,Sudan,2005,codf,CODF,,0,0,nominal_usd,loan_commitment
SDN::cla,SDN,Sudan,2005,cla,CLA,342960000.0,11,11,nominal_usd,loan_commitment
SDN::cancel,SDN,Sudan,2005,cancel,Debt cancellation,,0,0,nominal_usd,debt_cancellation
SDN::restruct,SDN,Sudan,2005,restruct,Debt restructuring,,0,0,nominal_usd,debt_restructuring
SDN::cofi,SDN,Sudan,2005,cofi,COFI,175000000.0,1,1,nominal_usd,investment
SDN::cgef,SDN,Sudan,2005,cgef,CGEF,170800000.0,2,2,nominal_usd,loan_commitment
SDN::chapo,SDN,Sudan,2005,chapo,CHAPO,,1,0,constant_2021_usd,commitment
SDN::aiddata,SDN,Sudan,2006,aiddata,AidData,843985198.036779,18,15,constant_2023_usd,commitment
SDN::codf,SDN,Sudan,2006,codf,CODF,,0,0,nominal_usd,loan_commitment
SDN::cla,SDN,Sudan,2006,cla,CLA,248000000.0,9,9,nominal_usd,loan_commitment
SDN::cancel,SDN,Sudan,2006,cancel,Debt cancellation,,0,0,nominal_usd,debt_cancellation
SDN::restruct,SDN,Sudan,2006,restruct,Debt restructuring,,0,0,nominal_usd,debt_restructuring
SDN::cofi,SDN,Sudan,2006,cofi,COFI,5000000.0,1,1,nominal_usd,investment
SDN::cgef,SDN,Sudan,2006,cgef,CGEF,4600000.0,1,1,nominal_usd,loan_commitment
SDN::chapo,SDN,Sudan,2006,chapo,CHAPO,2641533.810834,1,1,constant_2021_usd,commitment
SDN::aiddata,SDN,Sudan,2007,aiddata,AidData,2068577047.340896,27,21,constant_2023_usd,commitment
SDN::codf,SDN,Sudan,2007,codf,CODF,,0,0,nominal_usd,loan_commitment
SDN::cla,SDN,Sudan,2007,cla,CLA,6790000.0,1,1,nominal_usd,loan_commitment
SDN::cancel,SDN,Sudan,2007,cancel,Debt cancellation,83350000.0,1,1,nominal_usd,debt_cancellation
SDN::restruct,SDN,Sudan,2007,restruct,Debt restructuring,,0,0,nominal_usd,debt_restructuring
SDN::cofi,SDN,Sudan,2007,cofi,COFI,,0,0,nominal_usd,investment
SDN::cgef,SDN,Sudan,2007,cgef,CGEF,,0,0,nominal_usd,loan_commitment
SDN::chapo,SDN,Sudan,2007,chapo,CHAPO,53977.931487,3,1,constant_2021_usd,commitment
SDN::aiddata,SDN,Sudan,2008,aiddata,AidData,264893807.841649,19,15,constant_2023_usd,commitment
SDN::codf,SDN,Sudan,2008,codf,CODF,51000000.0,1,1,nominal_usd,loan_commitment
SDN::cla,SDN,Sudan,2008,cla,CLA,188870000.0,4,4,nominal_usd,loan_commitment
SDN::cancel,SDN,Sudan,2008,cancel,Debt cancellation,,0,0,nominal_usd,debt_cancellation
SDN::restruct,SDN,Sudan,2008,restruct,Debt restructuring,,0,0,nominal_usd,debt_restructuring
SDN::cofi,SDN,Sudan,2008,cofi,COFI,,0,0,nominal_usd,investment
SDN::cgef,SDN,Sudan,2008,cgef,CGEF,,0,0,nominal_usd,loan_commitment
SDN::chapo,SDN,Sudan,2008,chapo,CHAPO,19776598.513691,2,2,constant_2021_usd,commitment
SDN::aiddata,SDN,Sudan,2009,aiddata,AidData,2427967171.098398,23,17,constant_2023_usd,commitment
SDN::codf,SDN,Sudan,2009,codf,CODF,668800000.0,6,6,nominal_usd,loan_commitment
SDN::cla,SDN,Sudan,2009,cla,CLA,1801510000.0,9,9,nominal_usd,loan_commitment
SDN::cancel,SDN,Sudan,2009,cancel,Debt cancellation,,0,0,nominal_usd,debt_cancellation
SDN::restruct,SDN,Sudan,2009,restruct,Debt restructuring,,0,0,nominal_usd,debt_restructuring
SDN::cofi,SDN,Sudan,2009,cofi,COFI,612000000.0,1,1,nominal_usd,investment
SDN::cgef,SDN,Sudan,2009,cgef,CGEF,612000000.0,1,1,nominal_usd,loan_commitment
SDN::chapo,SDN,Sudan,2009,chapo,CHAPO,,3,0,constant_2021_usd,commitment
SDN::aiddata,SDN,Sudan,2010,aiddata,AidData,672023799.458249,19,13,constant_2023_usd,commitment
SDN::codf,SDN,Sudan,2010,codf,CODF,322200000.0,3,3,nominal_usd,loan_commitment
SDN::cla,SDN,Sudan,2010,cla,CLA,356200000.0,5,5,nominal_usd,loan_commitment
SDN::cancel,SDN,Sudan,2010,cancel,Debt cancellation,5910000.0,1,1,nominal_usd,debt_cancellation
SDN::restruct,SDN,Sudan,2010,restruct,Debt restructuring,,0,0,nominal_usd,debt_restructuring
SDN::cofi,SDN,Sudan,2010,cofi,COFI,,0,0,nominal_usd,investment
SDN::cgef,SDN,Sudan,2010,cgef,CGEF,232900000.0,1,1,nominal_usd,loan_commitment
SDN::chapo,SDN,Sudan,2010,chapo,CHAPO,2942349.228123,4,3,constant_2021_usd,commitment
SDN::aiddata,SDN,Sudan,2011,aiddata,AidData,239820240.70241,17,5,constant_2023_usd,commitment
SDN::codf,SDN,Sudan,2011,codf,CODF,,0,0,nominal_usd,loan_commitment
SDN::cla,SDN,Sudan,2011,cla,CLA,109700000.0,2,2,nominal_usd,loan_commitment
SDN::cancel,SDN,Sudan,2011,cancel,Debt cancellation,,0,0,nominal_usd,debt_cancellation
SDN::restruct,SDN,Sudan,2011,restruct,Debt restructuring,,0,0,nominal_usd,debt_restructuring
SDN::cofi,SDN,Sudan,2011,cofi,COFI,,0,0,nominal_usd,investment
SDN::cgef,SDN,Sudan,2011,cgef,CGEF,,0,0,nominal_usd,loan_commitment
SDN::chapo,SDN,Sudan,2011,chapo,CHAPO,,2,0,constant_2021_usd,commitment
SDN::aiddata,SDN,Sudan,2012,aiddata,AidData,3795152385.22388,7,3,constant_2023_usd,commitment
SDN::codf,SDN,Sudan,2012,codf,CODF,1500000000.0,1,1,nominal_usd,loan_commitment
SDN::cla,SDN,Sudan,2012,cla,CLA,1529480000.0,2,2,nominal_usd,loan_commitment
SDN::cancel,SDN,Sudan,2012,cancel,Debt cancellation,,0,0,nominal_usd,debt_cancellation
SDN::restruct,SDN,Sudan,2012,restruct,Debt restructuring,,1,0,nominal_usd,debt_restructuring
SDN::cofi,SDN,Sudan,2012,cofi,COFI,,0,0,nominal_usd,investment
SDN::cgef,SDN,Sudan,2012,cgef,CGEF,,0,0,nominal_usd,loan_commitment
SDN::chapo,SDN,Sudan,2012,chapo,CHAPO,,2,0,constant_2021_usd,commitment
SDN::aiddata,SDN,Sudan,2013,aiddata,AidData,77266.857415,15,2,constant_2023_usd,commitment
SDN::codf,SDN,Sudan,2013,codf,CODF,,0,0,nominal_usd,loan_commitment
SDN::cla,SDN,Sudan,2013,cla,CLA,,0,0,nominal_usd,loan_commitment
SDN::cancel,SDN,Sudan,2013,cancel,Debt cancellation,,0,0,nominal_usd,debt_cancellation
SDN::restruct,SDN,Sudan,2013,restruct,Debt restructuring,,0,0,nominal_usd,debt_restructuring
SDN::cofi,SDN,Sudan,2013,cofi,COFI,,0,0,nominal_usd,investment
SDN::cgef,SDN,Sudan,2013,cgef,CGEF,,0,0,nominal_usd,loan_commitment
SDN::chapo,SDN,Sudan,2013,chapo,CHAPO,,1,0,constant_2021_usd,commitment
SDN::aiddata,SDN,Sudan,2014,aiddata,AidData,303640129.465143,9,4,constant_2023_usd,commitment
SDN::codf,SDN,Sudan,2014,codf,CODF,,0,0,nominal_usd,loan_commitment
SDN::cla,SDN,Sudan,2014,cla,CLA,,0,0,nominal_usd,loan_commitment
SDN::cancel,SDN,Sudan,2014,cancel,Debt cancellation,,0,0,nominal_usd,debt_cancellation
SDN::restruct,SDN,Sudan,2014,restruct,Debt restructuring,,0,0,nominal_usd,debt_restructuring
SDN::cofi,SDN,Sudan,2014,cofi,COFI,,0,0,nominal_usd,investment
SDN::cgef,SDN,Sudan,2014,cgef,CGEF,,0,0,nominal_usd,loan_commitment
SDN::chapo,SDN,Sudan,2014,chapo,CHAPO,,2,0,constant_2021_usd,commitment
SDN::aiddata,SDN,Sudan,2015,aiddata,AidData,2824735.629784,7,1,constant_2023_usd,commitment
SDN::codf,SDN,Sudan,2015,codf,CODF,,0,0,nominal_usd,loan_commitment
SDN::cla,SDN,Sudan,2015,cla,CLA,,0,0,nominal_usd,loan_commitment
SDN::cancel,SDN,Sudan,2015,cancel,Debt cancellation,,0,0,nominal_usd,debt_cancellation
SDN::restruct,SDN,Sudan,2015,restruct,Debt restructuring,,0,0,nominal_usd,debt_restructuring
SDN::cofi,SDN,Sudan,2015,cofi,COFI,,0,0,nominal_usd,investment
SDN::cgef,SDN,Sudan,2015,cgef,CGEF,,0,0,nominal_usd,loan_commitment
SDN::chapo,SDN,Sudan,2015,chapo,CHAPO,,1,0,constant_2021_usd,commitment
SDN::aiddata,SDN,Sudan,2016,aiddata,AidData,3333684.20413,11,1,constant_2023_usd,commitment
SDN::codf,SDN,Sudan,2016,codf,CODF,,0,0,nominal_usd,loan_commitment
SDN::cla,SDN,Sudan,2016,cla,CLA,,0,0,nominal_usd,loan_commitment
SDN::cancel,SDN,Sudan,2016,cancel,Debt cancellation,,0,0,nominal_usd,debt_cancellation
SDN::restruct,SDN,Sudan,2016,restruct,Debt restructuring,,0,0,nominal_usd,debt_restructuring
SDN::cofi,SDN,Sudan,2016,cofi,COFI,,0,0,nominal_usd,investment
SDN::cgef,SDN,Sudan,2016,cgef,CGEF,,0,0,nominal_usd,loan_commitment
SDN::chapo,SDN,Sudan,2016,chapo,CHAPO,3609013.918759,3,1,constant_2021_usd,commitment
SDN::aiddata,SDN,Sudan,2017,aiddata,AidData,87981076.128426,7,2,constant_2023_usd,commitment
SDN::codf,SDN,Sudan,2017,codf,CODF,,0,0,nominal_usd,loan_commitment
SDN::cla,SDN,Sudan,2017,cla,CLA,29580000.0,2,2,nominal_usd,loan_commitment
SDN::cancel,SDN,Sudan,2017,cancel,Debt cancellation,,0,0,nominal_usd,debt_cancellation
SDN::restruct,SDN,Sudan,2017,restruct,Debt restructuring,,0,0,nominal_usd,debt_restructuring
SDN::cofi,SDN,Sudan,2017,cofi,COFI,,0,0,nominal_usd,investment
SDN::cgef,SDN,Sudan,2017,cgef,CGEF,,0,0,nominal_usd,loan_commitment
SDN::chapo,SDN,Sudan,2017,chapo,CHAPO,,1,0,constant_2021_usd,commitment
SDN::aiddata,SDN,Sudan,2018,aiddata,AidData,59616657.117446,11,4,constant_2023_usd,commitment
SDN::codf,SDN,Sudan,2018,codf,CODF,,0,0,nominal_usd,loan_commitment
SDN::cla,SDN,Sudan,2018,cla,CLA,30220000.0,1,1,nominal_usd,loan_commitment
SDN::cancel,SDN,Sudan,2018,cancel,Debt cancellation,,1,0,nominal_usd,debt_cancellation
SDN::restruct,SDN,Sudan,2018,restruct,Debt restructuring,,0,0,nominal_usd,debt_restructuring
SDN::cofi,SDN,Sudan,2018,cofi,COFI,,0,0,nominal_usd,investment
SDN::cgef,SDN,Sudan,2018,cgef,CGEF,,0,0,nominal_usd,loan_commitment
SDN::chapo,SDN,Sudan,2018,chapo,CHAPO,1089849.747879,3,1,constant_2021_usd,commitment
SDN::aiddata,SDN,Sudan,2019,aiddata,AidData,14531824.872704,12,1,constant_2023_usd,commitment
SDN::codf,SDN,Sudan,2019,codf,CODF,,0,0,nominal_usd,loan_commitment
SDN::cla,SDN,Sudan,2019,cla,CLA,,0,0,nominal_usd,loan_commitment
SDN::cancel,SDN,Sudan,2019,cancel,Debt cancellation,,0,0,nominal_usd,debt_cancellation
SDN::restruct,SDN,Sudan,2019,restruct,Debt restructuring,,0,0,nominal_usd,debt_restructuring
SDN::cofi,SDN,Sudan,2019,cofi,COFI,,0,0,nominal_usd,investment
SDN::cgef,SDN,Sudan,2019,cgef,CGEF,,0,0,nominal_usd,loan_commitment
SDN::chapo,SDN,Sudan,2019,chapo,CHAPO,,2,0,constant_2021_usd,commitment
SDN::aiddata,SDN,Sudan,2020,aiddata,AidData,2352353.112718,7,2,constant_2023_usd,commitment
SDN::codf,SDN,Sudan,2020,codf,CODF,,0,0,nominal_usd,loan_commitment
SDN::cla,SDN,Sudan,2020,cla,CLA,,0,0,nominal_usd,loan_commitment
SDN::cancel,SDN,Sudan,2020,cancel,Debt cancellation,,0,0,nominal_usd,debt_cancellation
SDN::restruct,SDN,Sudan,2020,restruct,Debt restructuring,,0,0,nominal_usd,debt_restructuring
SDN::cofi,SDN,Sudan,2020,cofi,COFI,,0,0,nominal_usd,investment
SDN::cgef,SDN,Sudan,2020,cgef,CGEF,,0,0,nominal_usd,loan_commitment
SDN::chapo,SDN,Sudan,2020,chapo,CHAPO,312714.360668,5,1,constant_2021_usd,commitment
SDN::aiddata,SDN,Sudan,2021,aiddata,AidData,4149637.367301,6,1,constant_2023_usd,commitment
SDN::codf,SDN,Sudan,2021,codf,CODF,,0,0,nominal_usd,loan_commitment
SDN::cla,SDN,Sudan,2021,cla,CLA,,0,0,nominal_usd,loan_commitment
SDN::cancel,SDN,Sudan,2021,cancel,Debt cancellation,,0,0,nominal_usd,debt_cancellation
SDN::restruct,SDN,Sudan,2021,restruct,Debt restructuring,,0,0,nominal_usd,debt_restructuring
SDN::cofi,SDN,Sudan,2021,cofi,COFI,,0,0,nominal_usd,investment
SDN::cgef,SDN,Sudan,2021,cgef,CGEF,,0,0,nominal_usd,loan_commitment
SDN::chapo,SDN,Sudan,2021,chapo,CHAPO,4500000.0,2,1,constant_2021_usd,commitment
SDN::aiddata,SDN,Sudan,2022,aiddata,AidData,15989345.279579,11,5,constant_2023_usd,commitment
SDN::codf,SDN,Sudan,2022,codf,CODF,,0,0,nominal_usd,loan_commitment
SDN::cla,SDN,Sudan,2022,cla,CLA,,0,0,nominal_usd,loan_commitment
SDN::cancel,SDN,Sudan,2022,cancel,Debt cancellation,,0,0,nominal_usd,debt_cancellation
SDN::restruct,SDN,Sudan,2022,restruct,Debt restructuring,,0,0,nominal_usd,debt_restructuring
SDN::cofi,SDN,Sudan,2022,cofi,COFI,,0,0,nominal_usd,investment
SDN::cgef,SDN,Sudan,2022,cgef,CGEF,,0,0,nominal_usd,loan_commitment
SDN::chapo,SDN,Sudan,2022,chapo,CHAPO,,0,0,constant_2021_usd,commitment
SDN::aiddata,SDN,Sudan,2023,aiddata,AidData,400000.0,8,1,constant_2023_usd,commitment
SDN::codf,SDN,Sudan,2023,codf,CODF,,0,0,nominal_usd,loan_commitment
SDN::cla,SDN,Sudan,2023,cla,CLA,,0,0,nominal_usd,loan_commitment
SDN::cancel,SDN,Sudan,2023,cancel,Debt cancellation,,0,0,nominal_usd,debt_cancellation
SDN::restruct,SDN,Sudan,2023,restruct,Debt restructuring,,0,0,nominal_usd,debt_restructuring
SDN::cofi,SDN,Sudan,2023,cofi,COFI,,0,0,nominal_usd,investment
SDN::cgef,SDN,Sudan,2023,cgef,CGEF,,0,0,nominal_usd,loan_commitment
SDN::chapo,SDN,Sudan,2023,chapo,CHAPO,,0,0,constant_2021_usd,commitment
SDN::aiddata,SDN,Sudan,2024,aiddata,AidData,,0,0,constant_2023_usd,commitment
SDN::codf,SDN,Sudan,2024,codf,CODF,,0,0,nominal_usd,loan_commitment
SDN::cla,SDN,Sudan,2024,cla,CLA,,0,0,nominal_usd,loan_commitment
SDN::cancel,SDN,Sudan,2024,cancel,Debt cancellation,,0,0,nominal_usd,debt_cancellation
SDN::restruct,SDN,Sudan,2024,restruct,Debt restructuring,,0,0,nominal_usd,debt_restructuring
SDN::cofi,SDN,Sudan,2024,cofi,COFI,,0,0,nominal_usd,investment
SDN::cgef,SDN,Sudan,2024,cgef,CGEF,,0,0,nominal_usd,loan_commitment
SDN::chapo,SDN,Sudan,2024,chapo,CHAPO,,0,0,constant_2021_usd,commitment
SEN::aiddata,SEN,Senegal,2000,aiddata,AidData,,0,0,constant_2023_usd,commitment
SEN::codf,SEN,Senegal,2000,codf,CODF,,0,0,nominal_usd,loan_commitment
SEN::cla,SEN,Senegal,2000,cla,CLA,,0,0,nominal_usd,loan_commitment
SEN::cancel,SEN,Senegal,2000,cancel,Debt cancellation,,0,0,nominal_usd,debt_cancellation
SEN::restruct,SEN,Senegal,2000,restruct,Debt restructuring,,0,0,nominal_usd,debt_restructuring
SEN::cofi,SEN,Senegal,2000,cofi,COFI,,0,0,nominal_usd,investment
SEN::cgef,SEN,Senegal,2000,cgef,CGEF,,0,0,nominal_usd,loan_commitment
SEN::chapo,SEN,Senegal,2000,chapo,CHAPO,,0,0,constant_2021_usd,commitment
SEN::aiddata,SEN,Senegal,2001,aiddata,AidData,,0,0,constant_2023_usd,commitment
SEN::codf,SEN,Senegal,2001,codf,CODF,,0,0,nominal_usd,loan_commitment
SEN::cla,SEN,Senegal,2001,cla,CLA,,0,0,nominal_usd,loan_commitment
SEN::cancel,SEN,Senegal,2001,cancel,Debt cancellation,,0,0,nominal_usd,debt_cancellation
SEN::restruct,SEN,Senegal,2001,restruct,Debt restructuring,,0,0,nominal_usd,debt_restructuring
SEN::cofi,SEN,Senegal,2001,cofi,COFI,,0,0,nominal_usd,investment
SEN::cgef,SEN,Senegal,2001,cgef,CGEF,,0,0,nominal_usd,loan_commitment
SEN::chapo,SEN,Senegal,2001,chapo,CHAPO,,0,0,constant_2021_usd,commitment
SEN::aiddata,SEN,Senegal,2002,aiddata,AidData,,0,0,constant_2023_usd,commitment
SEN::codf,SEN,Senegal,2002,codf,CODF,,0,0,nominal_usd,loan_commitment
SEN::cla,SEN,Senegal,2002,cla,CLA,,0,0,nominal_usd,loan_commitment
SEN::cancel,SEN,Senegal,2002,cancel,Debt cancellation,,0,0,nominal_usd,debt_cancellation
SEN::restruct,SEN,Senegal,2002,restruct,Debt restructuring,,0,0,nominal_usd,debt_restructuring
SEN::cofi,SEN,Senegal,2002,cofi,COFI,,0,0,nominal_usd,investment
SEN::cgef,SEN,Senegal,2002,cgef,CGEF,,0,0,nominal_usd,loan_commitment
SEN::chapo,SEN,Senegal,2002,chapo,CHAPO,,0,0,constant_2021_usd,commitment
SEN::aiddata,SEN,Senegal,2003,aiddata,AidData,,0,0,constant_2023_usd,commitment
SEN::codf,SEN,Senegal,2003,codf,CODF,,0,0,nominal_usd,loan_commitment
SEN::cla,SEN,Senegal,2003,cla,CLA,,0,0,nominal_usd,loan_commitment
SEN::cancel,SEN,Senegal,2003,cancel,Debt cancellation,,0,0,nominal_usd,debt_cancellation
SEN::restruct,SEN,Senegal,2003,restruct,Debt restructuring,,0,0,nominal_usd,debt_restructuring
SEN::cofi,SEN,Senegal,2003,cofi,COFI,,0,0,nominal_usd,investment
SEN::cgef,SEN,Senegal,2003,cgef,CGEF,,0,0,nominal_usd,loan_commitment
SEN::chapo,SEN,Senegal,2003,chapo,CHAPO,,0,0,constant_2021_usd,commitment
SEN::aiddata,SEN,Senegal,2004,aiddata,AidData,,0,0,constant_2023_usd,commitment
SEN::codf,SEN,Senegal,2004,codf,CODF,,0,0,nominal_usd,loan_commitment
SEN::cla,SEN,Senegal,2004,cla,CLA,,0,0,nominal_usd,loan_commitment
SEN::cancel,SEN,Senegal,2004,cancel,Debt cancellation,,0,0,nominal_usd,debt_cancellation
SEN::restruct,SEN,Senegal,2004,restruct,Debt restructuring,,0,0,nominal_usd,debt_restructuring
SEN::cofi,SEN,Senegal,2004,cofi,COFI,,0,0,nominal_usd,investment
SEN::cgef,SEN,Senegal,2004,cgef,CGEF,,0,0,nominal_usd,loan_commitment
SEN::chapo,SEN,Senegal,2004,chapo,CHAPO,,0,0,constant_2021_usd,commitment
SEN::aiddata,SEN,Senegal,2005,aiddata,AidData,102686858.854186,3,2,constant_2023_usd,commitment
SEN::codf,SEN,Senegal,2005,codf,CODF,,0,0,nominal_usd,loan_commitment
SEN::cla,SEN,Senegal,2005,cla,CLA,50050000.0,1,1,nominal_usd,loan_commitment
SEN::cancel,SEN,Senegal,2005,cancel,Debt cancellation,,0,0,nominal_usd,debt_cancellation
SEN::restruct,SEN,Senegal,2005,restruct,Debt restructuring,,0,0,nominal_usd,debt_restructuring
SEN::cofi,SEN,Senegal,2005,cofi,COFI,,0,0,nominal_usd,investment
SEN::cgef,SEN,Senegal,2005,cgef,CGEF,,0,0,nominal_usd,loan_commitment
SEN::chapo,SEN,Senegal,2005,chapo,CHAPO,,0,0,constant_2021_usd,commitment
SEN::aiddata,SEN,Senegal,2006,aiddata,AidData,165896615.172869,7,5,constant_2023_usd,commitment
SEN::codf,SEN,Senegal,2006,codf,CODF,,0,0,nominal_usd,loan_commitment
SEN::cla,SEN,Senegal,2006,cla,CLA,,0,0,nominal_usd,loan_commitment
SEN::cancel,SEN,Senegal,2006,cancel,Debt cancellation,20500000.0,1,1,nominal_usd,debt_cancellation
SEN::restruct,SEN,Senegal,2006,restruct,Debt restructuring,,0,0,nominal_usd,debt_restructuring
SEN::cofi,SEN,Senegal,2006,cofi,COFI,,1,0,nominal_usd,investment
SEN::cgef,SEN,Senegal,2006,cgef,CGEF,,0,0,nominal_usd,loan_commitment
SEN::chapo,SEN,Senegal,2006,chapo,CHAPO,507987.271314,1,1,constant_2021_usd,commitment
SEN::aiddata,SEN,Senegal,2007,aiddata,AidData,217475522.248241,8,4,constant_2023_usd,commitment
SEN::codf,SEN,Senegal,2007,codf,CODF,,0,0,nominal_usd,loan_commitment
SEN::cla,SEN,Senegal,2007,cla,CLA,99870000.0,2,2,nominal_usd,loan_commitment
SEN::cancel,SEN,Senegal,2007,cancel,Debt cancellation,6000000.0,1,1,nominal_usd,debt_cancellation
SEN::restruct,SEN,Senegal,2007,restruct,Debt restructuring,,0,0,nominal_usd,debt_restructuring
SEN::cofi,SEN,Senegal,2007,cofi,COFI,,0,0,nominal_usd,investment
SEN::cgef,SEN,Senegal,2007,cgef,CGEF,48620000.0,1,1,nominal_usd,loan_commitment
SEN::chapo,SEN,Senegal,2007,chapo,CHAPO,,2,0,constant_2021_usd,commitment
SEN::aiddata,SEN,Senegal,2008,aiddata,AidData,,0,0,constant_2023_usd,commitment
SEN::codf,SEN,Senegal,2008,codf,CODF,,0,0,nominal_usd,loan_commitment
SEN::cla,SEN,Senegal,2008,cla,CLA,,0,0,nominal_usd,loan_commitment
SEN::cancel,SEN,Senegal,2008,cancel,Debt cancellation,,0,0,nominal_usd,debt_cancellation
SEN::restruct,SEN,Senegal,2008,restruct,Debt restructuring,,0,0,nominal_usd,debt_restructuring
SEN::cofi,SEN,Senegal,2008,cofi,COFI,,0,0,nominal_usd,investment
SEN::cgef,SEN,Senegal,2008,cgef,CGEF,,0,0,nominal_usd,loan_commitment
SEN::chapo,SEN,Senegal,2008,chapo,CHAPO,,0,0,constant_2021_usd,commitment
SEN::aiddata,SEN,Senegal,2009,aiddata,AidData,44284430.03198,5,2,constant_2023_usd,commitment
SEN::codf,SEN,Senegal,2009,codf,CODF,32940000.0,1,1,nominal_usd,loan_commitment
SEN::cla,SEN,Senegal,2009,cla,CLA,37330000.0,2,2,nominal_usd,loan_commitment
SEN::cancel,SEN,Senegal,2009,cancel,Debt cancellation,,0,0,nominal_usd,debt_cancellation
SEN::restruct,SEN,Senegal,2009,restruct,Debt restructuring,,0,0,nominal_usd,debt_restructuring
SEN::cofi,SEN,Senegal,2009,cofi,COFI,,0,0,nominal_usd,investment
SEN::cgef,SEN,Senegal,2009,cgef,CGEF,,0,0,nominal_usd,loan_commitment
SEN::chapo,SEN,Senegal,2009,chapo,CHAPO,,3,0,constant_2021_usd,commitment
SEN::aiddata,SEN,Senegal,2010,aiddata,AidData,17350361.378558,8,4,constant_2023_usd,commitment
SEN::codf,SEN,Senegal,2010,codf,CODF,75780000.0,1,1,nominal_usd,loan_commitment
SEN::cla,SEN,Senegal,2010,cla,CLA,99400000.0,2,2,nominal_usd,loan_commitment
SEN::cancel,SEN,Senegal,2010,cancel,Debt cancellation,,0,0,nominal_usd,debt_cancellation
SEN::restruct,SEN,Senegal,2010,restruct,Debt restructuring,,0,0,nominal_usd,debt_restructuring
SEN::cofi,SEN,Senegal,2010,cofi,COFI,,0,0,nominal_usd,investment
SEN::cgef,SEN,Senegal,2010,cgef,CGEF,75780000.0,1,1,nominal_usd,loan_commitment
SEN::chapo,SEN,Senegal,2010,chapo,CHAPO,13489601.004403,2,2,constant_2021_usd,commitment
SEN::aiddata,SEN,Senegal,2011,aiddata,AidData,95934349.433877,6,3,constant_2023_usd,commitment
SEN::codf,SEN,Senegal,2011,codf,CODF,,0,0,nominal_usd,loan_commitment
SEN::cla,SEN,Senegal,2011,cla,CLA,,0,0,nominal_usd,loan_commitment
SEN::cancel,SEN,Senegal,2011,cancel,Debt cancellation,,0,0,nominal_usd,debt_cancellation
SEN::restruct,SEN,Senegal,2011,restruct,Debt restructuring,,0,0,nominal_usd,debt_restructuring
SEN::cofi,SEN,Senegal,2011,cofi,COFI,,0,0,nominal_usd,investment
SEN::cgef,SEN,Senegal,2011,cgef,CGEF,,0,0,nominal_usd,loan_commitment
SEN::chapo,SEN,Senegal,2011,chapo,CHAPO,,2,0,constant_2021_usd,commitment
SEN::aiddata,SEN,Senegal,2012,aiddata,AidData,96560963.916146,4,3,constant_2023_usd,commitment
SEN::codf,SEN,Senegal,2012,codf,CODF,47010000.0,1,1,nominal_usd,loan_commitment
SEN::cla,SEN,Senegal,2012,cla,CLA,48000000.0,1,1,nominal_usd,loan_commitment
SEN::cancel,SEN,Senegal,2012,cancel,Debt cancellation,,0,0,nominal_usd,debt_cancellation
SEN::restruct,SEN,Senegal,2012,restruct,Debt restructuring,,0,0,nominal_usd,debt_restructuring
SEN::cofi,SEN,Senegal,2012,cofi,COFI,,0,0,nominal_usd,investment
SEN::cgef,SEN,Senegal,2012,cgef,CGEF,,0,0,nominal_usd,loan_commitment
SEN::chapo,SEN,Senegal,2012,chapo,CHAPO,,1,0,constant_2021_usd,commitment
SEN::aiddata,SEN,Senegal,2013,aiddata,AidData,162494693.642464,6,5,constant_2023_usd,commitment
SEN::codf,SEN,Senegal,2013,codf,CODF,138300000.0,1,1,nominal_usd,loan_commitment
SEN::cla,SEN,Senegal,2013,cla,CLA,154300000.0,2,2,nominal_usd,loan_commitment
SEN::cancel,SEN,Senegal,2013,cancel,Debt cancellation,,0,0,nominal_usd,debt_cancellation
SEN::restruct,SEN,Senegal,2013,restruct,Debt restructuring,,0,0,nominal_usd,debt_restructuring
SEN::cofi,SEN,Senegal,2013,cofi,COFI,,0,0,nominal_usd,investment
SEN::cgef,SEN,Senegal,2013,cgef,CGEF,138300000.0,1,1,nominal_usd,loan_commitment
SEN::chapo,SEN,Senegal,2013,chapo,CHAPO,273991.555315,2,1,constant_2021_usd,commitment
SEN::aiddata,SEN,Senegal,2014,aiddata,AidData,39344009.693033,4,3,constant_2023_usd,commitment
SEN::codf,SEN,Senegal,2014,codf,CODF,,0,0,nominal_usd,loan_commitment
SEN::cla,SEN,Senegal,2014,cla,CLA,,0,0,nominal_usd,loan_commitment
SEN::cancel,SEN,Senegal,2014,cancel,Debt cancellation,,0,0,nominal_usd,debt_cancellation
SEN::restruct,SEN,Senegal,2014,restruct,Debt restructuring,,0,0,nominal_usd,debt_restructuring
SEN::cofi,SEN,Senegal,2014,cofi,COFI,,0,0,nominal_usd,investment
SEN::cgef,SEN,Senegal,2014,cgef,CGEF,,0,0,nominal_usd,loan_commitment
SEN::chapo,SEN,Senegal,2014,chapo,CHAPO,33212.856942,1,1,constant_2021_usd,commitment
SEN::aiddata,SEN,Senegal,2015,aiddata,AidData,1243076137.759442,8,5,constant_2023_usd,commitment
SEN::codf,SEN,Senegal,2015,codf,CODF,1188710000.0,3,3,nominal_usd,loan_commitment
SEN::cla,SEN,Senegal,2015,cla,CLA,1192270000.0,3,3,nominal_usd,loan_commitment
SEN::cancel,SEN,Senegal,2015,cancel,Debt cancellation,,0,0,nominal_usd,debt_cancellation
SEN::restruct,SEN,Senegal,2015,restruct,Debt restructuring,,0,0,nominal_usd,debt_restructuring
SEN::cofi,SEN,Senegal,2015,cofi,COFI,,0,0,nominal_usd,investment
SEN::cgef,SEN,Senegal,2015,cgef,CGEF,,0,0,nominal_usd,loan_commitment
SEN::chapo,SEN,Senegal,2015,chapo,CHAPO,,1,0,constant_2021_usd,commitment
SEN::aiddata,SEN,Senegal,2016,aiddata,AidData,117394977.542658,5,4,constant_2023_usd,commitment
SEN::codf,SEN,Senegal,2016,codf,CODF,189120000.0,3,3,nominal_usd,loan_commitment
SEN::cla,SEN,Senegal,2016,cla,CLA,190000000.0,3,3,nominal_usd,loan_commitment
SEN::cancel,SEN,Senegal,2016,cancel,Debt cancellation,,0,0,nominal_usd,debt_cancellation
SEN::restruct,SEN,Senegal,2016,restruct,Debt restructuring,,0,0,nominal_usd,debt_restructuring
SEN::cofi,SEN,Senegal,2016,cofi,COFI,,0,0,nominal_usd,investment
SEN::cgef,SEN,Senegal,2016,cgef,CGEF,,0,0,nominal_usd,loan_commitment
SEN::chapo,SEN,Senegal,2016,chapo,CHAPO,624683.993985,2,2,constant_2021_usd,commitment
SEN::aiddata,SEN,Senegal,2017,aiddata,AidData,105127038.462411,7,6,constant_2023_usd,commitment
SEN::codf,SEN,Senegal,2017,codf,CODF,,0,0,nominal_usd,loan_commitment
SEN::cla,SEN,Senegal,2017,cla,CLA,,0,0,nominal_usd,loan_commitment
SEN::cancel,SEN,Senegal,2017,cancel,Debt cancellation,,0,0,nominal_usd,debt_cancellation
SEN::restruct,SEN,Senegal,2017,restruct,Debt restructuring,,0,0,nominal_usd,debt_restructuring
SEN::cofi,SEN,Senegal,2017,cofi,COFI,,0,0,nominal_usd,investment
SEN::cgef,SEN,Senegal,2017,cgef,CGEF,,0,0,nominal_usd,loan_commitment
SEN::chapo,SEN,Senegal,2017,chapo,CHAPO,10214745.487432,3,2,constant_2021_usd,commitment
SEN::aiddata,SEN,Senegal,2018,aiddata,AidData,335810898.5799,14,6,constant_2023_usd,commitment
SEN::codf,SEN,Senegal,2018,codf,CODF,150000000.0,1,1,nominal_usd,loan_commitment
SEN::cla,SEN,Senegal,2018,cla,CLA,271910000.0,3,3,nominal_usd,loan_commitment
SEN::cancel,SEN,Senegal,2018,cancel,Debt cancellation,,0,0,nominal_usd,debt_cancellation
SEN::restruct,SEN,Senegal,2018,restruct,Debt restructuring,,0,0,nominal_usd,debt_restructuring
SEN::cofi,SEN,Senegal,2018,cofi,COFI,,0,0,nominal_usd,investment
SEN::cgef,SEN,Senegal,2018,cgef,CGEF,,0,0,nominal_usd,loan_commitment
SEN::chapo,SEN,Senegal,2018,chapo,CHAPO,,4,0,constant_2021_usd,commitment
SEN::aiddata,SEN,Senegal,2019,aiddata,AidData,186940482.167135,12,6,constant_2023_usd,commitment
SEN::codf,SEN,Senegal,2019,codf,CODF,,0,0,nominal_usd,loan_commitment
SEN::cla,SEN,Senegal,2019,cla,CLA,180350000.0,2,2,nominal_usd,loan_commitment
SEN::cancel,SEN,Senegal,2019,cancel,Debt cancellation,,0,0,nominal_usd,debt_cancellation
SEN::restruct,SEN,Senegal,2019,restruct,Debt restructuring,,0,0,nominal_usd,debt_restructuring
SEN::cofi,SEN,Senegal,2019,cofi,COFI,,0,0,nominal_usd,investment
SEN::cgef,SEN,Senegal,2019,cgef,CGEF,,0,0,nominal_usd,loan_commitment
SEN::chapo,SEN,Senegal,2019,chapo,CHAPO,186710.349287,4,2,constant_2021_usd,commitment
SEN::aiddata,SEN,Senegal,2020,aiddata,AidData,100340399.05646,9,7,constant_2023_usd,commitment
SEN::codf,SEN,Senegal,2020,codf,CODF,,0,0,nominal_usd,loan_commitment
SEN::cla,SEN,Senegal,2020,cla,CLA,5710000.0,1,1,nominal_usd,loan_commitment
SEN::cancel,SEN,Senegal,2020,cancel,Debt cancellation,,0,0,nominal_usd,debt_cancellation
SEN::restruct,SEN,Senegal,2020,restruct,Debt restructuring,,0,0,nominal_usd,debt_restructuring
SEN::cofi,SEN,Senegal,2020,cofi,COFI,,0,0,nominal_usd,investment
SEN::cgef,SEN,Senegal,2020,cgef,CGEF,,0,0,nominal_usd,loan_commitment
SEN::chapo,SEN,Senegal,2020,chapo,CHAPO,1626551.080344,7,5,constant_2021_usd,commitment
SEN::aiddata,SEN,Senegal,2021,aiddata,AidData,593107950.449031,9,4,constant_2023_usd,commitment
SEN::codf,SEN,Senegal,2021,codf,CODF,259640000.0,2,2,nominal_usd,loan_commitment
SEN::cla,SEN,Senegal,2021,cla,CLA,441360000.0,4,4,nominal_usd,loan_commitment
SEN::cancel,SEN,Senegal,2021,cancel,Debt cancellation,,0,0,nominal_usd,debt_cancellation
SEN::restruct,SEN,Senegal,2021,restruct,Debt restructuring,,0,0,nominal_usd,debt_restructuring
SEN::cofi,SEN,Senegal,2021,cofi,COFI,,0,0,nominal_usd,investment
SEN::cgef,SEN,Senegal,2021,cgef,CGEF,,0,0,nominal_usd,loan_commitment
SEN::chapo,SEN,Senegal,2021,chapo,CHAPO,14400000.0,3,2,constant_2021_usd,commitment
SEN::aiddata,SEN,Senegal,2022,aiddata,AidData,58087660.287068,4,2,constant_2023_usd,commitment
SEN::codf,SEN,Senegal,2022,codf,CODF,,0,0,nominal_usd,loan_commitment
SEN::cla,SEN,Senegal,2022,cla,CLA,478740000.0,2,2,nominal_usd,loan_commitment
SEN::cancel,SEN,Senegal,2022,cancel,Debt cancellation,,0,0,nominal_usd,debt_cancellation
SEN::restruct,SEN,Senegal,2022,restruct,Debt restructuring,,0,0,nominal_usd,debt_restructuring
SEN::cofi,SEN,Senegal,2022,cofi,COFI,,0,0,nominal_usd,investment
SEN::cgef,SEN,Senegal,2022,cgef,CGEF,,0,0,nominal_usd,loan_commitment
SEN::chapo,SEN,Senegal,2022,chapo,CHAPO,,0,0,constant_2021_usd,commitment
SEN::aiddata,SEN,Senegal,2023,aiddata,AidData,316067043.865562,8,3,constant_2023_usd,commitment
SEN::codf,SEN,Senegal,2023,codf,CODF,,0,0,nominal_usd,loan_commitment
SEN::cla,SEN,Senegal,2023,cla,CLA,,0,0,nominal_usd,loan_commitment
SEN::cancel,SEN,Senegal,2023,cancel,Debt cancellation,,0,0,nominal_usd,debt_cancellation
SEN::restruct,SEN,Senegal,2023,restruct,Debt restructuring,,0,0,nominal_usd,debt_restructuring
SEN::cofi,SEN,Senegal,2023,cofi,COFI,,0,0,nominal_usd,investment
SEN::cgef,SEN,Senegal,2023,cgef,CGEF,,0,0,nominal_usd,loan_commitment
SEN::chapo,SEN,Senegal,2023,chapo,CHAPO,,0,0,constant_2021_usd,commitment
SEN::aiddata,SEN,Senegal,2024,aiddata,AidData,,0,0,constant_2023_usd,commitment
SEN::codf,SEN,Senegal,2024,codf,CODF,85000000.0,1,1,nominal_usd,loan_commitment
SEN::cla,SEN,Senegal,2024,cla,CLA,85000000.0,1,1,nominal_usd,loan_commitment
SEN::cancel,SEN,Senegal,2024,cancel,Debt cancellation,,0,0,nominal_usd,debt_cancellation
SEN::restruct,SEN,Senegal,2024,restruct,Debt restructuring,,0,0,nominal_usd,debt_restructuring
SEN::cofi,SEN,Senegal,2024,cofi,COFI,,0,0,nominal_usd,investment
SEN::cgef,SEN,Senegal,2024,cgef,CGEF,,0,0,nominal_usd,loan_commitment
SEN::chapo,SEN,Senegal,2024,chapo,CHAPO,,0,0,constant_2021_usd,commitment
SLE::aiddata,SLE,Sierra Leone,2000,aiddata,AidData,592612.365786,1,1,constant_2023_usd,commitment
SLE::codf,SLE,Sierra Leone,2000,codf,CODF,,0,0,nominal_usd,loan_commitment
SLE::cla,SLE,Sierra Leone,2000,cla,CLA,,0,0,nominal_usd,loan_commitment
SLE::cancel,SLE,Sierra Leone,2000,cancel,Debt cancellation,,0,0,nominal_usd,debt_cancellation
SLE::restruct,SLE,Sierra Leone,2000,restruct,Debt restructuring,,0,0,nominal_usd,debt_restructuring
SLE::cofi,SLE,Sierra Leone,2000,cofi,COFI,,0,0,nominal_usd,investment
SLE::cgef,SLE,Sierra Leone,2000,cgef,CGEF,,0,0,nominal_usd,loan_commitment
SLE::chapo,SLE,Sierra Leone,2000,chapo,CHAPO,,0,0,constant_2021_usd,commitment
SLE::aiddata,SLE,Sierra Leone,2001,aiddata,AidData,,2,0,constant_2023_usd,commitment
SLE::codf,SLE,Sierra Leone,2001,codf,CODF,,0,0,nominal_usd,loan_commitment
SLE::cla,SLE,Sierra Leone,2001,cla,CLA,,0,0,nominal_usd,loan_commitment
SLE::cancel,SLE,Sierra Leone,2001,cancel,Debt cancellation,,0,0,nominal_usd,debt_cancellation
SLE::restruct,SLE,Sierra Leone,2001,restruct,Debt restructuring,,0,0,nominal_usd,debt_restructuring
SLE::cofi,SLE,Sierra Leone,2001,cofi,COFI,,0,0,nominal_usd,investment
SLE::cgef,SLE,Sierra Leone,2001,cgef,CGEF,,0,0,nominal_usd,loan_commitment
SLE::chapo,SLE,Sierra Leone,2001,chapo,CHAPO,,0,0,constant_2021_usd,commitment
SLE::aiddata,SLE,Sierra Leone,2002,aiddata,AidData,14445011.24573,3,1,constant_2023_usd,commitment
SLE::codf,SLE,Sierra Leone,2002,codf,CODF,,0,0,nominal_usd,loan_commitment
SLE::cla,SLE,Sierra Leone,2002,cla,CLA,,0,0,nominal_usd,loan_commitment
SLE::cancel,SLE,Sierra Leone,2002,cancel,Debt cancellation,,0,0,nominal_usd,debt_cancellation
SLE::restruct,SLE,Sierra Leone,2002,restruct,Debt restructuring,,0,0,nominal_usd,debt_restructuring
SLE::cofi,SLE,Sierra Leone,2002,cofi,COFI,,0,0,nominal_usd,investment
SLE::cgef,SLE,Sierra Leone,2002,cgef,CGEF,,0,0,nominal_usd,loan_commitment
SLE::chapo,SLE,Sierra Leone,2002,chapo,CHAPO,,1,0,constant_2021_usd,commitment
SLE::aiddata,SLE,Sierra Leone,2003,aiddata,AidData,562508.730146,4,1,constant_2023_usd,commitment
SLE::codf,SLE,Sierra Leone,2003,codf,CODF,,0,0,nominal_usd,loan_commitment
SLE::cla,SLE,Sierra Leone,2003,cla,CLA,,0,0,nominal_usd,loan_commitment
SLE::cancel,SLE,Sierra Leone,2003,cancel,Debt cancellation,,0,0,nominal_usd,debt_cancellation
SLE::restruct,SLE,Sierra Leone,2003,restruct,Debt restructuring,,0,0,nominal_usd,debt_restructuring
SLE::cofi,SLE,Sierra Leone,2003,cofi,COFI,,0,0,nominal_usd,investment
SLE::cgef,SLE,Sierra Leone,2003,cgef,CGEF,,0,0,nominal_usd,loan_commitment
SLE::chapo,SLE,Sierra Leone,2003,chapo,CHAPO,,1,0,constant_2021_usd,commitment
SLE::aiddata,SLE,Sierra Leone,2004,aiddata,AidData,6311208.896924,2,1,constant_2023_usd,commitment
SLE::codf,SLE,Sierra Leone,2004,codf,CODF,,0,0,nominal_usd,loan_commitment
SLE::cla,SLE,Sierra Leone,2004,cla,CLA,,0,0,nominal_usd,loan_commitment
SLE::cancel,SLE,Sierra Leone,2004,cancel,Debt cancellation,,0,0,nominal_usd,debt_cancellation
SLE::restruct,SLE,Sierra Leone,2004,restruct,Debt restructuring,,0,0,nominal_usd,debt_restructuring
SLE::cofi,SLE,Sierra Leone,2004,cofi,COFI,,0,0,nominal_usd,investment
SLE::cgef,SLE,Sierra Leone,2004,cgef,CGEF,,0,0,nominal_usd,loan_commitment
SLE::chapo,SLE,Sierra Leone,2004,chapo,CHAPO,,0,0,constant_2021_usd,commitment
SLE::aiddata,SLE,Sierra Leone,2005,aiddata,AidData,24935695.088949,4,2,constant_2023_usd,commitment
SLE::codf,SLE,Sierra Leone,2005,codf,CODF,,0,0,nominal_usd,loan_commitment
SLE::cla,SLE,Sierra Leone,2005,cla,CLA,,0,0,nominal_usd,loan_commitment
SLE::cancel,SLE,Sierra Leone,2005,cancel,Debt cancellation,,0,0,nominal_usd,debt_cancellation
SLE::restruct,SLE,Sierra Leone,2005,restruct,Debt restructuring,,0,0,nominal_usd,debt_restructuring
SLE::cofi,SLE,Sierra Leone,2005,cofi,COFI,,0,0,nominal_usd,investment
SLE::cgef,SLE,Sierra Leone,2005,cgef,CGEF,,0,0,nominal_usd,loan_commitment
SLE::chapo,SLE,Sierra Leone,2005,chapo,CHAPO,,1,0,constant_2021_usd,commitment
SLE::aiddata,SLE,Sierra Leone,2006,aiddata,AidData,9552054.960313,9,4,constant_2023_usd,commitment
SLE::codf,SLE,Sierra Leone,2006,codf,CODF,,0,0,nominal_usd,loan_commitment
SLE::cla,SLE,Sierra Leone,2006,cla,CLA,,0,0,nominal_usd,loan_commitment
SLE::cancel,SLE,Sierra Leone,2006,cancel,Debt cancellation,,0,0,nominal_usd,debt_cancellation
SLE::restruct,SLE,Sierra Leone,2006,restruct,Debt restructuring,,0,0,nominal_usd,debt_restructuring
SLE::cofi,SLE,Sierra Leone,2006,cofi,COFI,,0,0,nominal_usd,investment
SLE::cgef,SLE,Sierra Leone,2006,cgef,CGEF,,0,0,nominal_usd,loan_commitment
SLE::chapo,SLE,Sierra Leone,2006,chapo,CHAPO,148308.348546,2,2,constant_2021_usd,commitment
SLE::aiddata,SLE,Sierra Leone,2007,aiddata,AidData,65143168.41489,4,2,constant_2023_usd,commitment
SLE::codf,SLE,Sierra Leone,2007,codf,CODF,,0,0,nominal_usd,loan_commitment
SLE::cla,SLE,Sierra Leone,2007,cla,CLA,17480000.0,1,1,nominal_usd,loan_commitment
SLE::cancel,SLE,Sierra Leone,2007,cancel,Debt cancellation,22000000.0,1,1,nominal_usd,debt_cancellation
SLE::restruct,SLE,Sierra Leone,2007,restruct,Debt restructuring,,0,0,nominal_usd,debt_restructuring
SLE::cofi,SLE,Sierra Leone,2007,cofi,COFI,,0,0,nominal_usd,investment
SLE::cgef,SLE,Sierra Leone,2007,cgef,CGEF,,0,0,nominal_usd,loan_commitment
SLE::chapo,SLE,Sierra Leone,2007,chapo,CHAPO,,1,0,constant_2021_usd,commitment
SLE::aiddata,SLE,Sierra Leone,2008,aiddata,AidData,1696626.829011,7,1,constant_2023_usd,commitment
SLE::codf,SLE,Sierra Leone,2008,codf,CODF,,0,0,nominal_usd,loan_commitment
SLE::cla,SLE,Sierra Leone,2008,cla,CLA,,0,0,nominal_usd,loan_commitment
SLE::cancel,SLE,Sierra Leone,2008,cancel,Debt cancellation,,0,0,nominal_usd,debt_cancellation
SLE::restruct,SLE,Sierra Leone,2008,restruct,Debt restructuring,,0,0,nominal_usd,debt_restructuring
SLE::cofi,SLE,Sierra Leone,2008,cofi,COFI,,0,0,nominal_usd,investment
SLE::cgef,SLE,Sierra Leone,2008,cgef,CGEF,,0,0,nominal_usd,loan_commitment
SLE::chapo,SLE,Sierra Leone,2008,chapo,CHAPO,,2,0,constant_2021_usd,commitment
SLE::aiddata,SLE,Sierra Leone,2009,aiddata,AidData,,9,0,constant_2023_usd,commitment
SLE::codf,SLE,Sierra Leone,2009,codf,CODF,,0,0,nominal_usd,loan_commitment
SLE::cla,SLE,Sierra Leone,2009,cla,CLA,,0,0,nominal_usd,loan_commitment
SLE::cancel,SLE,Sierra Leone,2009,cancel,Debt cancellation,,0,0,nominal_usd,debt_cancellation
SLE::restruct,SLE,Sierra Leone,2009,restruct,Debt restructuring,,0,0,nominal_usd,debt_restructuring
SLE::cofi,SLE,Sierra Leone,2009,cofi,COFI,,0,0,nominal_usd,investment
SLE::cgef,SLE,Sierra Leone,2009,cgef,CGEF,,0,0,nominal_usd,loan_commitment
SLE::chapo,SLE,Sierra Leone,2009,chapo,CHAPO,,3,0,constant_2021_usd,commitment
SLE::aiddata,SLE,Sierra Leone,2010,aiddata,AidData,,3,0,constant_2023_usd,commitment
SLE::codf,SLE,Sierra Leone,2010,codf,CODF,,0,0,nominal_usd,loan_commitment
SLE::cla,SLE,Sierra Leone,2010,cla,CLA,,0,0,nominal_usd,loan_commitment
SLE::cancel,SLE,Sierra Leone,2010,cancel,Debt cancellation,,0,0,nominal_usd,debt_cancellation
SLE::restruct,SLE,Sierra Leone,2010,restruct,Debt restructuring,,0,0,nominal_usd,debt_restructuring
SLE::cofi,SLE,Sierra Leone,2010,cofi,COFI,,0,0,nominal_usd,investment
SLE::cgef,SLE,Sierra Leone,2010,cgef,CGEF,,0,0,nominal_usd,loan_commitment
SLE::chapo,SLE,Sierra Leone,2010,chapo,CHAPO,,0,0,constant_2021_usd,commitment
SLE::aiddata,SLE,Sierra Leone,2011,aiddata,AidData,49316121.442359,13,3,constant_2023_usd,commitment
SLE::codf,SLE,Sierra Leone,2011,codf,CODF,,0,0,nominal_usd,loan_commitment
SLE::cla,SLE,Sierra Leone,2011,cla,CLA,15480000.0,1,1,nominal_usd,loan_commitment
SLE::cancel,SLE,Sierra Leone,2011,cancel,Debt cancellation,,0,0,nominal_usd,debt_cancellation
SLE::restruct,SLE,Sierra Leone,2011,restruct,Debt restructuring,,0,0,nominal_usd,debt_restructuring
SLE::cofi,SLE,Sierra Leone,2011,cofi,COFI,,0,0,nominal_usd,investment
SLE::cgef,SLE,Sierra Leone,2011,cgef,CGEF,,0,0,nominal_usd,loan_commitment
SLE::chapo,SLE,Sierra Leone,2011,chapo,CHAPO,98390.414507,3,1,constant_2021_usd,commitment
SLE::aiddata,SLE,Sierra Leone,2012,aiddata,AidData,1317417729.43183,7,3,constant_2023_usd,commitment
SLE::codf,SLE,Sierra Leone,2012,codf,CODF,,0,0,nominal_usd,loan_commitment
SLE::cla,SLE,Sierra Leone,2012,cla,CLA,15000000.0,1,1,nominal_usd,loan_commitment
SLE::cancel,SLE,Sierra Leone,2012,cancel,Debt cancellation,,0,0,nominal_usd,debt_cancellation
SLE::restruct,SLE,Sierra Leone,2012,restruct,Debt restructuring,,0,0,nominal_usd,debt_restructuring
SLE::cofi,SLE,Sierra Leone,2012,cofi,COFI,,0,0,nominal_usd,investment
SLE::cgef,SLE,Sierra Leone,2012,cgef,CGEF,,0,0,nominal_usd,loan_commitment
SLE::chapo,SLE,Sierra Leone,2012,chapo,CHAPO,186113.902111,2,1,constant_2021_usd,commitment
SLE::aiddata,SLE,Sierra Leone,2013,aiddata,AidData,90562817.970932,12,5,constant_2023_usd,commitment
SLE::codf,SLE,Sierra Leone,2013,codf,CODF,,0,0,nominal_usd,loan_commitment
SLE::cla,SLE,Sierra Leone,2013,cla,CLA,,0,0,nominal_usd,loan_commitment
SLE::cancel,SLE,Sierra Leone,2013,cancel,Debt cancellation,,0,0,nominal_usd,debt_cancellation
SLE::restruct,SLE,Sierra Leone,2013,restruct,Debt restructuring,,0,0,nominal_usd,debt_restructuring
SLE::cofi,SLE,Sierra Leone,2013,cofi,COFI,,0,0,nominal_usd,investment
SLE::cgef,SLE,Sierra Leone,2013,cgef,CGEF,,0,0,nominal_usd,loan_commitment
SLE::chapo,SLE,Sierra Leone,2013,chapo,CHAPO,366919.512844,2,1,constant_2021_usd,commitment
SLE::aiddata,SLE,Sierra Leone,2014,aiddata,AidData,22147560.415884,18,8,constant_2023_usd,commitment
SLE::codf,SLE,Sierra Leone,2014,codf,CODF,,0,0,nominal_usd,loan_commitment
SLE::cla,SLE,Sierra Leone,2014,cla,CLA,12000000.0,1,1,nominal_usd,loan_commitment
SLE::cancel,SLE,Sierra Leone,2014,cancel,Debt cancellation,,0,0,nominal_usd,debt_cancellation
SLE::restruct,SLE,Sierra Leone,2014,restruct,Debt restructuring,,0,0,nominal_usd,debt_restructuring
SLE::cofi,SLE,Sierra Leone,2014,cofi,COFI,,0,0,nominal_usd,investment
SLE::cgef,SLE,Sierra Leone,2014,cgef,CGEF,,0,0,nominal_usd,loan_commitment
SLE::chapo,SLE,Sierra Leone,2014,chapo,CHAPO,,2,0,constant_2021_usd,commitment
SLE::aiddata,SLE,Sierra Leone,2015,aiddata,AidData,17632627.52014,16,2,constant_2023_usd,commitment
SLE::codf,SLE,Sierra Leone,2015,codf,CODF,,0,0,nominal_usd,loan_commitment
SLE::cla,SLE,Sierra Leone,2015,cla,CLA,,0,0,nominal_usd,loan_commitment
SLE::cancel,SLE,Sierra Leone,2015,cancel,Debt cancellation,,0,0,nominal_usd,debt_cancellation
SLE::restruct,SLE,Sierra Leone,2015,restruct,Debt restructuring,,0,0,nominal_usd,debt_restructuring
SLE::cofi,SLE,Sierra Leone,2015,cofi,COFI,,0,0,nominal_usd,investment
SLE::cgef,SLE,Sierra Leone,2015,cgef,CGEF,,0,0,nominal_usd,loan_commitment
SLE::chapo,SLE,Sierra Leone,2015,chapo,CHAPO,,5,0,constant_2021_usd,commitment
SLE::aiddata,SLE,Sierra Leone,2016,aiddata,AidData,243401087.907515,13,4,constant_2023_usd,commitment
SLE::codf,SLE,Sierra Leone,2016,codf,CODF,,0,0,nominal_usd,loan_commitment
SLE::cla,SLE,Sierra Leone,2016,cla,CLA,,0,0,nominal_usd,loan_commitment
SLE::cancel,SLE,Sierra Leone,2016,cancel,Debt cancellation,2880000.0,1,1,nominal_usd,debt_cancellation
SLE::restruct,SLE,Sierra Leone,2016,restruct,Debt restructuring,,0,0,nominal_usd,debt_restructuring
SLE::cofi,SLE,Sierra Leone,2016,cofi,COFI,,0,0,nominal_usd,investment
SLE::cgef,SLE,Sierra Leone,2016,cgef,CGEF,,0,0,nominal_usd,loan_commitment
SLE::chapo,SLE,Sierra Leone,2016,chapo,CHAPO,53308920.513423,8,1,constant_2021_usd,commitment
SLE::aiddata,SLE,Sierra Leone,2017,aiddata,AidData,702324901.2261,21,4,constant_2023_usd,commitment
SLE::codf,SLE,Sierra Leone,2017,codf,CODF,130000000.0,1,1,nominal_usd,loan_commitment
SLE::cla,SLE,Sierra Leone,2017,cla,CLA,659000000.0,2,2,nominal_usd,loan_commitment
SLE::cancel,SLE,Sierra Leone,2017,cancel,Debt cancellation,,0,0,nominal_usd,debt_cancellation
SLE::restruct,SLE,Sierra Leone,2017,restruct,Debt restructuring,,0,0,nominal_usd,debt_restructuring
SLE::cofi,SLE,Sierra Leone,2017,cofi,COFI,,0,0,nominal_usd,investment
SLE::cgef,SLE,Sierra Leone,2017,cgef,CGEF,,0,0,nominal_usd,loan_commitment
SLE::chapo,SLE,Sierra Leone,2017,chapo,CHAPO,,6,0,constant_2021_usd,commitment
SLE::aiddata,SLE,Sierra Leone,2018,aiddata,AidData,12882410.347949,25,5,constant_2023_usd,commitment
SLE::codf,SLE,Sierra Leone,2018,codf,CODF,,0,0,nominal_usd,loan_commitment
SLE::cla,SLE,Sierra Leone,2018,cla,CLA,,0,0,nominal_usd,loan_commitment
SLE::cancel,SLE,Sierra Leone,2018,cancel,Debt cancellation,,0,0,nominal_usd,debt_cancellation
SLE::restruct,SLE,Sierra Leone,2018,restruct,Debt restructuring,,0,0,nominal_usd,debt_restructuring
SLE::cofi,SLE,Sierra Leone,2018,cofi,COFI,,0,0,nominal_usd,investment
SLE::cgef,SLE,Sierra Leone,2018,cgef,CGEF,,0,0,nominal_usd,loan_commitment
SLE::chapo,SLE,Sierra Leone,2018,chapo,CHAPO,2443352.108103,8,2,constant_2021_usd,commitment
SLE::aiddata,SLE,Sierra Leone,2019,aiddata,AidData,138138091.348759,19,4,constant_2023_usd,commitment
SLE::codf,SLE,Sierra Leone,2019,codf,CODF,30000000.0,1,1,nominal_usd,loan_commitment
SLE::cla,SLE,Sierra Leone,2019,cla,CLA,30000000.0,1,1,nominal_usd,loan_commitment
SLE::cancel,SLE,Sierra Leone,2019,cancel,Debt cancellation,,0,0,nominal_usd,debt_cancellation
SLE::restruct,SLE,Sierra Leone,2019,restruct,Debt restructuring,,0,0,nominal_usd,debt_restructuring
SLE::cofi,SLE,Sierra Leone,2019,cofi,COFI,,0,0,nominal_usd,investment
SLE::cgef,SLE,Sierra Leone,2019,cgef,CGEF,,0,0,nominal_usd,loan_commitment
SLE::chapo,SLE,Sierra Leone,2019,chapo,CHAPO,,7,0,constant_2021_usd,commitment
SLE::aiddata,SLE,Sierra Leone,2020,aiddata,AidData,1520146.54268,9,4,constant_2023_usd,commitment
SLE::codf,SLE,Sierra Leone,2020,codf,CODF,,0,0,nominal_usd,loan_commitment
SLE::cla,SLE,Sierra Leone,2020,cla,CLA,,0,0,nominal_usd,loan_commitment
SLE::cancel,SLE,Sierra Leone,2020,cancel,Debt cancellation,,0,0,nominal_usd,debt_cancellation
SLE::restruct,SLE,Sierra Leone,2020,restruct,Debt restructuring,,0,0,nominal_usd,debt_restructuring
SLE::cofi,SLE,Sierra Leone,2020,cofi,COFI,,0,0,nominal_usd,investment
SLE::cgef,SLE,Sierra Leone,2020,cgef,CGEF,,0,0,nominal_usd,loan_commitment
SLE::chapo,SLE,Sierra Leone,2020,chapo,CHAPO,4969.924661,3,1,constant_2021_usd,commitment
SLE::aiddata,SLE,Sierra Leone,2021,aiddata,AidData,1891110049.660039,13,8,constant_2023_usd,commitment
SLE::codf,SLE,Sierra Leone,2021,codf,CODF,,0,0,nominal_usd,loan_commitment
SLE::cla,SLE,Sierra Leone,2021,cla,CLA,,0,0,nominal_usd,loan_commitment
SLE::cancel,SLE,Sierra Leone,2021,cancel,Debt cancellation,,0,0,nominal_usd,debt_cancellation
SLE::restruct,SLE,Sierra Leone,2021,restruct,Debt restructuring,,0,0,nominal_usd,debt_restructuring
SLE::cofi,SLE,Sierra Leone,2021,cofi,COFI,,0,0,nominal_usd,investment
SLE::cgef,SLE,Sierra Leone,2021,cgef,CGEF,,0,0,nominal_usd,loan_commitment
SLE::chapo,SLE,Sierra Leone,2021,chapo,CHAPO,11581200.0,3,3,constant_2021_usd,commitment
SLE::aiddata,SLE,Sierra Leone,2022,aiddata,AidData,7170801.982545,18,7,constant_2023_usd,commitment
SLE::codf,SLE,Sierra Leone,2022,codf,CODF,,0,0,nominal_usd,loan_commitment
SLE::cla,SLE,Sierra Leone,2022,cla,CLA,,0,0,nominal_usd,loan_commitment
SLE::cancel,SLE,Sierra Leone,2022,cancel,Debt cancellation,,0,0,nominal_usd,debt_cancellation
SLE::restruct,SLE,Sierra Leone,2022,restruct,Debt restructuring,,0,0,nominal_usd,debt_restructuring
SLE::cofi,SLE,Sierra Leone,2022,cofi,COFI,,0,0,nominal_usd,investment
SLE::cgef,SLE,Sierra Leone,2022,cgef,CGEF,,0,0,nominal_usd,loan_commitment
SLE::chapo,SLE,Sierra Leone,2022,chapo,CHAPO,,0,0,constant_2021_usd,commitment
SLE::aiddata,SLE,Sierra Leone,2023,aiddata,AidData,62370.22424,14,2,constant_2023_usd,commitment
SLE::codf,SLE,Sierra Leone,2023,codf,CODF,,0,0,nominal_usd,loan_commitment
SLE::cla,SLE,Sierra Leone,2023,cla,CLA,,0,0,nominal_usd,loan_commitment
SLE::cancel,SLE,Sierra Leone,2023,cancel,Debt cancellation,,0,0,nominal_usd,debt_cancellation
SLE::restruct,SLE,Sierra Leone,2023,restruct,Debt restructuring,,0,0,nominal_usd,debt_restructuring
SLE::cofi,SLE,Sierra Leone,2023,cofi,COFI,,0,0,nominal_usd,investment
SLE::cgef,SLE,Sierra Leone,2023,cgef,CGEF,,0,0,nominal_usd,loan_commitment
SLE::chapo,SLE,Sierra Leone,2023,chapo,CHAPO,,0,0,constant_2021_usd,commitment
SLE::aiddata,SLE,Sierra Leone,2024,aiddata,AidData,,0,0,constant_2023_usd,commitment
SLE::codf,SLE,Sierra Leone,2024,codf,CODF,,0,0,nominal_usd,loan_commitment
SLE::cla,SLE,Sierra Leone,2024,cla,CLA,,0,0,nominal_usd,loan_commitment
SLE::cancel,SLE,Sierra Leone,2024,cancel,Debt cancellation,,0,0,nominal_usd,debt_cancellation
SLE::restruct,SLE,Sierra Leone,2024,restruct,Debt restructuring,,0,0,nominal_usd,debt_restructuring
SLE::cofi,SLE,Sierra Leone,2024,cofi,COFI,,0,0,nominal_usd,investment
SLE::cgef,SLE,Sierra Leone,2024,cgef,CGEF,,0,0,nominal_usd,loan_commitment
SLE::chapo,SLE,Sierra Leone,2024,chapo,CHAPO,,0,0,constant_2021_usd,commitment
SOM::aiddata,SOM,Somalia,2000,aiddata,AidData,,0,0,constant_2023_usd,commitment
SOM::codf,SOM,Somalia,2000,codf,CODF,,0,0,nominal_usd,loan_commitment
SOM::cla,SOM,Somalia,2000,cla,CLA,,0,0,nominal_usd,loan_commitment
SOM::cancel,SOM,Somalia,2000,cancel,Debt cancellation,,0,0,nominal_usd,debt_cancellation
SOM::restruct,SOM,Somalia,2000,restruct,Debt restructuring,,0,0,nominal_usd,debt_restructuring
SOM::cofi,SOM,Somalia,2000,cofi,COFI,,0,0,nominal_usd,investment
SOM::cgef,SOM,Somalia,2000,cgef,CGEF,,0,0,nominal_usd,loan_commitment
SOM::chapo,SOM,Somalia,2000,chapo,CHAPO,,0,0,constant_2021_usd,commitment
SOM::aiddata,SOM,Somalia,2001,aiddata,AidData,,0,0,constant_2023_usd,commitment
SOM::codf,SOM,Somalia,2001,codf,CODF,,0,0,nominal_usd,loan_commitment
SOM::cla,SOM,Somalia,2001,cla,CLA,,0,0,nominal_usd,loan_commitment
SOM::cancel,SOM,Somalia,2001,cancel,Debt cancellation,,0,0,nominal_usd,debt_cancellation
SOM::restruct,SOM,Somalia,2001,restruct,Debt restructuring,,0,0,nominal_usd,debt_restructuring
SOM::cofi,SOM,Somalia,2001,cofi,COFI,,0,0,nominal_usd,investment
SOM::cgef,SOM,Somalia,2001,cgef,CGEF,,0,0,nominal_usd,loan_commitment
SOM::chapo,SOM,Somalia,2001,chapo,CHAPO,,0,0,constant_2021_usd,commitment
SOM::aiddata,SOM,Somalia,2002,aiddata,AidData,,0,0,constant_2023_usd,commitment
SOM::codf,SOM,Somalia,2002,codf,CODF,,0,0,nominal_usd,loan_commitment
SOM::cla,SOM,Somalia,2002,cla,CLA,,0,0,nominal_usd,loan_commitment
SOM::cancel,SOM,Somalia,2002,cancel,Debt cancellation,,0,0,nominal_usd,debt_cancellation
SOM::restruct,SOM,Somalia,2002,restruct,Debt restructuring,,0,0,nominal_usd,debt_restructuring
SOM::cofi,SOM,Somalia,2002,cofi,COFI,,0,0,nominal_usd,investment
SOM::cgef,SOM,Somalia,2002,cgef,CGEF,,0,0,nominal_usd,loan_commitment
SOM::chapo,SOM,Somalia,2002,chapo,CHAPO,,0,0,constant_2021_usd,commitment
SOM::aiddata,SOM,Somalia,2003,aiddata,AidData,,0,0,constant_2023_usd,commitment
SOM::codf,SOM,Somalia,2003,codf,CODF,,0,0,nominal_usd,loan_commitment
SOM::cla,SOM,Somalia,2003,cla,CLA,,0,0,nominal_usd,loan_commitment
SOM::cancel,SOM,Somalia,2003,cancel,Debt cancellation,,0,0,nominal_usd,debt_cancellation
SOM::restruct,SOM,Somalia,2003,restruct,Debt restructuring,,0,0,nominal_usd,debt_restructuring
SOM::cofi,SOM,Somalia,2003,cofi,COFI,,0,0,nominal_usd,investment
SOM::cgef,SOM,Somalia,2003,cgef,CGEF,,0,0,nominal_usd,loan_commitment
SOM::chapo,SOM,Somalia,2003,chapo,CHAPO,,0,0,constant_2021_usd,commitment
SOM::aiddata,SOM,Somalia,2004,aiddata,AidData,286624.274225,2,2,constant_2023_usd,commitment
SOM::codf,SOM,Somalia,2004,codf,CODF,,0,0,nominal_usd,loan_commitment
SOM::cla,SOM,Somalia,2004,cla,CLA,,0,0,nominal_usd,loan_commitment
SOM::cancel,SOM,Somalia,2004,cancel,Debt cancellation,,0,0,nominal_usd,debt_cancellation
SOM::restruct,SOM,Somalia,2004,restruct,Debt restructuring,,0,0,nominal_usd,debt_restructuring
SOM::cofi,SOM,Somalia,2004,cofi,COFI,,0,0,nominal_usd,investment
SOM::cgef,SOM,Somalia,2004,cgef,CGEF,,0,0,nominal_usd,loan_commitment
SOM::chapo,SOM,Somalia,2004,chapo,CHAPO,,0,0,constant_2021_usd,commitment
SOM::aiddata,SOM,Somalia,2005,aiddata,AidData,6213424.609002,2,2,constant_2023_usd,commitment
SOM::codf,SOM,Somalia,2005,codf,CODF,,0,0,nominal_usd,loan_commitment
SOM::cla,SOM,Somalia,2005,cla,CLA,,0,0,nominal_usd,loan_commitment
SOM::cancel,SOM,Somalia,2005,cancel,Debt cancellation,3000000.0,1,1,nominal_usd,debt_cancellation
SOM::restruct,SOM,Somalia,2005,restruct,Debt restructuring,,0,0,nominal_usd,debt_restructuring
SOM::cofi,SOM,Somalia,2005,cofi,COFI,,0,0,nominal_usd,investment
SOM::cgef,SOM,Somalia,2005,cgef,CGEF,,0,0,nominal_usd,loan_commitment
SOM::chapo,SOM,Somalia,2005,chapo,CHAPO,,0,0,constant_2021_usd,commitment
SOM::aiddata,SOM,Somalia,2006,aiddata,AidData,,0,0,constant_2023_usd,commitment
SOM::codf,SOM,Somalia,2006,codf,CODF,,0,0,nominal_usd,loan_commitment
SOM::cla,SOM,Somalia,2006,cla,CLA,,0,0,nominal_usd,loan_commitment
SOM::cancel,SOM,Somalia,2006,cancel,Debt cancellation,,0,0,nominal_usd,debt_cancellation
SOM::restruct,SOM,Somalia,2006,restruct,Debt restructuring,,0,0,nominal_usd,debt_restructuring
SOM::cofi,SOM,Somalia,2006,cofi,COFI,,0,0,nominal_usd,investment
SOM::cgef,SOM,Somalia,2006,cgef,CGEF,,0,0,nominal_usd,loan_commitment
SOM::chapo,SOM,Somalia,2006,chapo,CHAPO,,0,0,constant_2021_usd,commitment
SOM::aiddata,SOM,Somalia,2007,aiddata,AidData,219326.518519,2,1,constant_2023_usd,commitment
SOM::codf,SOM,Somalia,2007,codf,CODF,,0,0,nominal_usd,loan_commitment
SOM::cla,SOM,Somalia,2007,cla,CLA,,0,0,nominal_usd,loan_commitment
SOM::cancel,SOM,Somalia,2007,cancel,Debt cancellation,,0,0,nominal_usd,debt_cancellation
SOM::restruct,SOM,Somalia,2007,restruct,Debt restructuring,,0,0,nominal_usd,debt_restructuring
SOM::cofi,SOM,Somalia,2007,cofi,COFI,,0,0,nominal_usd,investment
SOM::cgef,SOM,Somalia,2007,cgef,CGEF,,0,0,nominal_usd,loan_commitment
SOM::chapo,SOM,Somalia,2007,chapo,CHAPO,237502.898541,1,1,constant_2021_usd,commitment
SOM::aiddata,SOM,Somalia,2008,aiddata,AidData,2112669.126261,2,2,constant_2023_usd,commitment
SOM::codf,SOM,Somalia,2008,codf,CODF,,0,0,nominal_usd,loan_commitment
SOM::cla,SOM,Somalia,2008,cla,CLA,,0,0,nominal_usd,loan_commitment
SOM::cancel,SOM,Somalia,2008,cancel,Debt cancellation,,0,0,nominal_usd,debt_cancellation
SOM::restruct,SOM,Somalia,2008,restruct,Debt restructuring,,0,0,nominal_usd,debt_restructuring
SOM::cofi,SOM,Somalia,2008,cofi,COFI,,0,0,nominal_usd,investment
SOM::cgef,SOM,Somalia,2008,cgef,CGEF,,0,0,nominal_usd,loan_commitment
SOM::chapo,SOM,Somalia,2008,chapo,CHAPO,,0,0,constant_2021_usd,commitment
SOM::aiddata,SOM,Somalia,2009,aiddata,AidData,896735.316053,3,2,constant_2023_usd,commitment
SOM::codf,SOM,Somalia,2009,codf,CODF,,0,0,nominal_usd,loan_commitment
SOM::cla,SOM,Somalia,2009,cla,CLA,,0,0,nominal_usd,loan_commitment
SOM::cancel,SOM,Somalia,2009,cancel,Debt cancellation,,0,0,nominal_usd,debt_cancellation
SOM::restruct,SOM,Somalia,2009,restruct,Debt restructuring,,0,0,nominal_usd,debt_restructuring
SOM::cofi,SOM,Somalia,2009,cofi,COFI,,0,0,nominal_usd,investment
SOM::cgef,SOM,Somalia,2009,cgef,CGEF,,0,0,nominal_usd,loan_commitment
SOM::chapo,SOM,Somalia,2009,chapo,CHAPO,970870.181822,2,2,constant_2021_usd,commitment
SOM::aiddata,SOM,Somalia,2010,aiddata,AidData,,0,0,constant_2023_usd,commitment
SOM::codf,SOM,Somalia,2010,codf,CODF,,0,0,nominal_usd,loan_commitment
SOM::cla,SOM,Somalia,2010,cla,CLA,,0,0,nominal_usd,loan_commitment
SOM::cancel,SOM,Somalia,2010,cancel,Debt cancellation,,0,0,nominal_usd,debt_cancellation
SOM::restruct,SOM,Somalia,2010,restruct,Debt restructuring,,0,0,nominal_usd,debt_restructuring
SOM::cofi,SOM,Somalia,2010,cofi,COFI,,0,0,nominal_usd,investment
SOM::cgef,SOM,Somalia,2010,cgef,CGEF,,0,0,nominal_usd,loan_commitment
SOM::chapo,SOM,Somalia,2010,chapo,CHAPO,,0,0,constant_2021_usd,commitment
SOM::aiddata,SOM,Somalia,2011,aiddata,AidData,18143002.901425,1,1,constant_2023_usd,commitment
SOM::codf,SOM,Somalia,2011,codf,CODF,,0,0,nominal_usd,loan_commitment
SOM::cla,SOM,Somalia,2011,cla,CLA,,0,0,nominal_usd,loan_commitment
SOM::cancel,SOM,Somalia,2011,cancel,Debt cancellation,,0,0,nominal_usd,debt_cancellation
SOM::restruct,SOM,Somalia,2011,restruct,Debt restructuring,,0,0,nominal_usd,debt_restructuring
SOM::cofi,SOM,Somalia,2011,cofi,COFI,,0,0,nominal_usd,investment
SOM::cgef,SOM,Somalia,2011,cgef,CGEF,,0,0,nominal_usd,loan_commitment
SOM::chapo,SOM,Somalia,2011,chapo,CHAPO,,0,0,constant_2021_usd,commitment
SOM::aiddata,SOM,Somalia,2012,aiddata,AidData,,0,0,constant_2023_usd,commitment
SOM::codf,SOM,Somalia,2012,codf,CODF,,0,0,nominal_usd,loan_commitment
SOM::cla,SOM,Somalia,2012,cla,CLA,,0,0,nominal_usd,loan_commitment
SOM::cancel,SOM,Somalia,2012,cancel,Debt cancellation,,0,0,nominal_usd,debt_cancellation
SOM::restruct,SOM,Somalia,2012,restruct,Debt restructuring,,0,0,nominal_usd,debt_restructuring
SOM::cofi,SOM,Somalia,2012,cofi,COFI,,0,0,nominal_usd,investment
SOM::cgef,SOM,Somalia,2012,cgef,CGEF,,0,0,nominal_usd,loan_commitment
SOM::chapo,SOM,Somalia,2012,chapo,CHAPO,,0,0,constant_2021_usd,commitment
SOM::aiddata,SOM,Somalia,2013,aiddata,AidData,,0,0,constant_2023_usd,commitment
SOM::codf,SOM,Somalia,2013,codf,CODF,,0,0,nominal_usd,loan_commitment
SOM::cla,SOM,Somalia,2013,cla,CLA,,0,0,nominal_usd,loan_commitment
SOM::cancel,SOM,Somalia,2013,cancel,Debt cancellation,,0,0,nominal_usd,debt_cancellation
SOM::restruct,SOM,Somalia,2013,restruct,Debt restructuring,,0,0,nominal_usd,debt_restructuring
SOM::cofi,SOM,Somalia,2013,cofi,COFI,,0,0,nominal_usd,investment
SOM::cgef,SOM,Somalia,2013,cgef,CGEF,,0,0,nominal_usd,loan_commitment
SOM::chapo,SOM,Somalia,2013,chapo,CHAPO,,1,0,constant_2021_usd,commitment
SOM::aiddata,SOM,Somalia,2014,aiddata,AidData,41022.127236,4,2,constant_2023_usd,commitment
SOM::codf,SOM,Somalia,2014,codf,CODF,,0,0,nominal_usd,loan_commitment
SOM::cla,SOM,Somalia,2014,cla,CLA,,0,0,nominal_usd,loan_commitment
SOM::cancel,SOM,Somalia,2014,cancel,Debt cancellation,,0,0,nominal_usd,debt_cancellation
SOM::restruct,SOM,Somalia,2014,restruct,Debt restructuring,,0,0,nominal_usd,debt_restructuring
SOM::cofi,SOM,Somalia,2014,cofi,COFI,,0,0,nominal_usd,investment
SOM::cgef,SOM,Somalia,2014,cgef,CGEF,,0,0,nominal_usd,loan_commitment
SOM::chapo,SOM,Somalia,2014,chapo,CHAPO,,1,0,constant_2021_usd,commitment
SOM::aiddata,SOM,Somalia,2015,aiddata,AidData,2134244.698059,8,3,constant_2023_usd,commitment
SOM::codf,SOM,Somalia,2015,codf,CODF,,0,0,nominal_usd,loan_commitment
SOM::cla,SOM,Somalia,2015,cla,CLA,,0,0,nominal_usd,loan_commitment
SOM::cancel,SOM,Somalia,2015,cancel,Debt cancellation,,0,0,nominal_usd,debt_cancellation
SOM::restruct,SOM,Somalia,2015,restruct,Debt restructuring,,0,0,nominal_usd,debt_restructuring
SOM::cofi,SOM,Somalia,2015,cofi,COFI,,0,0,nominal_usd,investment
SOM::cgef,SOM,Somalia,2015,cgef,CGEF,,0,0,nominal_usd,loan_commitment
SOM::chapo,SOM,Somalia,2015,chapo,CHAPO,,0,0,constant_2021_usd,commitment
SOM::aiddata,SOM,Somalia,2016,aiddata,AidData,2181443.145575,10,1,constant_2023_usd,commitment
SOM::codf,SOM,Somalia,2016,codf,CODF,,0,0,nominal_usd,loan_commitment
SOM::cla,SOM,Somalia,2016,cla,CLA,,0,0,nominal_usd,loan_commitment
SOM::cancel,SOM,Somalia,2016,cancel,Debt cancellation,,0,0,nominal_usd,debt_cancellation
SOM::restruct,SOM,Somalia,2016,restruct,Debt restructuring,,0,0,nominal_usd,debt_restructuring
SOM::cofi,SOM,Somalia,2016,cofi,COFI,,0,0,nominal_usd,investment
SOM::cgef,SOM,Somalia,2016,cgef,CGEF,,0,0,nominal_usd,loan_commitment
SOM::chapo,SOM,Somalia,2016,chapo,CHAPO,,0,0,constant_2021_usd,commitment
SOM::aiddata,SOM,Somalia,2017,aiddata,AidData,14477122.303621,10,7,constant_2023_usd,commitment
SOM::codf,SOM,Somalia,2017,codf,CODF,,0,0,nominal_usd,loan_commitment
SOM::cla,SOM,Somalia,2017,cla,CLA,,0,0,nominal_usd,loan_commitment
SOM::cancel,SOM,Somalia,2017,cancel,Debt cancellation,,0,0,nominal_usd,debt_cancellation
SOM::restruct,SOM,Somalia,2017,restruct,Debt restructuring,,0,0,nominal_usd,debt_restructuring
SOM::cofi,SOM,Somalia,2017,cofi,COFI,,0,0,nominal_usd,investment
SOM::cgef,SOM,Somalia,2017,cgef,CGEF,,0,0,nominal_usd,loan_commitment
SOM::chapo,SOM,Somalia,2017,chapo,CHAPO,,1,0,constant_2021_usd,commitment
SOM::aiddata,SOM,Somalia,2018,aiddata,AidData,7569360.724505,5,3,constant_2023_usd,commitment
SOM::codf,SOM,Somalia,2018,codf,CODF,,0,0,nominal_usd,loan_commitment
SOM::cla,SOM,Somalia,2018,cla,CLA,,0,0,nominal_usd,loan_commitment
SOM::cancel,SOM,Somalia,2018,cancel,Debt cancellation,,0,0,nominal_usd,debt_cancellation
SOM::restruct,SOM,Somalia,2018,restruct,Debt restructuring,,0,0,nominal_usd,debt_restructuring
SOM::cofi,SOM,Somalia,2018,cofi,COFI,,0,0,nominal_usd,investment
SOM::cgef,SOM,Somalia,2018,cgef,CGEF,,0,0,nominal_usd,loan_commitment
SOM::chapo,SOM,Somalia,2018,chapo,CHAPO,,0,0,constant_2021_usd,commitment
SOM::aiddata,SOM,Somalia,2019,aiddata,AidData,,3,0,constant_2023_usd,commitment
SOM::codf,SOM,Somalia,2019,codf,CODF,,0,0,nominal_usd,loan_commitment
SOM::cla,SOM,Somalia,2019,cla,CLA,,0,0,nominal_usd,loan_commitment
SOM::cancel,SOM,Somalia,2019,cancel,Debt cancellation,,0,0,nominal_usd,debt_cancellation
SOM::restruct,SOM,Somalia,2019,restruct,Debt restructuring,,0,0,nominal_usd,debt_restructuring
SOM::cofi,SOM,Somalia,2019,cofi,COFI,,0,0,nominal_usd,investment
SOM::cgef,SOM,Somalia,2019,cgef,CGEF,,0,0,nominal_usd,loan_commitment
SOM::chapo,SOM,Somalia,2019,chapo,CHAPO,,1,0,constant_2021_usd,commitment
SOM::aiddata,SOM,Somalia,2020,aiddata,AidData,1334872.694093,1,1,constant_2023_usd,commitment
SOM::codf,SOM,Somalia,2020,codf,CODF,,0,0,nominal_usd,loan_commitment
SOM::cla,SOM,Somalia,2020,cla,CLA,,0,0,nominal_usd,loan_commitment
SOM::cancel,SOM,Somalia,2020,cancel,Debt cancellation,,0,0,nominal_usd,debt_cancellation
SOM::restruct,SOM,Somalia,2020,restruct,Debt restructuring,,0,0,nominal_usd,debt_restructuring
SOM::cofi,SOM,Somalia,2020,cofi,COFI,,0,0,nominal_usd,investment
SOM::cgef,SOM,Somalia,2020,cgef,CGEF,,0,0,nominal_usd,loan_commitment
SOM::chapo,SOM,Somalia,2020,chapo,CHAPO,1444980.466244,1,1,constant_2021_usd,commitment
SOM::aiddata,SOM,Somalia,2021,aiddata,AidData,15522717.251783,6,4,constant_2023_usd,commitment
SOM::codf,SOM,Somalia,2021,codf,CODF,,0,0,nominal_usd,loan_commitment
SOM::cla,SOM,Somalia,2021,cla,CLA,,0,0,nominal_usd,loan_commitment
SOM::cancel,SOM,Somalia,2021,cancel,Debt cancellation,,0,0,nominal_usd,debt_cancellation
SOM::restruct,SOM,Somalia,2021,restruct,Debt restructuring,,0,0,nominal_usd,debt_restructuring
SOM::cofi,SOM,Somalia,2021,cofi,COFI,,0,0,nominal_usd,investment
SOM::cgef,SOM,Somalia,2021,cgef,CGEF,,0,0,nominal_usd,loan_commitment
SOM::chapo,SOM,Somalia,2021,chapo,CHAPO,12600000.0,2,2,constant_2021_usd,commitment
SOM::aiddata,SOM,Somalia,2022,aiddata,AidData,587388.071688,3,1,constant_2023_usd,commitment
SOM::codf,SOM,Somalia,2022,codf,CODF,,0,0,nominal_usd,loan_commitment
SOM::cla,SOM,Somalia,2022,cla,CLA,,0,0,nominal_usd,loan_commitment
SOM::cancel,SOM,Somalia,2022,cancel,Debt cancellation,,0,0,nominal_usd,debt_cancellation
SOM::restruct,SOM,Somalia,2022,restruct,Debt restructuring,,0,0,nominal_usd,debt_restructuring
SOM::cofi,SOM,Somalia,2022,cofi,COFI,,0,0,nominal_usd,investment
SOM::cgef,SOM,Somalia,2022,cgef,CGEF,,0,0,nominal_usd,loan_commitment
SOM::chapo,SOM,Somalia,2022,chapo,CHAPO,,0,0,constant_2021_usd,commitment
SOM::aiddata,SOM,Somalia,2023,aiddata,AidData,3410741.29281,7,4,constant_2023_usd,commitment
SOM::codf,SOM,Somalia,2023,codf,CODF,,0,0,nominal_usd,loan_commitment
SOM::cla,SOM,Somalia,2023,cla,CLA,,0,0,nominal_usd,loan_commitment
SOM::cancel,SOM,Somalia,2023,cancel,Debt cancellation,,0,0,nominal_usd,debt_cancellation
SOM::restruct,SOM,Somalia,2023,restruct,Debt restructuring,,0,0,nominal_usd,debt_restructuring
SOM::cofi,SOM,Somalia,2023,cofi,COFI,,0,0,nominal_usd,investment
SOM::cgef,SOM,Somalia,2023,cgef,CGEF,,0,0,nominal_usd,loan_commitment
SOM::chapo,SOM,Somalia,2023,chapo,CHAPO,,0,0,constant_2021_usd,commitment
SOM::aiddata,SOM,Somalia,2024,aiddata,AidData,,0,0,constant_2023_usd,commitment
SOM::codf,SOM,Somalia,2024,codf,CODF,,0,0,nominal_usd,loan_commitment
SOM::cla,SOM,Somalia,2024,cla,CLA,,0,0,nominal_usd,loan_commitment
SOM::cancel,SOM,Somalia,2024,cancel,Debt cancellation,,0,0,nominal_usd,debt_cancellation
SOM::restruct,SOM,Somalia,2024,restruct,Debt restructuring,,0,0,nominal_usd,debt_restructuring
SOM::cofi,SOM,Somalia,2024,cofi,COFI,,0,0,nominal_usd,investment
SOM::cgef,SOM,Somalia,2024,cgef,CGEF,,0,0,nominal_usd,loan_commitment
SOM::chapo,SOM,Somalia,2024,chapo,CHAPO,,0,0,constant_2021_usd,commitment
SSD::aiddata,SSD,South Sudan,2000,aiddata,AidData,,0,0,constant_2023_usd,commitment
SSD::codf,SSD,South Sudan,2000,codf,CODF,,0,0,nominal_usd,loan_commitment
SSD::cla,SSD,South Sudan,2000,cla,CLA,,0,0,nominal_usd,loan_commitment
SSD::cancel,SSD,South Sudan,2000,cancel,Debt cancellation,,0,0,nominal_usd,debt_cancellation
SSD::restruct,SSD,South Sudan,2000,restruct,Debt restructuring,,0,0,nominal_usd,debt_restructuring
SSD::cofi,SSD,South Sudan,2000,cofi,COFI,,0,0,nominal_usd,investment
SSD::cgef,SSD,South Sudan,2000,cgef,CGEF,,0,0,nominal_usd,loan_commitment
SSD::chapo,SSD,South Sudan,2000,chapo,CHAPO,,0,0,constant_2021_usd,commitment
SSD::aiddata,SSD,South Sudan,2001,aiddata,AidData,,0,0,constant_2023_usd,commitment
SSD::codf,SSD,South Sudan,2001,codf,CODF,,0,0,nominal_usd,loan_commitment
SSD::cla,SSD,South Sudan,2001,cla,CLA,,0,0,nominal_usd,loan_commitment
SSD::cancel,SSD,South Sudan,2001,cancel,Debt cancellation,,0,0,nominal_usd,debt_cancellation
SSD::restruct,SSD,South Sudan,2001,restruct,Debt restructuring,,0,0,nominal_usd,debt_restructuring
SSD::cofi,SSD,South Sudan,2001,cofi,COFI,,0,0,nominal_usd,investment
SSD::cgef,SSD,South Sudan,2001,cgef,CGEF,,0,0,nominal_usd,loan_commitment
SSD::chapo,SSD,South Sudan,2001,chapo,CHAPO,,0,0,constant_2021_usd,commitment
SSD::aiddata,SSD,South Sudan,2002,aiddata,AidData,,0,0,constant_2023_usd,commitment
SSD::codf,SSD,South Sudan,2002,codf,CODF,,0,0,nominal_usd,loan_commitment
SSD::cla,SSD,South Sudan,2002,cla,CLA,,0,0,nominal_usd,loan_commitment
SSD::cancel,SSD,South Sudan,2002,cancel,Debt cancellation,,0,0,nominal_usd,debt_cancellation
SSD::restruct,SSD,South Sudan,2002,restruct,Debt restructuring,,0,0,nominal_usd,debt_restructuring
SSD::cofi,SSD,South Sudan,2002,cofi,COFI,,0,0,nominal_usd,investment
SSD::cgef,SSD,South Sudan,2002,cgef,CGEF,,0,0,nominal_usd,loan_commitment
SSD::chapo,SSD,South Sudan,2002,chapo,CHAPO,,0,0,constant_2021_usd,commitment
SSD::aiddata,SSD,South Sudan,2003,aiddata,AidData,,0,0,constant_2023_usd,commitment
SSD::codf,SSD,South Sudan,2003,codf,CODF,,0,0,nominal_usd,loan_commitment
SSD::cla,SSD,South Sudan,2003,cla,CLA,,0,0,nominal_usd,loan_commitment
SSD::cancel,SSD,South Sudan,2003,cancel,Debt cancellation,,0,0,nominal_usd,debt_cancellation
SSD::restruct,SSD,South Sudan,2003,restruct,Debt restructuring,,0,0,nominal_usd,debt_restructuring
SSD::cofi,SSD,South Sudan,2003,cofi,COFI,,0,0,nominal_usd,investment
SSD::cgef,SSD,South Sudan,2003,cgef,CGEF,,0,0,nominal_usd,loan_commitment
SSD::chapo,SSD,South Sudan,2003,chapo,CHAPO,,0,0,constant_2021_usd,commitment
SSD::aiddata,SSD,South Sudan,2004,aiddata,AidData,,0,0,constant_2023_usd,commitment
SSD::codf,SSD,South Sudan,2004,codf,CODF,,0,0,nominal_usd,loan_commitment
SSD::cla,SSD,South Sudan,2004,cla,CLA,,0,0,nominal_usd,loan_commitment
SSD::cancel,SSD,South Sudan,2004,cancel,Debt cancellation,,0,0,nominal_usd,debt_cancellation
SSD::restruct,SSD,South Sudan,2004,restruct,Debt restructuring,,0,0,nominal_usd,debt_restructuring
SSD::cofi,SSD,South Sudan,2004,cofi,COFI,,0,0,nominal_usd,investment
SSD::cgef,SSD,South Sudan,2004,cgef,CGEF,,0,0,nominal_usd,loan_commitment
SSD::chapo,SSD,South Sudan,2004,chapo,CHAPO,,0,0,constant_2021_usd,commitment
SSD::aiddata,SSD,South Sudan,2005,aiddata,AidData,,0,0,constant_2023_usd,commitment
SSD::codf,SSD,South Sudan,2005,codf,CODF,,0,0,nominal_usd,loan_commitment
SSD::cla,SSD,South Sudan,2005,cla,CLA,,0,0,nominal_usd,loan_commitment
SSD::cancel,SSD,South Sudan,2005,cancel,Debt cancellation,,0,0,nominal_usd,debt_cancellation
SSD::restruct,SSD,South Sudan,2005,restruct,Debt restructuring,,0,0,nominal_usd,debt_restructuring
SSD::cofi,SSD,South Sudan,2005,cofi,COFI,,0,0,nominal_usd,investment
SSD::cgef,SSD,South Sudan,2005,cgef,CGEF,,0,0,nominal_usd,loan_commitment
SSD::chapo,SSD,South Sudan,2005,chapo,CHAPO,,0,0,constant_2021_usd,commitment
SSD::aiddata,SSD,South Sudan,2006,aiddata,AidData,,0,0,constant_2023_usd,commitment
SSD::codf,SSD,South Sudan,2006,codf,CODF,,0,0,nominal_usd,loan_commitment
SSD::cla,SSD,South Sudan,2006,cla,CLA,,0,0,nominal_usd,loan_commitment
SSD::cancel,SSD,South Sudan,2006,cancel,Debt cancellation,,0,0,nominal_usd,debt_cancellation
SSD::restruct,SSD,South Sudan,2006,restruct,Debt restructuring,,0,0,nominal_usd,debt_restructuring
SSD::cofi,SSD,South Sudan,2006,cofi,COFI,,0,0,nominal_usd,investment
SSD::cgef,SSD,South Sudan,2006,cgef,CGEF,,0,0,nominal_usd,loan_commitment
SSD::chapo,SSD,South Sudan,2006,chapo,CHAPO,,0,0,constant_2021_usd,commitment
SSD::aiddata,SSD,South Sudan,2007,aiddata,AidData,,0,0,constant_2023_usd,commitment
SSD::codf,SSD,South Sudan,2007,codf,CODF,,0,0,nominal_usd,loan_commitment
SSD::cla,SSD,South Sudan,2007,cla,CLA,,0,0,nominal_usd,loan_commitment
SSD::cancel,SSD,South Sudan,2007,cancel,Debt cancellation,,0,0,nominal_usd,debt_cancellation
SSD::restruct,SSD,South Sudan,2007,restruct,Debt restructuring,,0,0,nominal_usd,debt_restructuring
SSD::cofi,SSD,South Sudan,2007,cofi,COFI,,0,0,nominal_usd,investment
SSD::cgef,SSD,South Sudan,2007,cgef,CGEF,,0,0,nominal_usd,loan_commitment
SSD::chapo,SSD,South Sudan,2007,chapo,CHAPO,709655.503105,1,1,constant_2021_usd,commitment
SSD::aiddata,SSD,South Sudan,2008,aiddata,AidData,,0,0,constant_2023_usd,commitment
SSD::codf,SSD,South Sudan,2008,codf,CODF,,0,0,nominal_usd,loan_commitment
SSD::cla,SSD,South Sudan,2008,cla,CLA,,0,0,nominal_usd,loan_commitment
SSD::cancel,SSD,South Sudan,2008,cancel,Debt cancellation,,0,0,nominal_usd,debt_cancellation
SSD::restruct,SSD,South Sudan,2008,restruct,Debt restructuring,,0,0,nominal_usd,debt_restructuring
SSD::cofi,SSD,South Sudan,2008,cofi,COFI,,0,0,nominal_usd,investment
SSD::cgef,SSD,South Sudan,2008,cgef,CGEF,,0,0,nominal_usd,loan_commitment
SSD::chapo,SSD,South Sudan,2008,chapo,CHAPO,1096807.095717,1,1,constant_2021_usd,commitment
SSD::aiddata,SSD,South Sudan,2009,aiddata,AidData,,0,0,constant_2023_usd,commitment
SSD::codf,SSD,South Sudan,2009,codf,CODF,,0,0,nominal_usd,loan_commitment
SSD::cla,SSD,South Sudan,2009,cla,CLA,,0,0,nominal_usd,loan_commitment
SSD::cancel,SSD,South Sudan,2009,cancel,Debt cancellation,,0,0,nominal_usd,debt_cancellation
SSD::restruct,SSD,South Sudan,2009,restruct,Debt restructuring,,0,0,nominal_usd,debt_restructuring
SSD::cofi,SSD,South Sudan,2009,cofi,COFI,,0,0,nominal_usd,investment
SSD::cgef,SSD,South Sudan,2009,cgef,CGEF,,0,0,nominal_usd,loan_commitment
SSD::chapo,SSD,South Sudan,2009,chapo,CHAPO,,0,0,constant_2021_usd,commitment
SSD::aiddata,SSD,South Sudan,2010,aiddata,AidData,,0,0,constant_2023_usd,commitment
SSD::codf,SSD,South Sudan,2010,codf,CODF,,0,0,nominal_usd,loan_commitment
SSD::cla,SSD,South Sudan,2010,cla,CLA,,0,0,nominal_usd,loan_commitment
SSD::cancel,SSD,South Sudan,2010,cancel,Debt cancellation,,0,0,nominal_usd,debt_cancellation
SSD::restruct,SSD,South Sudan,2010,restruct,Debt restructuring,,0,0,nominal_usd,debt_restructuring
SSD::cofi,SSD,South Sudan,2010,cofi,COFI,,0,0,nominal_usd,investment
SSD::cgef,SSD,South Sudan,2010,cgef,CGEF,,0,0,nominal_usd,loan_commitment
SSD::chapo,SSD,South Sudan,2010,chapo,CHAPO,,0,0,constant_2021_usd,commitment
SSD::aiddata,SSD,South Sudan,2011,aiddata,AidData,863737.832335,13,1,constant_2023_usd,commitment
SSD::codf,SSD,South Sudan,2011,codf,CODF,,0,0,nominal_usd,loan_commitment
SSD::cla,SSD,South Sudan,2011,cla,CLA,,0,0,nominal_usd,loan_commitment
SSD::cancel,SSD,South Sudan,2011,cancel,Debt cancellation,,0,0,nominal_usd,debt_cancellation
SSD::restruct,SSD,South Sudan,2011,restruct,Debt restructuring,,0,0,nominal_usd,debt_restructuring
SSD::cofi,SSD,South Sudan,2011,cofi,COFI,,0,0,nominal_usd,investment
SSD::cgef,SSD,South Sudan,2011,cgef,CGEF,,0,0,nominal_usd,loan_commitment
SSD::chapo,SSD,South Sudan,2011,chapo,CHAPO,934708.937819,3,1,constant_2021_usd,commitment
SSD::aiddata,SSD,South Sudan,2012,aiddata,AidData,6502907.006446,13,1,constant_2023_usd,commitment
SSD::codf,SSD,South Sudan,2012,codf,CODF,,0,0,nominal_usd,loan_commitment
SSD::cla,SSD,South Sudan,2012,cla,CLA,,0,0,nominal_usd,loan_commitment
SSD::cancel,SSD,South Sudan,2012,cancel,Debt cancellation,,0,0,nominal_usd,debt_cancellation
SSD::restruct,SSD,South Sudan,2012,restruct,Debt restructuring,,0,0,nominal_usd,debt_restructuring
SSD::cofi,SSD,South Sudan,2012,cofi,COFI,,0,0,nominal_usd,investment
SSD::cgef,SSD,South Sudan,2012,cgef,CGEF,,0,0,nominal_usd,loan_commitment
SSD::chapo,SSD,South Sudan,2012,chapo,CHAPO,7044741.347555,3,1,constant_2021_usd,commitment
SSD::aiddata,SSD,South Sudan,2013,aiddata,AidData,483433277.171993,12,6,constant_2023_usd,commitment
SSD::codf,SSD,South Sudan,2013,codf,CODF,,0,0,nominal_usd,loan_commitment
SSD::cla,SSD,South Sudan,2013,cla,CLA,,0,0,nominal_usd,loan_commitment
SSD::cancel,SSD,South Sudan,2013,cancel,Debt cancellation,,0,0,nominal_usd,debt_cancellation
SSD::restruct,SSD,South Sudan,2013,restruct,Debt restructuring,,0,0,nominal_usd,debt_restructuring
SSD::cofi,SSD,South Sudan,2013,cofi,COFI,27000000.0,1,1,nominal_usd,investment
SSD::cgef,SSD,South Sudan,2013,cgef,CGEF,,0,0,nominal_usd,loan_commitment
SSD::chapo,SSD,South Sudan,2013,chapo,CHAPO,564018.276095,2,1,constant_2021_usd,commitment
SSD::aiddata,SSD,South Sudan,2014,aiddata,AidData,1439413011.927532,20,7,constant_2023_usd,commitment
SSD::codf,SSD,South Sudan,2014,codf,CODF,150000000.0,1,1,nominal_usd,loan_commitment
SSD::cla,SSD,South Sudan,2014,cla,CLA,150000000.0,1,1,nominal_usd,loan_commitment
SSD::cancel,SSD,South Sudan,2014,cancel,Debt cancellation,,0,0,nominal_usd,debt_cancellation
SSD::restruct,SSD,South Sudan,2014,restruct,Debt restructuring,,0,0,nominal_usd,debt_restructuring
SSD::cofi,SSD,South Sudan,2014,cofi,COFI,,0,0,nominal_usd,investment
SSD::cgef,SSD,South Sudan,2014,cgef,CGEF,,0,0,nominal_usd,loan_commitment
SSD::chapo,SSD,South Sudan,2014,chapo,CHAPO,71871.709463,4,1,constant_2021_usd,commitment
SSD::aiddata,SSD,South Sudan,2015,aiddata,AidData,2058090860.660262,16,5,constant_2023_usd,commitment
SSD::codf,SSD,South Sudan,2015,codf,CODF,,0,0,nominal_usd,loan_commitment
SSD::cla,SSD,South Sudan,2015,cla,CLA,,0,0,nominal_usd,loan_commitment
SSD::cancel,SSD,South Sudan,2015,cancel,Debt cancellation,,0,0,nominal_usd,debt_cancellation
SSD::restruct,SSD,South Sudan,2015,restruct,Debt restructuring,,0,0,nominal_usd,debt_restructuring
SSD::cofi,SSD,South Sudan,2015,cofi,COFI,,0,0,nominal_usd,investment
SSD::cgef,SSD,South Sudan,2015,cgef,CGEF,,0,0,nominal_usd,loan_commitment
SSD::chapo,SSD,South Sudan,2015,chapo,CHAPO,37371776.466979,6,2,constant_2021_usd,commitment
SSD::aiddata,SSD,South Sudan,2016,aiddata,AidData,12818637.498625,9,7,constant_2023_usd,commitment
SSD::codf,SSD,South Sudan,2016,codf,CODF,,0,0,nominal_usd,loan_commitment
SSD::cla,SSD,South Sudan,2016,cla,CLA,,0,0,nominal_usd,loan_commitment
SSD::cancel,SSD,South Sudan,2016,cancel,Debt cancellation,,0,0,nominal_usd,debt_cancellation
SSD::restruct,SSD,South Sudan,2016,restruct,Debt restructuring,,0,0,nominal_usd,debt_restructuring
SSD::cofi,SSD,South Sudan,2016,cofi,COFI,,0,0,nominal_usd,investment
SSD::cgef,SSD,South Sudan,2016,cgef,CGEF,,0,0,nominal_usd,loan_commitment
SSD::chapo,SSD,South Sudan,2016,chapo,CHAPO,4430895.533632,3,2,constant_2021_usd,commitment
SSD::aiddata,SSD,South Sudan,2017,aiddata,AidData,22965138.92053,15,5,constant_2023_usd,commitment
SSD::codf,SSD,South Sudan,2017,codf,CODF,,0,0,nominal_usd,loan_commitment
SSD::cla,SSD,South Sudan,2017,cla,CLA,,0,0,nominal_usd,loan_commitment
SSD::cancel,SSD,South Sudan,2017,cancel,Debt cancellation,,0,0,nominal_usd,debt_cancellation
SSD::restruct,SSD,South Sudan,2017,restruct,Debt restructuring,,0,0,nominal_usd,debt_restructuring
SSD::cofi,SSD,South Sudan,2017,cofi,COFI,,0,0,nominal_usd,investment
SSD::cgef,SSD,South Sudan,2017,cgef,CGEF,,0,0,nominal_usd,loan_commitment
SSD::chapo,SSD,South Sudan,2017,chapo,CHAPO,2004981.362148,8,2,constant_2021_usd,commitment
SSD::aiddata,SSD,South Sudan,2018,aiddata,AidData,89966812.562078,17,7,constant_2023_usd,commitment
SSD::codf,SSD,South Sudan,2018,codf,CODF,248800000.0,1,1,nominal_usd,loan_commitment
SSD::cla,SSD,South Sudan,2018,cla,CLA,248800000.0,1,1,nominal_usd,loan_commitment
SSD::cancel,SSD,South Sudan,2018,cancel,Debt cancellation,,0,0,nominal_usd,debt_cancellation
SSD::restruct,SSD,South Sudan,2018,restruct,Debt restructuring,,0,0,nominal_usd,debt_restructuring
SSD::cofi,SSD,South Sudan,2018,cofi,COFI,,0,0,nominal_usd,investment
SSD::cgef,SSD,South Sudan,2018,cgef,CGEF,,0,0,nominal_usd,loan_commitment
SSD::chapo,SSD,South Sudan,2018,chapo,CHAPO,7410978.285575,8,3,constant_2021_usd,commitment
SSD::aiddata,SSD,South Sudan,2019,aiddata,AidData,845159258.90049,19,6,constant_2023_usd,commitment
SSD::codf,SSD,South Sudan,2019,codf,CODF,,0,0,nominal_usd,loan_commitment
SSD::cla,SSD,South Sudan,2019,cla,CLA,,0,0,nominal_usd,loan_commitment
SSD::cancel,SSD,South Sudan,2019,cancel,Debt cancellation,,0,0,nominal_usd,debt_cancellation
SSD::restruct,SSD,South Sudan,2019,restruct,Debt restructuring,,0,0,nominal_usd,debt_restructuring
SSD::cofi,SSD,South Sudan,2019,cofi,COFI,,0,0,nominal_usd,investment
SSD::cgef,SSD,South Sudan,2019,cgef,CGEF,,0,0,nominal_usd,loan_commitment
SSD::chapo,SSD,South Sudan,2019,chapo,CHAPO,8181.00077,9,1,constant_2021_usd,commitment
SSD::aiddata,SSD,South Sudan,2020,aiddata,AidData,24625050.516298,22,12,constant_2023_usd,commitment
SSD::codf,SSD,South Sudan,2020,codf,CODF,,0,0,nominal_usd,loan_commitment
SSD::cla,SSD,South Sudan,2020,cla,CLA,,0,0,nominal_usd,loan_commitment
SSD::cancel,SSD,South Sudan,2020,cancel,Debt cancellation,,0,0,nominal_usd,debt_cancellation
SSD::restruct,SSD,South Sudan,2020,restruct,Debt restructuring,,0,0,nominal_usd,debt_restructuring
SSD::cofi,SSD,South Sudan,2020,cofi,COFI,,0,0,nominal_usd,investment
SSD::cgef,SSD,South Sudan,2020,cgef,CGEF,,0,0,nominal_usd,loan_commitment
SSD::chapo,SSD,South Sudan,2020,chapo,CHAPO,2654340.847278,15,7,constant_2021_usd,commitment
SSD::aiddata,SSD,South Sudan,2021,aiddata,AidData,2120925.765509,9,2,constant_2023_usd,commitment
SSD::codf,SSD,South Sudan,2021,codf,CODF,,0,0,nominal_usd,loan_commitment
SSD::cla,SSD,South Sudan,2021,cla,CLA,,0,0,nominal_usd,loan_commitment
SSD::cancel,SSD,South Sudan,2021,cancel,Debt cancellation,,0,0,nominal_usd,debt_cancellation
SSD::restruct,SSD,South Sudan,2021,restruct,Debt restructuring,,0,0,nominal_usd,debt_restructuring
SSD::cofi,SSD,South Sudan,2021,cofi,COFI,,0,0,nominal_usd,investment
SSD::cgef,SSD,South Sudan,2021,cgef,CGEF,,0,0,nominal_usd,loan_commitment
SSD::chapo,SSD,South Sudan,2021,chapo,CHAPO,1800000.0,3,1,constant_2021_usd,commitment
SSD::aiddata,SSD,South Sudan,2022,aiddata,AidData,114240.722984,8,1,constant_2023_usd,commitment
SSD::codf,SSD,South Sudan,2022,codf,CODF,,0,0,nominal_usd,loan_commitment
SSD::cla,SSD,South Sudan,2022,cla,CLA,,0,0,nominal_usd,loan_commitment
SSD::cancel,SSD,South Sudan,2022,cancel,Debt cancellation,,0,0,nominal_usd,debt_cancellation
SSD::restruct,SSD,South Sudan,2022,restruct,Debt restructuring,,0,0,nominal_usd,debt_restructuring
SSD::cofi,SSD,South Sudan,2022,cofi,COFI,,0,0,nominal_usd,investment
SSD::cgef,SSD,South Sudan,2022,cgef,CGEF,,0,0,nominal_usd,loan_commitment
SSD::chapo,SSD,South Sudan,2022,chapo,CHAPO,,0,0,constant_2021_usd,commitment
SSD::aiddata,SSD,South Sudan,2023,aiddata,AidData,,6,0,constant_2023_usd,commitment
SSD::codf,SSD,South Sudan,2023,codf,CODF,,0,0,nominal_usd,loan_commitment
SSD::cla,SSD,South Sudan,2023,cla,CLA,,0,0,nominal_usd,loan_commitment
SSD::cancel,SSD,South Sudan,2023,cancel,Debt cancellation,,0,0,nominal_usd,debt_cancellation
SSD::restruct,SSD,South Sudan,2023,restruct,Debt restructuring,,0,0,nominal_usd,debt_restructuring
SSD::cofi,SSD,South Sudan,2023,cofi,COFI,,0,0,nominal_usd,investment
SSD::cgef,SSD,South Sudan,2023,cgef,CGEF,,0,0,nominal_usd,loan_commitment
SSD::chapo,SSD,South Sudan,2023,chapo,CHAPO,,0,0,constant_2021_usd,commitment
SSD::aiddata,SSD,South Sudan,2024,aiddata,AidData,,0,0,constant_2023_usd,commitment
SSD::codf,SSD,South Sudan,2024,codf,CODF,,0,0,nominal_usd,loan_commitment
SSD::cla,SSD,South Sudan,2024,cla,CLA,,0,0,nominal_usd,loan_commitment
SSD::cancel,SSD,South Sudan,2024,cancel,Debt cancellation,,0,0,nominal_usd,debt_cancellation
SSD::restruct,SSD,South Sudan,2024,restruct,Debt restructuring,,0,0,nominal_usd,debt_restructuring
SSD::cofi,SSD,South Sudan,2024,cofi,COFI,,0,0,nominal_usd,investment
SSD::cgef,SSD,South Sudan,2024,cgef,CGEF,,0,0,nominal_usd,loan_commitment
SSD::chapo,SSD,South Sudan,2024,chapo,CHAPO,,0,0,constant_2021_usd,commitment
STP::aiddata,STP,Sao Tome & Principe,2000,aiddata,AidData,,0,0,constant_2023_usd,commitment
STP::codf,STP,Sao Tome & Principe,2000,codf,CODF,,0,0,nominal_usd,loan_commitment
STP::cla,STP,Sao Tome & Principe,2000,cla,CLA,,0,0,nominal_usd,loan_commitment
STP::cancel,STP,Sao Tome & Principe,2000,cancel,Debt cancellation,,0,0,nominal_usd,debt_cancellation
STP::restruct,STP,Sao Tome & Principe,2000,restruct,Debt restructuring,,0,0,nominal_usd,debt_restructuring
STP::cofi,STP,Sao Tome & Principe,2000,cofi,COFI,,0,0,nominal_usd,investment
STP::cgef,STP,Sao Tome & Principe,2000,cgef,CGEF,,0,0,nominal_usd,loan_commitment
STP::chapo,STP,Sao Tome & Principe,2000,chapo,CHAPO,,0,0,constant_2021_usd,commitment
STP::aiddata,STP,Sao Tome & Principe,2001,aiddata,AidData,,0,0,constant_2023_usd,commitment
STP::codf,STP,Sao Tome & Principe,2001,codf,CODF,,0,0,nominal_usd,loan_commitment
STP::cla,STP,Sao Tome & Principe,2001,cla,CLA,,0,0,nominal_usd,loan_commitment
STP::cancel,STP,Sao Tome & Principe,2001,cancel,Debt cancellation,,0,0,nominal_usd,debt_cancellation
STP::restruct,STP,Sao Tome & Principe,2001,restruct,Debt restructuring,,0,0,nominal_usd,debt_restructuring
STP::cofi,STP,Sao Tome & Principe,2001,cofi,COFI,,0,0,nominal_usd,investment
STP::cgef,STP,Sao Tome & Principe,2001,cgef,CGEF,,0,0,nominal_usd,loan_commitment
STP::chapo,STP,Sao Tome & Principe,2001,chapo,CHAPO,,0,0,constant_2021_usd,commitment
STP::aiddata,STP,Sao Tome & Principe,2002,aiddata,AidData,,0,0,constant_2023_usd,commitment
STP::codf,STP,Sao Tome & Principe,2002,codf,CODF,,0,0,nominal_usd,loan_commitment
STP::cla,STP,Sao Tome & Principe,2002,cla,CLA,,0,0,nominal_usd,loan_commitment
STP::cancel,STP,Sao Tome & Principe,2002,cancel,Debt cancellation,,0,0,nominal_usd,debt_cancellation
STP::restruct,STP,Sao Tome & Principe,2002,restruct,Debt restructuring,,0,0,nominal_usd,debt_restructuring
STP::cofi,STP,Sao Tome & Principe,2002,cofi,COFI,,0,0,nominal_usd,investment
STP::cgef,STP,Sao Tome & Principe,2002,cgef,CGEF,,0,0,nominal_usd,loan_commitment
STP::chapo,STP,Sao Tome & Principe,2002,chapo,CHAPO,,0,0,constant_2021_usd,commitment
STP::aiddata,STP,Sao Tome & Principe,2003,aiddata,AidData,,0,0,constant_2023_usd,commitment
STP::codf,STP,Sao Tome & Principe,2003,codf,CODF,,0,0,nominal_usd,loan_commitment
STP::cla,STP,Sao Tome & Principe,2003,cla,CLA,,0,0,nominal_usd,loan_commitment
STP::cancel,STP,Sao Tome & Principe,2003,cancel,Debt cancellation,,0,0,nominal_usd,debt_cancellation
STP::restruct,STP,Sao Tome & Principe,2003,restruct,Debt restructuring,,0,0,nominal_usd,debt_restructuring
STP::cofi,STP,Sao Tome & Principe,2003,cofi,COFI,,0,0,nominal_usd,investment
STP::cgef,STP,Sao Tome & Principe,2003,cgef,CGEF,,0,0,nominal_usd,loan_commitment
STP::chapo,STP,Sao Tome & Principe,2003,chapo,CHAPO,,0,0,constant_2021_usd,commitment
STP::aiddata,STP,Sao Tome & Principe,2004,aiddata,AidData,,0,0,constant_2023_usd,commitment
STP::codf,STP,Sao Tome & Principe,2004,codf,CODF,,0,0,nominal_usd,loan_commitment
STP::cla,STP,Sao Tome & Principe,2004,cla,CLA,,0,0,nominal_usd,loan_commitment
STP::cancel,STP,Sao Tome & Principe,2004,cancel,Debt cancellation,,0,0,nominal_usd,debt_cancellation
STP::restruct,STP,Sao Tome & Principe,2004,restruct,Debt restructuring,,0,0,nominal_usd,debt_restructuring
STP::cofi,STP,Sao Tome & Principe,2004,cofi,COFI,,0,0,nominal_usd,investment
STP::cgef,STP,Sao Tome & Principe,2004,cgef,CGEF,,0,0,nominal_usd,loan_commitment
STP::chapo,STP,Sao Tome & Principe,2004,chapo,CHAPO,,0,0,constant_2021_usd,commitment
STP::aiddata,STP,Sao Tome & Principe,2005,aiddata,AidData,,0,0,constant_2023_usd,commitment
STP::codf,STP,Sao Tome & Principe,2005,codf,CODF,,0,0,nominal_usd,loan_commitment
STP::cla,STP,Sao Tome & Principe,2005,cla,CLA,,0,0,nominal_usd,loan_commitment
STP::cancel,STP,Sao Tome & Principe,2005,cancel,Debt cancellation,,0,0,nominal_usd,debt_cancellation
STP::restruct,STP,Sao Tome & Principe,2005,restruct,Debt restructuring,,0,0,nominal_usd,debt_restructuring
STP::cofi,STP,Sao Tome & Principe,2005,cofi,COFI,,0,0,nominal_usd,investment
STP::cgef,STP,Sao Tome & Principe,2005,cgef,CGEF,,0,0,nominal_usd,loan_commitment
STP::chapo,STP,Sao Tome & Principe,2005,chapo,CHAPO,,0,0,constant_2021_usd,commitment
STP::aiddata,STP,Sao Tome & Principe,2006,aiddata,AidData,,0,0,constant_2023_usd,commitment
STP::codf,STP,Sao Tome & Principe,2006,codf,CODF,,0,0,nominal_usd,loan_commitment
STP::cla,STP,Sao Tome & Principe,2006,cla,CLA,,0,0,nominal_usd,loan_commitment
STP::cancel,STP,Sao Tome & Principe,2006,cancel,Debt cancellation,,0,0,nominal_usd,debt_cancellation
STP::restruct,STP,Sao Tome & Principe,2006,restruct,Debt restructuring,,0,0,nominal_usd,debt_restructuring
STP::cofi,STP,Sao Tome & Principe,2006,cofi,COFI,,0,0,nominal_usd,investment
STP::cgef,STP,Sao Tome & Principe,2006,cgef,CGEF,,0,0,nominal_usd,loan_commitment
STP::chapo,STP,Sao Tome & Principe,2006,chapo,CHAPO,,0,0,constant_2021_usd,commitment
STP::aiddata,STP,Sao Tome & Principe,2007,aiddata,AidData,,0,0,constant_2023_usd,commitment
STP::codf,STP,Sao Tome & Principe,2007,codf,CODF,,0,0,nominal_usd,loan_commitment
STP::cla,STP,Sao Tome & Principe,2007,cla,CLA,,0,0,nominal_usd,loan_commitment
STP::cancel,STP,Sao Tome & Principe,2007,cancel,Debt cancellation,,0,0,nominal_usd,debt_cancellation
STP::restruct,STP,Sao Tome & Principe,2007,restruct,Debt restructuring,,0,0,nominal_usd,debt_restructuring
STP::cofi,STP,Sao Tome & Principe,2007,cofi,COFI,,0,0,nominal_usd,investment
STP::cgef,STP,Sao Tome & Principe,2007,cgef,CGEF,,0,0,nominal_usd,loan_commitment
STP::chapo,STP,Sao Tome & Principe,2007,chapo,CHAPO,,0,0,constant_2021_usd,commitment
STP::aiddata,STP,Sao Tome & Principe,2008,aiddata,AidData,,0,0,constant_2023_usd,commitment
STP::codf,STP,Sao Tome & Principe,2008,codf,CODF,,0,0,nominal_usd,loan_commitment
STP::cla,STP,Sao Tome & Principe,2008,cla,CLA,,0,0,nominal_usd,loan_commitment
STP::cancel,STP,Sao Tome & Principe,2008,cancel,Debt cancellation,,0,0,nominal_usd,debt_cancellation
STP::restruct,STP,Sao Tome & Principe,2008,restruct,Debt restructuring,,0,0,nominal_usd,debt_restructuring
STP::cofi,STP,Sao Tome & Principe,2008,cofi,COFI,,0,0,nominal_usd,investment
STP::cgef,STP,Sao Tome & Principe,2008,cgef,CGEF,,0,0,nominal_usd,loan_commitment
STP::chapo,STP,Sao Tome & Principe,2008,chapo,CHAPO,,0,0,constant_2021_usd,commitment
STP::aiddata,STP,Sao Tome & Principe,2009,aiddata,AidData,,0,0,constant_2023_usd,commitment
STP::codf,STP,Sao Tome & Principe,2009,codf,CODF,,0,0,nominal_usd,loan_commitment
STP::cla,STP,Sao Tome & Principe,2009,cla,CLA,,0,0,nominal_usd,loan_commitment
STP::cancel,STP,Sao Tome & Principe,2009,cancel,Debt cancellation,,0,0,nominal_usd,debt_cancellation
STP::restruct,STP,Sao Tome & Principe,2009,restruct,Debt restructuring,,0,0,nominal_usd,debt_restructuring
STP::cofi,STP,Sao Tome & Principe,2009,cofi,COFI,,0,0,nominal_usd,investment
STP::cgef,STP,Sao Tome & Principe,2009,cgef,CGEF,,0,0,nominal_usd,loan_commitment
STP::chapo,STP,Sao Tome & Principe,2009,chapo,CHAPO,,0,0,constant_2021_usd,commitment
STP::aiddata,STP,Sao Tome & Principe,2010,aiddata,AidData,,0,0,constant_2023_usd,commitment
STP::codf,STP,Sao Tome & Principe,2010,codf,CODF,,0,0,nominal_usd,loan_commitment
STP::cla,STP,Sao Tome & Principe,2010,cla,CLA,,0,0,nominal_usd,loan_commitment
STP::cancel,STP,Sao Tome & Principe,2010,cancel,Debt cancellation,,0,0,nominal_usd,debt_cancellation
STP::restruct,STP,Sao Tome & Principe,2010,restruct,Debt restructuring,,0,0,nominal_usd,debt_restructuring
STP::cofi,STP,Sao Tome & Principe,2010,cofi,COFI,,0,0,nominal_usd,investment
STP::cgef,STP,Sao Tome & Principe,2010,cgef,CGEF,,0,0,nominal_usd,loan_commitment
STP::chapo,STP,Sao Tome & Principe,2010,chapo,CHAPO,,0,0,constant_2021_usd,commitment
STP::aiddata,STP,Sao Tome & Principe,2011,aiddata,AidData,,0,0,constant_2023_usd,commitment
STP::codf,STP,Sao Tome & Principe,2011,codf,CODF,,0,0,nominal_usd,loan_commitment
STP::cla,STP,Sao Tome & Principe,2011,cla,CLA,,0,0,nominal_usd,loan_commitment
STP::cancel,STP,Sao Tome & Principe,2011,cancel,Debt cancellation,,0,0,nominal_usd,debt_cancellation
STP::restruct,STP,Sao Tome & Principe,2011,restruct,Debt restructuring,,0,0,nominal_usd,debt_restructuring
STP::cofi,STP,Sao Tome & Principe,2011,cofi,COFI,,0,0,nominal_usd,investment
STP::cgef,STP,Sao Tome & Principe,2011,cgef,CGEF,,0,0,nominal_usd,loan_commitment
STP::chapo,STP,Sao Tome & Principe,2011,chapo,CHAPO,,0,0,constant_2021_usd,commitment
STP::aiddata,STP,Sao Tome & Principe,2012,aiddata,AidData,,0,0,constant_2023_usd,commitment
STP::codf,STP,Sao Tome & Principe,2012,codf,CODF,,0,0,nominal_usd,loan_commitment
STP::cla,STP,Sao Tome & Principe,2012,cla,CLA,,0,0,nominal_usd,loan_commitment
STP::cancel,STP,Sao Tome & Principe,2012,cancel,Debt cancellation,,0,0,nominal_usd,debt_cancellation
STP::restruct,STP,Sao Tome & Principe,2012,restruct,Debt restructuring,,0,0,nominal_usd,debt_restructuring
STP::cofi,STP,Sao Tome & Principe,2012,cofi,COFI,,0,0,nominal_usd,investment
STP::cgef,STP,Sao Tome & Principe,2012,cgef,CGEF,,0,0,nominal_usd,loan_commitment
STP::chapo,STP,Sao Tome & Principe,2012,chapo,CHAPO,,0,0,constant_2021_usd,commitment
STP::aiddata,STP,Sao Tome & Principe,2013,aiddata,AidData,,0,0,constant_2023_usd,commitment
STP::codf,STP,Sao Tome & Principe,2013,codf,CODF,,0,0,nominal_usd,loan_commitment
STP::cla,STP,Sao Tome & Principe,2013,cla,CLA,,0,0,nominal_usd,loan_commitment
STP::cancel,STP,Sao Tome & Principe,2013,cancel,Debt cancellation,,0,0,nominal_usd,debt_cancellation
STP::restruct,STP,Sao Tome & Principe,2013,restruct,Debt restructuring,,0,0,nominal_usd,debt_restructuring
STP::cofi,STP,Sao Tome & Principe,2013,cofi,COFI,,0,0,nominal_usd,investment
STP::cgef,STP,Sao Tome & Principe,2013,cgef,CGEF,,0,0,nominal_usd,loan_commitment
STP::chapo,STP,Sao Tome & Principe,2013,chapo,CHAPO,,0,0,constant_2021_usd,commitment
STP::aiddata,STP,Sao Tome & Principe,2014,aiddata,AidData,,0,0,constant_2023_usd,commitment
STP::codf,STP,Sao Tome & Principe,2014,codf,CODF,,0,0,nominal_usd,loan_commitment
STP::cla,STP,Sao Tome & Principe,2014,cla,CLA,,0,0,nominal_usd,loan_commitment
STP::cancel,STP,Sao Tome & Principe,2014,cancel,Debt cancellation,,0,0,nominal_usd,debt_cancellation
STP::restruct,STP,Sao Tome & Principe,2014,restruct,Debt restructuring,,0,0,nominal_usd,debt_restructuring
STP::cofi,STP,Sao Tome & Principe,2014,cofi,COFI,,0,0,nominal_usd,investment
STP::cgef,STP,Sao Tome & Principe,2014,cgef,CGEF,,0,0,nominal_usd,loan_commitment
STP::chapo,STP,Sao Tome & Principe,2014,chapo,CHAPO,,0,0,constant_2021_usd,commitment
STP::aiddata,STP,Sao Tome & Principe,2015,aiddata,AidData,,0,0,constant_2023_usd,commitment
STP::codf,STP,Sao Tome & Principe,2015,codf,CODF,,0,0,nominal_usd,loan_commitment
STP::cla,STP,Sao Tome & Principe,2015,cla,CLA,,0,0,nominal_usd,loan_commitment
STP::cancel,STP,Sao Tome & Principe,2015,cancel,Debt cancellation,,0,0,nominal_usd,debt_cancellation
STP::restruct,STP,Sao Tome & Principe,2015,restruct,Debt restructuring,,0,0,nominal_usd,debt_restructuring
STP::cofi,STP,Sao Tome & Principe,2015,cofi,COFI,,0,0,nominal_usd,investment
STP::cgef,STP,Sao Tome & Principe,2015,cgef,CGEF,,0,0,nominal_usd,loan_commitment
STP::chapo,STP,Sao Tome & Principe,2015,chapo,CHAPO,,0,0,constant_2021_usd,commitment
STP::aiddata,STP,Sao Tome & Principe,2016,aiddata,AidData,,0,0,constant_2023_usd,commitment
STP::codf,STP,Sao Tome & Principe,2016,codf,CODF,,0,0,nominal_usd,loan_commitment
STP::cla,STP,Sao Tome & Principe,2016,cla,CLA,,0,0,nominal_usd,loan_commitment
STP::cancel,STP,Sao Tome & Principe,2016,cancel,Debt cancellation,,0,0,nominal_usd,debt_cancellation
STP::restruct,STP,Sao Tome & Principe,2016,restruct,Debt restructuring,,0,0,nominal_usd,debt_restructuring
STP::cofi,STP,Sao Tome & Principe,2016,cofi,COFI,,0,0,nominal_usd,investment
STP::cgef,STP,Sao Tome & Principe,2016,cgef,CGEF,,0,0,nominal_usd,loan_commitment
STP::chapo,STP,Sao Tome & Principe,2016,chapo,CHAPO,,0,0,constant_2021_usd,commitment
STP::aiddata,STP,Sao Tome & Principe,2017,aiddata,AidData,32243029.343803,10,3,constant_2023_usd,commitment
STP::codf,STP,Sao Tome & Principe,2017,codf,CODF,,0,0,nominal_usd,loan_commitment
STP::cla,STP,Sao Tome & Principe,2017,cla,CLA,,0,0,nominal_usd,loan_commitment
STP::cancel,STP,Sao Tome & Principe,2017,cancel,Debt cancellation,28000000.0,1,1,nominal_usd,debt_cancellation
STP::restruct,STP,Sao Tome & Principe,2017,restruct,Debt restructuring,,0,0,nominal_usd,debt_restructuring
STP::cofi,STP,Sao Tome & Principe,2017,cofi,COFI,,0,0,nominal_usd,investment
STP::cgef,STP,Sao Tome & Principe,2017,cgef,CGEF,,0,0,nominal_usd,loan_commitment
STP::chapo,STP,Sao Tome & Principe,2017,chapo,CHAPO,,3,0,constant_2021_usd,commitment
STP::aiddata,STP,Sao Tome & Principe,2018,aiddata,AidData,56416144.453861,14,2,constant_2023_usd,commitment
STP::codf,STP,Sao Tome & Principe,2018,codf,CODF,,0,0,nominal_usd,loan_commitment
STP::cla,STP,Sao Tome & Principe,2018,cla,CLA,,0,0,nominal_usd,loan_commitment
STP::cancel,STP,Sao Tome & Principe,2018,cancel,Debt cancellation,,0,0,nominal_usd,debt_cancellation
STP::restruct,STP,Sao Tome & Principe,2018,restruct,Debt restructuring,,0,0,nominal_usd,debt_restructuring
STP::cofi,STP,Sao Tome & Principe,2018,cofi,COFI,,0,0,nominal_usd,investment
STP::cgef,STP,Sao Tome & Principe,2018,cgef,CGEF,,0,0,nominal_usd,loan_commitment
STP::chapo,STP,Sao Tome & Principe,2018,chapo,CHAPO,,3,0,constant_2021_usd,commitment
STP::aiddata,STP,Sao Tome & Principe,2019,aiddata,AidData,29217183.574834,17,4,constant_2023_usd,commitment
STP::codf,STP,Sao Tome & Principe,2019,codf,CODF,,0,0,nominal_usd,loan_commitment
STP::cla,STP,Sao Tome & Principe,2019,cla,CLA,,0,0,nominal_usd,loan_commitment
STP::cancel,STP,Sao Tome & Principe,2019,cancel,Debt cancellation,,0,0,nominal_usd,debt_cancellation
STP::restruct,STP,Sao Tome & Principe,2019,restruct,Debt restructuring,,0,0,nominal_usd,debt_restructuring
STP::cofi,STP,Sao Tome & Principe,2019,cofi,COFI,,0,0,nominal_usd,investment
STP::cgef,STP,Sao Tome & Principe,2019,cgef,CGEF,,0,0,nominal_usd,loan_commitment
STP::chapo,STP,Sao Tome & Principe,2019,chapo,CHAPO,163586.453299,8,1,constant_2021_usd,commitment
STP::aiddata,STP,Sao Tome & Principe,2020,aiddata,AidData,1085022.873241,18,3,constant_2023_usd,commitment
STP::codf,STP,Sao Tome & Principe,2020,codf,CODF,,0,0,nominal_usd,loan_commitment
STP::cla,STP,Sao Tome & Principe,2020,cla,CLA,,0,0,nominal_usd,loan_commitment
STP::cancel,STP,Sao Tome & Principe,2020,cancel,Debt cancellation,,0,0,nominal_usd,debt_cancellation
STP::restruct,STP,Sao Tome & Principe,2020,restruct,Debt restructuring,,0,0,nominal_usd,debt_restructuring
STP::cofi,STP,Sao Tome & Principe,2020,cofi,COFI,,0,0,nominal_usd,investment
STP::cgef,STP,Sao Tome & Principe,2020,cgef,CGEF,,0,0,nominal_usd,loan_commitment
STP::chapo,STP,Sao Tome & Principe,2020,chapo,CHAPO,1174521.63356,10,3,constant_2021_usd,commitment
STP::aiddata,STP,Sao Tome & Principe,2021,aiddata,AidData,1819581.65556,5,3,constant_2023_usd,commitment
STP::codf,STP,Sao Tome & Principe,2021,codf,CODF,,0,0,nominal_usd,loan_commitment
STP::cla,STP,Sao Tome & Principe,2021,cla,CLA,,0,0,nominal_usd,loan_commitment
STP::cancel,STP,Sao Tome & Principe,2021,cancel,Debt cancellation,,0,0,nominal_usd,debt_cancellation
STP::restruct,STP,Sao Tome & Principe,2021,restruct,Debt restructuring,,0,0,nominal_usd,debt_restructuring
STP::cofi,STP,Sao Tome & Principe,2021,cofi,COFI,,0,0,nominal_usd,investment
STP::cgef,STP,Sao Tome & Principe,2021,cgef,CGEF,,0,0,nominal_usd,loan_commitment
STP::chapo,STP,Sao Tome & Principe,2021,chapo,CHAPO,1800000.0,2,1,constant_2021_usd,commitment
STP::aiddata,STP,Sao Tome & Principe,2022,aiddata,AidData,94567506.668722,29,2,constant_2023_usd,commitment
STP::codf,STP,Sao Tome & Principe,2022,codf,CODF,,0,0,nominal_usd,loan_commitment
STP::cla,STP,Sao Tome & Principe,2022,cla,CLA,,0,0,nominal_usd,loan_commitment
STP::cancel,STP,Sao Tome & Principe,2022,cancel,Debt cancellation,,0,0,nominal_usd,debt_cancellation
STP::restruct,STP,Sao Tome & Principe,2022,restruct,Debt restructuring,,0,0,nominal_usd,debt_restructuring
STP::cofi,STP,Sao Tome & Principe,2022,cofi,COFI,,0,0,nominal_usd,investment
STP::cgef,STP,Sao Tome & Principe,2022,cgef,CGEF,,0,0,nominal_usd,loan_commitment
STP::chapo,STP,Sao Tome & Principe,2022,chapo,CHAPO,,0,0,constant_2021_usd,commitment
STP::aiddata,STP,Sao Tome & Principe,2023,aiddata,AidData,,24,0,constant_2023_usd,commitment
STP::codf,STP,Sao Tome & Principe,2023,codf,CODF,,0,0,nominal_usd,loan_commitment
STP::cla,STP,Sao Tome & Principe,2023,cla,CLA,,0,0,nominal_usd,loan_commitment
STP::cancel,STP,Sao Tome & Principe,2023,cancel,Debt cancellation,,0,0,nominal_usd,debt_cancellation
STP::restruct,STP,Sao Tome & Principe,2023,restruct,Debt restructuring,,0,0,nominal_usd,debt_restructuring
STP::cofi,STP,Sao Tome & Principe,2023,cofi,COFI,,0,0,nominal_usd,investment
STP::cgef,STP,Sao Tome & Principe,2023,cgef,CGEF,,0,0,nominal_usd,loan_commitment
STP::chapo,STP,Sao Tome & Principe,2023,chapo,CHAPO,,0,0,constant_2021_usd,commitment
STP::aiddata,STP,Sao Tome & Principe,2024,aiddata,AidData,,0,0,constant_2023_usd,commitment
STP::codf,STP,Sao Tome & Principe,2024,codf,CODF,,0,0,nominal_usd,loan_commitment
STP::cla,STP,Sao Tome & Principe,2024,cla,CLA,,0,0,nominal_usd,loan_commitment
STP::cancel,STP,Sao Tome & Principe,2024,cancel,Debt cancellation,,0,0,nominal_usd,debt_cancellation
STP::restruct,STP,Sao Tome & Principe,2024,restruct,Debt restructuring,,0,0,nominal_usd,debt_restructuring
STP::cofi,STP,Sao Tome & Principe,2024,cofi,COFI,,0,0,nominal_usd,investment
STP::cgef,STP,Sao Tome & Principe,2024,cgef,CGEF,,0,0,nominal_usd,loan_commitment
STP::chapo,STP,Sao Tome & Principe,2024,chapo,CHAPO,,0,0,constant_2021_usd,commitment
SWZ::aiddata,SWZ,Eswatini,2000,aiddata,AidData,,0,0,constant_2023_usd,commitment
SWZ::codf,SWZ,Eswatini,2000,codf,CODF,,0,0,nominal_usd,loan_commitment
SWZ::cla,SWZ,Eswatini,2000,cla,CLA,,0,0,nominal_usd,loan_commitment
SWZ::cancel,SWZ,Eswatini,2000,cancel,Debt cancellation,,0,0,nominal_usd,debt_cancellation
SWZ::restruct,SWZ,Eswatini,2000,restruct,Debt restructuring,,0,0,nominal_usd,debt_restructuring
SWZ::cofi,SWZ,Eswatini,2000,cofi,COFI,,0,0,nominal_usd,investment
SWZ::cgef,SWZ,Eswatini,2000,cgef,CGEF,,0,0,nominal_usd,loan_commitment
SWZ::chapo,SWZ,Eswatini,2000,chapo,CHAPO,,0,0,constant_2021_usd,commitment
SWZ::aiddata,SWZ,Eswatini,2001,aiddata,AidData,,0,0,constant_2023_usd,commitment
SWZ::codf,SWZ,Eswatini,2001,codf,CODF,,0,0,nominal_usd,loan_commitment
SWZ::cla,SWZ,Eswatini,2001,cla,CLA,,0,0,nominal_usd,loan_commitment
SWZ::cancel,SWZ,Eswatini,2001,cancel,Debt cancellation,,0,0,nominal_usd,debt_cancellation
SWZ::restruct,SWZ,Eswatini,2001,restruct,Debt restructuring,,0,0,nominal_usd,debt_restructuring
SWZ::cofi,SWZ,Eswatini,2001,cofi,COFI,,0,0,nominal_usd,investment
SWZ::cgef,SWZ,Eswatini,2001,cgef,CGEF,,0,0,nominal_usd,loan_commitment
SWZ::chapo,SWZ,Eswatini,2001,chapo,CHAPO,,0,0,constant_2021_usd,commitment
SWZ::aiddata,SWZ,Eswatini,2002,aiddata,AidData,,0,0,constant_2023_usd,commitment
SWZ::codf,SWZ,Eswatini,2002,codf,CODF,,0,0,nominal_usd,loan_commitment
SWZ::cla,SWZ,Eswatini,2002,cla,CLA,,0,0,nominal_usd,loan_commitment
SWZ::cancel,SWZ,Eswatini,2002,cancel,Debt cancellation,,0,0,nominal_usd,debt_cancellation
SWZ::restruct,SWZ,Eswatini,2002,restruct,Debt restructuring,,0,0,nominal_usd,debt_restructuring
SWZ::cofi,SWZ,Eswatini,2002,cofi,COFI,,0,0,nominal_usd,investment
SWZ::cgef,SWZ,Eswatini,2002,cgef,CGEF,,0,0,nominal_usd,loan_commitment
SWZ::chapo,SWZ,Eswatini,2002,chapo,CHAPO,,0,0,constant_2021_usd,commitment
SWZ::aiddata,SWZ,Eswatini,2003,aiddata,AidData,,0,0,constant_2023_usd,commitment
SWZ::codf,SWZ,Eswatini,2003,codf,CODF,,0,0,nominal_usd,loan_commitment
SWZ::cla,SWZ,Eswatini,2003,cla,CLA,,0,0,nominal_usd,loan_commitment
SWZ::cancel,SWZ,Eswatini,2003,cancel,Debt cancellation,,0,0,nominal_usd,debt_cancellation
SWZ::restruct,SWZ,Eswatini,2003,restruct,Debt restructuring,,0,0,nominal_usd,debt_restructuring
SWZ::cofi,SWZ,Eswatini,2003,cofi,COFI,,0,0,nominal_usd,investment
SWZ::cgef,SWZ,Eswatini,2003,cgef,CGEF,,0,0,nominal_usd,loan_commitment
SWZ::chapo,SWZ,Eswatini,2003,chapo,CHAPO,,0,0,constant_2021_usd,commitment
SWZ::aiddata,SWZ,Eswatini,2004,aiddata,AidData,,0,0,constant_2023_usd,commitment
SWZ::codf,SWZ,Eswatini,2004,codf,CODF,,0,0,nominal_usd,loan_commitment
SWZ::cla,SWZ,Eswatini,2004,cla,CLA,,0,0,nominal_usd,loan_commitment
SWZ::cancel,SWZ,Eswatini,2004,cancel,Debt cancellation,,0,0,nominal_usd,debt_cancellation
SWZ::restruct,SWZ,Eswatini,2004,restruct,Debt restructuring,,0,0,nominal_usd,debt_restructuring
SWZ::cofi,SWZ,Eswatini,2004,cofi,COFI,,0,0,nominal_usd,investment
SWZ::cgef,SWZ,Eswatini,2004,cgef,CGEF,,0,0,nominal_usd,loan_commitment
SWZ::chapo,SWZ,Eswatini,2004,chapo,CHAPO,,0,0,constant_2021_usd,commitment
SWZ::aiddata,SWZ,Eswatini,2005,aiddata,AidData,,0,0,constant_2023_usd,commitment
SWZ::codf,SWZ,Eswatini,2005,codf,CODF,,0,0,nominal_usd,loan_commitment
SWZ::cla,SWZ,Eswatini,2005,cla,CLA,,0,0,nominal_usd,loan_commitment
SWZ::cancel,SWZ,Eswatini,2005,cancel,Debt cancellation,,0,0,nominal_usd,debt_cancellation
SWZ::restruct,SWZ,Eswatini,2005,restruct,Debt restructuring,,0,0,nominal_usd,debt_restructuring
SWZ::cofi,SWZ,Eswatini,2005,cofi,COFI,,0,0,nominal_usd,investment
SWZ::cgef,SWZ,Eswatini,2005,cgef,CGEF,,0,0,nominal_usd,loan_commitment
SWZ::chapo,SWZ,Eswatini,2005,chapo,CHAPO,,0,0,constant_2021_usd,commitment
SWZ::aiddata,SWZ,Eswatini,2006,aiddata,AidData,,0,0,constant_2023_usd,commitment
SWZ::codf,SWZ,Eswatini,2006,codf,CODF,,0,0,nominal_usd,loan_commitment
SWZ::cla,SWZ,Eswatini,2006,cla,CLA,,0,0,nominal_usd,loan_commitment
SWZ::cancel,SWZ,Eswatini,2006,cancel,Debt cancellation,,0,0,nominal_usd,debt_cancellation
SWZ::restruct,SWZ,Eswatini,2006,restruct,Debt restructuring,,0,0,nominal_usd,debt_restructuring
SWZ::cofi,SWZ,Eswatini,2006,cofi,COFI,,0,0,nominal_usd,investment
SWZ::cgef,SWZ,Eswatini,2006,cgef,CGEF,,0,0,nominal_usd,loan_commitment
SWZ::chapo,SWZ,Eswatini,2006,chapo,CHAPO,,0,0,constant_2021_usd,commitment
SWZ::aiddata,SWZ,Eswatini,2007,aiddata,AidData,,0,0,constant_2023_usd,commitment
SWZ::codf,SWZ,Eswatini,2007,codf,CODF,,0,0,nominal_usd,loan_commitment
SWZ::cla,SWZ,Eswatini,2007,cla,CLA,,0,0,nominal_usd,loan_commitment
SWZ::cancel,SWZ,Eswatini,2007,cancel,Debt cancellation,,0,0,nominal_usd,debt_cancellation
SWZ::restruct,SWZ,Eswatini,2007,restruct,Debt restructuring,,0,0,nominal_usd,debt_restructuring
SWZ::cofi,SWZ,Eswatini,2007,cofi,COFI,,0,0,nominal_usd,investment
SWZ::cgef,SWZ,Eswatini,2007,cgef,CGEF,,0,0,nominal_usd,loan_commitment
SWZ::chapo,SWZ,Eswatini,2007,chapo,CHAPO,,0,0,constant_2021_usd,commitment
SWZ::aiddata,SWZ,Eswatini,2008,aiddata,AidData,,0,0,constant_2023_usd,commitment
SWZ::codf,SWZ,Eswatini,2008,codf,CODF,,0,0,nominal_usd,loan_commitment
SWZ::cla,SWZ,Eswatini,2008,cla,CLA,,0,0,nominal_usd,loan_commitment
SWZ::cancel,SWZ,Eswatini,2008,cancel,Debt cancellation,,0,0,nominal_usd,debt_cancellation
SWZ::restruct,SWZ,Eswatini,2008,restruct,Debt restructuring,,0,0,nominal_usd,debt_restructuring
SWZ::cofi,SWZ,Eswatini,2008,cofi,COFI,,0,0,nominal_usd,investment
SWZ::cgef,SWZ,Eswatini,2008,cgef,CGEF,,0,0,nominal_usd,loan_commitment
SWZ::chapo,SWZ,Eswatini,2008,chapo,CHAPO,,0,0,constant_2021_usd,commitment
SWZ::aiddata,SWZ,Eswatini,2009,aiddata,AidData,,0,0,constant_2023_usd,commitment
SWZ::codf,SWZ,Eswatini,2009,codf,CODF,,0,0,nominal_usd,loan_commitment
SWZ::cla,SWZ,Eswatini,2009,cla,CLA,,0,0,nominal_usd,loan_commitment
SWZ::cancel,SWZ,Eswatini,2009,cancel,Debt cancellation,,0,0,nominal_usd,debt_cancellation
SWZ::restruct,SWZ,Eswatini,2009,restruct,Debt restructuring,,0,0,nominal_usd,debt_restructuring
SWZ::cofi,SWZ,Eswatini,2009,cofi,COFI,,0,0,nominal_usd,investment
SWZ::cgef,SWZ,Eswatini,2009,cgef,CGEF,,0,0,nominal_usd,loan_commitment
SWZ::chapo,SWZ,Eswatini,2009,chapo,CHAPO,,0,0,constant_2021_usd,commitment
SWZ::aiddata,SWZ,Eswatini,2010,aiddata,AidData,,0,0,constant_2023_usd,commitment
SWZ::codf,SWZ,Eswatini,2010,codf,CODF,,0,0,nominal_usd,loan_commitment
SWZ::cla,SWZ,Eswatini,2010,cla,CLA,,0,0,nominal_usd,loan_commitment
SWZ::cancel,SWZ,Eswatini,2010,cancel,Debt cancellation,,0,0,nominal_usd,debt_cancellation
SWZ::restruct,SWZ,Eswatini,2010,restruct,Debt restructuring,,0,0,nominal_usd,debt_restructuring
SWZ::cofi,SWZ,Eswatini,2010,cofi,COFI,,0,0,nominal_usd,investment
SWZ::cgef,SWZ,Eswatini,2010,cgef,CGEF,,0,0,nominal_usd,loan_commitment
SWZ::chapo,SWZ,Eswatini,2010,chapo,CHAPO,,0,0,constant_2021_usd,commitment
SWZ::aiddata,SWZ,Eswatini,2011,aiddata,AidData,,0,0,constant_2023_usd,commitment
SWZ::codf,SWZ,Eswatini,2011,codf,CODF,,0,0,nominal_usd,loan_commitment
SWZ::cla,SWZ,Eswatini,2011,cla,CLA,,0,0,nominal_usd,loan_commitment
SWZ::cancel,SWZ,Eswatini,2011,cancel,Debt cancellation,,0,0,nominal_usd,debt_cancellation
SWZ::restruct,SWZ,Eswatini,2011,restruct,Debt restructuring,,0,0,nominal_usd,debt_restructuring
SWZ::cofi,SWZ,Eswatini,2011,cofi,COFI,,0,0,nominal_usd,investment
SWZ::cgef,SWZ,Eswatini,2011,cgef,CGEF,,0,0,nominal_usd,loan_commitment
SWZ::chapo,SWZ,Eswatini,2011,chapo,CHAPO,,0,0,constant_2021_usd,commitment
SWZ::aiddata,SWZ,Eswatini,2012,aiddata,AidData,,0,0,constant_2023_usd,commitment
SWZ::codf,SWZ,Eswatini,2012,codf,CODF,,0,0,nominal_usd,loan_commitment
SWZ::cla,SWZ,Eswatini,2012,cla,CLA,,0,0,nominal_usd,loan_commitment
SWZ::cancel,SWZ,Eswatini,2012,cancel,Debt cancellation,,0,0,nominal_usd,debt_cancellation
SWZ::restruct,SWZ,Eswatini,2012,restruct,Debt restructuring,,0,0,nominal_usd,debt_restructuring
SWZ::cofi,SWZ,Eswatini,2012,cofi,COFI,,0,0,nominal_usd,investment
SWZ::cgef,SWZ,Eswatini,2012,cgef,CGEF,,0,0,nominal_usd,loan_commitment
SWZ::chapo,SWZ,Eswatini,2012,chapo,CHAPO,,0,0,constant_2021_usd,commitment
SWZ::aiddata,SWZ,Eswatini,2013,aiddata,AidData,,0,0,constant_2023_usd,commitment
SWZ::codf,SWZ,Eswatini,2013,codf,CODF,,0,0,nominal_usd,loan_commitment
SWZ::cla,SWZ,Eswatini,2013,cla,CLA,,0,0,nominal_usd,loan_commitment
SWZ::cancel,SWZ,Eswatini,2013,cancel,Debt cancellation,,0,0,nominal_usd,debt_cancellation
SWZ::restruct,SWZ,Eswatini,2013,restruct,Debt restructuring,,0,0,nominal_usd,debt_restructuring
SWZ::cofi,SWZ,Eswatini,2013,cofi,COFI,,0,0,nominal_usd,investment
SWZ::cgef,SWZ,Eswatini,2013,cgef,CGEF,,0,0,nominal_usd,loan_commitment
SWZ::chapo,SWZ,Eswatini,2013,chapo,CHAPO,,0,0,constant_2021_usd,commitment
SWZ::aiddata,SWZ,Eswatini,2014,aiddata,AidData,,0,0,constant_2023_usd,commitment
SWZ::codf,SWZ,Eswatini,2014,codf,CODF,,0,0,nominal_usd,loan_commitment
SWZ::cla,SWZ,Eswatini,2014,cla,CLA,,0,0,nominal_usd,loan_commitment
SWZ::cancel,SWZ,Eswatini,2014,cancel,Debt cancellation,,0,0,nominal_usd,debt_cancellation
SWZ::restruct,SWZ,Eswatini,2014,restruct,Debt restructuring,,0,0,nominal_usd,debt_restructuring
SWZ::cofi,SWZ,Eswatini,2014,cofi,COFI,,0,0,nominal_usd,investment
SWZ::cgef,SWZ,Eswatini,2014,cgef,CGEF,,0,0,nominal_usd,loan_commitment
SWZ::chapo,SWZ,Eswatini,2014,chapo,CHAPO,,0,0,constant_2021_usd,commitment
SWZ::aiddata,SWZ,Eswatini,2015,aiddata,AidData,,0,0,constant_2023_usd,commitment
SWZ::codf,SWZ,Eswatini,2015,codf,CODF,,0,0,nominal_usd,loan_commitment
SWZ::cla,SWZ,Eswatini,2015,cla,CLA,,0,0,nominal_usd,loan_commitment
SWZ::cancel,SWZ,Eswatini,2015,cancel,Debt cancellation,,0,0,nominal_usd,debt_cancellation
SWZ::restruct,SWZ,Eswatini,2015,restruct,Debt restructuring,,0,0,nominal_usd,debt_restructuring
SWZ::cofi,SWZ,Eswatini,2015,cofi,COFI,,0,0,nominal_usd,investment
SWZ::cgef,SWZ,Eswatini,2015,cgef,CGEF,,0,0,nominal_usd,loan_commitment
SWZ::chapo,SWZ,Eswatini,2015,chapo,CHAPO,,0,0,constant_2021_usd,commitment
SWZ::aiddata,SWZ,Eswatini,2016,aiddata,AidData,,0,0,constant_2023_usd,commitment
SWZ::codf,SWZ,Eswatini,2016,codf,CODF,,0,0,nominal_usd,loan_commitment
SWZ::cla,SWZ,Eswatini,2016,cla,CLA,,0,0,nominal_usd,loan_commitment
SWZ::cancel,SWZ,Eswatini,2016,cancel,Debt cancellation,,0,0,nominal_usd,debt_cancellation
SWZ::restruct,SWZ,Eswatini,2016,restruct,Debt restructuring,,0,0,nominal_usd,debt_restructuring
SWZ::cofi,SWZ,Eswatini,2016,cofi,COFI,,0,0,nominal_usd,investment
SWZ::cgef,SWZ,Eswatini,2016,cgef,CGEF,,0,0,nominal_usd,loan_commitment
SWZ::chapo,SWZ,Eswatini,2016,chapo,CHAPO,,0,0,constant_2021_usd,commitment
SWZ::aiddata,SWZ,Eswatini,2017,aiddata,AidData,,0,0,constant_2023_usd,commitment
SWZ::codf,SWZ,Eswatini,2017,codf,CODF,,0,0,nominal_usd,loan_commitment
SWZ::cla,SWZ,Eswatini,2017,cla,CLA,,0,0,nominal_usd,loan_commitment
SWZ::cancel,SWZ,Eswatini,2017,cancel,Debt cancellation,,0,0,nominal_usd,debt_cancellation
SWZ::restruct,SWZ,Eswatini,2017,restruct,Debt restructuring,,0,0,nominal_usd,debt_restructuring
SWZ::cofi,SWZ,Eswatini,2017,cofi,COFI,,0,0,nominal_usd,investment
SWZ::cgef,SWZ,Eswatini,2017,cgef,CGEF,,0,0,nominal_usd,loan_commitment
SWZ::chapo,SWZ,Eswatini,2017,chapo,CHAPO,,0,0,constant_2021_usd,commitment
SWZ::aiddata,SWZ,Eswatini,2018,aiddata,AidData,,0,0,constant_2023_usd,commitment
SWZ::codf,SWZ,Eswatini,2018,codf,CODF,,0,0,nominal_usd,loan_commitment
SWZ::cla,SWZ,Eswatini,2018,cla,CLA,,0,0,nominal_usd,loan_commitment
SWZ::cancel,SWZ,Eswatini,2018,cancel,Debt cancellation,,0,0,nominal_usd,debt_cancellation
SWZ::restruct,SWZ,Eswatini,2018,restruct,Debt restructuring,,0,0,nominal_usd,debt_restructuring
SWZ::cofi,SWZ,Eswatini,2018,cofi,COFI,,0,0,nominal_usd,investment
SWZ::cgef,SWZ,Eswatini,2018,cgef,CGEF,,0,0,nominal_usd,loan_commitment
SWZ::chapo,SWZ,Eswatini,2018,chapo,CHAPO,,0,0,constant_2021_usd,commitment
SWZ::aiddata,SWZ,Eswatini,2019,aiddata,AidData,,0,0,constant_2023_usd,commitment
SWZ::codf,SWZ,Eswatini,2019,codf,CODF,,0,0,nominal_usd,loan_commitment
SWZ::cla,SWZ,Eswatini,2019,cla,CLA,,0,0,nominal_usd,loan_commitment
SWZ::cancel,SWZ,Eswatini,2019,cancel,Debt cancellation,,0,0,nominal_usd,debt_cancellation
SWZ::restruct,SWZ,Eswatini,2019,restruct,Debt restructuring,,0,0,nominal_usd,debt_restructuring
SWZ::cofi,SWZ,Eswatini,2019,cofi,COFI,,0,0,nominal_usd,investment
SWZ::cgef,SWZ,Eswatini,2019,cgef,CGEF,,0,0,nominal_usd,loan_commitment
SWZ::chapo,SWZ,Eswatini,2019,chapo,CHAPO,,0,0,constant_2021_usd,commitment
SWZ::aiddata,SWZ,Eswatini,2020,aiddata,AidData,,0,0,constant_2023_usd,commitment
SWZ::codf,SWZ,Eswatini,2020,codf,CODF,,0,0,nominal_usd,loan_commitment
SWZ::cla,SWZ,Eswatini,2020,cla,CLA,,0,0,nominal_usd,loan_commitment
SWZ::cancel,SWZ,Eswatini,2020,cancel,Debt cancellation,,0,0,nominal_usd,debt_cancellation
SWZ::restruct,SWZ,Eswatini,2020,restruct,Debt restructuring,,0,0,nominal_usd,debt_restructuring
SWZ::cofi,SWZ,Eswatini,2020,cofi,COFI,,0,0,nominal_usd,investment
SWZ::cgef,SWZ,Eswatini,2020,cgef,CGEF,,0,0,nominal_usd,loan_commitment
SWZ::chapo,SWZ,Eswatini,2020,chapo,CHAPO,,0,0,constant_2021_usd,commitment
SWZ::aiddata,SWZ,Eswatini,2021,aiddata,AidData,,0,0,constant_2023_usd,commitment
SWZ::codf,SWZ,Eswatini,2021,codf,CODF,,0,0,nominal_usd,loan_commitment
SWZ::cla,SWZ,Eswatini,2021,cla,CLA,,0,0,nominal_usd,loan_commitment
SWZ::cancel,SWZ,Eswatini,2021,cancel,Debt cancellation,,0,0,nominal_usd,debt_cancellation
SWZ::restruct,SWZ,Eswatini,2021,restruct,Debt restructuring,,0,0,nominal_usd,debt_restructuring
SWZ::cofi,SWZ,Eswatini,2021,cofi,COFI,,0,0,nominal_usd,investment
SWZ::cgef,SWZ,Eswatini,2021,cgef,CGEF,,0,0,nominal_usd,loan_commitment
SWZ::chapo,SWZ,Eswatini,2021,chapo,CHAPO,,0,0,constant_2021_usd,commitment
SWZ::aiddata,SWZ,Eswatini,2022,aiddata,AidData,,0,0,constant_2023_usd,commitment
SWZ::codf,SWZ,Eswatini,2022,codf,CODF,,0,0,nominal_usd,loan_commitment
SWZ::cla,SWZ,Eswatini,2022,cla,CLA,,0,0,nominal_usd,loan_commitment
SWZ::cancel,SWZ,Eswatini,2022,cancel,Debt cancellation,,0,0,nominal_usd,debt_cancellation
SWZ::restruct,SWZ,Eswatini,2022,restruct,Debt restructuring,,0,0,nominal_usd,debt_restructuring
SWZ::cofi,SWZ,Eswatini,2022,cofi,COFI,,0,0,nominal_usd,investment
SWZ::cgef,SWZ,Eswatini,2022,cgef,CGEF,,0,0,nominal_usd,loan_commitment
SWZ::chapo,SWZ,Eswatini,2022,chapo,CHAPO,,0,0,constant_2021_usd,commitment
SWZ::aiddata,SWZ,Eswatini,2023,aiddata,AidData,,0,0,constant_2023_usd,commitment
SWZ::codf,SWZ,Eswatini,2023,codf,CODF,,0,0,nominal_usd,loan_commitment
SWZ::cla,SWZ,Eswatini,2023,cla,CLA,,0,0,nominal_usd,loan_commitment
SWZ::cancel,SWZ,Eswatini,2023,cancel,Debt cancellation,,0,0,nominal_usd,debt_cancellation
SWZ::restruct,SWZ,Eswatini,2023,restruct,Debt restructuring,,0,0,nominal_usd,debt_restructuring
SWZ::cofi,SWZ,Eswatini,2023,cofi,COFI,,0,0,nominal_usd,investment
SWZ::cgef,SWZ,Eswatini,2023,cgef,CGEF,,0,0,nominal_usd,loan_commitment
SWZ::chapo,SWZ,Eswatini,2023,chapo,CHAPO,,0,0,constant_2021_usd,commitment
SWZ::aiddata,SWZ,Eswatini,2024,aiddata,AidData,,0,0,constant_2023_usd,commitment
SWZ::codf,SWZ,Eswatini,2024,codf,CODF,,0,0,nominal_usd,loan_commitment
SWZ::cla,SWZ,Eswatini,2024,cla,CLA,,0,0,nominal_usd,loan_commitment
SWZ::cancel,SWZ,Eswatini,2024,cancel,Debt cancellation,,0,0,nominal_usd,debt_cancellation
SWZ::restruct,SWZ,Eswatini,2024,restruct,Debt restructuring,,0,0,nominal_usd,debt_restructuring
SWZ::cofi,SWZ,Eswatini,2024,cofi,COFI,,0,0,nominal_usd,investment
SWZ::cgef,SWZ,Eswatini,2024,cgef,CGEF,,0,0,nominal_usd,loan_commitment
SWZ::chapo,SWZ,Eswatini,2024,chapo,CHAPO,,0,0,constant_2021_usd,commitment
SYC::aiddata,SYC,Seychelles,2000,aiddata,AidData,,2,0,constant_2023_usd,commitment
SYC::codf,SYC,Seychelles,2000,codf,CODF,,0,0,nominal_usd,loan_commitment
SYC::cla,SYC,Seychelles,2000,cla,CLA,,0,0,nominal_usd,loan_commitment
SYC::cancel,SYC,Seychelles,2000,cancel,Debt cancellation,,0,0,nominal_usd,debt_cancellation
SYC::restruct,SYC,Seychelles,2000,restruct,Debt restructuring,,0,0,nominal_usd,debt_restructuring
SYC::cofi,SYC,Seychelles,2000,cofi,COFI,,0,0,nominal_usd,investment
SYC::cgef,SYC,Seychelles,2000,cgef,CGEF,,0,0,nominal_usd,loan_commitment
SYC::chapo,SYC,Seychelles,2000,chapo,CHAPO,,1,0,constant_2021_usd,commitment
SYC::aiddata,SYC,Seychelles,2001,aiddata,AidData,448951.047966,2,1,constant_2023_usd,commitment
SYC::codf,SYC,Seychelles,2001,codf,CODF,,0,0,nominal_usd,loan_commitment
SYC::cla,SYC,Seychelles,2001,cla,CLA,,0,0,nominal_usd,loan_commitment
SYC::cancel,SYC,Seychelles,2001,cancel,Debt cancellation,,0,0,nominal_usd,debt_cancellation
SYC::restruct,SYC,Seychelles,2001,restruct,Debt restructuring,,0,0,nominal_usd,debt_restructuring
SYC::cofi,SYC,Seychelles,2001,cofi,COFI,,0,0,nominal_usd,investment
SYC::cgef,SYC,Seychelles,2001,cgef,CGEF,,0,0,nominal_usd,loan_commitment
SYC::chapo,SYC,Seychelles,2001,chapo,CHAPO,,0,0,constant_2021_usd,commitment
SYC::aiddata,SYC,Seychelles,2002,aiddata,AidData,,1,0,constant_2023_usd,commitment
SYC::codf,SYC,Seychelles,2002,codf,CODF,,0,0,nominal_usd,loan_commitment
SYC::cla,SYC,Seychelles,2002,cla,CLA,,0,0,nominal_usd,loan_commitment
SYC::cancel,SYC,Seychelles,2002,cancel,Debt cancellation,,0,0,nominal_usd,debt_cancellation
SYC::restruct,SYC,Seychelles,2002,restruct,Debt restructuring,,0,0,nominal_usd,debt_restructuring
SYC::cofi,SYC,Seychelles,2002,cofi,COFI,,0,0,nominal_usd,investment
SYC::cgef,SYC,Seychelles,2002,cgef,CGEF,,0,0,nominal_usd,loan_commitment
SYC::chapo,SYC,Seychelles,2002,chapo,CHAPO,,1,0,constant_2021_usd,commitment
SYC::aiddata,SYC,Seychelles,2003,aiddata,AidData,5436772.182822,2,1,constant_2023_usd,commitment
SYC::codf,SYC,Seychelles,2003,codf,CODF,,0,0,nominal_usd,loan_commitment
SYC::cla,SYC,Seychelles,2003,cla,CLA,,0,0,nominal_usd,loan_commitment
SYC::cancel,SYC,Seychelles,2003,cancel,Debt cancellation,,0,0,nominal_usd,debt_cancellation
SYC::restruct,SYC,Seychelles,2003,restruct,Debt restructuring,,0,0,nominal_usd,debt_restructuring
SYC::cofi,SYC,Seychelles,2003,cofi,COFI,,0,0,nominal_usd,investment
SYC::cgef,SYC,Seychelles,2003,cgef,CGEF,,0,0,nominal_usd,loan_commitment
SYC::chapo,SYC,Seychelles,2003,chapo,CHAPO,,0,0,constant_2021_usd,commitment
SYC::aiddata,SYC,Seychelles,2004,aiddata,AidData,,2,0,constant_2023_usd,commitment
SYC::codf,SYC,Seychelles,2004,codf,CODF,,0,0,nominal_usd,loan_commitment
SYC::cla,SYC,Seychelles,2004,cla,CLA,,0,0,nominal_usd,loan_commitment
SYC::cancel,SYC,Seychelles,2004,cancel,Debt cancellation,,0,0,nominal_usd,debt_cancellation
SYC::restruct,SYC,Seychelles,2004,restruct,Debt restructuring,,0,0,nominal_usd,debt_restructuring
SYC::cofi,SYC,Seychelles,2004,cofi,COFI,,0,0,nominal_usd,investment
SYC::cgef,SYC,Seychelles,2004,cgef,CGEF,,0,0,nominal_usd,loan_commitment
SYC::chapo,SYC,Seychelles,2004,chapo,CHAPO,,1,0,constant_2021_usd,commitment
SYC::aiddata,SYC,Seychelles,2005,aiddata,AidData,14427982.004272,13,9,constant_2023_usd,commitment
SYC::codf,SYC,Seychelles,2005,codf,CODF,,0,0,nominal_usd,loan_commitment
SYC::cla,SYC,Seychelles,2005,cla,CLA,2000000.0,2,2,nominal_usd,loan_commitment
SYC::cancel,SYC,Seychelles,2005,cancel,Debt cancellation,,0,0,nominal_usd,debt_cancellation
SYC::restruct,SYC,Seychelles,2005,restruct,Debt restructuring,,0,0,nominal_usd,debt_restructuring
SYC::cofi,SYC,Seychelles,2005,cofi,COFI,,0,0,nominal_usd,investment
SYC::cgef,SYC,Seychelles,2005,cgef,CGEF,,0,0,nominal_usd,loan_commitment
SYC::chapo,SYC,Seychelles,2005,chapo,CHAPO,,1,0,constant_2021_usd,commitment
SYC::aiddata,SYC,Seychelles,2006,aiddata,AidData,226104.04059,7,3,constant_2023_usd,commitment
SYC::codf,SYC,Seychelles,2006,codf,CODF,,0,0,nominal_usd,loan_commitment
SYC::cla,SYC,Seychelles,2006,cla,CLA,,0,0,nominal_usd,loan_commitment
SYC::cancel,SYC,Seychelles,2006,cancel,Debt cancellation,,0,0,nominal_usd,debt_cancellation
SYC::restruct,SYC,Seychelles,2006,restruct,Debt restructuring,,0,0,nominal_usd,debt_restructuring
SYC::cofi,SYC,Seychelles,2006,cofi,COFI,,0,0,nominal_usd,investment
SYC::cgef,SYC,Seychelles,2006,cgef,CGEF,,0,0,nominal_usd,loan_commitment
SYC::chapo,SYC,Seychelles,2006,chapo,CHAPO,,1,0,constant_2021_usd,commitment
SYC::aiddata,SYC,Seychelles,2007,aiddata,AidData,14542360.804677,8,4,constant_2023_usd,commitment
SYC::codf,SYC,Seychelles,2007,codf,CODF,,0,0,nominal_usd,loan_commitment
SYC::cla,SYC,Seychelles,2007,cla,CLA,7390000.0,2,2,nominal_usd,loan_commitment
SYC::cancel,SYC,Seychelles,2007,cancel,Debt cancellation,,0,0,nominal_usd,debt_cancellation
SYC::restruct,SYC,Seychelles,2007,restruct,Debt restructuring,,0,0,nominal_usd,debt_restructuring
SYC::cofi,SYC,Seychelles,2007,cofi,COFI,,0,0,nominal_usd,investment
SYC::cgef,SYC,Seychelles,2007,cgef,CGEF,,0,0,nominal_usd,loan_commitment
SYC::chapo,SYC,Seychelles,2007,chapo,CHAPO,,0,0,constant_2021_usd,commitment
SYC::aiddata,SYC,Seychelles,2008,aiddata,AidData,8982579.591097,7,2,constant_2023_usd,commitment
SYC::codf,SYC,Seychelles,2008,codf,CODF,,0,0,nominal_usd,loan_commitment
SYC::cla,SYC,Seychelles,2008,cla,CLA,11000000.0,1,1,nominal_usd,loan_commitment
SYC::cancel,SYC,Seychelles,2008,cancel,Debt cancellation,,0,0,nominal_usd,debt_cancellation
SYC::restruct,SYC,Seychelles,2008,restruct,Debt restructuring,,0,0,nominal_usd,debt_restructuring
SYC::cofi,SYC,Seychelles,2008,cofi,COFI,,0,0,nominal_usd,investment
SYC::cgef,SYC,Seychelles,2008,cgef,CGEF,,0,0,nominal_usd,loan_commitment
SYC::chapo,SYC,Seychelles,2008,chapo,CHAPO,5336050.726822,2,1,constant_2021_usd,commitment
SYC::aiddata,SYC,Seychelles,2009,aiddata,AidData,8358589.562698,5,2,constant_2023_usd,commitment
SYC::codf,SYC,Seychelles,2009,codf,CODF,,0,0,nominal_usd,loan_commitment
SYC::cla,SYC,Seychelles,2009,cla,CLA,,0,0,nominal_usd,loan_commitment
SYC::cancel,SYC,Seychelles,2009,cancel,Debt cancellation,,0,0,nominal_usd,debt_cancellation
SYC::restruct,SYC,Seychelles,2009,restruct,Debt restructuring,,0,0,nominal_usd,debt_restructuring
SYC::cofi,SYC,Seychelles,2009,cofi,COFI,,0,0,nominal_usd,investment
SYC::cgef,SYC,Seychelles,2009,cgef,CGEF,,0,0,nominal_usd,loan_commitment
SYC::chapo,SYC,Seychelles,2009,chapo,CHAPO,,1,0,constant_2021_usd,commitment
SYC::aiddata,SYC,Seychelles,2010,aiddata,AidData,2877033.922438,9,2,constant_2023_usd,commitment
SYC::codf,SYC,Seychelles,2010,codf,CODF,,0,0,nominal_usd,loan_commitment
SYC::cla,SYC,Seychelles,2010,cla,CLA,,0,0,nominal_usd,loan_commitment
SYC::cancel,SYC,Seychelles,2010,cancel,Debt cancellation,,0,0,nominal_usd,debt_cancellation
SYC::restruct,SYC,Seychelles,2010,restruct,Debt restructuring,,0,0,nominal_usd,debt_restructuring
SYC::cofi,SYC,Seychelles,2010,cofi,COFI,,0,0,nominal_usd,investment
SYC::cgef,SYC,Seychelles,2010,cgef,CGEF,,0,0,nominal_usd,loan_commitment
SYC::chapo,SYC,Seychelles,2010,chapo,CHAPO,29247.265652,3,1,constant_2021_usd,commitment
SYC::aiddata,SYC,Seychelles,2011,aiddata,AidData,32946331.537878,9,4,constant_2023_usd,commitment
SYC::codf,SYC,Seychelles,2011,codf,CODF,,0,0,nominal_usd,loan_commitment
SYC::cla,SYC,Seychelles,2011,cla,CLA,14910000.0,2,2,nominal_usd,loan_commitment
SYC::cancel,SYC,Seychelles,2011,cancel,Debt cancellation,,0,0,nominal_usd,debt_cancellation
SYC::restruct,SYC,Seychelles,2011,restruct,Debt restructuring,24000000.0,1,1,nominal_usd,debt_restructuring
SYC::cofi,SYC,Seychelles,2011,cofi,COFI,,0,0,nominal_usd,investment
SYC::cgef,SYC,Seychelles,2011,cgef,CGEF,,0,0,nominal_usd,loan_commitment
SYC::chapo,SYC,Seychelles,2011,chapo,CHAPO,,0,0,constant_2021_usd,commitment
SYC::aiddata,SYC,Seychelles,2012,aiddata,AidData,11693340.930771,9,3,constant_2023_usd,commitment
SYC::codf,SYC,Seychelles,2012,codf,CODF,,0,0,nominal_usd,loan_commitment
SYC::cla,SYC,Seychelles,2012,cla,CLA,,0,0,nominal_usd,loan_commitment
SYC::cancel,SYC,Seychelles,2012,cancel,Debt cancellation,,0,0,nominal_usd,debt_cancellation
SYC::restruct,SYC,Seychelles,2012,restruct,Debt restructuring,,0,0,nominal_usd,debt_restructuring
SYC::cofi,SYC,Seychelles,2012,cofi,COFI,,0,0,nominal_usd,investment
SYC::cgef,SYC,Seychelles,2012,cgef,CGEF,,0,0,nominal_usd,loan_commitment
SYC::chapo,SYC,Seychelles,2012,chapo,CHAPO,,2,0,constant_2021_usd,commitment
SYC::aiddata,SYC,Seychelles,2013,aiddata,AidData,5139873.966091,10,2,constant_2023_usd,commitment
SYC::codf,SYC,Seychelles,2013,codf,CODF,,0,0,nominal_usd,loan_commitment
SYC::cla,SYC,Seychelles,2013,cla,CLA,,0,0,nominal_usd,loan_commitment
SYC::cancel,SYC,Seychelles,2013,cancel,Debt cancellation,,0,0,nominal_usd,debt_cancellation
SYC::restruct,SYC,Seychelles,2013,restruct,Debt restructuring,,0,0,nominal_usd,debt_restructuring
SYC::cofi,SYC,Seychelles,2013,cofi,COFI,,0,0,nominal_usd,investment
SYC::cgef,SYC,Seychelles,2013,cgef,CGEF,,0,0,nominal_usd,loan_commitment
SYC::chapo,SYC,Seychelles,2013,chapo,CHAPO,3384.109657,2,1,constant_2021_usd,commitment
SYC::aiddata,SYC,Seychelles,2014,aiddata,AidData,,6,0,constant_2023_usd,commitment
SYC::codf,SYC,Seychelles,2014,codf,CODF,,0,0,nominal_usd,loan_commitment
SYC::cla,SYC,Seychelles,2014,cla,CLA,,0,0,nominal_usd,loan_commitment
SYC::cancel,SYC,Seychelles,2014,cancel,Debt cancellation,,0,0,nominal_usd,debt_cancellation
SYC::restruct,SYC,Seychelles,2014,restruct,Debt restructuring,,0,0,nominal_usd,debt_restructuring
SYC::cofi,SYC,Seychelles,2014,cofi,COFI,,0,0,nominal_usd,investment
SYC::cgef,SYC,Seychelles,2014,cgef,CGEF,,0,0,nominal_usd,loan_commitment
SYC::chapo,SYC,Seychelles,2014,chapo,CHAPO,,1,0,constant_2021_usd,commitment
SYC::aiddata,SYC,Seychelles,2015,aiddata,AidData,,4,0,constant_2023_usd,commitment
SYC::codf,SYC,Seychelles,2015,codf,CODF,,0,0,nominal_usd,loan_commitment
SYC::cla,SYC,Seychelles,2015,cla,CLA,,0,0,nominal_usd,loan_commitment
SYC::cancel,SYC,Seychelles,2015,cancel,Debt cancellation,,0,0,nominal_usd,debt_cancellation
SYC::restruct,SYC,Seychelles,2015,restruct,Debt restructuring,,0,0,nominal_usd,debt_restructuring
SYC::cofi,SYC,Seychelles,2015,cofi,COFI,,0,0,nominal_usd,investment
SYC::cgef,SYC,Seychelles,2015,cgef,CGEF,,0,0,nominal_usd,loan_commitment
SYC::chapo,SYC,Seychelles,2015,chapo,CHAPO,,0,0,constant_2021_usd,commitment
SYC::aiddata,SYC,Seychelles,2016,aiddata,AidData,19711466.640452,5,2,constant_2023_usd,commitment
SYC::codf,SYC,Seychelles,2016,codf,CODF,,0,0,nominal_usd,loan_commitment
SYC::cla,SYC,Seychelles,2016,cla,CLA,,0,0,nominal_usd,loan_commitment
SYC::cancel,SYC,Seychelles,2016,cancel,Debt cancellation,,0,0,nominal_usd,debt_cancellation
SYC::restruct,SYC,Seychelles,2016,restruct,Debt restructuring,,0,0,nominal_usd,debt_restructuring
SYC::cofi,SYC,Seychelles,2016,cofi,COFI,,0,0,nominal_usd,investment
SYC::cgef,SYC,Seychelles,2016,cgef,CGEF,,0,0,nominal_usd,loan_commitment
SYC::chapo,SYC,Seychelles,2016,chapo,CHAPO,,1,0,constant_2021_usd,commitment
SYC::aiddata,SYC,Seychelles,2017,aiddata,AidData,12333935.378622,9,5,constant_2023_usd,commitment
SYC::codf,SYC,Seychelles,2017,codf,CODF,,0,0,nominal_usd,loan_commitment
SYC::cla,SYC,Seychelles,2017,cla,CLA,,0,0,nominal_usd,loan_commitment
SYC::cancel,SYC,Seychelles,2017,cancel,Debt cancellation,,0,0,nominal_usd,debt_cancellation
SYC::restruct,SYC,Seychelles,2017,restruct,Debt restructuring,,0,0,nominal_usd,debt_restructuring
SYC::cofi,SYC,Seychelles,2017,cofi,COFI,,0,0,nominal_usd,investment
SYC::cgef,SYC,Seychelles,2017,cgef,CGEF,,0,0,nominal_usd,loan_commitment
SYC::chapo,SYC,Seychelles,2017,chapo,CHAPO,,0,0,constant_2021_usd,commitment
SYC::aiddata,SYC,Seychelles,2018,aiddata,AidData,,0,0,constant_2023_usd,commitment
SYC::codf,SYC,Seychelles,2018,codf,CODF,,0,0,nominal_usd,loan_commitment
SYC::cla,SYC,Seychelles,2018,cla,CLA,,0,0,nominal_usd,loan_commitment
SYC::cancel,SYC,Seychelles,2018,cancel,Debt cancellation,5500000.0,1,1,nominal_usd,debt_cancellation
SYC::restruct,SYC,Seychelles,2018,restruct,Debt restructuring,,0,0,nominal_usd,debt_restructuring
SYC::cofi,SYC,Seychelles,2018,cofi,COFI,,0,0,nominal_usd,investment
SYC::cgef,SYC,Seychelles,2018,cgef,CGEF,,0,0,nominal_usd,loan_commitment
SYC::chapo,SYC,Seychelles,2018,chapo,CHAPO,,2,0,constant_2021_usd,commitment
SYC::aiddata,SYC,Seychelles,2019,aiddata,AidData,,0,0,constant_2023_usd,commitment
SYC::codf,SYC,Seychelles,2019,codf,CODF,,0,0,nominal_usd,loan_commitment
SYC::cla,SYC,Seychelles,2019,cla,CLA,,0,0,nominal_usd,loan_commitment
SYC::cancel,SYC,Seychelles,2019,cancel,Debt cancellation,,0,0,nominal_usd,debt_cancellation
SYC::restruct,SYC,Seychelles,2019,restruct,Debt restructuring,,0,0,nominal_usd,debt_restructuring
SYC::cofi,SYC,Seychelles,2019,cofi,COFI,,0,0,nominal_usd,investment
SYC::cgef,SYC,Seychelles,2019,cgef,CGEF,,0,0,nominal_usd,loan_commitment
SYC::chapo,SYC,Seychelles,2019,chapo,CHAPO,,0,0,constant_2021_usd,commitment
SYC::aiddata,SYC,Seychelles,2020,aiddata,AidData,,0,0,constant_2023_usd,commitment
SYC::codf,SYC,Seychelles,2020,codf,CODF,,0,0,nominal_usd,loan_commitment
SYC::cla,SYC,Seychelles,2020,cla,CLA,,0,0,nominal_usd,loan_commitment
SYC::cancel,SYC,Seychelles,2020,cancel,Debt cancellation,,0,0,nominal_usd,debt_cancellation
SYC::restruct,SYC,Seychelles,2020,restruct,Debt restructuring,,0,0,nominal_usd,debt_restructuring
SYC::cofi,SYC,Seychelles,2020,cofi,COFI,,0,0,nominal_usd,investment
SYC::cgef,SYC,Seychelles,2020,cgef,CGEF,,0,0,nominal_usd,loan_commitment
SYC::chapo,SYC,Seychelles,2020,chapo,CHAPO,194570.875208,8,4,constant_2021_usd,commitment
SYC::aiddata,SYC,Seychelles,2021,aiddata,AidData,,0,0,constant_2023_usd,commitment
SYC::codf,SYC,Seychelles,2021,codf,CODF,,0,0,nominal_usd,loan_commitment
SYC::cla,SYC,Seychelles,2021,cla,CLA,,0,0,nominal_usd,loan_commitment
SYC::cancel,SYC,Seychelles,2021,cancel,Debt cancellation,,0,0,nominal_usd,debt_cancellation
SYC::restruct,SYC,Seychelles,2021,restruct,Debt restructuring,,0,0,nominal_usd,debt_restructuring
SYC::cofi,SYC,Seychelles,2021,cofi,COFI,,0,0,nominal_usd,investment
SYC::cgef,SYC,Seychelles,2021,cgef,CGEF,,0,0,nominal_usd,loan_commitment
SYC::chapo,SYC,Seychelles,2021,chapo,CHAPO,480878.918255,7,4,constant_2021_usd,commitment
SYC::aiddata,SYC,Seychelles,2022,aiddata,AidData,,0,0,constant_2023_usd,commitment
SYC::codf,SYC,Seychelles,2022,codf,CODF,,0,0,nominal_usd,loan_commitment
SYC::cla,SYC,Seychelles,2022,cla,CLA,,0,0,nominal_usd,loan_commitment
SYC::cancel,SYC,Seychelles,2022,cancel,Debt cancellation,,0,0,nominal_usd,debt_cancellation
SYC::restruct,SYC,Seychelles,2022,restruct,Debt restructuring,,0,0,nominal_usd,debt_restructuring
SYC::cofi,SYC,Seychelles,2022,cofi,COFI,,0,0,nominal_usd,investment
SYC::cgef,SYC,Seychelles,2022,cgef,CGEF,,0,0,nominal_usd,loan_commitment
SYC::chapo,SYC,Seychelles,2022,chapo,CHAPO,,0,0,constant_2021_usd,commitment
SYC::aiddata,SYC,Seychelles,2023,aiddata,AidData,,0,0,constant_2023_usd,commitment
SYC::codf,SYC,Seychelles,2023,codf,CODF,,0,0,nominal_usd,loan_commitment
SYC::cla,SYC,Seychelles,2023,cla,CLA,,0,0,nominal_usd,loan_commitment
SYC::cancel,SYC,Seychelles,2023,cancel,Debt cancellation,,0,0,nominal_usd,debt_cancellation
SYC::restruct,SYC,Seychelles,2023,restruct,Debt restructuring,,0,0,nominal_usd,debt_restructuring
SYC::cofi,SYC,Seychelles,2023,cofi,COFI,,0,0,nominal_usd,investment
SYC::cgef,SYC,Seychelles,2023,cgef,CGEF,,0,0,nominal_usd,loan_commitment
SYC::chapo,SYC,Seychelles,2023,chapo,CHAPO,,0,0,constant_2021_usd,commitment
SYC::aiddata,SYC,Seychelles,2024,aiddata,AidData,,0,0,constant_2023_usd,commitment
SYC::codf,SYC,Seychelles,2024,codf,CODF,,0,0,nominal_usd,loan_commitment
SYC::cla,SYC,Seychelles,2024,cla,CLA,,0,0,nominal_usd,loan_commitment
SYC::cancel,SYC,Seychelles,2024,cancel,Debt cancellation,,0,0,nominal_usd,debt_cancellation
SYC::restruct,SYC,Seychelles,2024,restruct,Debt restructuring,,0,0,nominal_usd,debt_restructuring
SYC::cofi,SYC,Seychelles,2024,cofi,COFI,,0,0,nominal_usd,investment
SYC::cgef,SYC,Seychelles,2024,cgef,CGEF,,0,0,nominal_usd,loan_commitment
SYC::chapo,SYC,Seychelles,2024,chapo,CHAPO,,0,0,constant_2021_usd,commitment
TCD::aiddata,TCD,Chad,2000,aiddata,AidData,,0,0,constant_2023_usd,commitment
TCD::codf,TCD,Chad,2000,codf,CODF,,0,0,nominal_usd,loan_commitment
TCD::cla,TCD,Chad,2000,cla,CLA,,0,0,nominal_usd,loan_commitment
TCD::cancel,TCD,Chad,2000,cancel,Debt cancellation,,0,0,nominal_usd,debt_cancellation
TCD::restruct,TCD,Chad,2000,restruct,Debt restructuring,,0,0,nominal_usd,debt_restructuring
TCD::cofi,TCD,Chad,2000,cofi,COFI,,0,0,nominal_usd,investment
TCD::cgef,TCD,Chad,2000,cgef,CGEF,,0,0,nominal_usd,loan_commitment
TCD::chapo,TCD,Chad,2000,chapo,CHAPO,,0,0,constant_2021_usd,commitment
TCD::aiddata,TCD,Chad,2001,aiddata,AidData,,0,0,constant_2023_usd,commitment
TCD::codf,TCD,Chad,2001,codf,CODF,,0,0,nominal_usd,loan_commitment
TCD::cla,TCD,Chad,2001,cla,CLA,,0,0,nominal_usd,loan_commitment
TCD::cancel,TCD,Chad,2001,cancel,Debt cancellation,,0,0,nominal_usd,debt_cancellation
TCD::restruct,TCD,Chad,2001,restruct,Debt restructuring,,0,0,nominal_usd,debt_restructuring
TCD::cofi,TCD,Chad,2001,cofi,COFI,,0,0,nominal_usd,investment
TCD::cgef,TCD,Chad,2001,cgef,CGEF,,0,0,nominal_usd,loan_commitment
TCD::chapo,TCD,Chad,2001,chapo,CHAPO,,0,0,constant_2021_usd,commitment
TCD::aiddata,TCD,Chad,2002,aiddata,AidData,,0,0,constant_2023_usd,commitment
TCD::codf,TCD,Chad,2002,codf,CODF,,0,0,nominal_usd,loan_commitment
TCD::cla,TCD,Chad,2002,cla,CLA,,0,0,nominal_usd,loan_commitment
TCD::cancel,TCD,Chad,2002,cancel,Debt cancellation,,0,0,nominal_usd,debt_cancellation
TCD::restruct,TCD,Chad,2002,restruct,Debt restructuring,,0,0,nominal_usd,debt_restructuring
TCD::cofi,TCD,Chad,2002,cofi,COFI,,0,0,nominal_usd,investment
TCD::cgef,TCD,Chad,2002,cgef,CGEF,,0,0,nominal_usd,loan_commitment
TCD::chapo,TCD,Chad,2002,chapo,CHAPO,,0,0,constant_2021_usd,commitment
TCD::aiddata,TCD,Chad,2003,aiddata,AidData,,0,0,constant_2023_usd,commitment
TCD::codf,TCD,Chad,2003,codf,CODF,,0,0,nominal_usd,loan_commitment
TCD::cla,TCD,Chad,2003,cla,CLA,,0,0,nominal_usd,loan_commitment
TCD::cancel,TCD,Chad,2003,cancel,Debt cancellation,,0,0,nominal_usd,debt_cancellation
TCD::restruct,TCD,Chad,2003,restruct,Debt restructuring,,0,0,nominal_usd,debt_restructuring
TCD::cofi,TCD,Chad,2003,cofi,COFI,,0,0,nominal_usd,investment
TCD::cgef,TCD,Chad,2003,cgef,CGEF,,0,0,nominal_usd,loan_commitment
TCD::chapo,TCD,Chad,2003,chapo,CHAPO,,0,0,constant_2021_usd,commitment
TCD::aiddata,TCD,Chad,2004,aiddata,AidData,,0,0,constant_2023_usd,commitment
TCD::codf,TCD,Chad,2004,codf,CODF,,0,0,nominal_usd,loan_commitment
TCD::cla,TCD,Chad,2004,cla,CLA,,0,0,nominal_usd,loan_commitment
TCD::cancel,TCD,Chad,2004,cancel,Debt cancellation,,0,0,nominal_usd,debt_cancellation
TCD::restruct,TCD,Chad,2004,restruct,Debt restructuring,,0,0,nominal_usd,debt_restructuring
TCD::cofi,TCD,Chad,2004,cofi,COFI,,0,0,nominal_usd,investment
TCD::cgef,TCD,Chad,2004,cgef,CGEF,,0,0,nominal_usd,loan_commitment
TCD::chapo,TCD,Chad,2004,chapo,CHAPO,,0,0,constant_2021_usd,commitment
TCD::aiddata,TCD,Chad,2005,aiddata,AidData,,0,0,constant_2023_usd,commitment
TCD::codf,TCD,Chad,2005,codf,CODF,,0,0,nominal_usd,loan_commitment
TCD::cla,TCD,Chad,2005,cla,CLA,,0,0,nominal_usd,loan_commitment
TCD::cancel,TCD,Chad,2005,cancel,Debt cancellation,,0,0,nominal_usd,debt_cancellation
TCD::restruct,TCD,Chad,2005,restruct,Debt restructuring,,0,0,nominal_usd,debt_restructuring
TCD::cofi,TCD,Chad,2005,cofi,COFI,,0,0,nominal_usd,investment
TCD::cgef,TCD,Chad,2005,cgef,CGEF,,0,0,nominal_usd,loan_commitment
TCD::chapo,TCD,Chad,2005,chapo,CHAPO,,0,0,constant_2021_usd,commitment
TCD::aiddata,TCD,Chad,2006,aiddata,AidData,,4,0,constant_2023_usd,commitment
TCD::codf,TCD,Chad,2006,codf,CODF,,0,0,nominal_usd,loan_commitment
TCD::cla,TCD,Chad,2006,cla,CLA,,0,0,nominal_usd,loan_commitment
TCD::cancel,TCD,Chad,2006,cancel,Debt cancellation,,0,0,nominal_usd,debt_cancellation
TCD::restruct,TCD,Chad,2006,restruct,Debt restructuring,,0,0,nominal_usd,debt_restructuring
TCD::cofi,TCD,Chad,2006,cofi,COFI,,0,0,nominal_usd,investment
TCD::cgef,TCD,Chad,2006,cgef,CGEF,,0,0,nominal_usd,loan_commitment
TCD::chapo,TCD,Chad,2006,chapo,CHAPO,,1,0,constant_2021_usd,commitment
TCD::aiddata,TCD,Chad,2007,aiddata,AidData,375013433.285063,11,6,constant_2023_usd,commitment
TCD::codf,TCD,Chad,2007,codf,CODF,,0,0,nominal_usd,loan_commitment
TCD::cla,TCD,Chad,2007,cla,CLA,116980000.0,2,2,nominal_usd,loan_commitment
TCD::cancel,TCD,Chad,2007,cancel,Debt cancellation,33000000.0,1,1,nominal_usd,debt_cancellation
TCD::restruct,TCD,Chad,2007,restruct,Debt restructuring,,0,0,nominal_usd,debt_restructuring
TCD::cofi,TCD,Chad,2007,cofi,COFI,,0,0,nominal_usd,investment
TCD::cgef,TCD,Chad,2007,cgef,CGEF,,0,0,nominal_usd,loan_commitment
TCD::chapo,TCD,Chad,2007,chapo,CHAPO,,1,0,constant_2021_usd,commitment
TCD::aiddata,TCD,Chad,2008,aiddata,AidData,123787695.536581,6,1,constant_2023_usd,commitment
TCD::codf,TCD,Chad,2008,codf,CODF,,0,0,nominal_usd,loan_commitment
TCD::cla,TCD,Chad,2008,cla,CLA,,0,0,nominal_usd,loan_commitment
TCD::cancel,TCD,Chad,2008,cancel,Debt cancellation,,0,0,nominal_usd,debt_cancellation
TCD::restruct,TCD,Chad,2008,restruct,Debt restructuring,,0,0,nominal_usd,debt_restructuring
TCD::cofi,TCD,Chad,2008,cofi,COFI,,0,0,nominal_usd,investment
TCD::cgef,TCD,Chad,2008,cgef,CGEF,,0,0,nominal_usd,loan_commitment
TCD::chapo,TCD,Chad,2008,chapo,CHAPO,,2,0,constant_2021_usd,commitment
TCD::aiddata,TCD,Chad,2009,aiddata,AidData,41427591.961192,5,1,constant_2023_usd,commitment
TCD::codf,TCD,Chad,2009,codf,CODF,,0,0,nominal_usd,loan_commitment
TCD::cla,TCD,Chad,2009,cla,CLA,29870000.0,1,1,nominal_usd,loan_commitment
TCD::cancel,TCD,Chad,2009,cancel,Debt cancellation,,0,0,nominal_usd,debt_cancellation
TCD::restruct,TCD,Chad,2009,restruct,Debt restructuring,,0,0,nominal_usd,debt_restructuring
TCD::cofi,TCD,Chad,2009,cofi,COFI,,0,0,nominal_usd,investment
TCD::cgef,TCD,Chad,2009,cgef,CGEF,,0,0,nominal_usd,loan_commitment
TCD::chapo,TCD,Chad,2009,chapo,CHAPO,,1,0,constant_2021_usd,commitment
TCD::aiddata,TCD,Chad,2010,aiddata,AidData,,6,0,constant_2023_usd,commitment
TCD::codf,TCD,Chad,2010,codf,CODF,,0,0,nominal_usd,loan_commitment
TCD::cla,TCD,Chad,2010,cla,CLA,,0,0,nominal_usd,loan_commitment
TCD::cancel,TCD,Chad,2010,cancel,Debt cancellation,,0,0,nominal_usd,debt_cancellation
TCD::restruct,TCD,Chad,2010,restruct,Debt restructuring,,0,0,nominal_usd,debt_restructuring
TCD::cofi,TCD,Chad,2010,cofi,COFI,,0,0,nominal_usd,investment
TCD::cgef,TCD,Chad,2010,cgef,CGEF,,0,0,nominal_usd,loan_commitment
TCD::chapo,TCD,Chad,2010,chapo,CHAPO,,2,0,constant_2021_usd,commitment
TCD::aiddata,TCD,Chad,2011,aiddata,AidData,1182979932.919461,11,5,constant_2023_usd,commitment
TCD::codf,TCD,Chad,2011,codf,CODF,330000000.0,1,1,nominal_usd,loan_commitment
TCD::cla,TCD,Chad,2011,cla,CLA,382320000.0,2,2,nominal_usd,loan_commitment
TCD::cancel,TCD,Chad,2011,cancel,Debt cancellation,,0,0,nominal_usd,debt_cancellation
TCD::restruct,TCD,Chad,2011,restruct,Debt restructuring,,0,0,nominal_usd,debt_restructuring
TCD::cofi,TCD,Chad,2011,cofi,COFI,,0,0,nominal_usd,investment
TCD::cgef,TCD,Chad,2011,cgef,CGEF,,0,0,nominal_usd,loan_commitment
TCD::chapo,TCD,Chad,2011,chapo,CHAPO,,1,0,constant_2021_usd,commitment
TCD::aiddata,TCD,Chad,2012,aiddata,AidData,216545.252454,7,2,constant_2023_usd,commitment
TCD::codf,TCD,Chad,2012,codf,CODF,130000000.0,1,1,nominal_usd,loan_commitment
TCD::cla,TCD,Chad,2012,cla,CLA,130000000.0,1,1,nominal_usd,loan_commitment
TCD::cancel,TCD,Chad,2012,cancel,Debt cancellation,,0,0,nominal_usd,debt_cancellation
TCD::restruct,TCD,Chad,2012,restruct,Debt restructuring,,0,0,nominal_usd,debt_restructuring
TCD::cofi,TCD,Chad,2012,cofi,COFI,,0,0,nominal_usd,investment
TCD::cgef,TCD,Chad,2012,cgef,CGEF,130000000.0,1,1,nominal_usd,loan_commitment
TCD::chapo,TCD,Chad,2012,chapo,CHAPO,,2,0,constant_2021_usd,commitment
TCD::aiddata,TCD,Chad,2013,aiddata,AidData,4549473.681011,10,3,constant_2023_usd,commitment
TCD::codf,TCD,Chad,2013,codf,CODF,,0,0,nominal_usd,loan_commitment
TCD::cla,TCD,Chad,2013,cla,CLA,,0,0,nominal_usd,loan_commitment
TCD::cancel,TCD,Chad,2013,cancel,Debt cancellation,,0,0,nominal_usd,debt_cancellation
TCD::restruct,TCD,Chad,2013,restruct,Debt restructuring,,0,0,nominal_usd,debt_restructuring
TCD::cofi,TCD,Chad,2013,cofi,COFI,,0,0,nominal_usd,investment
TCD::cgef,TCD,Chad,2013,cgef,CGEF,,0,0,nominal_usd,loan_commitment
TCD::chapo,TCD,Chad,2013,chapo,CHAPO,1579251.173066,3,2,constant_2021_usd,commitment
TCD::aiddata,TCD,Chad,2014,aiddata,AidData,,6,0,constant_2023_usd,commitment
TCD::codf,TCD,Chad,2014,codf,CODF,,0,0,nominal_usd,loan_commitment
TCD::cla,TCD,Chad,2014,cla,CLA,,0,0,nominal_usd,loan_commitment
TCD::cancel,TCD,Chad,2014,cancel,Debt cancellation,,0,0,nominal_usd,debt_cancellation
TCD::restruct,TCD,Chad,2014,restruct,Debt restructuring,,0,0,nominal_usd,debt_restructuring
TCD::cofi,TCD,Chad,2014,cofi,COFI,,0,0,nominal_usd,investment
TCD::cgef,TCD,Chad,2014,cgef,CGEF,,0,0,nominal_usd,loan_commitment
TCD::chapo,TCD,Chad,2014,chapo,CHAPO,,0,0,constant_2021_usd,commitment
TCD::aiddata,TCD,Chad,2015,aiddata,AidData,2291969.562502,8,2,constant_2023_usd,commitment
TCD::codf,TCD,Chad,2015,codf,CODF,,0,0,nominal_usd,loan_commitment
TCD::cla,TCD,Chad,2015,cla,CLA,,0,0,nominal_usd,loan_commitment
TCD::cancel,TCD,Chad,2015,cancel,Debt cancellation,,0,0,nominal_usd,debt_cancellation
TCD::restruct,TCD,Chad,2015,restruct,Debt restructuring,,0,0,nominal_usd,debt_restructuring
TCD::cofi,TCD,Chad,2015,cofi,COFI,,0,0,nominal_usd,investment
TCD::cgef,TCD,Chad,2015,cgef,CGEF,,0,0,nominal_usd,loan_commitment
TCD::chapo,TCD,Chad,2015,chapo,CHAPO,561137.784789,3,1,constant_2021_usd,commitment
TCD::aiddata,TCD,Chad,2016,aiddata,AidData,92138243.014446,8,3,constant_2023_usd,commitment
TCD::codf,TCD,Chad,2016,codf,CODF,,0,0,nominal_usd,loan_commitment
TCD::cla,TCD,Chad,2016,cla,CLA,,0,0,nominal_usd,loan_commitment
TCD::cancel,TCD,Chad,2016,cancel,Debt cancellation,,0,0,nominal_usd,debt_cancellation
TCD::restruct,TCD,Chad,2016,restruct,Debt restructuring,,0,0,nominal_usd,debt_restructuring
TCD::cofi,TCD,Chad,2016,cofi,COFI,,0,0,nominal_usd,investment
TCD::cgef,TCD,Chad,2016,cgef,CGEF,,0,0,nominal_usd,loan_commitment
TCD::chapo,TCD,Chad,2016,chapo,CHAPO,,1,0,constant_2021_usd,commitment
TCD::aiddata,TCD,Chad,2017,aiddata,AidData,289974438.818027,10,5,constant_2023_usd,commitment
TCD::codf,TCD,Chad,2017,codf,CODF,,0,0,nominal_usd,loan_commitment
TCD::cla,TCD,Chad,2017,cla,CLA,,0,0,nominal_usd,loan_commitment
TCD::cancel,TCD,Chad,2017,cancel,Debt cancellation,,0,0,nominal_usd,debt_cancellation
TCD::restruct,TCD,Chad,2017,restruct,Debt restructuring,447000000.0,1,1,nominal_usd,debt_restructuring
TCD::cofi,TCD,Chad,2017,cofi,COFI,,0,0,nominal_usd,investment
TCD::cgef,TCD,Chad,2017,cgef,CGEF,,0,0,nominal_usd,loan_commitment
TCD::chapo,TCD,Chad,2017,chapo,CHAPO,,3,0,constant_2021_usd,commitment
TCD::aiddata,TCD,Chad,2018,aiddata,AidData,30769451.475708,13,3,constant_2023_usd,commitment
TCD::codf,TCD,Chad,2018,codf,CODF,,0,0,nominal_usd,loan_commitment
TCD::cla,TCD,Chad,2018,cla,CLA,,0,0,nominal_usd,loan_commitment
TCD::cancel,TCD,Chad,2018,cancel,Debt cancellation,,0,0,nominal_usd,debt_cancellation
TCD::restruct,TCD,Chad,2018,restruct,Debt restructuring,,0,0,nominal_usd,debt_restructuring
TCD::cofi,TCD,Chad,2018,cofi,COFI,,0,0,nominal_usd,investment
TCD::cgef,TCD,Chad,2018,cgef,CGEF,,0,0,nominal_usd,loan_commitment
TCD::chapo,TCD,Chad,2018,chapo,CHAPO,329565.765433,2,1,constant_2021_usd,commitment
TCD::aiddata,TCD,Chad,2019,aiddata,AidData,224681068.053844,10,3,constant_2023_usd,commitment
TCD::codf,TCD,Chad,2019,codf,CODF,188430000.0,1,1,nominal_usd,loan_commitment
TCD::cla,TCD,Chad,2019,cla,CLA,187700000.0,1,1,nominal_usd,loan_commitment
TCD::cancel,TCD,Chad,2019,cancel,Debt cancellation,,0,0,nominal_usd,debt_cancellation
TCD::restruct,TCD,Chad,2019,restruct,Debt restructuring,,0,0,nominal_usd,debt_restructuring
TCD::cofi,TCD,Chad,2019,cofi,COFI,,0,0,nominal_usd,investment
TCD::cgef,TCD,Chad,2019,cgef,CGEF,,0,0,nominal_usd,loan_commitment
TCD::chapo,TCD,Chad,2019,chapo,CHAPO,65608.344737,2,1,constant_2021_usd,commitment
TCD::aiddata,TCD,Chad,2020,aiddata,AidData,3265495.686842,18,6,constant_2023_usd,commitment
TCD::codf,TCD,Chad,2020,codf,CODF,,0,0,nominal_usd,loan_commitment
TCD::cla,TCD,Chad,2020,cla,CLA,,0,0,nominal_usd,loan_commitment
TCD::cancel,TCD,Chad,2020,cancel,Debt cancellation,,0,0,nominal_usd,debt_cancellation
TCD::restruct,TCD,Chad,2020,restruct,Debt restructuring,,0,0,nominal_usd,debt_restructuring
TCD::cofi,TCD,Chad,2020,cofi,COFI,,0,0,nominal_usd,investment
TCD::cgef,TCD,Chad,2020,cgef,CGEF,,0,0,nominal_usd,loan_commitment
TCD::chapo,TCD,Chad,2020,chapo,CHAPO,3451417.677062,10,5,constant_2021_usd,commitment
TCD::aiddata,TCD,Chad,2021,aiddata,AidData,3372923.484431,5,2,constant_2023_usd,commitment
TCD::codf,TCD,Chad,2021,codf,CODF,,0,0,nominal_usd,loan_commitment
TCD::cla,TCD,Chad,2021,cla,CLA,,0,0,nominal_usd,loan_commitment
TCD::cancel,TCD,Chad,2021,cancel,Debt cancellation,,0,0,nominal_usd,debt_cancellation
TCD::restruct,TCD,Chad,2021,restruct,Debt restructuring,,0,0,nominal_usd,debt_restructuring
TCD::cofi,TCD,Chad,2021,cofi,COFI,,0,0,nominal_usd,investment
TCD::cgef,TCD,Chad,2021,cgef,CGEF,,0,0,nominal_usd,loan_commitment
TCD::chapo,TCD,Chad,2021,chapo,CHAPO,3657706.526247,2,2,constant_2021_usd,commitment
TCD::aiddata,TCD,Chad,2022,aiddata,AidData,99981.824213,7,2,constant_2023_usd,commitment
TCD::codf,TCD,Chad,2022,codf,CODF,,0,0,nominal_usd,loan_commitment
TCD::cla,TCD,Chad,2022,cla,CLA,,0,0,nominal_usd,loan_commitment
TCD::cancel,TCD,Chad,2022,cancel,Debt cancellation,,0,0,nominal_usd,debt_cancellation
TCD::restruct,TCD,Chad,2022,restruct,Debt restructuring,,0,0,nominal_usd,debt_restructuring
TCD::cofi,TCD,Chad,2022,cofi,COFI,,0,0,nominal_usd,investment
TCD::cgef,TCD,Chad,2022,cgef,CGEF,,0,0,nominal_usd,loan_commitment
TCD::chapo,TCD,Chad,2022,chapo,CHAPO,,0,0,constant_2021_usd,commitment
TCD::aiddata,TCD,Chad,2023,aiddata,AidData,587533.77613,10,1,constant_2023_usd,commitment
TCD::codf,TCD,Chad,2023,codf,CODF,,0,0,nominal_usd,loan_commitment
TCD::cla,TCD,Chad,2023,cla,CLA,,0,0,nominal_usd,loan_commitment
TCD::cancel,TCD,Chad,2023,cancel,Debt cancellation,,0,0,nominal_usd,debt_cancellation
TCD::restruct,TCD,Chad,2023,restruct,Debt restructuring,,0,0,nominal_usd,debt_restructuring
TCD::cofi,TCD,Chad,2023,cofi,COFI,,0,0,nominal_usd,investment
TCD::cgef,TCD,Chad,2023,cgef,CGEF,,0,0,nominal_usd,loan_commitment
TCD::chapo,TCD,Chad,2023,chapo,CHAPO,,0,0,constant_2021_usd,commitment
TCD::aiddata,TCD,Chad,2024,aiddata,AidData,,0,0,constant_2023_usd,commitment
TCD::codf,TCD,Chad,2024,codf,CODF,,0,0,nominal_usd,loan_commitment
TCD::cla,TCD,Chad,2024,cla,CLA,,0,0,nominal_usd,loan_commitment
TCD::cancel,TCD,Chad,2024,cancel,Debt cancellation,,0,0,nominal_usd,debt_cancellation
TCD::restruct,TCD,Chad,2024,restruct,Debt restructuring,,0,0,nominal_usd,debt_restructuring
TCD::cofi,TCD,Chad,2024,cofi,COFI,,0,0,nominal_usd,investment
TCD::cgef,TCD,Chad,2024,cgef,CGEF,,0,0,nominal_usd,loan_commitment
TCD::chapo,TCD,Chad,2024,chapo,CHAPO,,0,0,constant_2021_usd,commitment
TGO::aiddata,TGO,Togo,2000,aiddata,AidData,,2,0,constant_2023_usd,commitment
TGO::codf,TGO,Togo,2000,codf,CODF,,0,0,nominal_usd,loan_commitment
TGO::cla,TGO,Togo,2000,cla,CLA,,0,0,nominal_usd,loan_commitment
TGO::cancel,TGO,Togo,2000,cancel,Debt cancellation,,0,0,nominal_usd,debt_cancellation
TGO::restruct,TGO,Togo,2000,restruct,Debt restructuring,,0,0,nominal_usd,debt_restructuring
TGO::cofi,TGO,Togo,2000,cofi,COFI,,0,0,nominal_usd,investment
TGO::cgef,TGO,Togo,2000,cgef,CGEF,,0,0,nominal_usd,loan_commitment
TGO::chapo,TGO,Togo,2000,chapo,CHAPO,,1,0,constant_2021_usd,commitment
TGO::aiddata,TGO,Togo,2001,aiddata,AidData,68014947.99952,3,2,constant_2023_usd,commitment
TGO::codf,TGO,Togo,2001,codf,CODF,,0,0,nominal_usd,loan_commitment
TGO::cla,TGO,Togo,2001,cla,CLA,,0,0,nominal_usd,loan_commitment
TGO::cancel,TGO,Togo,2001,cancel,Debt cancellation,25098000.0,1,1,nominal_usd,debt_cancellation
TGO::restruct,TGO,Togo,2001,restruct,Debt restructuring,,0,0,nominal_usd,debt_restructuring
TGO::cofi,TGO,Togo,2001,cofi,COFI,,0,0,nominal_usd,investment
TGO::cgef,TGO,Togo,2001,cgef,CGEF,,0,0,nominal_usd,loan_commitment
TGO::chapo,TGO,Togo,2001,chapo,CHAPO,,0,0,constant_2021_usd,commitment
TGO::aiddata,TGO,Togo,2002,aiddata,AidData,836745.196702,1,1,constant_2023_usd,commitment
TGO::codf,TGO,Togo,2002,codf,CODF,,0,0,nominal_usd,loan_commitment
TGO::cla,TGO,Togo,2002,cla,CLA,,0,0,nominal_usd,loan_commitment
TGO::cancel,TGO,Togo,2002,cancel,Debt cancellation,,0,0,nominal_usd,debt_cancellation
TGO::restruct,TGO,Togo,2002,restruct,Debt restructuring,,0,0,nominal_usd,debt_restructuring
TGO::cofi,TGO,Togo,2002,cofi,COFI,,0,0,nominal_usd,investment
TGO::cgef,TGO,Togo,2002,cgef,CGEF,,0,0,nominal_usd,loan_commitment
TGO::chapo,TGO,Togo,2002,chapo,CHAPO,,0,0,constant_2021_usd,commitment
TGO::aiddata,TGO,Togo,2003,aiddata,AidData,6510534.68893,5,4,constant_2023_usd,commitment
TGO::codf,TGO,Togo,2003,codf,CODF,,0,0,nominal_usd,loan_commitment
TGO::cla,TGO,Togo,2003,cla,CLA,,0,0,nominal_usd,loan_commitment
TGO::cancel,TGO,Togo,2003,cancel,Debt cancellation,,0,0,nominal_usd,debt_cancellation
TGO::restruct,TGO,Togo,2003,restruct,Debt restructuring,,0,0,nominal_usd,debt_restructuring
TGO::cofi,TGO,Togo,2003,cofi,COFI,,0,0,nominal_usd,investment
TGO::cgef,TGO,Togo,2003,cgef,CGEF,,0,0,nominal_usd,loan_commitment
TGO::chapo,TGO,Togo,2003,chapo,CHAPO,132441.180271,2,1,constant_2021_usd,commitment
TGO::aiddata,TGO,Togo,2004,aiddata,AidData,37606299.936085,5,4,constant_2023_usd,commitment
TGO::codf,TGO,Togo,2004,codf,CODF,,0,0,nominal_usd,loan_commitment
TGO::cla,TGO,Togo,2004,cla,CLA,38000000.0,1,1,nominal_usd,loan_commitment
TGO::cancel,TGO,Togo,2004,cancel,Debt cancellation,,0,0,nominal_usd,debt_cancellation
TGO::restruct,TGO,Togo,2004,restruct,Debt restructuring,,0,0,nominal_usd,debt_restructuring
TGO::cofi,TGO,Togo,2004,cofi,COFI,,0,0,nominal_usd,investment
TGO::cgef,TGO,Togo,2004,cgef,CGEF,,0,0,nominal_usd,loan_commitment
TGO::chapo,TGO,Togo,2004,chapo,CHAPO,150945.469059,2,1,constant_2021_usd,commitment
TGO::aiddata,TGO,Togo,2005,aiddata,AidData,16909833.161312,4,3,constant_2023_usd,commitment
TGO::codf,TGO,Togo,2005,codf,CODF,,0,0,nominal_usd,loan_commitment
TGO::cla,TGO,Togo,2005,cla,CLA,,0,0,nominal_usd,loan_commitment
TGO::cancel,TGO,Togo,2005,cancel,Debt cancellation,,0,0,nominal_usd,debt_cancellation
TGO::restruct,TGO,Togo,2005,restruct,Debt restructuring,,0,0,nominal_usd,debt_restructuring
TGO::cofi,TGO,Togo,2005,cofi,COFI,,0,0,nominal_usd,investment
TGO::cgef,TGO,Togo,2005,cgef,CGEF,,0,0,nominal_usd,loan_commitment
TGO::chapo,TGO,Togo,2005,chapo,CHAPO,16664726.774694,3,2,constant_2021_usd,commitment
TGO::aiddata,TGO,Togo,2006,aiddata,AidData,71778911.865025,4,1,constant_2023_usd,commitment
TGO::codf,TGO,Togo,2006,codf,CODF,,0,0,nominal_usd,loan_commitment
TGO::cla,TGO,Togo,2006,cla,CLA,38000000.0,1,1,nominal_usd,loan_commitment
TGO::cancel,TGO,Togo,2006,cancel,Debt cancellation,,0,0,nominal_usd,debt_cancellation
TGO::restruct,TGO,Togo,2006,restruct,Debt restructuring,,0,0,nominal_usd,debt_restructuring
TGO::cofi,TGO,Togo,2006,cofi,COFI,,0,0,nominal_usd,investment
TGO::cgef,TGO,Togo,2006,cgef,CGEF,,0,0,nominal_usd,loan_commitment
TGO::chapo,TGO,Togo,2006,chapo,CHAPO,,0,0,constant_2021_usd,commitment
TGO::aiddata,TGO,Togo,2007,aiddata,AidData,32559188.545368,6,2,constant_2023_usd,commitment
TGO::codf,TGO,Togo,2007,codf,CODF,,0,0,nominal_usd,loan_commitment
TGO::cla,TGO,Togo,2007,cla,CLA,,0,0,nominal_usd,loan_commitment
TGO::cancel,TGO,Togo,2007,cancel,Debt cancellation,20000000.0,1,1,nominal_usd,debt_cancellation
TGO::restruct,TGO,Togo,2007,restruct,Debt restructuring,,0,0,nominal_usd,debt_restructuring
TGO::cofi,TGO,Togo,2007,cofi,COFI,,0,0,nominal_usd,investment
TGO::cgef,TGO,Togo,2007,cgef,CGEF,,0,0,nominal_usd,loan_commitment
TGO::chapo,TGO,Togo,2007,chapo,CHAPO,,1,0,constant_2021_usd,commitment
TGO::aiddata,TGO,Togo,2008,aiddata,AidData,21768730.633442,8,6,constant_2023_usd,commitment
TGO::codf,TGO,Togo,2008,codf,CODF,,0,0,nominal_usd,loan_commitment
TGO::cla,TGO,Togo,2008,cla,CLA,,0,0,nominal_usd,loan_commitment
TGO::cancel,TGO,Togo,2008,cancel,Debt cancellation,,0,0,nominal_usd,debt_cancellation
TGO::restruct,TGO,Togo,2008,restruct,Debt restructuring,,0,0,nominal_usd,debt_restructuring
TGO::cofi,TGO,Togo,2008,cofi,COFI,,0,0,nominal_usd,investment
TGO::cgef,TGO,Togo,2008,cgef,CGEF,,0,0,nominal_usd,loan_commitment
TGO::chapo,TGO,Togo,2008,chapo,CHAPO,826553.529593,3,2,constant_2021_usd,commitment
TGO::aiddata,TGO,Togo,2009,aiddata,AidData,281373867.807555,5,5,constant_2023_usd,commitment
TGO::codf,TGO,Togo,2009,codf,CODF,197210000.0,2,2,nominal_usd,loan_commitment
TGO::cla,TGO,Togo,2009,cla,CLA,201600000.0,3,3,nominal_usd,loan_commitment
TGO::cancel,TGO,Togo,2009,cancel,Debt cancellation,,0,0,nominal_usd,debt_cancellation
TGO::restruct,TGO,Togo,2009,restruct,Debt restructuring,,0,0,nominal_usd,debt_restructuring
TGO::cofi,TGO,Togo,2009,cofi,COFI,,0,0,nominal_usd,investment
TGO::cgef,TGO,Togo,2009,cgef,CGEF,,0,0,nominal_usd,loan_commitment
TGO::chapo,TGO,Togo,2009,chapo,CHAPO,,0,0,constant_2021_usd,commitment
TGO::aiddata,TGO,Togo,2010,aiddata,AidData,54421657.274199,4,4,constant_2023_usd,commitment
TGO::codf,TGO,Togo,2010,codf,CODF,25000000.0,1,1,nominal_usd,loan_commitment
TGO::cla,TGO,Togo,2010,cla,CLA,29430000.0,2,2,nominal_usd,loan_commitment
TGO::cancel,TGO,Togo,2010,cancel,Debt cancellation,,0,0,nominal_usd,debt_cancellation
TGO::restruct,TGO,Togo,2010,restruct,Debt restructuring,,0,0,nominal_usd,debt_restructuring
TGO::cofi,TGO,Togo,2010,cofi,COFI,,0,0,nominal_usd,investment
TGO::cgef,TGO,Togo,2010,cgef,CGEF,,0,0,nominal_usd,loan_commitment
TGO::chapo,TGO,Togo,2010,chapo,CHAPO,411496.033893,1,1,constant_2021_usd,commitment
TGO::aiddata,TGO,Togo,2011,aiddata,AidData,68927471.069519,6,3,constant_2023_usd,commitment
TGO::codf,TGO,Togo,2011,codf,CODF,,0,0,nominal_usd,loan_commitment
TGO::cla,TGO,Togo,2011,cla,CLA,4640000.0,1,1,nominal_usd,loan_commitment
TGO::cancel,TGO,Togo,2011,cancel,Debt cancellation,,0,0,nominal_usd,debt_cancellation
TGO::restruct,TGO,Togo,2011,restruct,Debt restructuring,,0,0,nominal_usd,debt_restructuring
TGO::cofi,TGO,Togo,2011,cofi,COFI,,0,0,nominal_usd,investment
TGO::cgef,TGO,Togo,2011,cgef,CGEF,,0,0,nominal_usd,loan_commitment
TGO::chapo,TGO,Togo,2011,chapo,CHAPO,,3,0,constant_2021_usd,commitment
TGO::aiddata,TGO,Togo,2012,aiddata,AidData,249916508.263179,10,7,constant_2023_usd,commitment
TGO::codf,TGO,Togo,2012,codf,CODF,150000000.0,2,2,nominal_usd,loan_commitment
TGO::cla,TGO,Togo,2012,cla,CLA,154760000.0,3,3,nominal_usd,loan_commitment
TGO::cancel,TGO,Togo,2012,cancel,Debt cancellation,16000000.0,1,1,nominal_usd,debt_cancellation
TGO::restruct,TGO,Togo,2012,restruct,Debt restructuring,,0,0,nominal_usd,debt_restructuring
TGO::cofi,TGO,Togo,2012,cofi,COFI,,0,0,nominal_usd,investment
TGO::cgef,TGO,Togo,2012,cgef,CGEF,,0,0,nominal_usd,loan_commitment
TGO::chapo,TGO,Togo,2012,chapo,CHAPO,,2,0,constant_2021_usd,commitment
TGO::aiddata,TGO,Togo,2013,aiddata,AidData,252241.98744,2,1,constant_2023_usd,commitment
TGO::codf,TGO,Togo,2013,codf,CODF,124980000.0,2,2,nominal_usd,loan_commitment
TGO::cla,TGO,Togo,2013,cla,CLA,147570000.0,3,3,nominal_usd,loan_commitment
TGO::cancel,TGO,Togo,2013,cancel,Debt cancellation,,0,0,nominal_usd,debt_cancellation
TGO::restruct,TGO,Togo,2013,restruct,Debt restructuring,,0,0,nominal_usd,debt_restructuring
TGO::cofi,TGO,Togo,2013,cofi,COFI,,0,0,nominal_usd,investment
TGO::cgef,TGO,Togo,2013,cgef,CGEF,57860000.0,2,2,nominal_usd,loan_commitment
TGO::chapo,TGO,Togo,2013,chapo,CHAPO,275189.634633,2,1,constant_2021_usd,commitment
TGO::aiddata,TGO,Togo,2014,aiddata,AidData,203869065.457697,10,9,constant_2023_usd,commitment
TGO::codf,TGO,Togo,2014,codf,CODF,55000000.0,1,1,nominal_usd,loan_commitment
TGO::cla,TGO,Togo,2014,cla,CLA,55000000.0,1,1,nominal_usd,loan_commitment
TGO::cancel,TGO,Togo,2014,cancel,Debt cancellation,,0,0,nominal_usd,debt_cancellation
TGO::restruct,TGO,Togo,2014,restruct,Debt restructuring,,0,0,nominal_usd,debt_restructuring
TGO::cofi,TGO,Togo,2014,cofi,COFI,,0,0,nominal_usd,investment
TGO::cgef,TGO,Togo,2014,cgef,CGEF,55000000.0,1,1,nominal_usd,loan_commitment
TGO::chapo,TGO,Togo,2014,chapo,CHAPO,1603271.587016,2,2,constant_2021_usd,commitment
TGO::aiddata,TGO,Togo,2015,aiddata,AidData,137461187.988631,10,6,constant_2023_usd,commitment
TGO::codf,TGO,Togo,2015,codf,CODF,57510000.0,1,1,nominal_usd,loan_commitment
TGO::cla,TGO,Togo,2015,cla,CLA,57800000.0,1,1,nominal_usd,loan_commitment
TGO::cancel,TGO,Togo,2015,cancel,Debt cancellation,,0,0,nominal_usd,debt_cancellation
TGO::restruct,TGO,Togo,2015,restruct,Debt restructuring,,0,0,nominal_usd,debt_restructuring
TGO::cofi,TGO,Togo,2015,cofi,COFI,,0,0,nominal_usd,investment
TGO::cgef,TGO,Togo,2015,cgef,CGEF,,0,0,nominal_usd,loan_commitment
TGO::chapo,TGO,Togo,2015,chapo,CHAPO,,1,0,constant_2021_usd,commitment
TGO::aiddata,TGO,Togo,2016,aiddata,AidData,107276829.486665,8,4,constant_2023_usd,commitment
TGO::codf,TGO,Togo,2016,codf,CODF,112630000.0,2,2,nominal_usd,loan_commitment
TGO::cla,TGO,Togo,2016,cla,CLA,179760000.0,3,3,nominal_usd,loan_commitment
TGO::cancel,TGO,Togo,2016,cancel,Debt cancellation,,0,0,nominal_usd,debt_cancellation
TGO::restruct,TGO,Togo,2016,restruct,Debt restructuring,,0,0,nominal_usd,debt_restructuring
TGO::cofi,TGO,Togo,2016,cofi,COFI,57000000.0,1,1,nominal_usd,investment
TGO::cgef,TGO,Togo,2016,cgef,CGEF,,0,0,nominal_usd,loan_commitment
TGO::chapo,TGO,Togo,2016,chapo,CHAPO,,0,0,constant_2021_usd,commitment
TGO::aiddata,TGO,Togo,2017,aiddata,AidData,22046448.287059,4,2,constant_2023_usd,commitment
TGO::codf,TGO,Togo,2017,codf,CODF,,0,0,nominal_usd,loan_commitment
TGO::cla,TGO,Togo,2017,cla,CLA,,0,0,nominal_usd,loan_commitment
TGO::cancel,TGO,Togo,2017,cancel,Debt cancellation,,0,0,nominal_usd,debt_cancellation
TGO::restruct,TGO,Togo,2017,restruct,Debt restructuring,,0,0,nominal_usd,debt_restructuring
TGO::cofi,TGO,Togo,2017,cofi,COFI,,0,0,nominal_usd,investment
TGO::cgef,TGO,Togo,2017,cgef,CGEF,,0,0,nominal_usd,loan_commitment
TGO::chapo,TGO,Togo,2017,chapo,CHAPO,,2,0,constant_2021_usd,commitment
TGO::aiddata,TGO,Togo,2018,aiddata,AidData,615693.251767,3,1,constant_2023_usd,commitment
TGO::codf,TGO,Togo,2018,codf,CODF,,0,0,nominal_usd,loan_commitment
TGO::cla,TGO,Togo,2018,cla,CLA,,0,0,nominal_usd,loan_commitment
TGO::cancel,TGO,Togo,2018,cancel,Debt cancellation,,0,0,nominal_usd,debt_cancellation
TGO::restruct,TGO,Togo,2018,restruct,Debt restructuring,,0,0,nominal_usd,debt_restructuring
TGO::cofi,TGO,Togo,2018,cofi,COFI,,0,0,nominal_usd,investment
TGO::cgef,TGO,Togo,2018,cgef,CGEF,,0,0,nominal_usd,loan_commitment
TGO::chapo,TGO,Togo,2018,chapo,CHAPO,666814.673887,1,1,constant_2021_usd,commitment
TGO::aiddata,TGO,Togo,2019,aiddata,AidData,1886885.303156,9,3,constant_2023_usd,commitment
TGO::codf,TGO,Togo,2019,codf,CODF,,0,0,nominal_usd,loan_commitment
TGO::cla,TGO,Togo,2019,cla,CLA,,0,0,nominal_usd,loan_commitment
TGO::cancel,TGO,Togo,2019,cancel,Debt cancellation,,0,0,nominal_usd,debt_cancellation
TGO::restruct,TGO,Togo,2019,restruct,Debt restructuring,,0,0,nominal_usd,debt_restructuring
TGO::cofi,TGO,Togo,2019,cofi,COFI,,0,0,nominal_usd,investment
TGO::cgef,TGO,Togo,2019,cgef,CGEF,,0,0,nominal_usd,loan_commitment
TGO::chapo,TGO,Togo,2019,chapo,CHAPO,1736691.478329,2,1,constant_2021_usd,commitment
TGO::aiddata,TGO,Togo,2020,aiddata,AidData,34047.216105,16,2,constant_2023_usd,commitment
TGO::codf,TGO,Togo,2020,codf,CODF,,0,0,nominal_usd,loan_commitment
TGO::cla,TGO,Togo,2020,cla,CLA,,0,0,nominal_usd,loan_commitment
TGO::cancel,TGO,Togo,2020,cancel,Debt cancellation,,0,0,nominal_usd,debt_cancellation
TGO::restruct,TGO,Togo,2020,restruct,Debt restructuring,,0,0,nominal_usd,debt_restructuring
TGO::cofi,TGO,Togo,2020,cofi,COFI,,0,0,nominal_usd,investment
TGO::cgef,TGO,Togo,2020,cgef,CGEF,,0,0,nominal_usd,loan_commitment
TGO::chapo,TGO,Togo,2020,chapo,CHAPO,36855.621079,10,2,constant_2021_usd,commitment
TGO::aiddata,TGO,Togo,2021,aiddata,AidData,29943783.242444,10,4,constant_2023_usd,commitment
TGO::codf,TGO,Togo,2021,codf,CODF,,0,0,nominal_usd,loan_commitment
TGO::cla,TGO,Togo,2021,cla,CLA,,0,0,nominal_usd,loan_commitment
TGO::cancel,TGO,Togo,2021,cancel,Debt cancellation,,0,0,nominal_usd,debt_cancellation
TGO::restruct,TGO,Togo,2021,restruct,Debt restructuring,,0,0,nominal_usd,debt_restructuring
TGO::cofi,TGO,Togo,2021,cofi,COFI,,0,0,nominal_usd,investment
TGO::cgef,TGO,Togo,2021,cgef,CGEF,,0,0,nominal_usd,loan_commitment
TGO::chapo,TGO,Togo,2021,chapo,CHAPO,32472000.0,5,4,constant_2021_usd,commitment
TGO::aiddata,TGO,Togo,2022,aiddata,AidData,,11,0,constant_2023_usd,commitment
TGO::codf,TGO,Togo,2022,codf,CODF,,0,0,nominal_usd,loan_commitment
TGO::cla,TGO,Togo,2022,cla,CLA,,0,0,nominal_usd,loan_commitment
TGO::cancel,TGO,Togo,2022,cancel,Debt cancellation,,0,0,nominal_usd,debt_cancellation
TGO::restruct,TGO,Togo,2022,restruct,Debt restructuring,,0,0,nominal_usd,debt_restructuring
TGO::cofi,TGO,Togo,2022,cofi,COFI,,0,0,nominal_usd,investment
TGO::cgef,TGO,Togo,2022,cgef,CGEF,,0,0,nominal_usd,loan_commitment
TGO::chapo,TGO,Togo,2022,chapo,CHAPO,,0,0,constant_2021_usd,commitment
TGO::aiddata,TGO,Togo,2023,aiddata,AidData,518959.039901,6,2,constant_2023_usd,commitment
TGO::codf,TGO,Togo,2023,codf,CODF,,0,0,nominal_usd,loan_commitment
TGO::cla,TGO,Togo,2023,cla,CLA,,0,0,nominal_usd,loan_commitment
TGO::cancel,TGO,Togo,2023,cancel,Debt cancellation,,0,0,nominal_usd,debt_cancellation
TGO::restruct,TGO,Togo,2023,restruct,Debt restructuring,,0,0,nominal_usd,debt_restructuring
TGO::cofi,TGO,Togo,2023,cofi,COFI,,0,0,nominal_usd,investment
TGO::cgef,TGO,Togo,2023,cgef,CGEF,,0,0,nominal_usd,loan_commitment
TGO::chapo,TGO,Togo,2023,chapo,CHAPO,,0,0,constant_2021_usd,commitment
TGO::aiddata,TGO,Togo,2024,aiddata,AidData,,0,0,constant_2023_usd,commitment
TGO::codf,TGO,Togo,2024,codf,CODF,,0,0,nominal_usd,loan_commitment
TGO::cla,TGO,Togo,2024,cla,CLA,,0,0,nominal_usd,loan_commitment
TGO::cancel,TGO,Togo,2024,cancel,Debt cancellation,,0,0,nominal_usd,debt_cancellation
TGO::restruct,TGO,Togo,2024,restruct,Debt restructuring,,0,0,nominal_usd,debt_restructuring
TGO::cofi,TGO,Togo,2024,cofi,COFI,,0,0,nominal_usd,investment
TGO::cgef,TGO,Togo,2024,cgef,CGEF,,0,0,nominal_usd,loan_commitment
TGO::chapo,TGO,Togo,2024,chapo,CHAPO,,0,0,constant_2021_usd,commitment
TUN::aiddata,TUN,Tunisia,2000,aiddata,AidData,,1,0,constant_2023_usd,commitment
TUN::codf,TUN,Tunisia,2000,codf,CODF,,0,0,nominal_usd,loan_commitment
TUN::cla,TUN,Tunisia,2000,cla,CLA,2920000.0,1,1,nominal_usd,loan_commitment
TUN::cancel,TUN,Tunisia,2000,cancel,Debt cancellation,,0,0,nominal_usd,debt_cancellation
TUN::restruct,TUN,Tunisia,2000,restruct,Debt restructuring,,0,0,nominal_usd,debt_restructuring
TUN::cofi,TUN,Tunisia,2000,cofi,COFI,,0,0,nominal_usd,investment
TUN::cgef,TUN,Tunisia,2000,cgef,CGEF,,0,0,nominal_usd,loan_commitment
TUN::chapo,TUN,Tunisia,2000,chapo,CHAPO,,1,0,constant_2021_usd,commitment
TUN::aiddata,TUN,Tunisia,2001,aiddata,AidData,,0,0,constant_2023_usd,commitment
TUN::codf,TUN,Tunisia,2001,codf,CODF,,0,0,nominal_usd,loan_commitment
TUN::cla,TUN,Tunisia,2001,cla,CLA,,0,0,nominal_usd,loan_commitment
TUN::cancel,TUN,Tunisia,2001,cancel,Debt cancellation,,0,0,nominal_usd,debt_cancellation
TUN::restruct,TUN,Tunisia,2001,restruct,Debt restructuring,,0,0,nominal_usd,debt_restructuring
TUN::cofi,TUN,Tunisia,2001,cofi,COFI,,0,0,nominal_usd,investment
TUN::cgef,TUN,Tunisia,2001,cgef,CGEF,,0,0,nominal_usd,loan_commitment
TUN::chapo,TUN,Tunisia,2001,chapo,CHAPO,,0,0,constant_2021_usd,commitment
TUN::aiddata,TUN,Tunisia,2002,aiddata,AidData,,1,0,constant_2023_usd,commitment
TUN::codf,TUN,Tunisia,2002,codf,CODF,,0,0,nominal_usd,loan_commitment
TUN::cla,TUN,Tunisia,2002,cla,CLA,,0,0,nominal_usd,loan_commitment
TUN::cancel,TUN,Tunisia,2002,cancel,Debt cancellation,,0,0,nominal_usd,debt_cancellation
TUN::restruct,TUN,Tunisia,2002,restruct,Debt restructuring,,0,0,nominal_usd,debt_restructuring
TUN::cofi,TUN,Tunisia,2002,cofi,COFI,,0,0,nominal_usd,investment
TUN::cgef,TUN,Tunisia,2002,cgef,CGEF,,0,0,nominal_usd,loan_commitment
TUN::chapo,TUN,Tunisia,2002,chapo,CHAPO,,1,0,constant_2021_usd,commitment
TUN::aiddata,TUN,Tunisia,2003,aiddata,AidData,,3,0,constant_2023_usd,commitment
TUN::codf,TUN,Tunisia,2003,codf,CODF,,0,0,nominal_usd,loan_commitment
TUN::cla,TUN,Tunisia,2003,cla,CLA,,0,0,nominal_usd,loan_commitment
TUN::cancel,TUN,Tunisia,2003,cancel,Debt cancellation,,0,0,nominal_usd,debt_cancellation
TUN::restruct,TUN,Tunisia,2003,restruct,Debt restructuring,,0,0,nominal_usd,debt_restructuring
TUN::cofi,TUN,Tunisia,2003,cofi,COFI,,0,0,nominal_usd,investment
TUN::cgef,TUN,Tunisia,2003,cgef,CGEF,,0,0,nominal_usd,loan_commitment
TUN::chapo,TUN,Tunisia,2003,chapo,CHAPO,,0,0,constant_2021_usd,commitment
TUN::aiddata,TUN,Tunisia,2004,aiddata,AidData,33926453.349479,5,1,constant_2023_usd,commitment
TUN::codf,TUN,Tunisia,2004,codf,CODF,,0,0,nominal_usd,loan_commitment
TUN::cla,TUN,Tunisia,2004,cla,CLA,16130000.0,1,1,nominal_usd,loan_commitment
TUN::cancel,TUN,Tunisia,2004,cancel,Debt cancellation,,0,0,nominal_usd,debt_cancellation
TUN::restruct,TUN,Tunisia,2004,restruct,Debt restructuring,,0,0,nominal_usd,debt_restructuring
TUN::cofi,TUN,Tunisia,2004,cofi,COFI,,0,0,nominal_usd,investment
TUN::cgef,TUN,Tunisia,2004,cgef,CGEF,,0,0,nominal_usd,loan_commitment
TUN::chapo,TUN,Tunisia,2004,chapo,CHAPO,,1,0,constant_2021_usd,commitment
TUN::aiddata,TUN,Tunisia,2005,aiddata,AidData,36692924.239647,4,2,constant_2023_usd,commitment
TUN::codf,TUN,Tunisia,2005,codf,CODF,,0,0,nominal_usd,loan_commitment
TUN::cla,TUN,Tunisia,2005,cla,CLA,17090000.0,1,1,nominal_usd,loan_commitment
TUN::cancel,TUN,Tunisia,2005,cancel,Debt cancellation,,0,0,nominal_usd,debt_cancellation
TUN::restruct,TUN,Tunisia,2005,restruct,Debt restructuring,,0,0,nominal_usd,debt_restructuring
TUN::cofi,TUN,Tunisia,2005,cofi,COFI,,0,0,nominal_usd,investment
TUN::cgef,TUN,Tunisia,2005,cgef,CGEF,,0,0,nominal_usd,loan_commitment
TUN::chapo,TUN,Tunisia,2005,chapo,CHAPO,,0,0,constant_2021_usd,commitment
TUN::aiddata,TUN,Tunisia,2006,aiddata,AidData,20474572.679322,10,4,constant_2023_usd,commitment
TUN::codf,TUN,Tunisia,2006,codf,CODF,,0,0,nominal_usd,loan_commitment
TUN::cla,TUN,Tunisia,2006,cla,CLA,10050000.0,2,2,nominal_usd,loan_commitment
TUN::cancel,TUN,Tunisia,2006,cancel,Debt cancellation,,0,0,nominal_usd,debt_cancellation
TUN::restruct,TUN,Tunisia,2006,restruct,Debt restructuring,,0,0,nominal_usd,debt_restructuring
TUN::cofi,TUN,Tunisia,2006,cofi,COFI,,0,0,nominal_usd,investment
TUN::cgef,TUN,Tunisia,2006,cgef,CGEF,,0,0,nominal_usd,loan_commitment
TUN::chapo,TUN,Tunisia,2006,chapo,CHAPO,,1,0,constant_2021_usd,commitment
TUN::aiddata,TUN,Tunisia,2007,aiddata,AidData,8956377.857299,3,2,constant_2023_usd,commitment
TUN::codf,TUN,Tunisia,2007,codf,CODF,,0,0,nominal_usd,loan_commitment
TUN::cla,TUN,Tunisia,2007,cla,CLA,2760000.0,1,1,nominal_usd,loan_commitment
TUN::cancel,TUN,Tunisia,2007,cancel,Debt cancellation,,0,0,nominal_usd,debt_cancellation
TUN::restruct,TUN,Tunisia,2007,restruct,Debt restructuring,,0,0,nominal_usd,debt_restructuring
TUN::cofi,TUN,Tunisia,2007,cofi,COFI,,0,0,nominal_usd,investment
TUN::cgef,TUN,Tunisia,2007,cgef,CGEF,,0,0,nominal_usd,loan_commitment
TUN::chapo,TUN,Tunisia,2007,chapo,CHAPO,,0,0,constant_2021_usd,commitment
TUN::aiddata,TUN,Tunisia,2008,aiddata,AidData,,2,0,constant_2023_usd,commitment
TUN::codf,TUN,Tunisia,2008,codf,CODF,,0,0,nominal_usd,loan_commitment
TUN::cla,TUN,Tunisia,2008,cla,CLA,,0,0,nominal_usd,loan_commitment
TUN::cancel,TUN,Tunisia,2008,cancel,Debt cancellation,,0,0,nominal_usd,debt_cancellation
TUN::restruct,TUN,Tunisia,2008,restruct,Debt restructuring,,0,0,nominal_usd,debt_restructuring
TUN::cofi,TUN,Tunisia,2008,cofi,COFI,,0,0,nominal_usd,investment
TUN::cgef,TUN,Tunisia,2008,cgef,CGEF,,0,0,nominal_usd,loan_commitment
TUN::chapo,TUN,Tunisia,2008,chapo,CHAPO,,1,0,constant_2021_usd,commitment
TUN::aiddata,TUN,Tunisia,2009,aiddata,AidData,123782447.112265,7,3,constant_2023_usd,commitment
TUN::codf,TUN,Tunisia,2009,codf,CODF,80150000.0,1,1,nominal_usd,loan_commitment
TUN::cla,TUN,Tunisia,2009,cla,CLA,80150000.0,1,1,nominal_usd,loan_commitment
TUN::cancel,TUN,Tunisia,2009,cancel,Debt cancellation,,0,0,nominal_usd,debt_cancellation
TUN::restruct,TUN,Tunisia,2009,restruct,Debt restructuring,,0,0,nominal_usd,debt_restructuring
TUN::cofi,TUN,Tunisia,2009,cofi,COFI,,0,0,nominal_usd,investment
TUN::cgef,TUN,Tunisia,2009,cgef,CGEF,,0,0,nominal_usd,loan_commitment
TUN::chapo,TUN,Tunisia,2009,chapo,CHAPO,,0,0,constant_2021_usd,commitment
TUN::aiddata,TUN,Tunisia,2010,aiddata,AidData,,5,0,constant_2023_usd,commitment
TUN::codf,TUN,Tunisia,2010,codf,CODF,,0,0,nominal_usd,loan_commitment
TUN::cla,TUN,Tunisia,2010,cla,CLA,,0,0,nominal_usd,loan_commitment
TUN::cancel,TUN,Tunisia,2010,cancel,Debt cancellation,,0,0,nominal_usd,debt_cancellation
TUN::restruct,TUN,Tunisia,2010,restruct,Debt restructuring,,0,0,nominal_usd,debt_restructuring
TUN::cofi,TUN,Tunisia,2010,cofi,COFI,,0,0,nominal_usd,investment
TUN::cgef,TUN,Tunisia,2010,cgef,CGEF,,0,0,nominal_usd,loan_commitment
TUN::chapo,TUN,Tunisia,2010,chapo,CHAPO,,1,0,constant_2021_usd,commitment
TUN::aiddata,TUN,Tunisia,2011,aiddata,AidData,7599864.333537,2,2,constant_2023_usd,commitment
TUN::codf,TUN,Tunisia,2011,codf,CODF,,0,0,nominal_usd,loan_commitment
TUN::cla,TUN,Tunisia,2011,cla,CLA,,0,0,nominal_usd,loan_commitment
TUN::cancel,TUN,Tunisia,2011,cancel,Debt cancellation,,0,0,nominal_usd,debt_cancellation
TUN::restruct,TUN,Tunisia,2011,restruct,Debt restructuring,,0,0,nominal_usd,debt_restructuring
TUN::cofi,TUN,Tunisia,2011,cofi,COFI,,0,0,nominal_usd,investment
TUN::cgef,TUN,Tunisia,2011,cgef,CGEF,,0,0,nominal_usd,loan_commitment
TUN::chapo,TUN,Tunisia,2011,chapo,CHAPO,,0,0,constant_2021_usd,commitment
TUN::aiddata,TUN,Tunisia,2012,aiddata,AidData,4601291.845723,3,2,constant_2023_usd,commitment
TUN::codf,TUN,Tunisia,2012,codf,CODF,,0,0,nominal_usd,loan_commitment
TUN::cla,TUN,Tunisia,2012,cla,CLA,,0,0,nominal_usd,loan_commitment
TUN::cancel,TUN,Tunisia,2012,cancel,Debt cancellation,,0,0,nominal_usd,debt_cancellation
TUN::restruct,TUN,Tunisia,2012,restruct,Debt restructuring,,0,0,nominal_usd,debt_restructuring
TUN::cofi,TUN,Tunisia,2012,cofi,COFI,,0,0,nominal_usd,investment
TUN::cgef,TUN,Tunisia,2012,cgef,CGEF,,0,0,nominal_usd,loan_commitment
TUN::chapo,TUN,Tunisia,2012,chapo,CHAPO,1526360.625304,2,1,constant_2021_usd,commitment
TUN::aiddata,TUN,Tunisia,2013,aiddata,AidData,,0,0,constant_2023_usd,commitment
TUN::codf,TUN,Tunisia,2013,codf,CODF,,0,0,nominal_usd,loan_commitment
TUN::cla,TUN,Tunisia,2013,cla,CLA,,0,0,nominal_usd,loan_commitment
TUN::cancel,TUN,Tunisia,2013,cancel,Debt cancellation,,0,0,nominal_usd,debt_cancellation
TUN::restruct,TUN,Tunisia,2013,restruct,Debt restructuring,,0,0,nominal_usd,debt_restructuring
TUN::cofi,TUN,Tunisia,2013,cofi,COFI,,0,0,nominal_usd,investment
TUN::cgef,TUN,Tunisia,2013,cgef,CGEF,,0,0,nominal_usd,loan_commitment
TUN::chapo,TUN,Tunisia,2013,chapo,CHAPO,,0,0,constant_2021_usd,commitment
TUN::aiddata,TUN,Tunisia,2014,aiddata,AidData,54935966.087056,4,2,constant_2023_usd,commitment
TUN::codf,TUN,Tunisia,2014,codf,CODF,,0,0,nominal_usd,loan_commitment
TUN::cla,TUN,Tunisia,2014,cla,CLA,,0,0,nominal_usd,loan_commitment
TUN::cancel,TUN,Tunisia,2014,cancel,Debt cancellation,,0,0,nominal_usd,debt_cancellation
TUN::restruct,TUN,Tunisia,2014,restruct,Debt restructuring,,0,0,nominal_usd,debt_restructuring
TUN::cofi,TUN,Tunisia,2014,cofi,COFI,,0,0,nominal_usd,investment
TUN::cgef,TUN,Tunisia,2014,cgef,CGEF,,0,0,nominal_usd,loan_commitment
TUN::chapo,TUN,Tunisia,2014,chapo,CHAPO,59294160.307145,2,1,constant_2021_usd,commitment
TUN::aiddata,TUN,Tunisia,2015,aiddata,AidData,60345085.247299,2,2,constant_2023_usd,commitment
TUN::codf,TUN,Tunisia,2015,codf,CODF,,0,0,nominal_usd,loan_commitment
TUN::cla,TUN,Tunisia,2015,cla,CLA,,0,0,nominal_usd,loan_commitment
TUN::cancel,TUN,Tunisia,2015,cancel,Debt cancellation,,0,0,nominal_usd,debt_cancellation
TUN::restruct,TUN,Tunisia,2015,restruct,Debt restructuring,,0,0,nominal_usd,debt_restructuring
TUN::cofi,TUN,Tunisia,2015,cofi,COFI,,0,0,nominal_usd,investment
TUN::cgef,TUN,Tunisia,2015,cgef,CGEF,,0,0,nominal_usd,loan_commitment
TUN::chapo,TUN,Tunisia,2015,chapo,CHAPO,,0,0,constant_2021_usd,commitment
TUN::aiddata,TUN,Tunisia,2016,aiddata,AidData,,1,0,constant_2023_usd,commitment
TUN::codf,TUN,Tunisia,2016,codf,CODF,,0,0,nominal_usd,loan_commitment
TUN::cla,TUN,Tunisia,2016,cla,CLA,,0,0,nominal_usd,loan_commitment
TUN::cancel,TUN,Tunisia,2016,cancel,Debt cancellation,,0,0,nominal_usd,debt_cancellation
TUN::restruct,TUN,Tunisia,2016,restruct,Debt restructuring,,0,0,nominal_usd,debt_restructuring
TUN::cofi,TUN,Tunisia,2016,cofi,COFI,,0,0,nominal_usd,investment
TUN::cgef,TUN,Tunisia,2016,cgef,CGEF,,0,0,nominal_usd,loan_commitment
TUN::chapo,TUN,Tunisia,2016,chapo,CHAPO,,1,0,constant_2021_usd,commitment
TUN::aiddata,TUN,Tunisia,2017,aiddata,AidData,52811474.252125,5,3,constant_2023_usd,commitment
TUN::codf,TUN,Tunisia,2017,codf,CODF,,0,0,nominal_usd,loan_commitment
TUN::cla,TUN,Tunisia,2017,cla,CLA,,0,0,nominal_usd,loan_commitment
TUN::cancel,TUN,Tunisia,2017,cancel,Debt cancellation,,0,0,nominal_usd,debt_cancellation
TUN::restruct,TUN,Tunisia,2017,restruct,Debt restructuring,,0,0,nominal_usd,debt_restructuring
TUN::cofi,TUN,Tunisia,2017,cofi,COFI,,0,0,nominal_usd,investment
TUN::cgef,TUN,Tunisia,2017,cgef,CGEF,,0,0,nominal_usd,loan_commitment
TUN::chapo,TUN,Tunisia,2017,chapo,CHAPO,,0,0,constant_2021_usd,commitment
TUN::aiddata,TUN,Tunisia,2018,aiddata,AidData,35007690.753987,6,2,constant_2023_usd,commitment
TUN::codf,TUN,Tunisia,2018,codf,CODF,,0,0,nominal_usd,loan_commitment
TUN::cla,TUN,Tunisia,2018,cla,CLA,,0,0,nominal_usd,loan_commitment
TUN::cancel,TUN,Tunisia,2018,cancel,Debt cancellation,,0,0,nominal_usd,debt_cancellation
TUN::restruct,TUN,Tunisia,2018,restruct,Debt restructuring,,0,0,nominal_usd,debt_restructuring
TUN::cofi,TUN,Tunisia,2018,cofi,COFI,,0,0,nominal_usd,investment
TUN::cgef,TUN,Tunisia,2018,cgef,CGEF,,0,0,nominal_usd,loan_commitment
TUN::chapo,TUN,Tunisia,2018,chapo,CHAPO,,1,0,constant_2021_usd,commitment
TUN::aiddata,TUN,Tunisia,2019,aiddata,AidData,74334227.716685,8,4,constant_2023_usd,commitment
TUN::codf,TUN,Tunisia,2019,codf,CODF,,0,0,nominal_usd,loan_commitment
TUN::cla,TUN,Tunisia,2019,cla,CLA,,0,0,nominal_usd,loan_commitment
TUN::cancel,TUN,Tunisia,2019,cancel,Debt cancellation,,0,0,nominal_usd,debt_cancellation
TUN::restruct,TUN,Tunisia,2019,restruct,Debt restructuring,,0,0,nominal_usd,debt_restructuring
TUN::cofi,TUN,Tunisia,2019,cofi,COFI,,0,0,nominal_usd,investment
TUN::cgef,TUN,Tunisia,2019,cgef,CGEF,,0,0,nominal_usd,loan_commitment
TUN::chapo,TUN,Tunisia,2019,chapo,CHAPO,,2,0,constant_2021_usd,commitment
TUN::aiddata,TUN,Tunisia,2020,aiddata,AidData,,7,0,constant_2023_usd,commitment
TUN::codf,TUN,Tunisia,2020,codf,CODF,,0,0,nominal_usd,loan_commitment
TUN::cla,TUN,Tunisia,2020,cla,CLA,,0,0,nominal_usd,loan_commitment
TUN::cancel,TUN,Tunisia,2020,cancel,Debt cancellation,,0,0,nominal_usd,debt_cancellation
TUN::restruct,TUN,Tunisia,2020,restruct,Debt restructuring,,0,0,nominal_usd,debt_restructuring
TUN::cofi,TUN,Tunisia,2020,cofi,COFI,,0,0,nominal_usd,investment
TUN::cgef,TUN,Tunisia,2020,cgef,CGEF,,0,0,nominal_usd,loan_commitment
TUN::chapo,TUN,Tunisia,2020,chapo,CHAPO,,4,0,constant_2021_usd,commitment
TUN::aiddata,TUN,Tunisia,2021,aiddata,AidData,9959129.681523,2,2,constant_2023_usd,commitment
TUN::codf,TUN,Tunisia,2021,codf,CODF,,0,0,nominal_usd,loan_commitment
TUN::cla,TUN,Tunisia,2021,cla,CLA,,0,0,nominal_usd,loan_commitment
TUN::cancel,TUN,Tunisia,2021,cancel,Debt cancellation,,0,0,nominal_usd,debt_cancellation
TUN::restruct,TUN,Tunisia,2021,restruct,Debt restructuring,,0,0,nominal_usd,debt_restructuring
TUN::cofi,TUN,Tunisia,2021,cofi,COFI,,0,0,nominal_usd,investment
TUN::cgef,TUN,Tunisia,2021,cgef,CGEF,,0,0,nominal_usd,loan_commitment
TUN::chapo,TUN,Tunisia,2021,chapo,CHAPO,3600000.0,2,1,constant_2021_usd,commitment
TUN::aiddata,TUN,Tunisia,2022,aiddata,AidData,25687575.760364,7,3,constant_2023_usd,commitment
TUN::codf,TUN,Tunisia,2022,codf,CODF,,0,0,nominal_usd,loan_commitment
TUN::cla,TUN,Tunisia,2022,cla,CLA,,0,0,nominal_usd,loan_commitment
TUN::cancel,TUN,Tunisia,2022,cancel,Debt cancellation,,0,0,nominal_usd,debt_cancellation
TUN::restruct,TUN,Tunisia,2022,restruct,Debt restructuring,,0,0,nominal_usd,debt_restructuring
TUN::cofi,TUN,Tunisia,2022,cofi,COFI,,0,0,nominal_usd,investment
TUN::cgef,TUN,Tunisia,2022,cgef,CGEF,,0,0,nominal_usd,loan_commitment
TUN::chapo,TUN,Tunisia,2022,chapo,CHAPO,,0,0,constant_2021_usd,commitment
TUN::aiddata,TUN,Tunisia,2023,aiddata,AidData,,8,0,constant_2023_usd,commitment
TUN::codf,TUN,Tunisia,2023,codf,CODF,,0,0,nominal_usd,loan_commitment
TUN::cla,TUN,Tunisia,2023,cla,CLA,,0,0,nominal_usd,loan_commitment
TUN::cancel,TUN,Tunisia,2023,cancel,Debt cancellation,,0,0,nominal_usd,debt_cancellation
TUN::restruct,TUN,Tunisia,2023,restruct,Debt restructuring,,0,0,nominal_usd,debt_restructuring
TUN::cofi,TUN,Tunisia,2023,cofi,COFI,,0,0,nominal_usd,investment
TUN::cgef,TUN,Tunisia,2023,cgef,CGEF,,0,0,nominal_usd,loan_commitment
TUN::chapo,TUN,Tunisia,2023,chapo,CHAPO,,0,0,constant_2021_usd,commitment
TUN::aiddata,TUN,Tunisia,2024,aiddata,AidData,,0,0,constant_2023_usd,commitment
TUN::codf,TUN,Tunisia,2024,codf,CODF,,0,0,nominal_usd,loan_commitment
TUN::cla,TUN,Tunisia,2024,cla,CLA,,0,0,nominal_usd,loan_commitment
TUN::cancel,TUN,Tunisia,2024,cancel,Debt cancellation,,0,0,nominal_usd,debt_cancellation
TUN::restruct,TUN,Tunisia,2024,restruct,Debt restructuring,,0,0,nominal_usd,debt_restructuring
TUN::cofi,TUN,Tunisia,2024,cofi,COFI,,0,0,nominal_usd,investment
TUN::cgef,TUN,Tunisia,2024,cgef,CGEF,,0,0,nominal_usd,loan_commitment
TUN::chapo,TUN,Tunisia,2024,chapo,CHAPO,,0,0,constant_2021_usd,commitment
TZA::aiddata,TZA,Tanzania,2000,aiddata,AidData,10919674.762308,4,2,constant_2023_usd,commitment
TZA::codf,TZA,Tanzania,2000,codf,CODF,,0,0,nominal_usd,loan_commitment
TZA::cla,TZA,Tanzania,2000,cla,CLA,,0,0,nominal_usd,loan_commitment
TZA::cancel,TZA,Tanzania,2000,cancel,Debt cancellation,,0,0,nominal_usd,debt_cancellation
TZA::restruct,TZA,Tanzania,2000,restruct,Debt restructuring,,0,0,nominal_usd,debt_restructuring
TZA::cofi,TZA,Tanzania,2000,cofi,COFI,,0,0,nominal_usd,investment
TZA::cgef,TZA,Tanzania,2000,cgef,CGEF,,0,0,nominal_usd,loan_commitment
TZA::chapo,TZA,Tanzania,2000,chapo,CHAPO,,0,0,constant_2021_usd,commitment
TZA::aiddata,TZA,Tanzania,2001,aiddata,AidData,190868727.247719,6,4,constant_2023_usd,commitment
TZA::codf,TZA,Tanzania,2001,codf,CODF,,0,0,nominal_usd,loan_commitment
TZA::cla,TZA,Tanzania,2001,cla,CLA,,0,0,nominal_usd,loan_commitment
TZA::cancel,TZA,Tanzania,2001,cancel,Debt cancellation,19200000.0,1,1,nominal_usd,debt_cancellation
TZA::restruct,TZA,Tanzania,2001,restruct,Debt restructuring,,0,0,nominal_usd,debt_restructuring
TZA::cofi,TZA,Tanzania,2001,cofi,COFI,,0,0,nominal_usd,investment
TZA::cgef,TZA,Tanzania,2001,cgef,CGEF,,0,0,nominal_usd,loan_commitment
TZA::chapo,TZA,Tanzania,2001,chapo,CHAPO,,2,0,constant_2021_usd,commitment
TZA::aiddata,TZA,Tanzania,2002,aiddata,AidData,62254070.279503,3,3,constant_2023_usd,commitment
TZA::codf,TZA,Tanzania,2002,codf,CODF,,0,0,nominal_usd,loan_commitment
TZA::cla,TZA,Tanzania,2002,cla,CLA,,0,0,nominal_usd,loan_commitment
TZA::cancel,TZA,Tanzania,2002,cancel,Debt cancellation,,0,0,nominal_usd,debt_cancellation
TZA::restruct,TZA,Tanzania,2002,restruct,Debt restructuring,,0,0,nominal_usd,debt_restructuring
TZA::cofi,TZA,Tanzania,2002,cofi,COFI,,0,0,nominal_usd,investment
TZA::cgef,TZA,Tanzania,2002,cgef,CGEF,,0,0,nominal_usd,loan_commitment
TZA::chapo,TZA,Tanzania,2002,chapo,CHAPO,,0,0,constant_2021_usd,commitment
TZA::aiddata,TZA,Tanzania,2003,aiddata,AidData,450006.984117,5,1,constant_2023_usd,commitment
TZA::codf,TZA,Tanzania,2003,codf,CODF,,0,0,nominal_usd,loan_commitment
TZA::cla,TZA,Tanzania,2003,cla,CLA,,0,0,nominal_usd,loan_commitment
TZA::cancel,TZA,Tanzania,2003,cancel,Debt cancellation,,0,0,nominal_usd,debt_cancellation
TZA::restruct,TZA,Tanzania,2003,restruct,Debt restructuring,,0,0,nominal_usd,debt_restructuring
TZA::cofi,TZA,Tanzania,2003,cofi,COFI,,0,0,nominal_usd,investment
TZA::cgef,TZA,Tanzania,2003,cgef,CGEF,,0,0,nominal_usd,loan_commitment
TZA::chapo,TZA,Tanzania,2003,chapo,CHAPO,,2,0,constant_2021_usd,commitment
TZA::aiddata,TZA,Tanzania,2004,aiddata,AidData,54688369.827402,4,3,constant_2023_usd,commitment
TZA::codf,TZA,Tanzania,2004,codf,CODF,,0,0,nominal_usd,loan_commitment
TZA::cla,TZA,Tanzania,2004,cla,CLA,5440000.0,1,1,nominal_usd,loan_commitment
TZA::cancel,TZA,Tanzania,2004,cancel,Debt cancellation,,0,0,nominal_usd,debt_cancellation
TZA::restruct,TZA,Tanzania,2004,restruct,Debt restructuring,,0,0,nominal_usd,debt_restructuring
TZA::cofi,TZA,Tanzania,2004,cofi,COFI,,0,0,nominal_usd,investment
TZA::cgef,TZA,Tanzania,2004,cgef,CGEF,,0,0,nominal_usd,loan_commitment
TZA::chapo,TZA,Tanzania,2004,chapo,CHAPO,,0,0,constant_2021_usd,commitment
TZA::aiddata,TZA,Tanzania,2005,aiddata,AidData,544317.092816,9,5,constant_2023_usd,commitment
TZA::codf,TZA,Tanzania,2005,codf,CODF,,0,0,nominal_usd,loan_commitment
TZA::cla,TZA,Tanzania,2005,cla,CLA,,0,0,nominal_usd,loan_commitment
TZA::cancel,TZA,Tanzania,2005,cancel,Debt cancellation,,0,0,nominal_usd,debt_cancellation
TZA::restruct,TZA,Tanzania,2005,restruct,Debt restructuring,,0,0,nominal_usd,debt_restructuring
TZA::cofi,TZA,Tanzania,2005,cofi,COFI,,0,0,nominal_usd,investment
TZA::cgef,TZA,Tanzania,2005,cgef,CGEF,,0,0,nominal_usd,loan_commitment
TZA::chapo,TZA,Tanzania,2005,chapo,CHAPO,296140.332707,4,2,constant_2021_usd,commitment
TZA::aiddata,TZA,Tanzania,2006,aiddata,AidData,29965419.187302,12,6,constant_2023_usd,commitment
TZA::codf,TZA,Tanzania,2006,codf,CODF,,0,0,nominal_usd,loan_commitment
TZA::cla,TZA,Tanzania,2006,cla,CLA,10040000.0,1,1,nominal_usd,loan_commitment
TZA::cancel,TZA,Tanzania,2006,cancel,Debt cancellation,,0,0,nominal_usd,debt_cancellation
TZA::restruct,TZA,Tanzania,2006,restruct,Debt restructuring,,0,0,nominal_usd,debt_restructuring
TZA::cofi,TZA,Tanzania,2006,cofi,COFI,,0,0,nominal_usd,investment
TZA::cgef,TZA,Tanzania,2006,cgef,CGEF,,0,0,nominal_usd,loan_commitment
TZA::chapo,TZA,Tanzania,2006,chapo,CHAPO,16949103.130234,3,2,constant_2021_usd,commitment
TZA::aiddata,TZA,Tanzania,2007,aiddata,AidData,7498715.07711,7,1,constant_2023_usd,commitment
TZA::codf,TZA,Tanzania,2007,codf,CODF,,0,0,nominal_usd,loan_commitment
TZA::cla,TZA,Tanzania,2007,cla,CLA,,0,0,nominal_usd,loan_commitment
TZA::cancel,TZA,Tanzania,2007,cancel,Debt cancellation,2000000.0,1,1,nominal_usd,debt_cancellation
TZA::restruct,TZA,Tanzania,2007,restruct,Debt restructuring,,0,0,nominal_usd,debt_restructuring
TZA::cofi,TZA,Tanzania,2007,cofi,COFI,,0,0,nominal_usd,investment
TZA::cgef,TZA,Tanzania,2007,cgef,CGEF,,0,0,nominal_usd,loan_commitment
TZA::chapo,TZA,Tanzania,2007,chapo,CHAPO,,3,0,constant_2021_usd,commitment
TZA::aiddata,TZA,Tanzania,2008,aiddata,AidData,137890337.888712,9,3,constant_2023_usd,commitment
TZA::codf,TZA,Tanzania,2008,codf,CODF,70000000.0,1,1,nominal_usd,loan_commitment
TZA::cla,TZA,Tanzania,2008,cla,CLA,70000000.0,1,1,nominal_usd,loan_commitment
TZA::cancel,TZA,Tanzania,2008,cancel,Debt cancellation,,0,0,nominal_usd,debt_cancellation
TZA::restruct,TZA,Tanzania,2008,restruct,Debt restructuring,,0,0,nominal_usd,debt_restructuring
TZA::cofi,TZA,Tanzania,2008,cofi,COFI,,0,0,nominal_usd,investment
TZA::cgef,TZA,Tanzania,2008,cgef,CGEF,,0,0,nominal_usd,loan_commitment
TZA::chapo,TZA,Tanzania,2008,chapo,CHAPO,,1,0,constant_2021_usd,commitment
TZA::aiddata,TZA,Tanzania,2009,aiddata,AidData,16421987.26121,9,5,constant_2023_usd,commitment
TZA::codf,TZA,Tanzania,2009,codf,CODF,,0,0,nominal_usd,loan_commitment
TZA::cla,TZA,Tanzania,2009,cla,CLA,,0,0,nominal_usd,loan_commitment
TZA::cancel,TZA,Tanzania,2009,cancel,Debt cancellation,,0,0,nominal_usd,debt_cancellation
TZA::restruct,TZA,Tanzania,2009,restruct,Debt restructuring,,0,0,nominal_usd,debt_restructuring
TZA::cofi,TZA,Tanzania,2009,cofi,COFI,,0,0,nominal_usd,investment
TZA::cgef,TZA,Tanzania,2009,cgef,CGEF,,0,0,nominal_usd,loan_commitment
TZA::chapo,TZA,Tanzania,2009,chapo,CHAPO,,3,0,constant_2021_usd,commitment
TZA::aiddata,TZA,Tanzania,2010,aiddata,AidData,224653255.412936,11,6,constant_2023_usd,commitment
TZA::codf,TZA,Tanzania,2010,codf,CODF,174450000.0,2,2,nominal_usd,loan_commitment
TZA::cla,TZA,Tanzania,2010,cla,CLA,174430000.0,2,2,nominal_usd,loan_commitment
TZA::cancel,TZA,Tanzania,2010,cancel,Debt cancellation,,0,0,nominal_usd,debt_cancellation
TZA::restruct,TZA,Tanzania,2010,restruct,Debt restructuring,,0,0,nominal_usd,debt_restructuring
TZA::cofi,TZA,Tanzania,2010,cofi,COFI,,0,0,nominal_usd,investment
TZA::cgef,TZA,Tanzania,2010,cgef,CGEF,,0,0,nominal_usd,loan_commitment
TZA::chapo,TZA,Tanzania,2010,chapo,CHAPO,267578.857034,4,2,constant_2021_usd,commitment
TZA::aiddata,TZA,Tanzania,2011,aiddata,AidData,82148694.373227,14,5,constant_2023_usd,commitment
TZA::codf,TZA,Tanzania,2011,codf,CODF,,0,0,nominal_usd,loan_commitment
TZA::cla,TZA,Tanzania,2011,cla,CLA,15000000.0,1,1,nominal_usd,loan_commitment
TZA::cancel,TZA,Tanzania,2011,cancel,Debt cancellation,37500000.0,1,1,nominal_usd,debt_cancellation
TZA::restruct,TZA,Tanzania,2011,restruct,Debt restructuring,,0,0,nominal_usd,debt_restructuring
TZA::cofi,TZA,Tanzania,2011,cofi,COFI,,0,0,nominal_usd,investment
TZA::cgef,TZA,Tanzania,2011,cgef,CGEF,,0,0,nominal_usd,loan_commitment
TZA::chapo,TZA,Tanzania,2011,chapo,CHAPO,,3,0,constant_2021_usd,commitment
TZA::aiddata,TZA,Tanzania,2012,aiddata,AidData,1295497702.370246,10,4,constant_2023_usd,commitment
TZA::codf,TZA,Tanzania,2012,codf,CODF,1195000000.0,2,2,nominal_usd,loan_commitment
TZA::cla,TZA,Tanzania,2012,cla,CLA,1195000000.0,2,2,nominal_usd,loan_commitment
TZA::cancel,TZA,Tanzania,2012,cancel,Debt cancellation,,0,0,nominal_usd,debt_cancellation
TZA::restruct,TZA,Tanzania,2012,restruct,Debt restructuring,,0,0,nominal_usd,debt_restructuring
TZA::cofi,TZA,Tanzania,2012,cofi,COFI,,0,0,nominal_usd,investment
TZA::cgef,TZA,Tanzania,2012,cgef,CGEF,1195000000.0,2,2,nominal_usd,loan_commitment
TZA::chapo,TZA,Tanzania,2012,chapo,CHAPO,,1,0,constant_2021_usd,commitment
TZA::aiddata,TZA,Tanzania,2013,aiddata,AidData,181857856.262246,20,10,constant_2023_usd,commitment
TZA::codf,TZA,Tanzania,2013,codf,CODF,378770000.0,2,2,nominal_usd,loan_commitment
TZA::cla,TZA,Tanzania,2013,cla,CLA,378770000.0,2,2,nominal_usd,loan_commitment
TZA::cancel,TZA,Tanzania,2013,cancel,Debt cancellation,,0,0,nominal_usd,debt_cancellation
TZA::restruct,TZA,Tanzania,2013,restruct,Debt restructuring,,0,0,nominal_usd,debt_restructuring
TZA::cofi,TZA,Tanzania,2013,cofi,COFI,,0,0,nominal_usd,investment
TZA::cgef,TZA,Tanzania,2013,cgef,CGEF,,0,0,nominal_usd,loan_commitment
TZA::chapo,TZA,Tanzania,2013,chapo,CHAPO,25951508.553338,7,2,constant_2021_usd,commitment
TZA::aiddata,TZA,Tanzania,2014,aiddata,AidData,349017318.835789,12,5,constant_2023_usd,commitment
TZA::codf,TZA,Tanzania,2014,codf,CODF,300000000.0,1,1,nominal_usd,loan_commitment
TZA::cla,TZA,Tanzania,2014,cla,CLA,300000000.0,1,1,nominal_usd,loan_commitment
TZA::cancel,TZA,Tanzania,2014,cancel,Debt cancellation,,0,0,nominal_usd,debt_cancellation
TZA::restruct,TZA,Tanzania,2014,restruct,Debt restructuring,,0,0,nominal_usd,debt_restructuring
TZA::cofi,TZA,Tanzania,2014,cofi,COFI,,0,0,nominal_usd,investment
TZA::cgef,TZA,Tanzania,2014,cgef,CGEF,,0,0,nominal_usd,loan_commitment
TZA::chapo,TZA,Tanzania,2014,chapo,CHAPO,,2,0,constant_2021_usd,commitment
TZA::aiddata,TZA,Tanzania,2015,aiddata,AidData,348635472.810162,17,10,constant_2023_usd,commitment
TZA::codf,TZA,Tanzania,2015,codf,CODF,200000000.0,1,1,nominal_usd,loan_commitment
TZA::cla,TZA,Tanzania,2015,cla,CLA,200000000.0,1,1,nominal_usd,loan_commitment
TZA::cancel,TZA,Tanzania,2015,cancel,Debt cancellation,,0,0,nominal_usd,debt_cancellation
TZA::restruct,TZA,Tanzania,2015,restruct,Debt restructuring,,0,0,nominal_usd,debt_restructuring
TZA::cofi,TZA,Tanzania,2015,cofi,COFI,,0,0,nominal_usd,investment
TZA::cgef,TZA,Tanzania,2015,cgef,CGEF,,0,0,nominal_usd,loan_commitment
TZA::chapo,TZA,Tanzania,2015,chapo,CHAPO,33384.192394,4,2,constant_2021_usd,commitment
TZA::aiddata,TZA,Tanzania,2016,aiddata,AidData,40199651.475465,11,6,constant_2023_usd,commitment
TZA::codf,TZA,Tanzania,2016,codf,CODF,,0,0,nominal_usd,loan_commitment
TZA::cla,TZA,Tanzania,2016,cla,CLA,,0,0,nominal_usd,loan_commitment
TZA::cancel,TZA,Tanzania,2016,cancel,Debt cancellation,,0,0,nominal_usd,debt_cancellation
TZA::restruct,TZA,Tanzania,2016,restruct,Debt restructuring,,0,0,nominal_usd,debt_restructuring
TZA::cofi,TZA,Tanzania,2016,cofi,COFI,38250000.0,1,1,nominal_usd,investment
TZA::cgef,TZA,Tanzania,2016,cgef,CGEF,,0,0,nominal_usd,loan_commitment
TZA::chapo,TZA,Tanzania,2016,chapo,CHAPO,,2,0,constant_2021_usd,commitment
TZA::aiddata,TZA,Tanzania,2017,aiddata,AidData,15368625.212465,11,3,constant_2023_usd,commitment
TZA::codf,TZA,Tanzania,2017,codf,CODF,,0,0,nominal_usd,loan_commitment
TZA::cla,TZA,Tanzania,2017,cla,CLA,,0,0,nominal_usd,loan_commitment
TZA::cancel,TZA,Tanzania,2017,cancel,Debt cancellation,,0,0,nominal_usd,debt_cancellation
TZA::restruct,TZA,Tanzania,2017,restruct,Debt restructuring,,0,0,nominal_usd,debt_restructuring
TZA::cofi,TZA,Tanzania,2017,cofi,COFI,,0,0,nominal_usd,investment
TZA::cgef,TZA,Tanzania,2017,cgef,CGEF,,0,0,nominal_usd,loan_commitment
TZA::chapo,TZA,Tanzania,2017,chapo,CHAPO,,3,0,constant_2021_usd,commitment
TZA::aiddata,TZA,Tanzania,2018,aiddata,AidData,274960487.635035,26,7,constant_2023_usd,commitment
TZA::codf,TZA,Tanzania,2018,codf,CODF,,0,0,nominal_usd,loan_commitment
TZA::cla,TZA,Tanzania,2018,cla,CLA,,0,0,nominal_usd,loan_commitment
TZA::cancel,TZA,Tanzania,2018,cancel,Debt cancellation,,0,0,nominal_usd,debt_cancellation
TZA::restruct,TZA,Tanzania,2018,restruct,Debt restructuring,,0,0,nominal_usd,debt_restructuring
TZA::cofi,TZA,Tanzania,2018,cofi,COFI,,0,0,nominal_usd,investment
TZA::cgef,TZA,Tanzania,2018,cgef,CGEF,,0,0,nominal_usd,loan_commitment
TZA::chapo,TZA,Tanzania,2018,chapo,CHAPO,7959771.447612,9,1,constant_2021_usd,commitment
TZA::aiddata,TZA,Tanzania,2019,aiddata,AidData,61720499.339164,14,5,constant_2023_usd,commitment
TZA::codf,TZA,Tanzania,2019,codf,CODF,,0,0,nominal_usd,loan_commitment
TZA::cla,TZA,Tanzania,2019,cla,CLA,,0,0,nominal_usd,loan_commitment
TZA::cancel,TZA,Tanzania,2019,cancel,Debt cancellation,,0,0,nominal_usd,debt_cancellation
TZA::restruct,TZA,Tanzania,2019,restruct,Debt restructuring,,0,0,nominal_usd,debt_restructuring
TZA::cofi,TZA,Tanzania,2019,cofi,COFI,,0,0,nominal_usd,investment
TZA::cgef,TZA,Tanzania,2019,cgef,CGEF,,0,0,nominal_usd,loan_commitment
TZA::chapo,TZA,Tanzania,2019,chapo,CHAPO,,2,0,constant_2021_usd,commitment
TZA::aiddata,TZA,Tanzania,2020,aiddata,AidData,52433667.67709,18,14,constant_2023_usd,commitment
TZA::codf,TZA,Tanzania,2020,codf,CODF,,0,0,nominal_usd,loan_commitment
TZA::cla,TZA,Tanzania,2020,cla,CLA,,0,0,nominal_usd,loan_commitment
TZA::cancel,TZA,Tanzania,2020,cancel,Debt cancellation,,0,0,nominal_usd,debt_cancellation
TZA::restruct,TZA,Tanzania,2020,restruct,Debt restructuring,,0,0,nominal_usd,debt_restructuring
TZA::cofi,TZA,Tanzania,2020,cofi,COFI,,0,0,nominal_usd,investment
TZA::cgef,TZA,Tanzania,2020,cgef,CGEF,,0,0,nominal_usd,loan_commitment
TZA::chapo,TZA,Tanzania,2020,chapo,CHAPO,842498.820185,13,10,constant_2021_usd,commitment
TZA::aiddata,TZA,Tanzania,2021,aiddata,AidData,45056646.0036,19,9,constant_2023_usd,commitment
TZA::codf,TZA,Tanzania,2021,codf,CODF,,0,0,nominal_usd,loan_commitment
TZA::cla,TZA,Tanzania,2021,cla,CLA,,0,0,nominal_usd,loan_commitment
TZA::cancel,TZA,Tanzania,2021,cancel,Debt cancellation,,0,0,nominal_usd,debt_cancellation
TZA::restruct,TZA,Tanzania,2021,restruct,Debt restructuring,,0,0,nominal_usd,debt_restructuring
TZA::cofi,TZA,Tanzania,2021,cofi,COFI,,0,0,nominal_usd,investment
TZA::cgef,TZA,Tanzania,2021,cgef,CGEF,,0,0,nominal_usd,loan_commitment
TZA::chapo,TZA,Tanzania,2021,chapo,CHAPO,136397060.755965,12,8,constant_2021_usd,commitment
TZA::aiddata,TZA,Tanzania,2022,aiddata,AidData,124098782.535197,14,9,constant_2023_usd,commitment
TZA::codf,TZA,Tanzania,2022,codf,CODF,56720000.0,1,1,nominal_usd,loan_commitment
TZA::cla,TZA,Tanzania,2022,cla,CLA,56720000.0,1,1,nominal_usd,loan_commitment
TZA::cancel,TZA,Tanzania,2022,cancel,Debt cancellation,,0,0,nominal_usd,debt_cancellation
TZA::restruct,TZA,Tanzania,2022,restruct,Debt restructuring,,0,0,nominal_usd,debt_restructuring
TZA::cofi,TZA,Tanzania,2022,cofi,COFI,,0,0,nominal_usd,investment
TZA::cgef,TZA,Tanzania,2022,cgef,CGEF,,0,0,nominal_usd,loan_commitment
TZA::chapo,TZA,Tanzania,2022,chapo,CHAPO,,0,0,constant_2021_usd,commitment
TZA::aiddata,TZA,Tanzania,2023,aiddata,AidData,9935282.01941,22,4,constant_2023_usd,commitment
TZA::codf,TZA,Tanzania,2023,codf,CODF,,0,0,nominal_usd,loan_commitment
TZA::cla,TZA,Tanzania,2023,cla,CLA,,0,0,nominal_usd,loan_commitment
TZA::cancel,TZA,Tanzania,2023,cancel,Debt cancellation,,0,0,nominal_usd,debt_cancellation
TZA::restruct,TZA,Tanzania,2023,restruct,Debt restructuring,,0,0,nominal_usd,debt_restructuring
TZA::cofi,TZA,Tanzania,2023,cofi,COFI,,0,0,nominal_usd,investment
TZA::cgef,TZA,Tanzania,2023,cgef,CGEF,,0,0,nominal_usd,loan_commitment
TZA::chapo,TZA,Tanzania,2023,chapo,CHAPO,,0,0,constant_2021_usd,commitment
TZA::aiddata,TZA,Tanzania,2024,aiddata,AidData,,0,0,constant_2023_usd,commitment
TZA::codf,TZA,Tanzania,2024,codf,CODF,,0,0,nominal_usd,loan_commitment
TZA::cla,TZA,Tanzania,2024,cla,CLA,,0,0,nominal_usd,loan_commitment
TZA::cancel,TZA,Tanzania,2024,cancel,Debt cancellation,,0,0,nominal_usd,debt_cancellation
TZA::restruct,TZA,Tanzania,2024,restruct,Debt restructuring,,0,0,nominal_usd,debt_restructuring
TZA::cofi,TZA,Tanzania,2024,cofi,COFI,,0,0,nominal_usd,investment
TZA::cgef,TZA,Tanzania,2024,cgef,CGEF,,0,0,nominal_usd,loan_commitment
TZA::chapo,TZA,Tanzania,2024,chapo,CHAPO,,0,0,constant_2021_usd,commitment
UGA::aiddata,UGA,Uganda,2000,aiddata,AidData,9875705.49057,3,2,constant_2023_usd,commitment
UGA::codf,UGA,Uganda,2000,codf,CODF,,0,0,nominal_usd,loan_commitment
UGA::cla,UGA,Uganda,2000,cla,CLA,,0,0,nominal_usd,loan_commitment
UGA::cancel,UGA,Uganda,2000,cancel,Debt cancellation,,0,0,nominal_usd,debt_cancellation
UGA::restruct,UGA,Uganda,2000,restruct,Debt restructuring,,0,0,nominal_usd,debt_restructuring
UGA::cofi,UGA,Uganda,2000,cofi,COFI,,0,0,nominal_usd,investment
UGA::cgef,UGA,Uganda,2000,cgef,CGEF,,0,0,nominal_usd,loan_commitment
UGA::chapo,UGA,Uganda,2000,chapo,CHAPO,2479644.379437,1,1,constant_2021_usd,commitment
UGA::aiddata,UGA,Uganda,2001,aiddata,AidData,135820061.957866,6,6,constant_2023_usd,commitment
UGA::codf,UGA,Uganda,2001,codf,CODF,,0,0,nominal_usd,loan_commitment
UGA::cla,UGA,Uganda,2001,cla,CLA,,0,0,nominal_usd,loan_commitment
UGA::cancel,UGA,Uganda,2001,cancel,Debt cancellation,50000000.0,1,1,nominal_usd,debt_cancellation
UGA::restruct,UGA,Uganda,2001,restruct,Debt restructuring,,0,0,nominal_usd,debt_restructuring
UGA::cofi,UGA,Uganda,2001,cofi,COFI,,0,0,nominal_usd,investment
UGA::cgef,UGA,Uganda,2001,cgef,CGEF,,0,0,nominal_usd,loan_commitment
UGA::chapo,UGA,Uganda,2001,chapo,CHAPO,292300.841444,2,2,constant_2021_usd,commitment
UGA::aiddata,UGA,Uganda,2002,aiddata,AidData,18525929.094979,4,3,constant_2023_usd,commitment
UGA::codf,UGA,Uganda,2002,codf,CODF,,0,0,nominal_usd,loan_commitment
UGA::cla,UGA,Uganda,2002,cla,CLA,,0,0,nominal_usd,loan_commitment
UGA::cancel,UGA,Uganda,2002,cancel,Debt cancellation,,0,0,nominal_usd,debt_cancellation
UGA::restruct,UGA,Uganda,2002,restruct,Debt restructuring,,0,0,nominal_usd,debt_restructuring
UGA::cofi,UGA,Uganda,2002,cofi,COFI,,0,0,nominal_usd,investment
UGA::cgef,UGA,Uganda,2002,cgef,CGEF,,0,0,nominal_usd,loan_commitment
UGA::chapo,UGA,Uganda,2002,chapo,CHAPO,,0,0,constant_2021_usd,commitment
UGA::aiddata,UGA,Uganda,2003,aiddata,AidData,585009.079352,3,2,constant_2023_usd,commitment
UGA::codf,UGA,Uganda,2003,codf,CODF,,0,0,nominal_usd,loan_commitment
UGA::cla,UGA,Uganda,2003,cla,CLA,,0,0,nominal_usd,loan_commitment
UGA::cancel,UGA,Uganda,2003,cancel,Debt cancellation,,0,0,nominal_usd,debt_cancellation
UGA::restruct,UGA,Uganda,2003,restruct,Debt restructuring,,0,0,nominal_usd,debt_restructuring
UGA::cofi,UGA,Uganda,2003,cofi,COFI,,0,0,nominal_usd,investment
UGA::cgef,UGA,Uganda,2003,cgef,CGEF,,0,0,nominal_usd,loan_commitment
UGA::chapo,UGA,Uganda,2003,chapo,CHAPO,,1,0,constant_2021_usd,commitment
UGA::aiddata,UGA,Uganda,2004,aiddata,AidData,10518681.494874,2,1,constant_2023_usd,commitment
UGA::codf,UGA,Uganda,2004,codf,CODF,,0,0,nominal_usd,loan_commitment
UGA::cla,UGA,Uganda,2004,cla,CLA,,0,0,nominal_usd,loan_commitment
UGA::cancel,UGA,Uganda,2004,cancel,Debt cancellation,,0,0,nominal_usd,debt_cancellation
UGA::restruct,UGA,Uganda,2004,restruct,Debt restructuring,,0,0,nominal_usd,debt_restructuring
UGA::cofi,UGA,Uganda,2004,cofi,COFI,,0,0,nominal_usd,investment
UGA::cgef,UGA,Uganda,2004,cgef,CGEF,,0,0,nominal_usd,loan_commitment
UGA::chapo,UGA,Uganda,2004,chapo,CHAPO,,0,0,constant_2021_usd,commitment
UGA::aiddata,UGA,Uganda,2005,aiddata,AidData,2572786.005713,2,2,constant_2023_usd,commitment
UGA::codf,UGA,Uganda,2005,codf,CODF,,0,0,nominal_usd,loan_commitment
UGA::cla,UGA,Uganda,2005,cla,CLA,,0,0,nominal_usd,loan_commitment
UGA::cancel,UGA,Uganda,2005,cancel,Debt cancellation,,0,0,nominal_usd,debt_cancellation
UGA::restruct,UGA,Uganda,2005,restruct,Debt restructuring,,0,0,nominal_usd,debt_restructuring
UGA::cofi,UGA,Uganda,2005,cofi,COFI,,0,0,nominal_usd,investment
UGA::cgef,UGA,Uganda,2005,cgef,CGEF,,0,0,nominal_usd,loan_commitment
UGA::chapo,UGA,Uganda,2005,chapo,CHAPO,79460.156021,1,1,constant_2021_usd,commitment
UGA::aiddata,UGA,Uganda,2006,aiddata,AidData,40069160.048664,11,8,constant_2023_usd,commitment
UGA::codf,UGA,Uganda,2006,codf,CODF,,0,0,nominal_usd,loan_commitment
UGA::cla,UGA,Uganda,2006,cla,CLA,,0,0,nominal_usd,loan_commitment
UGA::cancel,UGA,Uganda,2006,cancel,Debt cancellation,,0,0,nominal_usd,debt_cancellation
UGA::restruct,UGA,Uganda,2006,restruct,Debt restructuring,,0,0,nominal_usd,debt_restructuring
UGA::cofi,UGA,Uganda,2006,cofi,COFI,,0,0,nominal_usd,investment
UGA::cgef,UGA,Uganda,2006,cgef,CGEF,,0,0,nominal_usd,loan_commitment
UGA::chapo,UGA,Uganda,2006,chapo,CHAPO,1024411.190265,6,2,constant_2021_usd,commitment
UGA::aiddata,UGA,Uganda,2007,aiddata,AidData,160302353.270506,10,9,constant_2023_usd,commitment
UGA::codf,UGA,Uganda,2007,codf,CODF,,0,0,nominal_usd,loan_commitment
UGA::cla,UGA,Uganda,2007,cla,CLA,31540000.0,1,1,nominal_usd,loan_commitment
UGA::cancel,UGA,Uganda,2007,cancel,Debt cancellation,17000000.0,1,1,nominal_usd,debt_cancellation
UGA::restruct,UGA,Uganda,2007,restruct,Debt restructuring,,0,0,nominal_usd,debt_restructuring
UGA::cofi,UGA,Uganda,2007,cofi,COFI,,0,0,nominal_usd,investment
UGA::cgef,UGA,Uganda,2007,cgef,CGEF,,0,0,nominal_usd,loan_commitment
UGA::chapo,UGA,Uganda,2007,chapo,CHAPO,780621.053415,2,2,constant_2021_usd,commitment
UGA::aiddata,UGA,Uganda,2008,aiddata,AidData,21921844.768654,5,5,constant_2023_usd,commitment
UGA::codf,UGA,Uganda,2008,codf,CODF,,0,0,nominal_usd,loan_commitment
UGA::cla,UGA,Uganda,2008,cla,CLA,,0,0,nominal_usd,loan_commitment
UGA::cancel,UGA,Uganda,2008,cancel,Debt cancellation,,0,0,nominal_usd,debt_cancellation
UGA::restruct,UGA,Uganda,2008,restruct,Debt restructuring,,0,0,nominal_usd,debt_restructuring
UGA::cofi,UGA,Uganda,2008,cofi,COFI,,0,0,nominal_usd,investment
UGA::cgef,UGA,Uganda,2008,cgef,CGEF,,0,0,nominal_usd,loan_commitment
UGA::chapo,UGA,Uganda,2008,chapo,CHAPO,10453838.668639,3,3,constant_2021_usd,commitment
UGA::aiddata,UGA,Uganda,2009,aiddata,AidData,101498353.626187,11,8,constant_2023_usd,commitment
UGA::codf,UGA,Uganda,2009,codf,CODF,61490000.0,1,1,nominal_usd,loan_commitment
UGA::cla,UGA,Uganda,2009,cla,CLA,71740000.0,2,2,nominal_usd,loan_commitment
UGA::cancel,UGA,Uganda,2009,cancel,Debt cancellation,,0,0,nominal_usd,debt_cancellation
UGA::restruct,UGA,Uganda,2009,restruct,Debt restructuring,,0,0,nominal_usd,debt_restructuring
UGA::cofi,UGA,Uganda,2009,cofi,COFI,,0,0,nominal_usd,investment
UGA::cgef,UGA,Uganda,2009,cgef,CGEF,,0,0,nominal_usd,loan_commitment
UGA::chapo,UGA,Uganda,2009,chapo,CHAPO,1696485.577994,4,3,constant_2021_usd,commitment
UGA::aiddata,UGA,Uganda,2010,aiddata,AidData,4705638.155238,8,8,constant_2023_usd,commitment
UGA::codf,UGA,Uganda,2010,codf,CODF,,0,0,nominal_usd,loan_commitment
UGA::cla,UGA,Uganda,2010,cla,CLA,,0,0,nominal_usd,loan_commitment
UGA::cancel,UGA,Uganda,2010,cancel,Debt cancellation,,0,0,nominal_usd,debt_cancellation
UGA::restruct,UGA,Uganda,2010,restruct,Debt restructuring,,0,0,nominal_usd,debt_restructuring
UGA::cofi,UGA,Uganda,2010,cofi,COFI,,0,0,nominal_usd,investment
UGA::cgef,UGA,Uganda,2010,cgef,CGEF,,0,0,nominal_usd,loan_commitment
UGA::chapo,UGA,Uganda,2010,chapo,CHAPO,4903420.637,6,6,constant_2021_usd,commitment
UGA::aiddata,UGA,Uganda,2011,aiddata,AidData,634838109.623254,7,3,constant_2023_usd,commitment
UGA::codf,UGA,Uganda,2011,codf,CODF,453720000.0,2,2,nominal_usd,loan_commitment
UGA::cla,UGA,Uganda,2011,cla,CLA,469200000.0,3,3,nominal_usd,loan_commitment
UGA::cancel,UGA,Uganda,2011,cancel,Debt cancellation,,0,0,nominal_usd,debt_cancellation
UGA::restruct,UGA,Uganda,2011,restruct,Debt restructuring,,0,0,nominal_usd,debt_restructuring
UGA::cofi,UGA,Uganda,2011,cofi,COFI,,0,0,nominal_usd,investment
UGA::cgef,UGA,Uganda,2011,cgef,CGEF,,0,0,nominal_usd,loan_commitment
UGA::chapo,UGA,Uganda,2011,chapo,CHAPO,,1,0,constant_2021_usd,commitment
UGA::aiddata,UGA,Uganda,2012,aiddata,AidData,1807788.704381,6,4,constant_2023_usd,commitment
UGA::codf,UGA,Uganda,2012,codf,CODF,,0,0,nominal_usd,loan_commitment
UGA::cla,UGA,Uganda,2012,cla,CLA,,0,0,nominal_usd,loan_commitment
UGA::cancel,UGA,Uganda,2012,cancel,Debt cancellation,,0,0,nominal_usd,debt_cancellation
UGA::restruct,UGA,Uganda,2012,restruct,Debt restructuring,,0,0,nominal_usd,debt_restructuring
UGA::cofi,UGA,Uganda,2012,cofi,COFI,,0,0,nominal_usd,investment
UGA::cgef,UGA,Uganda,2012,cgef,CGEF,,0,0,nominal_usd,loan_commitment
UGA::chapo,UGA,Uganda,2012,chapo,CHAPO,,1,0,constant_2021_usd,commitment
UGA::aiddata,UGA,Uganda,2013,aiddata,AidData,,3,0,constant_2023_usd,commitment
UGA::codf,UGA,Uganda,2013,codf,CODF,,0,0,nominal_usd,loan_commitment
UGA::cla,UGA,Uganda,2013,cla,CLA,,0,0,nominal_usd,loan_commitment
UGA::cancel,UGA,Uganda,2013,cancel,Debt cancellation,,0,0,nominal_usd,debt_cancellation
UGA::restruct,UGA,Uganda,2013,restruct,Debt restructuring,,0,0,nominal_usd,debt_restructuring
UGA::cofi,UGA,Uganda,2013,cofi,COFI,,0,0,nominal_usd,investment
UGA::cgef,UGA,Uganda,2013,cgef,CGEF,,0,0,nominal_usd,loan_commitment
UGA::chapo,UGA,Uganda,2013,chapo,CHAPO,,2,0,constant_2021_usd,commitment
UGA::aiddata,UGA,Uganda,2014,aiddata,AidData,1305237404.149334,11,3,constant_2023_usd,commitment
UGA::codf,UGA,Uganda,2014,codf,CODF,482580000.0,1,1,nominal_usd,loan_commitment
UGA::cla,UGA,Uganda,2014,cla,CLA,482580000.0,1,1,nominal_usd,loan_commitment
UGA::cancel,UGA,Uganda,2014,cancel,Debt cancellation,,0,0,nominal_usd,debt_cancellation
UGA::restruct,UGA,Uganda,2014,restruct,Debt restructuring,,0,0,nominal_usd,debt_restructuring
UGA::cofi,UGA,Uganda,2014,cofi,COFI,,0,0,nominal_usd,investment
UGA::cgef,UGA,Uganda,2014,cgef,CGEF,482580000.0,1,1,nominal_usd,loan_commitment
UGA::chapo,UGA,Uganda,2014,chapo,CHAPO,,1,0,constant_2021_usd,commitment
UGA::aiddata,UGA,Uganda,2015,aiddata,AidData,1192785601.404139,22,8,constant_2023_usd,commitment
UGA::codf,UGA,Uganda,2015,codf,CODF,1637410000.0,3,3,nominal_usd,loan_commitment
UGA::cla,UGA,Uganda,2015,cla,CLA,1652800000.0,4,4,nominal_usd,loan_commitment
UGA::cancel,UGA,Uganda,2015,cancel,Debt cancellation,,0,0,nominal_usd,debt_cancellation
UGA::restruct,UGA,Uganda,2015,restruct,Debt restructuring,,0,0,nominal_usd,debt_restructuring
UGA::cofi,UGA,Uganda,2015,cofi,COFI,1927500000.0,2,2,nominal_usd,investment
UGA::cgef,UGA,Uganda,2015,cgef,CGEF,1435160000.0,2,2,nominal_usd,loan_commitment
UGA::chapo,UGA,Uganda,2015,chapo,CHAPO,303541.700392,4,1,constant_2021_usd,commitment
UGA::aiddata,UGA,Uganda,2016,aiddata,AidData,133893726.251793,10,4,constant_2023_usd,commitment
UGA::codf,UGA,Uganda,2016,codf,CODF,84980000.0,1,1,nominal_usd,loan_commitment
UGA::cla,UGA,Uganda,2016,cla,CLA,84980000.0,1,1,nominal_usd,loan_commitment
UGA::cancel,UGA,Uganda,2016,cancel,Debt cancellation,,0,0,nominal_usd,debt_cancellation
UGA::restruct,UGA,Uganda,2016,restruct,Debt restructuring,,0,0,nominal_usd,debt_restructuring
UGA::cofi,UGA,Uganda,2016,cofi,COFI,,0,0,nominal_usd,investment
UGA::cgef,UGA,Uganda,2016,cgef,CGEF,84980000.0,1,1,nominal_usd,loan_commitment
UGA::chapo,UGA,Uganda,2016,chapo,CHAPO,7084827.050151,5,1,constant_2021_usd,commitment
UGA::aiddata,UGA,Uganda,2017,aiddata,AidData,36842079.873111,7,3,constant_2023_usd,commitment
UGA::codf,UGA,Uganda,2017,codf,CODF,,0,0,nominal_usd,loan_commitment
UGA::cla,UGA,Uganda,2017,cla,CLA,,0,0,nominal_usd,loan_commitment
UGA::cancel,UGA,Uganda,2017,cancel,Debt cancellation,,0,0,nominal_usd,debt_cancellation
UGA::restruct,UGA,Uganda,2017,restruct,Debt restructuring,,0,0,nominal_usd,debt_restructuring
UGA::cofi,UGA,Uganda,2017,cofi,COFI,,0,0,nominal_usd,investment
UGA::cgef,UGA,Uganda,2017,cgef,CGEF,,0,0,nominal_usd,loan_commitment
UGA::chapo,UGA,Uganda,2017,chapo,CHAPO,,1,0,constant_2021_usd,commitment
UGA::aiddata,UGA,Uganda,2018,aiddata,AidData,51997361.533419,21,13,constant_2023_usd,commitment
UGA::codf,UGA,Uganda,2018,codf,CODF,,0,0,nominal_usd,loan_commitment
UGA::cla,UGA,Uganda,2018,cla,CLA,,0,0,nominal_usd,loan_commitment
UGA::cancel,UGA,Uganda,2018,cancel,Debt cancellation,,0,0,nominal_usd,debt_cancellation
UGA::restruct,UGA,Uganda,2018,restruct,Debt restructuring,,0,0,nominal_usd,debt_restructuring
UGA::cofi,UGA,Uganda,2018,cofi,COFI,,0,0,nominal_usd,investment
UGA::cgef,UGA,Uganda,2018,cgef,CGEF,,0,0,nominal_usd,loan_commitment
UGA::chapo,UGA,Uganda,2018,chapo,CHAPO,76289.482352,2,1,constant_2021_usd,commitment
UGA::aiddata,UGA,Uganda,2019,aiddata,AidData,319585525.411481,13,7,constant_2023_usd,commitment
UGA::codf,UGA,Uganda,2019,codf,CODF,297740000.0,2,2,nominal_usd,loan_commitment
UGA::cla,UGA,Uganda,2019,cla,CLA,297410000.0,2,2,nominal_usd,loan_commitment
UGA::cancel,UGA,Uganda,2019,cancel,Debt cancellation,,0,0,nominal_usd,debt_cancellation
UGA::restruct,UGA,Uganda,2019,restruct,Debt restructuring,,0,0,nominal_usd,debt_restructuring
UGA::cofi,UGA,Uganda,2019,cofi,COFI,,0,0,nominal_usd,investment
UGA::cgef,UGA,Uganda,2019,cgef,CGEF,213000000.0,1,1,nominal_usd,loan_commitment
UGA::chapo,UGA,Uganda,2019,chapo,CHAPO,2088144.831889,4,3,constant_2021_usd,commitment
UGA::aiddata,UGA,Uganda,2020,aiddata,AidData,471260540.855307,15,8,constant_2023_usd,commitment
UGA::codf,UGA,Uganda,2020,codf,CODF,456390000.0,3,3,nominal_usd,loan_commitment
UGA::cla,UGA,Uganda,2020,cla,CLA,456390000.0,3,3,nominal_usd,loan_commitment
UGA::cancel,UGA,Uganda,2020,cancel,Debt cancellation,,0,0,nominal_usd,debt_cancellation
UGA::restruct,UGA,Uganda,2020,restruct,Debt restructuring,,0,0,nominal_usd,debt_restructuring
UGA::cofi,UGA,Uganda,2020,cofi,COFI,,0,0,nominal_usd,investment
UGA::cgef,UGA,Uganda,2020,cgef,CGEF,,0,0,nominal_usd,loan_commitment
UGA::chapo,UGA,Uganda,2020,chapo,CHAPO,374401.12804,10,4,constant_2021_usd,commitment
UGA::aiddata,UGA,Uganda,2021,aiddata,AidData,33268951.755546,11,7,constant_2023_usd,commitment
UGA::codf,UGA,Uganda,2021,codf,CODF,,0,0,nominal_usd,loan_commitment
UGA::cla,UGA,Uganda,2021,cla,CLA,178200000.0,1,1,nominal_usd,loan_commitment
UGA::cancel,UGA,Uganda,2021,cancel,Debt cancellation,,0,0,nominal_usd,debt_cancellation
UGA::restruct,UGA,Uganda,2021,restruct,Debt restructuring,,0,0,nominal_usd,debt_restructuring
UGA::cofi,UGA,Uganda,2021,cofi,COFI,,0,0,nominal_usd,investment
UGA::cgef,UGA,Uganda,2021,cgef,CGEF,,0,0,nominal_usd,loan_commitment
UGA::chapo,UGA,Uganda,2021,chapo,CHAPO,28844586.501994,7,4,constant_2021_usd,commitment
UGA::aiddata,UGA,Uganda,2022,aiddata,AidData,193499128.844317,12,4,constant_2023_usd,commitment
UGA::codf,UGA,Uganda,2022,codf,CODF,119100000.0,1,1,nominal_usd,loan_commitment
UGA::cla,UGA,Uganda,2022,cla,CLA,119100000.0,1,1,nominal_usd,loan_commitment
UGA::cancel,UGA,Uganda,2022,cancel,Debt cancellation,,0,0,nominal_usd,debt_cancellation
UGA::restruct,UGA,Uganda,2022,restruct,Debt restructuring,,0,0,nominal_usd,debt_restructuring
UGA::cofi,UGA,Uganda,2022,cofi,COFI,,0,0,nominal_usd,investment
UGA::cgef,UGA,Uganda,2022,cgef,CGEF,,0,0,nominal_usd,loan_commitment
UGA::chapo,UGA,Uganda,2022,chapo,CHAPO,,0,0,constant_2021_usd,commitment
UGA::aiddata,UGA,Uganda,2023,aiddata,AidData,334536825.606733,14,9,constant_2023_usd,commitment
UGA::codf,UGA,Uganda,2023,codf,CODF,359350000.0,2,2,nominal_usd,loan_commitment
UGA::cla,UGA,Uganda,2023,cla,CLA,359350000.0,2,2,nominal_usd,loan_commitment
UGA::cancel,UGA,Uganda,2023,cancel,Debt cancellation,,0,0,nominal_usd,debt_cancellation
UGA::restruct,UGA,Uganda,2023,restruct,Debt restructuring,,0,0,nominal_usd,debt_restructuring
UGA::cofi,UGA,Uganda,2023,cofi,COFI,,0,0,nominal_usd,investment
UGA::cgef,UGA,Uganda,2023,cgef,CGEF,211850000.0,1,1,nominal_usd,loan_commitment
UGA::chapo,UGA,Uganda,2023,chapo,CHAPO,,0,0,constant_2021_usd,commitment
UGA::aiddata,UGA,Uganda,2024,aiddata,AidData,,0,0,constant_2023_usd,commitment
UGA::codf,UGA,Uganda,2024,codf,CODF,,0,0,nominal_usd,loan_commitment
UGA::cla,UGA,Uganda,2024,cla,CLA,,0,0,nominal_usd,loan_commitment
UGA::cancel,UGA,Uganda,2024,cancel,Debt cancellation,,0,0,nominal_usd,debt_cancellation
UGA::restruct,UGA,Uganda,2024,restruct,Debt restructuring,,0,0,nominal_usd,debt_restructuring
UGA::cofi,UGA,Uganda,2024,cofi,COFI,,0,0,nominal_usd,investment
UGA::cgef,UGA,Uganda,2024,cgef,CGEF,,0,0,nominal_usd,loan_commitment
UGA::chapo,UGA,Uganda,2024,chapo,CHAPO,,0,0,constant_2021_usd,commitment
ZAF::aiddata,ZAF,South Africa,2000,aiddata,AidData,,1,0,constant_2023_usd,commitment
ZAF::codf,ZAF,South Africa,2000,codf,CODF,,0,0,nominal_usd,loan_commitment
ZAF::cla,ZAF,South Africa,2000,cla,CLA,,0,0,nominal_usd,loan_commitment
ZAF::cancel,ZAF,South Africa,2000,cancel,Debt cancellation,,0,0,nominal_usd,debt_cancellation
ZAF::restruct,ZAF,South Africa,2000,restruct,Debt restructuring,,0,0,nominal_usd,debt_restructuring
ZAF::cofi,ZAF,South Africa,2000,cofi,COFI,,0,0,nominal_usd,investment
ZAF::cgef,ZAF,South Africa,2000,cgef,CGEF,,0,0,nominal_usd,loan_commitment
ZAF::chapo,ZAF,South Africa,2000,chapo,CHAPO,,0,0,constant_2021_usd,commitment
ZAF::aiddata,ZAF,South Africa,2001,aiddata,AidData,83610782.714442,1,1,constant_2023_usd,commitment
ZAF::codf,ZAF,South Africa,2001,codf,CODF,,0,0,nominal_usd,loan_commitment
ZAF::cla,ZAF,South Africa,2001,cla,CLA,36000000.0,1,1,nominal_usd,loan_commitment
ZAF::cancel,ZAF,South Africa,2001,cancel,Debt cancellation,,0,0,nominal_usd,debt_cancellation
ZAF::restruct,ZAF,South Africa,2001,restruct,Debt restructuring,,0,0,nominal_usd,debt_restructuring
ZAF::cofi,ZAF,South Africa,2001,cofi,COFI,,0,0,nominal_usd,investment
ZAF::cgef,ZAF,South Africa,2001,cgef,CGEF,,0,0,nominal_usd,loan_commitment
ZAF::chapo,ZAF,South Africa,2001,chapo,CHAPO,,0,0,constant_2021_usd,commitment
ZAF::aiddata,ZAF,South Africa,2002,aiddata,AidData,168526726.463358,5,4,constant_2023_usd,commitment
ZAF::codf,ZAF,South Africa,2002,codf,CODF,,0,0,nominal_usd,loan_commitment
ZAF::cla,ZAF,South Africa,2002,cla,CLA,73000000.0,4,4,nominal_usd,loan_commitment
ZAF::cancel,ZAF,South Africa,2002,cancel,Debt cancellation,,0,0,nominal_usd,debt_cancellation
ZAF::restruct,ZAF,South Africa,2002,restruct,Debt restructuring,,0,0,nominal_usd,debt_restructuring
ZAF::cofi,ZAF,South Africa,2002,cofi,COFI,,0,0,nominal_usd,investment
ZAF::cgef,ZAF,South Africa,2002,cgef,CGEF,,0,0,nominal_usd,loan_commitment
ZAF::chapo,ZAF,South Africa,2002,chapo,CHAPO,,1,0,constant_2021_usd,commitment
ZAF::aiddata,ZAF,South Africa,2003,aiddata,AidData,117001815.870466,3,2,constant_2023_usd,commitment
ZAF::codf,ZAF,South Africa,2003,codf,CODF,,0,0,nominal_usd,loan_commitment
ZAF::cla,ZAF,South Africa,2003,cla,CLA,52000000.0,2,2,nominal_usd,loan_commitment
ZAF::cancel,ZAF,South Africa,2003,cancel,Debt cancellation,,0,0,nominal_usd,debt_cancellation
ZAF::restruct,ZAF,South Africa,2003,restruct,Debt restructuring,,0,0,nominal_usd,debt_restructuring
ZAF::cofi,ZAF,South Africa,2003,cofi,COFI,,0,0,nominal_usd,investment
ZAF::cgef,ZAF,South Africa,2003,cgef,CGEF,,0,0,nominal_usd,loan_commitment
ZAF::chapo,ZAF,South Africa,2003,chapo,CHAPO,,0,0,constant_2021_usd,commitment
ZAF::aiddata,ZAF,South Africa,2004,aiddata,AidData,154705898.771784,4,4,constant_2023_usd,commitment
ZAF::codf,ZAF,South Africa,2004,codf,CODF,,0,0,nominal_usd,loan_commitment
ZAF::cla,ZAF,South Africa,2004,cla,CLA,41800000.0,2,2,nominal_usd,loan_commitment
ZAF::cancel,ZAF,South Africa,2004,cancel,Debt cancellation,,0,0,nominal_usd,debt_cancellation
ZAF::restruct,ZAF,South Africa,2004,restruct,Debt restructuring,,0,0,nominal_usd,debt_restructuring
ZAF::cofi,ZAF,South Africa,2004,cofi,COFI,,0,0,nominal_usd,investment
ZAF::cgef,ZAF,South Africa,2004,cgef,CGEF,,0,0,nominal_usd,loan_commitment
ZAF::chapo,ZAF,South Africa,2004,chapo,CHAPO,,0,0,constant_2021_usd,commitment
ZAF::aiddata,ZAF,South Africa,2005,aiddata,AidData,521618183.772166,9,9,constant_2023_usd,commitment
ZAF::codf,ZAF,South Africa,2005,codf,CODF,,0,0,nominal_usd,loan_commitment
ZAF::cla,ZAF,South Africa,2005,cla,CLA,24000000.0,2,2,nominal_usd,loan_commitment
ZAF::cancel,ZAF,South Africa,2005,cancel,Debt cancellation,,0,0,nominal_usd,debt_cancellation
ZAF::restruct,ZAF,South Africa,2005,restruct,Debt restructuring,,0,0,nominal_usd,debt_restructuring
ZAF::cofi,ZAF,South Africa,2005,cofi,COFI,,0,0,nominal_usd,investment
ZAF::cgef,ZAF,South Africa,2005,cgef,CGEF,,0,0,nominal_usd,loan_commitment
ZAF::chapo,ZAF,South Africa,2005,chapo,CHAPO,,0,0,constant_2021_usd,commitment
ZAF::aiddata,ZAF,South Africa,2006,aiddata,AidData,295551284.629757,3,1,constant_2023_usd,commitment
ZAF::codf,ZAF,South Africa,2006,codf,CODF,,0,0,nominal_usd,loan_commitment
ZAF::cla,ZAF,South Africa,2006,cla,CLA,,0,0,nominal_usd,loan_commitment
ZAF::cancel,ZAF,South Africa,2006,cancel,Debt cancellation,,0,0,nominal_usd,debt_cancellation
ZAF::restruct,ZAF,South Africa,2006,restruct,Debt restructuring,,0,0,nominal_usd,debt_restructuring
ZAF::cofi,ZAF,South Africa,2006,cofi,COFI,,0,0,nominal_usd,investment
ZAF::cgef,ZAF,South Africa,2006,cgef,CGEF,,0,0,nominal_usd,loan_commitment
ZAF::chapo,ZAF,South Africa,2006,chapo,CHAPO,,0,0,constant_2021_usd,commitment
ZAF::aiddata,ZAF,South Africa,2007,aiddata,AidData,464143406.455858,8,3,constant_2023_usd,commitment
ZAF::codf,ZAF,South Africa,2007,codf,CODF,,0,0,nominal_usd,loan_commitment
ZAF::cla,ZAF,South Africa,2007,cla,CLA,,0,0,nominal_usd,loan_commitment
ZAF::cancel,ZAF,South Africa,2007,cancel,Debt cancellation,,0,0,nominal_usd,debt_cancellation
ZAF::restruct,ZAF,South Africa,2007,restruct,Debt restructuring,,0,0,nominal_usd,debt_restructuring
ZAF::cofi,ZAF,South Africa,2007,cofi,COFI,,0,0,nominal_usd,investment
ZAF::cgef,ZAF,South Africa,2007,cgef,CGEF,,0,0,nominal_usd,loan_commitment
ZAF::chapo,ZAF,South Africa,2007,chapo,CHAPO,,0,0,constant_2021_usd,commitment
ZAF::aiddata,ZAF,South Africa,2008,aiddata,AidData,,1,0,constant_2023_usd,commitment
ZAF::codf,ZAF,South Africa,2008,codf,CODF,,0,0,nominal_usd,loan_commitment
ZAF::cla,ZAF,South Africa,2008,cla,CLA,,0,0,nominal_usd,loan_commitment
ZAF::cancel,ZAF,South Africa,2008,cancel,Debt cancellation,,0,0,nominal_usd,debt_cancellation
ZAF::restruct,ZAF,South Africa,2008,restruct,Debt restructuring,,0,0,nominal_usd,debt_restructuring
ZAF::cofi,ZAF,South Africa,2008,cofi,COFI,,0,0,nominal_usd,investment
ZAF::cgef,ZAF,South Africa,2008,cgef,CGEF,,0,0,nominal_usd,loan_commitment
ZAF::chapo,ZAF,South Africa,2008,chapo,CHAPO,,0,0,constant_2021_usd,commitment
ZAF::aiddata,ZAF,South Africa,2009,aiddata,AidData,1720846570.13283,11,9,constant_2023_usd,commitment
ZAF::codf,ZAF,South Africa,2009,codf,CODF,,0,0,nominal_usd,loan_commitment
ZAF::cla,ZAF,South Africa,2009,cla,CLA,66530000.0,2,2,nominal_usd,loan_commitment
ZAF::cancel,ZAF,South Africa,2009,cancel,Debt cancellation,,0,0,nominal_usd,debt_cancellation
ZAF::restruct,ZAF,South Africa,2009,restruct,Debt restructuring,,0,0,nominal_usd,debt_restructuring
ZAF::cofi,ZAF,South Africa,2009,cofi,COFI,,0,0,nominal_usd,investment
ZAF::cgef,ZAF,South Africa,2009,cgef,CGEF,,0,0,nominal_usd,loan_commitment
ZAF::chapo,ZAF,South Africa,2009,chapo,CHAPO,,0,0,constant_2021_usd,commitment
ZAF::aiddata,ZAF,South Africa,2010,aiddata,AidData,408814353.508066,2,1,constant_2023_usd,commitment
ZAF::codf,ZAF,South Africa,2010,codf,CODF,,0,0,nominal_usd,loan_commitment
ZAF::cla,ZAF,South Africa,2010,cla,CLA,87420000.0,1,1,nominal_usd,loan_commitment
ZAF::cancel,ZAF,South Africa,2010,cancel,Debt cancellation,,0,0,nominal_usd,debt_cancellation
ZAF::restruct,ZAF,South Africa,2010,restruct,Debt restructuring,,0,0,nominal_usd,debt_restructuring
ZAF::cofi,ZAF,South Africa,2010,cofi,COFI,,0,0,nominal_usd,investment
ZAF::cgef,ZAF,South Africa,2010,cgef,CGEF,,0,0,nominal_usd,loan_commitment
ZAF::chapo,ZAF,South Africa,2010,chapo,CHAPO,,0,0,constant_2021_usd,commitment
ZAF::aiddata,ZAF,South Africa,2011,aiddata,AidData,679199107.959707,6,6,constant_2023_usd,commitment
ZAF::codf,ZAF,South Africa,2011,codf,CODF,,0,0,nominal_usd,loan_commitment
ZAF::cla,ZAF,South Africa,2011,cla,CLA,90000000.0,1,1,nominal_usd,loan_commitment
ZAF::cancel,ZAF,South Africa,2011,cancel,Debt cancellation,,0,0,nominal_usd,debt_cancellation
ZAF::restruct,ZAF,South Africa,2011,restruct,Debt restructuring,,0,0,nominal_usd,debt_restructuring
ZAF::cofi,ZAF,South Africa,2011,cofi,COFI,,0,0,nominal_usd,investment
ZAF::cgef,ZAF,South Africa,2011,cgef,CGEF,,0,0,nominal_usd,loan_commitment
ZAF::chapo,ZAF,South Africa,2011,chapo,CHAPO,,0,0,constant_2021_usd,commitment
ZAF::aiddata,ZAF,South Africa,2012,aiddata,AidData,797882757.962338,9,9,constant_2023_usd,commitment
ZAF::codf,ZAF,South Africa,2012,codf,CODF,,0,0,nominal_usd,loan_commitment
ZAF::cla,ZAF,South Africa,2012,cla,CLA,,0,0,nominal_usd,loan_commitment
ZAF::cancel,ZAF,South Africa,2012,cancel,Debt cancellation,,0,0,nominal_usd,debt_cancellation
ZAF::restruct,ZAF,South Africa,2012,restruct,Debt restructuring,,0,0,nominal_usd,debt_restructuring
ZAF::cofi,ZAF,South Africa,2012,cofi,COFI,,0,0,nominal_usd,investment
ZAF::cgef,ZAF,South Africa,2012,cgef,CGEF,,0,0,nominal_usd,loan_commitment
ZAF::chapo,ZAF,South Africa,2012,chapo,CHAPO,,0,0,constant_2021_usd,commitment
ZAF::aiddata,ZAF,South Africa,2013,aiddata,AidData,728022781.576316,11,6,constant_2023_usd,commitment
ZAF::codf,ZAF,South Africa,2013,codf,CODF,,0,0,nominal_usd,loan_commitment
ZAF::cla,ZAF,South Africa,2013,cla,CLA,,0,0,nominal_usd,loan_commitment
ZAF::cancel,ZAF,South Africa,2013,cancel,Debt cancellation,,0,0,nominal_usd,debt_cancellation
ZAF::restruct,ZAF,South Africa,2013,restruct,Debt restructuring,,0,0,nominal_usd,debt_restructuring
ZAF::cofi,ZAF,South Africa,2013,cofi,COFI,,0,0,nominal_usd,investment
ZAF::cgef,ZAF,South Africa,2013,cgef,CGEF,,0,0,nominal_usd,loan_commitment
ZAF::chapo,ZAF,South Africa,2013,chapo,CHAPO,,0,0,constant_2021_usd,commitment
ZAF::aiddata,ZAF,South Africa,2014,aiddata,AidData,296570608.383286,3,2,constant_2023_usd,commitment
ZAF::codf,ZAF,South Africa,2014,codf,CODF,,0,0,nominal_usd,loan_commitment
ZAF::cla,ZAF,South Africa,2014,cla,CLA,,0,0,nominal_usd,loan_commitment
ZAF::cancel,ZAF,South Africa,2014,cancel,Debt cancellation,,0,0,nominal_usd,debt_cancellation
ZAF::restruct,ZAF,South Africa,2014,restruct,Debt restructuring,,0,0,nominal_usd,debt_restructuring
ZAF::cofi,ZAF,South Africa,2014,cofi,COFI,,0,0,nominal_usd,investment
ZAF::cgef,ZAF,South Africa,2014,cgef,CGEF,,0,0,nominal_usd,loan_commitment
ZAF::chapo,ZAF,South Africa,2014,chapo,CHAPO,,0,0,constant_2021_usd,commitment
ZAF::aiddata,ZAF,South Africa,2015,aiddata,AidData,2357258129.121391,18,12,constant_2023_usd,commitment
ZAF::codf,ZAF,South Africa,2015,codf,CODF,1381190000.0,1,1,nominal_usd,loan_commitment
ZAF::cla,ZAF,South Africa,2015,cla,CLA,,0,0,nominal_usd,loan_commitment
ZAF::cancel,ZAF,South Africa,2015,cancel,Debt cancellation,,0,0,nominal_usd,debt_cancellation
ZAF::restruct,ZAF,South Africa,2015,restruct,Debt restructuring,,0,0,nominal_usd,debt_restructuring
ZAF::cofi,ZAF,South Africa,2015,cofi,COFI,139792931.71989,1,1,nominal_usd,investment
ZAF::cgef,ZAF,South Africa,2015,cgef,CGEF,,0,0,nominal_usd,loan_commitment
ZAF::chapo,ZAF,South Africa,2015,chapo,CHAPO,,0,0,constant_2021_usd,commitment
ZAF::aiddata,ZAF,South Africa,2016,aiddata,AidData,1994311955.549614,28,23,constant_2023_usd,commitment
ZAF::codf,ZAF,South Africa,2016,codf,CODF,500000000.0,1,1,nominal_usd,loan_commitment
ZAF::cla,ZAF,South Africa,2016,cla,CLA,733180000.0,5,5,nominal_usd,loan_commitment
ZAF::cancel,ZAF,South Africa,2016,cancel,Debt cancellation,,0,0,nominal_usd,debt_cancellation
ZAF::restruct,ZAF,South Africa,2016,restruct,Debt restructuring,,0,0,nominal_usd,debt_restructuring
ZAF::cofi,ZAF,South Africa,2016,cofi,COFI,450000000.0,3,2,nominal_usd,investment
ZAF::cgef,ZAF,South Africa,2016,cgef,CGEF,500000000.0,1,1,nominal_usd,loan_commitment
ZAF::chapo,ZAF,South Africa,2016,chapo,CHAPO,,0,0,constant_2021_usd,commitment
ZAF::aiddata,ZAF,South Africa,2017,aiddata,AidData,4108230742.336911,35,27,constant_2023_usd,commitment
ZAF::codf,ZAF,South Africa,2017,codf,CODF,1500000000.0,1,1,nominal_usd,loan_commitment
ZAF::cla,ZAF,South Africa,2017,cla,CLA,1500000000.0,1,1,nominal_usd,loan_commitment
ZAF::cancel,ZAF,South Africa,2017,cancel,Debt cancellation,,0,0,nominal_usd,debt_cancellation
ZAF::restruct,ZAF,South Africa,2017,restruct,Debt restructuring,,0,0,nominal_usd,debt_restructuring
ZAF::cofi,ZAF,South Africa,2017,cofi,COFI,,2,0,nominal_usd,investment
ZAF::cgef,ZAF,South Africa,2017,cgef,CGEF,1500000000.0,1,1,nominal_usd,loan_commitment
ZAF::chapo,ZAF,South Africa,2017,chapo,CHAPO,,1,0,constant_2021_usd,commitment
ZAF::aiddata,ZAF,South Africa,2018,aiddata,AidData,4834869236.631286,61,45,constant_2023_usd,commitment
ZAF::codf,ZAF,South Africa,2018,codf,CODF,2500000000.0,1,1,nominal_usd,loan_commitment
ZAF::cla,ZAF,South Africa,2018,cla,CLA,2787280000.0,2,2,nominal_usd,loan_commitment
ZAF::cancel,ZAF,South Africa,2018,cancel,Debt cancellation,,0,0,nominal_usd,debt_cancellation
ZAF::restruct,ZAF,South Africa,2018,restruct,Debt restructuring,,0,0,nominal_usd,debt_restructuring
ZAF::cofi,ZAF,South Africa,2018,cofi,COFI,4111721665.478636,5,5,nominal_usd,investment
ZAF::cgef,ZAF,South Africa,2018,cgef,CGEF,2500000000.0,1,1,nominal_usd,loan_commitment
ZAF::chapo,ZAF,South Africa,2018,chapo,CHAPO,322274186.351406,12,12,constant_2021_usd,commitment
ZAF::aiddata,ZAF,South Africa,2019,aiddata,AidData,521103743.488413,39,26,constant_2023_usd,commitment
ZAF::codf,ZAF,South Africa,2019,codf,CODF,,0,0,nominal_usd,loan_commitment
ZAF::cla,ZAF,South Africa,2019,cla,CLA,,0,0,nominal_usd,loan_commitment
ZAF::cancel,ZAF,South Africa,2019,cancel,Debt cancellation,,0,0,nominal_usd,debt_cancellation
ZAF::restruct,ZAF,South Africa,2019,restruct,Debt restructuring,,0,0,nominal_usd,debt_restructuring
ZAF::cofi,ZAF,South Africa,2019,cofi,COFI,,0,0,nominal_usd,investment
ZAF::cgef,ZAF,South Africa,2019,cgef,CGEF,,0,0,nominal_usd,loan_commitment
ZAF::chapo,ZAF,South Africa,2019,chapo,CHAPO,,0,0,constant_2021_usd,commitment
ZAF::aiddata,ZAF,South Africa,2020,aiddata,AidData,707861988.540026,54,44,constant_2023_usd,commitment
ZAF::codf,ZAF,South Africa,2020,codf,CODF,,0,0,nominal_usd,loan_commitment
ZAF::cla,ZAF,South Africa,2020,cla,CLA,,0,0,nominal_usd,loan_commitment
ZAF::cancel,ZAF,South Africa,2020,cancel,Debt cancellation,,0,0,nominal_usd,debt_cancellation
ZAF::restruct,ZAF,South Africa,2020,restruct,Debt restructuring,,0,0,nominal_usd,debt_restructuring
ZAF::cofi,ZAF,South Africa,2020,cofi,COFI,,0,0,nominal_usd,investment
ZAF::cgef,ZAF,South Africa,2020,cgef,CGEF,,0,0,nominal_usd,loan_commitment
ZAF::chapo,ZAF,South Africa,2020,chapo,CHAPO,1162574.719716,36,30,constant_2021_usd,commitment
ZAF::aiddata,ZAF,South Africa,2021,aiddata,AidData,162952160.701722,16,12,constant_2023_usd,commitment
ZAF::codf,ZAF,South Africa,2021,codf,CODF,,0,0,nominal_usd,loan_commitment
ZAF::cla,ZAF,South Africa,2021,cla,CLA,,0,0,nominal_usd,loan_commitment
ZAF::cancel,ZAF,South Africa,2021,cancel,Debt cancellation,,0,0,nominal_usd,debt_cancellation
ZAF::restruct,ZAF,South Africa,2021,restruct,Debt restructuring,,0,0,nominal_usd,debt_restructuring
ZAF::cofi,ZAF,South Africa,2021,cofi,COFI,,0,0,nominal_usd,investment
ZAF::cgef,ZAF,South Africa,2021,cgef,CGEF,,0,0,nominal_usd,loan_commitment
ZAF::chapo,ZAF,South Africa,2021,chapo,CHAPO,5495607.8,2,2,constant_2021_usd,commitment
ZAF::aiddata,ZAF,South Africa,2022,aiddata,AidData,41554247.437133,16,11,constant_2023_usd,commitment
ZAF::codf,ZAF,South Africa,2022,codf,CODF,,0,0,nominal_usd,loan_commitment
ZAF::cla,ZAF,South Africa,2022,cla,CLA,,0,0,nominal_usd,loan_commitment
ZAF::cancel,ZAF,South Africa,2022,cancel,Debt cancellation,,0,0,nominal_usd,debt_cancellation
ZAF::restruct,ZAF,South Africa,2022,restruct,Debt restructuring,,0,0,nominal_usd,debt_restructuring
ZAF::cofi,ZAF,South Africa,2022,cofi,COFI,,0,0,nominal_usd,investment
ZAF::cgef,ZAF,South Africa,2022,cgef,CGEF,,0,0,nominal_usd,loan_commitment
ZAF::chapo,ZAF,South Africa,2022,chapo,CHAPO,,0,0,constant_2021_usd,commitment
ZAF::aiddata,ZAF,South Africa,2023,aiddata,AidData,1274388059.018265,34,29,constant_2023_usd,commitment
ZAF::codf,ZAF,South Africa,2023,codf,CODF,,0,0,nominal_usd,loan_commitment
ZAF::cla,ZAF,South Africa,2023,cla,CLA,,0,0,nominal_usd,loan_commitment
ZAF::cancel,ZAF,South Africa,2023,cancel,Debt cancellation,,0,0,nominal_usd,debt_cancellation
ZAF::restruct,ZAF,South Africa,2023,restruct,Debt restructuring,,0,0,nominal_usd,debt_restructuring
ZAF::cofi,ZAF,South Africa,2023,cofi,COFI,,0,0,nominal_usd,investment
ZAF::cgef,ZAF,South Africa,2023,cgef,CGEF,,0,0,nominal_usd,loan_commitment
ZAF::chapo,ZAF,South Africa,2023,chapo,CHAPO,,0,0,constant_2021_usd,commitment
ZAF::aiddata,ZAF,South Africa,2024,aiddata,AidData,,0,0,constant_2023_usd,commitment
ZAF::codf,ZAF,South Africa,2024,codf,CODF,,0,0,nominal_usd,loan_commitment
ZAF::cla,ZAF,South Africa,2024,cla,CLA,,0,0,nominal_usd,loan_commitment
ZAF::cancel,ZAF,South Africa,2024,cancel,Debt cancellation,,0,0,nominal_usd,debt_cancellation
ZAF::restruct,ZAF,South Africa,2024,restruct,Debt restructuring,,0,0,nominal_usd,debt_restructuring
ZAF::cofi,ZAF,South Africa,2024,cofi,COFI,,0,0,nominal_usd,investment
ZAF::cgef,ZAF,South Africa,2024,cgef,CGEF,,0,0,nominal_usd,loan_commitment
ZAF::chapo,ZAF,South Africa,2024,chapo,CHAPO,,0,0,constant_2021_usd,commitment
ZMB::aiddata,ZMB,Zambia,2000,aiddata,AidData,266487813.024749,3,3,constant_2023_usd,commitment
ZMB::codf,ZMB,Zambia,2000,codf,CODF,,0,0,nominal_usd,loan_commitment
ZMB::cla,ZMB,Zambia,2000,cla,CLA,,0,0,nominal_usd,loan_commitment
ZMB::cancel,ZMB,Zambia,2000,cancel,Debt cancellation,,0,0,nominal_usd,debt_cancellation
ZMB::restruct,ZMB,Zambia,2000,restruct,Debt restructuring,,0,0,nominal_usd,debt_restructuring
ZMB::cofi,ZMB,Zambia,2000,cofi,COFI,,0,0,nominal_usd,investment
ZMB::cgef,ZMB,Zambia,2000,cgef,CGEF,,0,0,nominal_usd,loan_commitment
ZMB::chapo,ZMB,Zambia,2000,chapo,CHAPO,,0,0,constant_2021_usd,commitment
ZMB::aiddata,ZMB,Zambia,2001,aiddata,AidData,138031273.813923,7,6,constant_2023_usd,commitment
ZMB::codf,ZMB,Zambia,2001,codf,CODF,,0,0,nominal_usd,loan_commitment
ZMB::cla,ZMB,Zambia,2001,cla,CLA,18120000.0,2,2,nominal_usd,loan_commitment
ZMB::cancel,ZMB,Zambia,2001,cancel,Debt cancellation,39860000.0,1,1,nominal_usd,debt_cancellation
ZMB::restruct,ZMB,Zambia,2001,restruct,Debt restructuring,,0,0,nominal_usd,debt_restructuring
ZMB::cofi,ZMB,Zambia,2001,cofi,COFI,,0,0,nominal_usd,investment
ZMB::cgef,ZMB,Zambia,2001,cgef,CGEF,,0,0,nominal_usd,loan_commitment
ZMB::chapo,ZMB,Zambia,2001,chapo,CHAPO,,1,0,constant_2021_usd,commitment
ZMB::aiddata,ZMB,Zambia,2002,aiddata,AidData,39890432.677433,5,4,constant_2023_usd,commitment
ZMB::codf,ZMB,Zambia,2002,codf,CODF,,0,0,nominal_usd,loan_commitment
ZMB::cla,ZMB,Zambia,2002,cla,CLA,14440000.0,2,2,nominal_usd,loan_commitment
ZMB::cancel,ZMB,Zambia,2002,cancel,Debt cancellation,,0,0,nominal_usd,debt_cancellation
ZMB::restruct,ZMB,Zambia,2002,restruct,Debt restructuring,,0,0,nominal_usd,debt_restructuring
ZMB::cofi,ZMB,Zambia,2002,cofi,COFI,,0,0,nominal_usd,investment
ZMB::cgef,ZMB,Zambia,2002,cgef,CGEF,,0,0,nominal_usd,loan_commitment
ZMB::chapo,ZMB,Zambia,2002,chapo,CHAPO,,0,0,constant_2021_usd,commitment
ZMB::aiddata,ZMB,Zambia,2003,aiddata,AidData,4635071.936407,5,2,constant_2023_usd,commitment
ZMB::codf,ZMB,Zambia,2003,codf,CODF,,0,0,nominal_usd,loan_commitment
ZMB::cla,ZMB,Zambia,2003,cla,CLA,,0,0,nominal_usd,loan_commitment
ZMB::cancel,ZMB,Zambia,2003,cancel,Debt cancellation,,0,0,nominal_usd,debt_cancellation
ZMB::restruct,ZMB,Zambia,2003,restruct,Debt restructuring,,0,0,nominal_usd,debt_restructuring
ZMB::cofi,ZMB,Zambia,2003,cofi,COFI,,0,0,nominal_usd,investment
ZMB::cgef,ZMB,Zambia,2003,cgef,CGEF,,0,0,nominal_usd,loan_commitment
ZMB::chapo,ZMB,Zambia,2003,chapo,CHAPO,,1,0,constant_2021_usd,commitment
ZMB::aiddata,ZMB,Zambia,2004,aiddata,AidData,14803574.727494,3,3,constant_2023_usd,commitment
ZMB::codf,ZMB,Zambia,2004,codf,CODF,,0,0,nominal_usd,loan_commitment
ZMB::cla,ZMB,Zambia,2004,cla,CLA,5440000.0,1,1,nominal_usd,loan_commitment
ZMB::cancel,ZMB,Zambia,2004,cancel,Debt cancellation,,0,0,nominal_usd,debt_cancellation
ZMB::restruct,ZMB,Zambia,2004,restruct,Debt restructuring,,0,0,nominal_usd,debt_restructuring
ZMB::cofi,ZMB,Zambia,2004,cofi,COFI,,0,0,nominal_usd,investment
ZMB::cgef,ZMB,Zambia,2004,cgef,CGEF,,0,0,nominal_usd,loan_commitment
ZMB::chapo,ZMB,Zambia,2004,chapo,CHAPO,,0,0,constant_2021_usd,commitment
ZMB::aiddata,ZMB,Zambia,2005,aiddata,AidData,33071453.564042,4,3,constant_2023_usd,commitment
ZMB::codf,ZMB,Zambia,2005,codf,CODF,,0,0,nominal_usd,loan_commitment
ZMB::cla,ZMB,Zambia,2005,cla,CLA,8000000.0,1,1,nominal_usd,loan_commitment
ZMB::cancel,ZMB,Zambia,2005,cancel,Debt cancellation,,0,0,nominal_usd,debt_cancellation
ZMB::restruct,ZMB,Zambia,2005,restruct,Debt restructuring,,0,0,nominal_usd,debt_restructuring
ZMB::cofi,ZMB,Zambia,2005,cofi,COFI,,0,0,nominal_usd,investment
ZMB::cgef,ZMB,Zambia,2005,cgef,CGEF,,0,0,nominal_usd,loan_commitment
ZMB::chapo,ZMB,Zambia,2005,chapo,CHAPO,,2,0,constant_2021_usd,commitment
ZMB::aiddata,ZMB,Zambia,2006,aiddata,AidData,55448775.685857,7,7,constant_2023_usd,commitment
ZMB::codf,ZMB,Zambia,2006,codf,CODF,,0,0,nominal_usd,loan_commitment
ZMB::cla,ZMB,Zambia,2006,cla,CLA,75580000.0,4,4,nominal_usd,loan_commitment
ZMB::cancel,ZMB,Zambia,2006,cancel,Debt cancellation,211000000.0,1,1,nominal_usd,debt_cancellation
ZMB::restruct,ZMB,Zambia,2006,restruct,Debt restructuring,,0,0,nominal_usd,debt_restructuring
ZMB::cofi,ZMB,Zambia,2006,cofi,COFI,,0,0,nominal_usd,investment
ZMB::cgef,ZMB,Zambia,2006,cgef,CGEF,,0,0,nominal_usd,loan_commitment
ZMB::chapo,ZMB,Zambia,2006,chapo,CHAPO,382310.596923,1,1,constant_2021_usd,commitment
ZMB::aiddata,ZMB,Zambia,2007,aiddata,AidData,203768880.9387,9,7,constant_2023_usd,commitment
ZMB::codf,ZMB,Zambia,2007,codf,CODF,,0,0,nominal_usd,loan_commitment
ZMB::cla,ZMB,Zambia,2007,cla,CLA,59610000.0,2,2,nominal_usd,loan_commitment
ZMB::cancel,ZMB,Zambia,2007,cancel,Debt cancellation,11770000.0,1,1,nominal_usd,debt_cancellation
ZMB::restruct,ZMB,Zambia,2007,restruct,Debt restructuring,,0,0,nominal_usd,debt_restructuring
ZMB::cofi,ZMB,Zambia,2007,cofi,COFI,,0,0,nominal_usd,investment
ZMB::cgef,ZMB,Zambia,2007,cgef,CGEF,,0,0,nominal_usd,loan_commitment
ZMB::chapo,ZMB,Zambia,2007,chapo,CHAPO,,1,0,constant_2021_usd,commitment
ZMB::aiddata,ZMB,Zambia,2008,aiddata,AidData,683096350.824356,4,3,constant_2023_usd,commitment
ZMB::codf,ZMB,Zambia,2008,codf,CODF,315600000.0,1,1,nominal_usd,loan_commitment
ZMB::cla,ZMB,Zambia,2008,cla,CLA,315600000.0,1,1,nominal_usd,loan_commitment
ZMB::cancel,ZMB,Zambia,2008,cancel,Debt cancellation,,0,0,nominal_usd,debt_cancellation
ZMB::restruct,ZMB,Zambia,2008,restruct,Debt restructuring,,0,0,nominal_usd,debt_restructuring
ZMB::cofi,ZMB,Zambia,2008,cofi,COFI,316000000.0,1,1,nominal_usd,investment
ZMB::cgef,ZMB,Zambia,2008,cgef,CGEF,315600000.0,1,1,nominal_usd,loan_commitment
ZMB::chapo,ZMB,Zambia,2008,chapo,CHAPO,,0,0,constant_2021_usd,commitment
ZMB::aiddata,ZMB,Zambia,2009,aiddata,AidData,500035405.31813,13,11,constant_2023_usd,commitment
ZMB::codf,ZMB,Zambia,2009,codf,CODF,70800000.0,2,2,nominal_usd,loan_commitment
ZMB::cla,ZMB,Zambia,2009,cla,CLA,180220000.0,6,6,nominal_usd,loan_commitment
ZMB::cancel,ZMB,Zambia,2009,cancel,Debt cancellation,,0,0,nominal_usd,debt_cancellation
ZMB::restruct,ZMB,Zambia,2009,restruct,Debt restructuring,,0,0,nominal_usd,debt_restructuring
ZMB::cofi,ZMB,Zambia,2009,cofi,COFI,,0,0,nominal_usd,investment
ZMB::cgef,ZMB,Zambia,2009,cgef,CGEF,,0,0,nominal_usd,loan_commitment
ZMB::chapo,ZMB,Zambia,2009,chapo,CHAPO,6759045.217237,3,1,constant_2021_usd,commitment
ZMB::aiddata,ZMB,Zambia,2010,aiddata,AidData,929413829.851608,13,12,constant_2023_usd,commitment
ZMB::codf,ZMB,Zambia,2010,codf,CODF,609600000.0,4,4,nominal_usd,loan_commitment
ZMB::cla,ZMB,Zambia,2010,cla,CLA,656600000.0,6,6,nominal_usd,loan_commitment
ZMB::cancel,ZMB,Zambia,2010,cancel,Debt cancellation,,0,0,nominal_usd,debt_cancellation
ZMB::restruct,ZMB,Zambia,2010,restruct,Debt restructuring,,0,0,nominal_usd,debt_restructuring
ZMB::cofi,ZMB,Zambia,2010,cofi,COFI,,0,0,nominal_usd,investment
ZMB::cgef,ZMB,Zambia,2010,cgef,CGEF,,0,0,nominal_usd,loan_commitment
ZMB::chapo,ZMB,Zambia,2010,chapo,CHAPO,74275034.117699,2,1,constant_2021_usd,commitment
ZMB::aiddata,ZMB,Zambia,2011,aiddata,AidData,831379045.108239,13,11,constant_2023_usd,commitment
ZMB::codf,ZMB,Zambia,2011,codf,CODF,244000000.0,1,1,nominal_usd,loan_commitment
ZMB::cla,ZMB,Zambia,2011,cla,CLA,577400000.0,3,3,nominal_usd,loan_commitment
ZMB::cancel,ZMB,Zambia,2011,cancel,Debt cancellation,37500000.0,1,1,nominal_usd,debt_cancellation
ZMB::restruct,ZMB,Zambia,2011,restruct,Debt restructuring,,0,0,nominal_usd,debt_restructuring
ZMB::cofi,ZMB,Zambia,2011,cofi,COFI,,0,0,nominal_usd,investment
ZMB::cgef,ZMB,Zambia,2011,cgef,CGEF,,0,0,nominal_usd,loan_commitment
ZMB::chapo,ZMB,Zambia,2011,chapo,CHAPO,2494836.148523,4,3,constant_2021_usd,commitment
ZMB::aiddata,ZMB,Zambia,2012,aiddata,AidData,196171028.027791,5,4,constant_2023_usd,commitment
ZMB::codf,ZMB,Zambia,2012,codf,CODF,,0,0,nominal_usd,loan_commitment
ZMB::cla,ZMB,Zambia,2012,cla,CLA,109250000.0,2,2,nominal_usd,loan_commitment
ZMB::cancel,ZMB,Zambia,2012,cancel,Debt cancellation,,0,0,nominal_usd,debt_cancellation
ZMB::restruct,ZMB,Zambia,2012,restruct,Debt restructuring,,0,0,nominal_usd,debt_restructuring
ZMB::cofi,ZMB,Zambia,2012,cofi,COFI,,0,0,nominal_usd,investment
ZMB::cgef,ZMB,Zambia,2012,cgef,CGEF,,0,0,nominal_usd,loan_commitment
ZMB::chapo,ZMB,Zambia,2012,chapo,CHAPO,,1,0,constant_2021_usd,commitment
ZMB::aiddata,ZMB,Zambia,2013,aiddata,AidData,742675820.681547,9,8,constant_2023_usd,commitment
ZMB::codf,ZMB,Zambia,2013,codf,CODF,850950000.0,4,4,nominal_usd,loan_commitment
ZMB::cla,ZMB,Zambia,2013,cla,CLA,864450000.0,5,5,nominal_usd,loan_commitment
ZMB::cancel,ZMB,Zambia,2013,cancel,Debt cancellation,,0,0,nominal_usd,debt_cancellation
ZMB::restruct,ZMB,Zambia,2013,restruct,Debt restructuring,,0,0,nominal_usd,debt_restructuring
ZMB::cofi,ZMB,Zambia,2013,cofi,COFI,498000000.0,3,3,nominal_usd,investment
ZMB::cgef,ZMB,Zambia,2013,cgef,CGEF,183230000.0,1,1,nominal_usd,loan_commitment
ZMB::chapo,ZMB,Zambia,2013,chapo,CHAPO,9024292.417519,2,1,constant_2021_usd,commitment
ZMB::aiddata,ZMB,Zambia,2014,aiddata,AidData,671909138.977026,16,10,constant_2023_usd,commitment
ZMB::codf,ZMB,Zambia,2014,codf,CODF,273810000.0,2,2,nominal_usd,loan_commitment
ZMB::cla,ZMB,Zambia,2014,cla,CLA,376810000.0,3,3,nominal_usd,loan_commitment
ZMB::cancel,ZMB,Zambia,2014,cancel,Debt cancellation,,0,0,nominal_usd,debt_cancellation
ZMB::restruct,ZMB,Zambia,2014,restruct,Debt restructuring,,0,0,nominal_usd,debt_restructuring
ZMB::cofi,ZMB,Zambia,2014,cofi,COFI,,0,0,nominal_usd,investment
ZMB::cgef,ZMB,Zambia,2014,cgef,CGEF,45000000.0,1,1,nominal_usd,loan_commitment
ZMB::chapo,ZMB,Zambia,2014,chapo,CHAPO,66425.713884,4,2,constant_2021_usd,commitment
ZMB::aiddata,ZMB,Zambia,2015,aiddata,AidData,735604288.653893,15,11,constant_2023_usd,commitment
ZMB::codf,ZMB,Zambia,2015,codf,CODF,288290000.0,3,3,nominal_usd,loan_commitment
ZMB::cla,ZMB,Zambia,2015,cla,CLA,745240000.0,8,8,nominal_usd,loan_commitment
ZMB::cancel,ZMB,Zambia,2015,cancel,Debt cancellation,,0,0,nominal_usd,debt_cancellation
ZMB::restruct,ZMB,Zambia,2015,restruct,Debt restructuring,,0,0,nominal_usd,debt_restructuring
ZMB::cofi,ZMB,Zambia,2015,cofi,COFI,64000000.0,1,1,nominal_usd,investment
ZMB::cgef,ZMB,Zambia,2015,cgef,CGEF,,0,0,nominal_usd,loan_commitment
ZMB::chapo,ZMB,Zambia,2015,chapo,CHAPO,152412038.108649,2,1,constant_2021_usd,commitment
ZMB::aiddata,ZMB,Zambia,2016,aiddata,AidData,2466171780.352605,25,20,constant_2023_usd,commitment
ZMB::codf,ZMB,Zambia,2016,codf,CODF,1011100000.0,6,6,nominal_usd,loan_commitment
ZMB::cla,ZMB,Zambia,2016,cla,CLA,1812280000.0,13,13,nominal_usd,loan_commitment
ZMB::cancel,ZMB,Zambia,2016,cancel,Debt cancellation,,0,0,nominal_usd,debt_cancellation
ZMB::restruct,ZMB,Zambia,2016,restruct,Debt restructuring,,0,0,nominal_usd,debt_restructuring
ZMB::cofi,ZMB,Zambia,2016,cofi,COFI,,0,0,nominal_usd,investment
ZMB::cgef,ZMB,Zambia,2016,cgef,CGEF,,0,0,nominal_usd,loan_commitment
ZMB::chapo,ZMB,Zambia,2016,chapo,CHAPO,72023204.291251,4,2,constant_2021_usd,commitment
ZMB::aiddata,ZMB,Zambia,2017,aiddata,AidData,2469113283.929946,24,17,constant_2023_usd,commitment
ZMB::codf,ZMB,Zambia,2017,codf,CODF,379280000.0,2,2,nominal_usd,loan_commitment
ZMB::cla,ZMB,Zambia,2017,cla,CLA,2008270000.0,6,6,nominal_usd,loan_commitment
ZMB::cancel,ZMB,Zambia,2017,cancel,Debt cancellation,,0,0,nominal_usd,debt_cancellation
ZMB::restruct,ZMB,Zambia,2017,restruct,Debt restructuring,,0,0,nominal_usd,debt_restructuring
ZMB::cofi,ZMB,Zambia,2017,cofi,COFI,1327500000.0,4,4,nominal_usd,investment
ZMB::cgef,ZMB,Zambia,2017,cgef,CGEF,1644480000.0,2,2,nominal_usd,loan_commitment
ZMB::chapo,ZMB,Zambia,2017,chapo,CHAPO,1554346.28642,6,2,constant_2021_usd,commitment
ZMB::aiddata,ZMB,Zambia,2018,aiddata,AidData,1941936661.727048,26,21,constant_2023_usd,commitment
ZMB::codf,ZMB,Zambia,2018,codf,CODF,201000000.0,2,2,nominal_usd,loan_commitment
ZMB::cla,ZMB,Zambia,2018,cla,CLA,1496230000.0,12,12,nominal_usd,loan_commitment
ZMB::cancel,ZMB,Zambia,2018,cancel,Debt cancellation,,0,0,nominal_usd,debt_cancellation
ZMB::restruct,ZMB,Zambia,2018,restruct,Debt restructuring,,0,0,nominal_usd,debt_restructuring
ZMB::cofi,ZMB,Zambia,2018,cofi,COFI,,0,0,nominal_usd,investment
ZMB::cgef,ZMB,Zambia,2018,cgef,CGEF,,0,0,nominal_usd,loan_commitment
ZMB::chapo,ZMB,Zambia,2018,chapo,CHAPO,217969.949575,3,2,constant_2021_usd,commitment
ZMB::aiddata,ZMB,Zambia,2019,aiddata,AidData,195396277.679016,14,9,constant_2023_usd,commitment
ZMB::codf,ZMB,Zambia,2019,codf,CODF,,0,0,nominal_usd,loan_commitment
ZMB::cla,ZMB,Zambia,2019,cla,CLA,101480000.0,3,3,nominal_usd,loan_commitment
ZMB::cancel,ZMB,Zambia,2019,cancel,Debt cancellation,92000000.0,2,2,nominal_usd,debt_cancellation
ZMB::restruct,ZMB,Zambia,2019,restruct,Debt restructuring,,0,0,nominal_usd,debt_restructuring
ZMB::cofi,ZMB,Zambia,2019,cofi,COFI,,0,0,nominal_usd,investment
ZMB::cgef,ZMB,Zambia,2019,cgef,CGEF,,0,0,nominal_usd,loan_commitment
ZMB::chapo,ZMB,Zambia,2019,chapo,CHAPO,267635.791515,2,1,constant_2021_usd,commitment
ZMB::aiddata,ZMB,Zambia,2020,aiddata,AidData,563911.659544,5,3,constant_2023_usd,commitment
ZMB::codf,ZMB,Zambia,2020,codf,CODF,,0,0,nominal_usd,loan_commitment
ZMB::cla,ZMB,Zambia,2020,cla,CLA,99890000.0,2,2,nominal_usd,loan_commitment
ZMB::cancel,ZMB,Zambia,2020,cancel,Debt cancellation,,0,0,nominal_usd,debt_cancellation
ZMB::restruct,ZMB,Zambia,2020,restruct,Debt restructuring,,0,0,nominal_usd,debt_restructuring
ZMB::cofi,ZMB,Zambia,2020,cofi,COFI,,0,0,nominal_usd,investment
ZMB::cgef,ZMB,Zambia,2020,cgef,CGEF,,0,0,nominal_usd,loan_commitment
ZMB::chapo,ZMB,Zambia,2020,chapo,CHAPO,610426.249884,3,3,constant_2021_usd,commitment
ZMB::aiddata,ZMB,Zambia,2021,aiddata,AidData,18329160.357784,13,5,constant_2023_usd,commitment
ZMB::codf,ZMB,Zambia,2021,codf,CODF,,0,0,nominal_usd,loan_commitment
ZMB::cla,ZMB,Zambia,2021,cla,CLA,,0,0,nominal_usd,loan_commitment
ZMB::cancel,ZMB,Zambia,2021,cancel,Debt cancellation,,0,0,nominal_usd,debt_cancellation
ZMB::restruct,ZMB,Zambia,2021,restruct,Debt restructuring,,0,0,nominal_usd,debt_restructuring
ZMB::cofi,ZMB,Zambia,2021,cofi,COFI,,0,0,nominal_usd,investment
ZMB::cgef,ZMB,Zambia,2021,cgef,CGEF,,0,0,nominal_usd,loan_commitment
ZMB::chapo,ZMB,Zambia,2021,chapo,CHAPO,19816700.0,5,4,constant_2021_usd,commitment
ZMB::aiddata,ZMB,Zambia,2022,aiddata,AidData,17033571.299234,7,4,constant_2023_usd,commitment
ZMB::codf,ZMB,Zambia,2022,codf,CODF,,0,0,nominal_usd,loan_commitment
ZMB::cla,ZMB,Zambia,2022,cla,CLA,,0,0,nominal_usd,loan_commitment
ZMB::cancel,ZMB,Zambia,2022,cancel,Debt cancellation,,0,0,nominal_usd,debt_cancellation
ZMB::restruct,ZMB,Zambia,2022,restruct,Debt restructuring,,0,0,nominal_usd,debt_restructuring
ZMB::cofi,ZMB,Zambia,2022,cofi,COFI,,0,0,nominal_usd,investment
ZMB::cgef,ZMB,Zambia,2022,cgef,CGEF,,0,0,nominal_usd,loan_commitment
ZMB::chapo,ZMB,Zambia,2022,chapo,CHAPO,,0,0,constant_2021_usd,commitment
ZMB::aiddata,ZMB,Zambia,2023,aiddata,AidData,39594.78695,8,2,constant_2023_usd,commitment
ZMB::codf,ZMB,Zambia,2023,codf,CODF,,0,0,nominal_usd,loan_commitment
ZMB::cla,ZMB,Zambia,2023,cla,CLA,,0,0,nominal_usd,loan_commitment
ZMB::cancel,ZMB,Zambia,2023,cancel,Debt cancellation,,0,0,nominal_usd,debt_cancellation
ZMB::restruct,ZMB,Zambia,2023,restruct,Debt restructuring,,0,0,nominal_usd,debt_restructuring
ZMB::cofi,ZMB,Zambia,2023,cofi,COFI,,0,0,nominal_usd,investment
ZMB::cgef,ZMB,Zambia,2023,cgef,CGEF,,0,0,nominal_usd,loan_commitment
ZMB::chapo,ZMB,Zambia,2023,chapo,CHAPO,,0,0,constant_2021_usd,commitment
ZMB::aiddata,ZMB,Zambia,2024,aiddata,AidData,,0,0,constant_2023_usd,commitment
ZMB::codf,ZMB,Zambia,2024,codf,CODF,,0,0,nominal_usd,loan_commitment
ZMB::cla,ZMB,Zambia,2024,cla,CLA,,0,0,nominal_usd,loan_commitment
ZMB::cancel,ZMB,Zambia,2024,cancel,Debt cancellation,,0,0,nominal_usd,debt_cancellation
ZMB::restruct,ZMB,Zambia,2024,restruct,Debt restructuring,,0,0,nominal_usd,debt_restructuring
ZMB::cofi,ZMB,Zambia,2024,cofi,COFI,,0,0,nominal_usd,investment
ZMB::cgef,ZMB,Zambia,2024,cgef,CGEF,,0,0,nominal_usd,loan_commitment
ZMB::chapo,ZMB,Zambia,2024,chapo,CHAPO,,0,0,constant_2021_usd,commitment
ZWE::aiddata,ZWE,Zimbabwe,2000,aiddata,AidData,15280443.71969,4,3,constant_2023_usd,commitment
ZWE::codf,ZWE,Zimbabwe,2000,codf,CODF,,0,0,nominal_usd,loan_commitment
ZWE::cla,ZWE,Zimbabwe,2000,cla,CLA,5820000.0,1,1,nominal_usd,loan_commitment
ZWE::cancel,ZWE,Zimbabwe,2000,cancel,Debt cancellation,,0,0,nominal_usd,debt_cancellation
ZWE::restruct,ZWE,Zimbabwe,2000,restruct,Debt restructuring,,0,0,nominal_usd,debt_restructuring
ZWE::cofi,ZWE,Zimbabwe,2000,cofi,COFI,,0,0,nominal_usd,investment
ZWE::cgef,ZWE,Zimbabwe,2000,cgef,CGEF,,0,0,nominal_usd,loan_commitment
ZWE::chapo,ZWE,Zimbabwe,2000,chapo,CHAPO,,1,0,constant_2021_usd,commitment
ZWE::aiddata,ZWE,Zimbabwe,2001,aiddata,AidData,18723864.661446,4,4,constant_2023_usd,commitment
ZWE::codf,ZWE,Zimbabwe,2001,codf,CODF,,0,0,nominal_usd,loan_commitment
ZWE::cla,ZWE,Zimbabwe,2001,cla,CLA,7130000.0,1,1,nominal_usd,loan_commitment
ZWE::cancel,ZWE,Zimbabwe,2001,cancel,Debt cancellation,,0,0,nominal_usd,debt_cancellation
ZWE::restruct,ZWE,Zimbabwe,2001,restruct,Debt restructuring,,0,0,nominal_usd,debt_restructuring
ZWE::cofi,ZWE,Zimbabwe,2001,cofi,COFI,,0,0,nominal_usd,investment
ZWE::cgef,ZWE,Zimbabwe,2001,cgef,CGEF,,0,0,nominal_usd,loan_commitment
ZWE::chapo,ZWE,Zimbabwe,2001,chapo,CHAPO,,0,0,constant_2021_usd,commitment
ZWE::aiddata,ZWE,Zimbabwe,2002,aiddata,AidData,48747960.38586,6,5,constant_2023_usd,commitment
ZWE::codf,ZWE,Zimbabwe,2002,codf,CODF,,0,0,nominal_usd,loan_commitment
ZWE::cla,ZWE,Zimbabwe,2002,cla,CLA,,0,0,nominal_usd,loan_commitment
ZWE::cancel,ZWE,Zimbabwe,2002,cancel,Debt cancellation,,0,0,nominal_usd,debt_cancellation
ZWE::restruct,ZWE,Zimbabwe,2002,restruct,Debt restructuring,,0,0,nominal_usd,debt_restructuring
ZWE::cofi,ZWE,Zimbabwe,2002,cofi,COFI,,0,0,nominal_usd,investment
ZWE::cgef,ZWE,Zimbabwe,2002,cgef,CGEF,,0,0,nominal_usd,loan_commitment
ZWE::chapo,ZWE,Zimbabwe,2002,chapo,CHAPO,,1,0,constant_2021_usd,commitment
ZWE::aiddata,ZWE,Zimbabwe,2003,aiddata,AidData,19485617.417163,5,4,constant_2023_usd,commitment
ZWE::codf,ZWE,Zimbabwe,2003,codf,CODF,,0,0,nominal_usd,loan_commitment
ZWE::cla,ZWE,Zimbabwe,2003,cla,CLA,22000000.0,1,1,nominal_usd,loan_commitment
ZWE::cancel,ZWE,Zimbabwe,2003,cancel,Debt cancellation,,0,0,nominal_usd,debt_cancellation
ZWE::restruct,ZWE,Zimbabwe,2003,restruct,Debt restructuring,42000000.0,1,1,nominal_usd,debt_restructuring
ZWE::cofi,ZWE,Zimbabwe,2003,cofi,COFI,,0,0,nominal_usd,investment
ZWE::cgef,ZWE,Zimbabwe,2003,cgef,CGEF,,0,0,nominal_usd,loan_commitment
ZWE::chapo,ZWE,Zimbabwe,2003,chapo,CHAPO,,1,0,constant_2021_usd,commitment
ZWE::aiddata,ZWE,Zimbabwe,2004,aiddata,AidData,104266367.354372,6,4,constant_2023_usd,commitment
ZWE::codf,ZWE,Zimbabwe,2004,codf,CODF,,0,0,nominal_usd,loan_commitment
ZWE::cla,ZWE,Zimbabwe,2004,cla,CLA,223000000.0,2,2,nominal_usd,loan_commitment
ZWE::cancel,ZWE,Zimbabwe,2004,cancel,Debt cancellation,,0,0,nominal_usd,debt_cancellation
ZWE::restruct,ZWE,Zimbabwe,2004,restruct,Debt restructuring,18000000.0,1,1,nominal_usd,debt_restructuring
ZWE::cofi,ZWE,Zimbabwe,2004,cofi,COFI,,0,0,nominal_usd,investment
ZWE::cgef,ZWE,Zimbabwe,2004,cgef,CGEF,,0,0,nominal_usd,loan_commitment
ZWE::chapo,ZWE,Zimbabwe,2004,chapo,CHAPO,,0,0,constant_2021_usd,commitment
ZWE::aiddata,ZWE,Zimbabwe,2005,aiddata,AidData,66172976.094534,5,2,constant_2023_usd,commitment
ZWE::codf,ZWE,Zimbabwe,2005,codf,CODF,,0,0,nominal_usd,loan_commitment
ZWE::cla,ZWE,Zimbabwe,2005,cla,CLA,12000000.0,1,1,nominal_usd,loan_commitment
ZWE::cancel,ZWE,Zimbabwe,2005,cancel,Debt cancellation,,0,0,nominal_usd,debt_cancellation
ZWE::restruct,ZWE,Zimbabwe,2005,restruct,Debt restructuring,,0,0,nominal_usd,debt_restructuring
ZWE::cofi,ZWE,Zimbabwe,2005,cofi,COFI,,0,0,nominal_usd,investment
ZWE::cgef,ZWE,Zimbabwe,2005,cgef,CGEF,,0,0,nominal_usd,loan_commitment
ZWE::chapo,ZWE,Zimbabwe,2005,chapo,CHAPO,,1,0,constant_2021_usd,commitment
ZWE::aiddata,ZWE,Zimbabwe,2006,aiddata,AidData,454171960.41209,12,7,constant_2023_usd,commitment
ZWE::codf,ZWE,Zimbabwe,2006,codf,CODF,,0,0,nominal_usd,loan_commitment
ZWE::cla,ZWE,Zimbabwe,2006,cla,CLA,375100000.0,3,3,nominal_usd,loan_commitment
ZWE::cancel,ZWE,Zimbabwe,2006,cancel,Debt cancellation,,0,0,nominal_usd,debt_cancellation
ZWE::restruct,ZWE,Zimbabwe,2006,restruct,Debt restructuring,,0,0,nominal_usd,debt_restructuring
ZWE::cofi,ZWE,Zimbabwe,2006,cofi,COFI,,0,0,nominal_usd,investment
ZWE::cgef,ZWE,Zimbabwe,2006,cgef,CGEF,,0,0,nominal_usd,loan_commitment
ZWE::chapo,ZWE,Zimbabwe,2006,chapo,CHAPO,,0,0,constant_2021_usd,commitment
ZWE::aiddata,ZWE,Zimbabwe,2007,aiddata,AidData,523841006.532833,10,6,constant_2023_usd,commitment
ZWE::codf,ZWE,Zimbabwe,2007,codf,CODF,,0,0,nominal_usd,loan_commitment
ZWE::cla,ZWE,Zimbabwe,2007,cla,CLA,60000000.0,1,1,nominal_usd,loan_commitment
ZWE::cancel,ZWE,Zimbabwe,2007,cancel,Debt cancellation,,0,0,nominal_usd,debt_cancellation
ZWE::restruct,ZWE,Zimbabwe,2007,restruct,Debt restructuring,55000000.0,1,1,nominal_usd,debt_restructuring
ZWE::cofi,ZWE,Zimbabwe,2007,cofi,COFI,,0,0,nominal_usd,investment
ZWE::cgef,ZWE,Zimbabwe,2007,cgef,CGEF,,0,0,nominal_usd,loan_commitment
ZWE::chapo,ZWE,Zimbabwe,2007,chapo,CHAPO,,0,0,constant_2021_usd,commitment
ZWE::aiddata,ZWE,Zimbabwe,2008,aiddata,AidData,68009824.824223,6,4,constant_2023_usd,commitment
ZWE::codf,ZWE,Zimbabwe,2008,codf,CODF,,0,0,nominal_usd,loan_commitment
ZWE::cla,ZWE,Zimbabwe,2008,cla,CLA,18000000.0,1,1,nominal_usd,loan_commitment
ZWE::cancel,ZWE,Zimbabwe,2008,cancel,Debt cancellation,,0,0,nominal_usd,debt_cancellation
ZWE::restruct,ZWE,Zimbabwe,2008,restruct,Debt restructuring,,0,0,nominal_usd,debt_restructuring
ZWE::cofi,ZWE,Zimbabwe,2008,cofi,COFI,,0,0,nominal_usd,investment
ZWE::cgef,ZWE,Zimbabwe,2008,cgef,CGEF,,0,0,nominal_usd,loan_commitment
ZWE::chapo,ZWE,Zimbabwe,2008,chapo,CHAPO,,1,0,constant_2021_usd,commitment
ZWE::aiddata,ZWE,Zimbabwe,2009,aiddata,AidData,62997604.92021,7,6,constant_2023_usd,commitment
ZWE::codf,ZWE,Zimbabwe,2009,codf,CODF,,0,0,nominal_usd,loan_commitment
ZWE::cla,ZWE,Zimbabwe,2009,cla,CLA,,0,0,nominal_usd,loan_commitment
ZWE::cancel,ZWE,Zimbabwe,2009,cancel,Debt cancellation,,0,0,nominal_usd,debt_cancellation
ZWE::restruct,ZWE,Zimbabwe,2009,restruct,Debt restructuring,,0,0,nominal_usd,debt_restructuring
ZWE::cofi,ZWE,Zimbabwe,2009,cofi,COFI,,0,0,nominal_usd,investment
ZWE::cgef,ZWE,Zimbabwe,2009,cgef,CGEF,,0,0,nominal_usd,loan_commitment
ZWE::chapo,ZWE,Zimbabwe,2009,chapo,CHAPO,15405581.138434,2,2,constant_2021_usd,commitment
ZWE::aiddata,ZWE,Zimbabwe,2010,aiddata,AidData,95110578.103223,12,6,constant_2023_usd,commitment
ZWE::codf,ZWE,Zimbabwe,2010,codf,CODF,42260000.0,1,1,nominal_usd,loan_commitment
ZWE::cla,ZWE,Zimbabwe,2010,cla,CLA,42250000.0,1,1,nominal_usd,loan_commitment
ZWE::cancel,ZWE,Zimbabwe,2010,cancel,Debt cancellation,,0,0,nominal_usd,debt_cancellation
ZWE::restruct,ZWE,Zimbabwe,2010,restruct,Debt restructuring,55000000.0,1,1,nominal_usd,debt_restructuring
ZWE::cofi,ZWE,Zimbabwe,2010,cofi,COFI,,0,0,nominal_usd,investment
ZWE::cgef,ZWE,Zimbabwe,2010,cgef,CGEF,,0,0,nominal_usd,loan_commitment
ZWE::chapo,ZWE,Zimbabwe,2010,chapo,CHAPO,16016359.761656,3,2,constant_2021_usd,commitment
ZWE::aiddata,ZWE,Zimbabwe,2011,aiddata,AidData,353517642.263639,19,12,constant_2023_usd,commitment
ZWE::codf,ZWE,Zimbabwe,2011,codf,CODF,335160000.0,3,3,nominal_usd,loan_commitment
ZWE::cla,ZWE,Zimbabwe,2011,cla,CLA,335160000.0,3,3,nominal_usd,loan_commitment
ZWE::cancel,ZWE,Zimbabwe,2011,cancel,Debt cancellation,,0,0,nominal_usd,debt_cancellation
ZWE::restruct,ZWE,Zimbabwe,2011,restruct,Debt restructuring,,0,0,nominal_usd,debt_restructuring
ZWE::cofi,ZWE,Zimbabwe,2011,cofi,COFI,,0,0,nominal_usd,investment
ZWE::cgef,ZWE,Zimbabwe,2011,cgef,CGEF,,0,0,nominal_usd,loan_commitment
ZWE::chapo,ZWE,Zimbabwe,2011,chapo,CHAPO,110633871.712554,4,1,constant_2021_usd,commitment
ZWE::aiddata,ZWE,Zimbabwe,2012,aiddata,AidData,420607026.444535,10,8,constant_2023_usd,commitment
ZWE::codf,ZWE,Zimbabwe,2012,codf,CODF,217240000.0,2,2,nominal_usd,loan_commitment
ZWE::cla,ZWE,Zimbabwe,2012,cla,CLA,217260000.0,2,2,nominal_usd,loan_commitment
ZWE::cancel,ZWE,Zimbabwe,2012,cancel,Debt cancellation,,0,0,nominal_usd,debt_cancellation
ZWE::restruct,ZWE,Zimbabwe,2012,restruct,Debt restructuring,200000000.0,1,1,nominal_usd,debt_restructuring
ZWE::cofi,ZWE,Zimbabwe,2012,cofi,COFI,,0,0,nominal_usd,investment
ZWE::cgef,ZWE,Zimbabwe,2012,cgef,CGEF,,0,0,nominal_usd,loan_commitment
ZWE::chapo,ZWE,Zimbabwe,2012,chapo,CHAPO,58706.177896,1,1,constant_2021_usd,commitment
ZWE::aiddata,ZWE,Zimbabwe,2013,aiddata,AidData,358564806.181262,11,7,constant_2023_usd,commitment
ZWE::codf,ZWE,Zimbabwe,2013,codf,CODF,319500000.0,2,2,nominal_usd,loan_commitment
ZWE::cla,ZWE,Zimbabwe,2013,cla,CLA,329180000.0,3,3,nominal_usd,loan_commitment
ZWE::cancel,ZWE,Zimbabwe,2013,cancel,Debt cancellation,,0,0,nominal_usd,debt_cancellation
ZWE::restruct,ZWE,Zimbabwe,2013,restruct,Debt restructuring,,0,0,nominal_usd,debt_restructuring
ZWE::cofi,ZWE,Zimbabwe,2013,cofi,COFI,320000000.0,1,1,nominal_usd,investment
ZWE::cgef,ZWE,Zimbabwe,2013,cgef,CGEF,319500000.0,2,2,nominal_usd,loan_commitment
ZWE::chapo,ZWE,Zimbabwe,2013,chapo,CHAPO,,2,0,constant_2021_usd,commitment
ZWE::aiddata,ZWE,Zimbabwe,2014,aiddata,AidData,433162992.529504,10,6,constant_2023_usd,commitment
ZWE::codf,ZWE,Zimbabwe,2014,codf,CODF,221500000.0,1,1,nominal_usd,loan_commitment
ZWE::cla,ZWE,Zimbabwe,2014,cla,CLA,221540000.0,1,1,nominal_usd,loan_commitment
ZWE::cancel,ZWE,Zimbabwe,2014,cancel,Debt cancellation,,0,0,nominal_usd,debt_cancellation
ZWE::restruct,ZWE,Zimbabwe,2014,restruct,Debt restructuring,,0,0,nominal_usd,debt_restructuring
ZWE::cofi,ZWE,Zimbabwe,2014,cofi,COFI,,0,0,nominal_usd,investment
ZWE::cgef,ZWE,Zimbabwe,2014,cgef,CGEF,,0,0,nominal_usd,loan_commitment
ZWE::chapo,ZWE,Zimbabwe,2014,chapo,CHAPO,,0,0,constant_2021_usd,commitment
ZWE::aiddata,ZWE,Zimbabwe,2015,aiddata,AidData,1497348020.353211,13,9,constant_2023_usd,commitment
ZWE::codf,ZWE,Zimbabwe,2015,codf,CODF,98600000.0,1,1,nominal_usd,loan_commitment
ZWE::cla,ZWE,Zimbabwe,2015,cla,CLA,127980000.0,3,3,nominal_usd,loan_commitment
ZWE::cancel,ZWE,Zimbabwe,2015,cancel,Debt cancellation,40000000.0,1,1,nominal_usd,debt_cancellation
ZWE::restruct,ZWE,Zimbabwe,2015,restruct,Debt restructuring,,0,0,nominal_usd,debt_restructuring
ZWE::cofi,ZWE,Zimbabwe,2015,cofi,COFI,,0,0,nominal_usd,investment
ZWE::cgef,ZWE,Zimbabwe,2015,cgef,CGEF,,0,0,nominal_usd,loan_commitment
ZWE::chapo,ZWE,Zimbabwe,2015,chapo,CHAPO,26934613.669895,2,1,constant_2021_usd,commitment
ZWE::aiddata,ZWE,Zimbabwe,2016,aiddata,AidData,34145596.502173,5,4,constant_2023_usd,commitment
ZWE::codf,ZWE,Zimbabwe,2016,codf,CODF,997700000.0,1,1,nominal_usd,loan_commitment
ZWE::cla,ZWE,Zimbabwe,2016,cla,CLA,997700000.0,1,1,nominal_usd,loan_commitment
ZWE::cancel,ZWE,Zimbabwe,2016,cancel,Debt cancellation,,0,0,nominal_usd,debt_cancellation
ZWE::restruct,ZWE,Zimbabwe,2016,restruct,Debt restructuring,,0,0,nominal_usd,debt_restructuring
ZWE::cofi,ZWE,Zimbabwe,2016,cofi,COFI,,0,0,nominal_usd,investment
ZWE::cgef,ZWE,Zimbabwe,2016,cgef,CGEF,997700000.0,1,1,nominal_usd,loan_commitment
ZWE::chapo,ZWE,Zimbabwe,2016,chapo,CHAPO,59040.225418,2,1,constant_2021_usd,commitment
ZWE::aiddata,ZWE,Zimbabwe,2017,aiddata,AidData,155762095.498108,8,6,constant_2023_usd,commitment
ZWE::codf,ZWE,Zimbabwe,2017,codf,CODF,,0,0,nominal_usd,loan_commitment
ZWE::cla,ZWE,Zimbabwe,2017,cla,CLA,5000000.0,1,1,nominal_usd,loan_commitment
ZWE::cancel,ZWE,Zimbabwe,2017,cancel,Debt cancellation,,0,0,nominal_usd,debt_cancellation
ZWE::restruct,ZWE,Zimbabwe,2017,restruct,Debt restructuring,,0,0,nominal_usd,debt_restructuring
ZWE::cofi,ZWE,Zimbabwe,2017,cofi,COFI,,0,0,nominal_usd,investment
ZWE::cgef,ZWE,Zimbabwe,2017,cgef,CGEF,,0,0,nominal_usd,loan_commitment
ZWE::chapo,ZWE,Zimbabwe,2017,chapo,CHAPO,,2,0,constant_2021_usd,commitment
ZWE::aiddata,ZWE,Zimbabwe,2018,aiddata,AidData,180270505.847003,6,4,constant_2023_usd,commitment
ZWE::codf,ZWE,Zimbabwe,2018,codf,CODF,157850000.0,1,1,nominal_usd,loan_commitment
ZWE::cla,ZWE,Zimbabwe,2018,cla,CLA,162900000.0,2,2,nominal_usd,loan_commitment
ZWE::cancel,ZWE,Zimbabwe,2018,cancel,Debt cancellation,,0,0,nominal_usd,debt_cancellation
ZWE::restruct,ZWE,Zimbabwe,2018,restruct,Debt restructuring,,0,0,nominal_usd,debt_restructuring
ZWE::cofi,ZWE,Zimbabwe,2018,cofi,COFI,998000000.0,1,1,nominal_usd,investment
ZWE::cgef,ZWE,Zimbabwe,2018,cgef,CGEF,,0,0,nominal_usd,loan_commitment
ZWE::chapo,ZWE,Zimbabwe,2018,chapo,CHAPO,,1,0,constant_2021_usd,commitment
ZWE::aiddata,ZWE,Zimbabwe,2019,aiddata,AidData,87295095.187788,16,11,constant_2023_usd,commitment
ZWE::codf,ZWE,Zimbabwe,2019,codf,CODF,67290000.0,1,1,nominal_usd,loan_commitment
ZWE::cla,ZWE,Zimbabwe,2019,cla,CLA,67290000.0,1,1,nominal_usd,loan_commitment
ZWE::cancel,ZWE,Zimbabwe,2019,cancel,Debt cancellation,,0,0,nominal_usd,debt_cancellation
ZWE::restruct,ZWE,Zimbabwe,2019,restruct,Debt restructuring,,0,0,nominal_usd,debt_restructuring
ZWE::cofi,ZWE,Zimbabwe,2019,cofi,COFI,,0,0,nominal_usd,investment
ZWE::cgef,ZWE,Zimbabwe,2019,cgef,CGEF,,0,0,nominal_usd,loan_commitment
ZWE::chapo,ZWE,Zimbabwe,2019,chapo,CHAPO,81810.007703,2,1,constant_2021_usd,commitment
ZWE::aiddata,ZWE,Zimbabwe,2020,aiddata,AidData,5630210.570996,25,17,constant_2023_usd,commitment
ZWE::codf,ZWE,Zimbabwe,2020,codf,CODF,,0,0,nominal_usd,loan_commitment
ZWE::cla,ZWE,Zimbabwe,2020,cla,CLA,,0,0,nominal_usd,loan_commitment
ZWE::cancel,ZWE,Zimbabwe,2020,cancel,Debt cancellation,,0,0,nominal_usd,debt_cancellation
ZWE::restruct,ZWE,Zimbabwe,2020,restruct,Debt restructuring,,0,0,nominal_usd,debt_restructuring
ZWE::cofi,ZWE,Zimbabwe,2020,cofi,COFI,,0,0,nominal_usd,investment
ZWE::cgef,ZWE,Zimbabwe,2020,cgef,CGEF,,0,0,nominal_usd,loan_commitment
ZWE::chapo,ZWE,Zimbabwe,2020,chapo,CHAPO,8922960.189694,26,20,constant_2021_usd,commitment
ZWE::aiddata,ZWE,Zimbabwe,2021,aiddata,AidData,120622076.501555,17,11,constant_2023_usd,commitment
ZWE::codf,ZWE,Zimbabwe,2021,codf,CODF,,0,0,nominal_usd,loan_commitment
ZWE::cla,ZWE,Zimbabwe,2021,cla,CLA,,0,0,nominal_usd,loan_commitment
ZWE::cancel,ZWE,Zimbabwe,2021,cancel,Debt cancellation,,0,0,nominal_usd,debt_cancellation
ZWE::restruct,ZWE,Zimbabwe,2021,restruct,Debt restructuring,,0,0,nominal_usd,debt_restructuring
ZWE::cofi,ZWE,Zimbabwe,2021,cofi,COFI,,0,0,nominal_usd,investment
ZWE::cgef,ZWE,Zimbabwe,2021,cgef,CGEF,,0,0,nominal_usd,loan_commitment
ZWE::chapo,ZWE,Zimbabwe,2021,chapo,CHAPO,36001619.76,7,6,constant_2021_usd,commitment
ZWE::aiddata,ZWE,Zimbabwe,2022,aiddata,AidData,136068354.919024,7,3,constant_2023_usd,commitment
ZWE::codf,ZWE,Zimbabwe,2022,codf,CODF,,0,0,nominal_usd,loan_commitment
ZWE::cla,ZWE,Zimbabwe,2022,cla,CLA,,0,0,nominal_usd,loan_commitment
ZWE::cancel,ZWE,Zimbabwe,2022,cancel,Debt cancellation,,0,0,nominal_usd,debt_cancellation
ZWE::restruct,ZWE,Zimbabwe,2022,restruct,Debt restructuring,,0,0,nominal_usd,debt_restructuring
ZWE::cofi,ZWE,Zimbabwe,2022,cofi,COFI,,0,0,nominal_usd,investment
ZWE::cgef,ZWE,Zimbabwe,2022,cgef,CGEF,,0,0,nominal_usd,loan_commitment
ZWE::chapo,ZWE,Zimbabwe,2022,chapo,CHAPO,,0,0,constant_2021_usd,commitment
ZWE::aiddata,ZWE,Zimbabwe,2023,aiddata,AidData,6037756.954225,5,2,constant_2023_usd,commitment
ZWE::codf,ZWE,Zimbabwe,2023,codf,CODF,,0,0,nominal_usd,loan_commitment
ZWE::cla,ZWE,Zimbabwe,2023,cla,CLA,,0,0,nominal_usd,loan_commitment
ZWE::cancel,ZWE,Zimbabwe,2023,cancel,Debt cancellation,,0,0,nominal_usd,debt_cancellation
ZWE::restruct,ZWE,Zimbabwe,2023,restruct,Debt restructuring,,0,0,nominal_usd,debt_restructuring
ZWE::cofi,ZWE,Zimbabwe,2023,cofi,COFI,,0,0,nominal_usd,investment
ZWE::cgef,ZWE,Zimbabwe,2023,cgef,CGEF,,0,0,nominal_usd,loan_commitment
ZWE::chapo,ZWE,Zimbabwe,2023,chapo,CHAPO,,0,0,constant_2021_usd,commitment
ZWE::aiddata,ZWE,Zimbabwe,2024,aiddata,AidData,,0,0,constant_2023_usd,commitment
ZWE::codf,ZWE,Zimbabwe,2024,codf,CODF,,0,0,nominal_usd,loan_commitment
ZWE::cla,ZWE,Zimbabwe,2024,cla,CLA,,0,0,nominal_usd,loan_commitment
ZWE::cancel,ZWE,Zimbabwe,2024,cancel,Debt cancellation,,0,0,nominal_usd,debt_cancellation
ZWE::restruct,ZWE,Zimbabwe,2024,restruct,Debt restructuring,,0,0,nominal_usd,debt_restructuring
ZWE::cofi,ZWE,Zimbabwe,2024,cofi,COFI,,0,0,nominal_usd,investment
ZWE::cgef,ZWE,Zimbabwe,2024,cgef,CGEF,,0,0,nominal_usd,loan_commitment
ZWE::chapo,ZWE,Zimbabwe,2024,chapo,CHAPO,,0,0,constant_2021_usd,commitment
