iso3,year,country_name_en,country_name_zh,aiddata_count,aiddata_amount_known_count,aiddata_total_usd,codf_count,codf_amount_known_count,codf_total_usd,cla_count,cla_amount_known_count,cla_total_usd,cancel_count,cancel_amount_known_count,cancel_total_usd,restruct_count,restruct_amount_known_count,restruct_total_usd,cofi_count,cofi_amount_known_count,cofi_total_usd,cgef_count,cgef_amount_known_count,cgef_total_usd,cgp_count,chapo_count,chapo_amount_known_count,chapo_total_usd,cgp_capacity_mw,chapo_loan_usd,cofi_loan_usd,cla_loan_usd,aiddata_grant_usd,aiddata_debt_relief_usd,chapo_grant_usd,aiddata_unspecified_usd,aiddata_loan_usd,codf_loan_usd,restruct_loan_usd,cancel_debt_relief_usd,cgef_loan_usd,cofi_equity_usd,ihme_disbursement_2023_usd_million,ihme_observation_count,china_eu_dfchina_2017_usd,china_eu_oda_2017_usd,china_eu_oof_2017_usd,aidexports_total_usd,aidexports_medical_usd,aidexports_non_medical_usd,aidexports_month_count,fdi_stock_usd,fdi_flow_usd
AGO,2000,Angola,安哥拉,1,0,,0,0,,0,0,,0,0,,0,0,,0,0,,0,0,,0,0,0,,,,,,,,,,,,,,,,69.662416,170,,,,,,,,,
AGO,2001,Angola,安哥拉,3,2,15328643.497648,0,0,,0,0,,0,0,,0,0,,0,0,,0,0,,0,1,1,15087226.60448,,15087226.60448,,,1393513.045241,,,,13935130.452407,,,,,,85.383142,167,,,,,,,,,
AGO,2002,Angola,安哥拉,13,12,456647595.308304,0,0,,4,4,145000000.0,0,0,,0,0,,0,0,,3,3,55000000.0,0,0,0,,,,,145000000.0,4164877.680659,,,,452482717.627645,,,,55000000.0,,82.18635,190,600516801.7790561,3913893.450522212,282030465.755307,,,,,,
AGO,2003,Angola,安哥拉,1,1,24750384.126445,0,0,,1,1,11000000.0,0,0,,0,0,,0,0,,0,0,,0,1,1,730819.122114,,,,11000000.0,,,730819.122114,,24750384.126445,,,,,,83.784975,194,23893208.4379647,23258875.4705851,,,,,,300000.0,190000.0
AGO,2004,Angola,安哥拉,5,4,914380747.315697,0,0,,4,4,435050000.0,0,0,,0,0,,0,0,,1,1,40060000.0,0,0,0,,,,,435050000.0,,,,,914380747.315697,,,,40060000.0,,107.228333,214,4097540175.393196,,143618467.273716,,,,,470000.0,180000.0
AGO,2005,Angola,安哥拉,36,35,2641060214.424209,0,0,,32,32,1042700000.0,0,0,,0,0,,0,0,,4,4,99640000.0,0,11,11,486790739.224074,,486525872.037338,,1042700000.0,2004931.818189,,264867.186736,,2639055282.60602,,,,99640000.0,,201.132627,240,2422053548.995035,1884110.49736411,2408445649.260557,,,,,8790000.0,470000.0
AGO,2006,Angola,安哥拉,19,17,6892695968.926008,0,0,,11,11,705000000.0,0,0,,0,0,,0,0,,0,0,,0,2,0,,,,,705000000.0,1081435.072777,,,,6891614533.85323,,,,,,113.055794,261,2130464547.975061,1016265.51410763,2129448282.460954,,,,,37230000.0,22390000.0
AGO,2007,Angola,安哥拉,37,35,3609110810.352432,0,0,,31,31,2708730000.0,1,1,7000000.0,0,0,,0,0,,4,4,186870000.0,0,4,4,258618863.730637,,258145760.0619,,2708730000.0,436896.480844,10922412.021096,473103.668737,,3597751501.850492,,,7000000.0,186870000.0,,141.527089,269,7248362773.025904,10674772.27367096,3334100247.59988,,,,,78460000.0,41190000.0
AGO,2008,Angola,安哥拉,7,6,2225835919.27118,6,6,880930000.0,6,6,880930000.0,0,0,,0,0,,0,0,,4,4,227740000.0,0,0,0,,,,,880930000.0,,,,,2225835919.27118,880930000.0,,,227740000.0,,171.337348,273,172525612.4694482,,172525612.4694482,,,,,68890000.0,-9570000.0
AGO,2009,Angola,安哥拉,16,7,3944860546.046056,6,6,724100000.0,8,8,756890000.0,1,1,3000000.0,0,0,,0,0,,1,1,27320000.0,0,2,0,,,,,756890000.0,,3529468.373949,,,3941331077.672107,724100000.0,,3000000.0,27320000.0,,147.943738,279,9918069457.665447,3316775.01107718,2092462597.71995,,,,,195540000.0,8310000.000000001
AGO,2010,Angola,安哥拉,11,6,4029261111.065971,6,6,277190000.0,8,8,2781440000.0,0,0,,0,0,,0,0,,1,1,3720000.0,0,1,0,,,,,2781440000.0,57665506.126771,,,,3971595604.9392,277190000.0,,,3720000.0,,134.629572,268,741738139.4667352,54190465.55823322,676834567.0436124,,,,,351770000.0,101110000.0
AGO,2011,Angola,安哥拉,10,5,2422227895.224835,12,12,2586040000.0,14,14,2620510000.0,0,0,,0,0,,0,0,,1,1,2000000000.0,0,3,1,380499.351977,,,,2620510000.0,352473.242598,,380499.351977,,2421875421.982237,2586040000.0,,,2000000000.0,,118.607876,276,2284519607.561276,331232.4291650935,2275927878.227194,,,,,400590000.0,72720000.0
AGO,2012,Angola,安哥拉,15,7,2300784103.773115,5,5,1348670000.0,9,9,1510440000.0,0,0,,0,0,,0,0,,1,1,1000000000.0,0,3,1,18611390.211078,,,,1510440000.0,17179926.676133,,18611390.211078,27095445.860192,2256508731.23679,1348670000.0,,,1000000000.0,,158.555376,282,1057056423.711642,16144628.1633406,1040911795.548301,,,,,1245100000.0,392080000.0
AGO,2013,Angola,安哥拉,30,19,5084169474.422582,7,7,3815600000.0,17,17,4325900000.0,0,0,,0,0,,1,1,180000000.0,3,3,3553000000.0,0,4,1,36691951.284432,,,180000000.0,4325900000.0,33632264.992053,,36691951.284432,,5050537209.430529,3815600000.0,,,3553000000.0,,181.103555,273,3537691657.086999,31605509.535869,3506086147.55113,,,,,1634740000.0,224050000.0
AGO,2014,Angola,安哥拉,16,6,4614154374.61783,8,8,4791520000.0,12,12,4898940000.0,0,0,,0,0,,1,1,112000000.0,2,2,2080750000.0,4,2,0,,12.42,,112000000.0,4898940000.0,58255.80844,,,,4614096118.80939,4791520000.0,,,2080750000.0,,144.195683,272,28209415.02853979,54745.1913500911,,,,,,1214040000.0,-448570000.0
AGO,2015,Angola,安哥拉,6,4,17102138093.925726,6,6,1013350000.0,11,11,2210300000.0,0,0,,0,0,,1,1,838000000.0,0,0,,0,1,0,,,,838000000.0,2210300000.0,33290.013533,,,,17102104803.912193,1013350000.0,,,,,191.610466,279,13172210519.4355,31283.8855687837,1472667911.357029,0.0,0.0,0.0,12,1268290000.0,57740000.0
AGO,2016,Angola,安哥拉,87,26,8727408619.711662,56,56,15089740000.0,83,83,19538160000.0,0,0,,1,1,7500000000.0,1,1,4100000000.0,8,8,14936600000.0,1,1,0,,2170.0,,4100000000.0,19538160000.0,13683261.671722,,,43628862.911499,8670096495.128443,15089740000.0,7500000000.0,,14936600000.0,,197.464066,271,23326639342.79284,12858679.58403769,19111311823.46464,0.0,0.0,0.0,12,1633210000.0,164490000.0
AGO,2017,Angola,安哥拉,20,9,2769527242.939298,6,6,627960000.0,9,9,811260000.0,1,1,7270000.0,0,0,,0,0,,0,0,,0,5,1,34570.144711,,,,811260000.0,31923.79143,,34570.144711,,2769495319.147868,627960000.0,,7270000.0,,,199.342661,259,2007429244.743669,30000.0,2000000000.0,4472098.0,211958.0,4260140.0,12,2260160000.0,637550000.0
AGO,2018,Angola,安哥拉,21,14,5483676205.313008,1,1,174480000.0,3,3,1861380000.0,0,0,,0,0,,0,0,,0,0,,0,2,2,834812.911062,,,,1861380000.0,15990556.19621,,834812.911062,,5467685649.116798,174480000.0,,,,,159.548659,258,,,,3421474.0,98008.0,3323466.0,12,2299190000.0,270340000.0
AGO,2019,Angola,安哥拉,12,2,139534347.842534,1,1,65000000.0,2,2,171430000.0,0,0,,0,0,,0,0,,0,0,,0,1,0,,,,,171430000.0,29063649.745409,,,,110470698.097125,65000000.0,,,,,196.983666,260,,,,173564.0,72615.0,100949.0,12,2890730000.0,383240000.0
AGO,2020,Angola,安哥拉,12,7,61478702.125764,0,0,,0,0,,0,0,,0,0,,0,0,,0,0,,0,5,3,1229545.613184,,,,,1638140.48645,,1229545.613184,,59840561.639314,,,,,,215.454017,286,,,,707146.0,352007.0,355139.0,12,2690090000.0,125360000.0
AGO,2021,Angola,安哥拉,5,2,76814398.376929,1,1,79700000.0,2,2,110030000.0,0,0,,0,0,,0,0,,0,0,,0,1,1,3600000.0,,,,110030000.0,3319709.893841,,3600000.0,,73494688.483088,79700000.0,,,,,547.282227,264,,,,5287347.0,3110484.0,2176863.0,12,2710090000.0,123490000.0
AGO,2022,Angola,安哥拉,2,0,,0,0,,1,1,18570000.0,0,0,,0,0,,0,0,,0,0,,0,0,0,,,,,18570000.0,,,,,,,,,,,275.83037,262,,,,2369016.0,66074.0,2302942.0,12,1946170000.0,-315000000.0
AGO,2023,Angola,安哥拉,7,2,291911706.220017,1,1,249000000.0,1,1,249000000.0,0,0,,0,0,,0,0,,0,0,,0,0,0,,,,,249000000.0,,,,,291911706.220017,249000000.0,,,,,173.401404,260,,,,3784584.0,32217.0,3752367.0,12,2554120000.0,351350000.0
AGO,2024,Angola,安哥拉,0,0,,2,2,1450600000.0,2,2,1450600000.0,0,0,,0,0,,0,0,,0,0,,0,0,0,,,,,1450600000.0,,,,,,1450600000.0,,,,,,,,,,0.0,0.0,0.0,6,2132650000.0,-207130000.0
BDI,2000,Burundi,布隆迪,2,0,,0,0,,0,0,,0,0,,0,0,,0,0,,0,0,,0,1,0,,,,,,,,,,,,,,,,27.30312,159,,,,,,,,,
BDI,2001,Burundi,布隆迪,4,2,109089606.388889,0,0,,0,0,,1,1,47500000.0,0,0,,0,0,,0,0,,0,1,0,,,,,,1683566.429873,107406039.959016,,,,,,47500000.0,,,25.319642,166,,,,,,,,,
BDI,2002,Burundi,布隆迪,1,0,,0,0,,0,0,,0,0,,0,0,,0,0,,0,0,,0,0,0,,,,,,,,,,,,,,,,34.071726,190,,,,,,,,,
BDI,2003,Burundi,布隆迪,0,0,,0,0,,0,0,,0,0,,0,0,,0,0,,0,0,,0,1,0,,,,,,,,,,,,,,,,40.749063,212,7663711.79430072,,,,,,,0.0,0.0
BDI,2004,Burundi,布隆迪,5,4,19509729.297518,0,0,,0,0,,0,0,,0,0,,0,0,,0,0,,0,2,1,1138826.060943,,,,,2869175.172628,,1138826.060943,,16640554.12489,,,,,,60.539965,219,18334033.17387852,2696272.818266016,15637760.3556125,,,,,20000.0,0.0
BDI,2005,Burundi,布隆迪,7,2,21045470.449845,0,0,,0,0,,0,0,,0,0,,0,0,,0,0,,0,3,1,1085116.674807,,,,,21045470.449845,,1085116.674807,,,,,,,,80.140484,234,19777227.0542068,19777227.0542068,,,,,,0.0,0.0
BDI,2006,Burundi,布隆迪,2,1,938258.046444,0,0,,0,0,,0,0,,0,0,,0,0,,0,0,,0,1,0,,,,,,938258.046444,,,,,,,,,,91.354173,253,14505980.47532138,881716.63739867,,,,,,1650000.0,0.0
BDI,2007,Burundi,布隆迪,10,8,57287363.281362,0,0,,0,0,,1,1,15000000.0,0,0,,0,0,,0,0,,0,3,3,1264439.936237,,,,,10757888.071491,46529475.209871,1264439.936237,,,,,15000000.0,,,100.473542,271,53835104.23043308,53835104.23043308,,,,,,1650000.0,0.0
BDI,2008,Burundi,布隆迪,9,5,21040814.632227,0,0,,1,1,2880000.0,0,0,,0,0,,0,0,,0,0,,0,4,1,13819769.406035,,,,2880000.0,16987796.335739,,13819769.406035,,4053018.296488,,,,,,112.465258,276,22419988.66074206,19772848.64008537,,,,,,1650000.0,0.0
BDI,2009,Burundi,布隆迪,8,2,683616.416313,0,0,,1,1,7320000.0,0,0,,0,0,,0,0,,0,0,,0,2,0,,,,,7320000.0,683616.416313,,,,,,,,,,143.345566,285,10184350.63091017,642420.219295725,,,,,,4640000.0,690000.0
BDI,2010,Burundi,布隆迪,4,2,9400660.567683,0,0,,0,0,,0,0,,0,0,,0,0,,0,0,,0,1,1,1949817.710115,,,,,1800593.862343,,1949817.710115,,7600066.70534,,,,,,163.978691,272,15976228.90412851,8834157.66086877,,,,,,6510000.0,0.0
BDI,2011,Burundi,布隆迪,7,3,36647212.460496,0,0,,2,2,30960000.0,0,0,,0,0,,0,0,,0,0,,0,0,0,,,,,30960000.0,36647212.460496,,,,,,,,,,185.413925,280,92891391.57533842,34438770.77289624,,,,,,7200000.0,0.0
BDI,2012,Burundi,布隆迪,4,3,11641414.80651,0,0,,1,1,7930000.0,0,0,,0,0,,0,0,,0,0,,0,2,1,234824.711585,,,,7930000.0,11641414.80651,,234824.711585,,,,,,,,191.749275,254,27084506.83042562,10939878.66708498,,,,,,8700000.0,1500000.0
BDI,2013,Burundi,布隆迪,2,2,16161535.241102,1,1,31530000.0,0,0,,0,0,,0,0,,0,0,,0,0,,0,0,0,,,,,,672645.299841,,,,15488889.941261,31530000.0,,,,,180.563789,247,15187605.00660978,15187605.00660978,,,,,,9790000.0,1090000.0
BDI,2014,Burundi,布隆迪,7,2,934781.152942,0,0,,1,1,15910000.0,0,0,,0,0,,0,0,,0,0,,0,1,0,,,,,15910000.0,934781.152942,,,,,,,,,,202.490872,258,55623640.63195714,878449.2818661514,,,,,,13240000.0,3450000.0
BDI,2015,Burundi,布隆迪,3,1,992042.403272,0,0,,0,0,,0,0,,0,0,,0,0,,0,0,,0,0,0,,,,,,992042.403272,,,,,,,,,,200.203263,279,932259.789949756,932259.789949756,,1713899.0,533.0,1713366.0,12,12370000.0,2060000.0
BDI,2016,Burundi,布隆迪,6,2,95464727.80264,0,0,,0,0,,0,0,,0,0,,0,0,,0,0,,0,2,0,,,,,,95464727.80264,,,,,,,,,,269.115613,275,89711822.79795538,89711822.79795538,,2077388.0,183967.0,1893421.0,12,12420000.0,2390000.0
BDI,2017,Burundi,布隆迪,5,3,35799025.386058,1,1,32500000.0,2,2,62500000.0,0,0,,0,0,,0,0,,0,0,,0,0,0,,,,,62500000.0,1108505.365993,,,,34690520.020065,32500000.0,,,,,260.203988,254,33641704.61873856,32641704.61873857,1000000.0,11311984.0,344341.0,10967643.0,12,10290000.0,-580000.0
BDI,2018,Burundi,布隆迪,7,1,503148.147069,0,0,,0,0,,0,0,,0,0,,0,0,,0,0,,0,2,1,544924.873939,,,,,503148.147069,,544924.873939,,,,,,,,291.009383,257,,,,6563698.0,815583.0,5748115.0,12,12520000.0,4059999.9999999995
BDI,2019,Burundi,布隆迪,6,1,40700.116857,0,0,,0,0,,0,0,,0,0,,0,0,,0,0,,0,3,0,,,,,,40700.116857,,,,,,,,,,343.465793,265,,,,6887204.0,246132.0,6641072.0,12,8199999.999999999,-1900000.0
BDI,2020,Burundi,布隆迪,14,5,1055388.452265,0,0,,0,0,,0,0,,0,0,,0,0,,0,0,,0,4,3,1084082.406781,,,,,1055388.452265,,1084082.406781,,,,,,,,251.739901,292,,,,7444861.0,615523.0,6829338.0,12,10520000.0,6220000.0
BDI,2021,Burundi,布隆迪,17,5,8374393.314507,0,0,,0,0,,0,0,,0,0,,0,0,,0,0,,0,2,0,,,,,,8374393.314507,,,,,,,,,,315.705263,267,,,,19148827.0,2439867.0,16708960.0,12,16910000.0,8610000.0
BDI,2022,Burundi,布隆迪,16,2,109515144.498966,0,0,,0,0,,0,0,,0,0,,0,0,,0,0,,0,0,0,,,,,,109515144.498966,,,,,,,,,,292.767472,264,,,,1509974.0,231003.0,1278971.0,12,19590000.0,2970000.0
BDI,2023,Burundi,布隆迪,12,0,,0,0,,0,0,,0,0,,0,0,,0,0,,0,0,,0,0,0,,,,,,,,,,,,,,,,232.784111,263,,,,2234347.0,279130.0,1955217.0,12,18240000.0,-780000.0
BDI,2024,Burundi,布隆迪,0,0,,0,0,,0,0,,0,0,,0,0,,0,0,,0,0,,0,0,0,,,,,,,,,,,,,,,,,,,,,3399283.0,0.0,3399283.0,6,4260000.0,-3930000.0
BEN,2000,Benin,贝宁,2,2,42950747.062333,0,0,,1,1,8880000.0,0,0,,0,0,,0,0,,0,0,,0,0,0,,,,,8880000.0,,,,,42950747.062333,,,,,,50.216507,159,40362448.1815992,,40362448.1815992,,,,,,
BEN,2001,Benin,贝宁,0,0,,0,0,,1,1,15700000.0,0,0,,0,0,,0,0,,0,0,,0,0,0,,,,,15700000.0,,,,,,,,,,,48.076689,165,,,,,,,,,
BEN,2002,Benin,贝宁,4,3,63099771.738111,0,0,,0,0,,1,1,10000000.0,0,0,,0,0,,0,0,,0,1,0,,,,,,11156602.622692,51943169.115419,,,,,,10000000.0,,,52.867483,194,59297247.667589,59297247.667589,,,,,,,
BEN,2003,Benin,贝宁,1,0,,0,0,,0,0,,0,0,,0,0,,0,0,,0,0,,0,1,0,,,,,,,,,,,,,,,,67.034291,222,,,,,,,,7710000.0,2089999.9999999998
BEN,2004,Benin,贝宁,5,2,4748971.880898,0,0,,0,0,,0,0,,1,1,17000000.0,0,0,,0,0,,0,2,1,1725091.074961,,,,,4748971.880898,,1725091.074961,,,,17000000.0,,,,96.666817,238,4462789.13861116,4462789.13861116,,,,,,20510000.0,13770000.0
BEN,2005,Benin,贝宁,7,4,161792149.580329,0,0,,1,1,31000000.0,0,0,,0,0,,0,0,,0,0,,0,1,0,,,,,31000000.0,19324940.099547,,,,142467209.480782,,,,,,106.269906,233,130499510.2842976,18160379.40650987,103144002.064365,,,,,19000000.0,1310000.0
BEN,2006,Benin,贝宁,8,3,7044551.972627,0,0,,0,0,,0,0,,0,0,,0,0,,0,0,,0,2,1,509747.462563,,,,,7044551.972627,,509747.462563,,,,,,,,104.569774,257,13255821.00242426,6620032.410942644,,,,,,22120000.0,0.0
BEN,2007,Benin,贝宁,4,1,34951718.467509,0,0,,2,2,24960000.0,1,0,,0,0,,0,0,,0,0,,0,1,0,,,,,24960000.0,,,,,34951718.467509,,,,,,97.783603,268,32845453.149757,32845453.149757,,,,,,35600000.0,6320000.0
BEN,2008,Benin,贝宁,5,2,40530182.964879,0,0,,0,0,,0,0,,0,0,,0,0,,0,0,,0,2,0,,,,,,40530182.964879,,,,,,,,,,126.55082,277,38087744.56346887,38087744.56346887,,,,,,53150000.0,14560000.0
BEN,2009,Benin,贝宁,6,2,26451738.721285,0,0,,0,0,,0,0,,0,0,,0,0,,0,0,,0,2,1,19092370.529784,,,,,26451738.721285,,19092370.529784,,,,,,,,155.850126,285,24857699.99750656,24857699.99750656,,,,,,54010000.0,90000.0
BEN,2010,Benin,贝宁,3,1,41800366.879373,1,1,31530000.0,1,1,31200000.0,0,0,,0,0,,0,0,,0,0,,0,2,0,,,,,31200000.0,,,,,41800366.879373,31530000.0,,,,,149.500569,273,39281391.8379286,39281391.8379286,,,,,,39330000.0,1760000.0
BEN,2011,Benin,贝宁,5,1,14064343.334438,0,0,,0,0,,0,0,,0,0,,0,0,,0,0,,0,2,0,,,,,,,14064343.334438,,,,,,,,,173.270516,280,44385443.76092868,13216795.0478674,,,,,,40030000.0,750000.0
BEN,2012,Benin,贝宁,4,3,33846382.736888,0,0,,0,0,,1,0,,0,0,,0,0,,0,0,,0,2,1,558341.706332,,,,,2638390.471405,31207992.265483,558341.706332,,,,,,,,131.841568,261,112529869.3471743,31806728.53047108,,,,,,47600000.0,5060000.0
BEN,2013,Benin,贝宁,8,5,235540475.868706,1,1,129030000.0,4,4,234390000.0,0,0,,0,0,,0,0,,0,0,,0,2,1,2109787.198855,,,,234390000.0,16409453.312988,,2109787.198855,,219131022.555718,129030000.0,,,,,120.475081,247,530365948.1444737,221346280.362344,,,,,,49910000.0,8440000.0
BEN,2014,Benin,贝宁,7,3,8104215.179777,0,0,,0,0,,0,0,,0,0,,0,0,,0,0,,0,2,1,1796792.73658,,,,,8104215.179777,,1796792.73658,,,,,,,,168.269108,250,7615838.190959809,7615838.190959809,,,,,,69170000.0,7440000.0
BEN,2015,Benin,贝宁,5,2,303631413.534855,1,1,79610000.0,1,1,79610000.0,0,0,,0,0,,1,1,229000000.0,0,0,,0,1,0,,,,229000000.0,79610000.0,,,,,303631413.534855,79610000.0,,,,,162.078235,283,285333930.1530387,77584036.2105837,207749893.942455,3534485.0,195.0,3534290.0,12,87310000.0,14760000.0
BEN,2016,Benin,贝宁,10,4,93395682.528317,0,0,,0,0,,0,0,,0,0,,0,0,,0,0,,0,1,0,,,,,,27739666.691187,,,,65656015.83713,,,,,,170.43147,273,87767462.53753884,87767462.53753884,,147640.0,58258.0,89382.0,12,102510000.0,9970000.0
BEN,2017,Benin,贝宁,6,3,107042498.307269,1,1,89610000.0,1,1,89590000.0,0,0,,0,0,,0,0,,0,0,,0,1,0,,,,,89590000.0,11653122.666017,,,,95389375.641252,89610000.0,,,,,224.194725,256,144987372.0367825,100591903.5747686,,4226260.0,127426.0,4098834.0,12,104370000.0,1330000.0
BEN,2018,Benin,贝宁,8,1,1543976.504836,0,0,,0,0,,0,0,,0,0,,0,0,,0,0,,0,1,0,,,,,,1543976.504836,,,,,,,,,,170.594206,256,,,,8591211.0,1265410.0,7325801.0,12,103990000.0,4800000.0
BEN,2019,Benin,贝宁,25,5,364521638.187423,0,0,,1,1,186640000.0,0,0,,0,0,,0,0,,0,0,,0,4,0,,,,,186640000.0,15115777.713104,,,,349405860.474319,,,,,,198.93876,260,,,,3956883.0,74340.0,3882543.0,12,91440000.0,-19790000.0
BEN,2020,Benin,贝宁,19,10,14808810.195226,0,0,,0,0,,0,0,,0,0,,0,0,,0,0,,0,15,8,1968323.534615,,,,,1912137.428133,,1968323.534615,,12896672.767093,,,,,,243.160714,291,,,,2301990.0,819953.0,1482037.0,12,75460000.0,10640000.0
BEN,2021,Benin,贝宁,12,2,776258830.176451,0,0,,0,0,,0,0,,0,0,,0,0,,0,0,,0,4,1,1800000.0,,,,,1659854.94692,,1800000.0,,774598975.229531,,,,,,345.825565,264,,,,2008832.0,1567677.0,441155.0,12,84710000.0,32509999.999999996
BEN,2022,Benin,贝宁,13,6,58688150.025502,1,1,39320000.0,1,1,39330000.0,0,0,,0,0,,0,0,,0,0,,0,0,0,,,,,39330000.0,22183101.85918,,,,36505048.166322,39320000.0,,,,,234.084239,265,,,,4089894.0,3347529.0,742365.0,12,168620000.0,80440000.0
BEN,2023,Benin,贝宁,14,2,76229438.235295,0,0,,0,0,,0,0,,0,0,,0,0,,0,0,,0,0,0,,,,,,,,,,76229438.235295,,,,,,185.8896,261,,,,82159.0,0.0,82159.0,12,158710000.0,20460000.0
BEN,2024,Benin,贝宁,0,0,,0,0,,0,0,,0,0,,0,0,,0,0,,0,0,,0,0,0,,,,,,,,,,,,,,,,,,,,,0.0,0.0,0.0,6,146360000.0,-27160000.0
BFA,2000,Burkina Faso,布基纳法索,0,0,,0,0,,0,0,,0,0,,0,0,,0,0,,0,0,,0,0,0,,,,,,,,,,,,,,,,58.592946,168,,,,,,,,,
BFA,2001,Burkina Faso,布基纳法索,0,0,,0,0,,0,0,,0,0,,0,0,,0,0,,0,0,,0,0,0,,,,,,,,,,,,,,,,79.867168,171,,,,,,,,,
BFA,2002,Burkina Faso,布基纳法索,0,0,,0,0,,0,0,,0,0,,0,0,,0,0,,0,0,,0,0,0,,,,,,,,,,,,,,,,76.535002,198,,,,,,,,,
BFA,2003,Burkina Faso,布基纳法索,0,0,,0,0,,0,0,,0,0,,0,0,,0,0,,0,0,,0,0,0,,,,,,,,,,,,,,,,109.714879,232,,,,,,,,0.0,0.0
BFA,2004,Burkina Faso,布基纳法索,0,0,,0,0,,0,0,,0,0,,0,0,,0,0,,0,0,,0,0,0,,,,,,,,,,,,,,,,136.608531,245,,,,,,,,0.0,0.0
BFA,2005,Burkina Faso,布基纳法索,0,0,,0,0,,0,0,,0,0,,0,0,,0,0,,0,0,,0,0,0,,,,,,,,,,,,,,,,162.915455,240,,,,,,,,0.0,0.0
BFA,2006,Burkina Faso,布基纳法索,0,0,,0,0,,0,0,,0,0,,0,0,,0,0,,0,0,,0,0,0,,,,,,,,,,,,,,,,165.710721,262,,,,,,,,0.0,0.0
BFA,2007,Burkina Faso,布基纳法索,0,0,,0,0,,0,0,,0,0,,0,0,,0,0,,0,0,,0,0,0,,,,,,,,,,,,,,,,163.704493,277,,,,,,,,0.0,0.0
BFA,2008,Burkina Faso,布基纳法索,0,0,,0,0,,0,0,,0,0,,0,0,,0,0,,0,0,,0,0,0,,,,,,,,,,,,,,,,218.979818,278,,,,,,,,0.0,0.0
BFA,2009,Burkina Faso,布基纳法索,0,0,,0,0,,0,0,,0,0,,0,0,,0,0,,0,0,,0,0,0,,,,,,,,,,,,,,,,217.49122,287,,,,,,,,0.0,0.0
BFA,2010,Burkina Faso,布基纳法索,0,0,,0,0,,0,0,,0,0,,0,0,,0,0,,0,0,,0,0,0,,,,,,,,,,,,,,,,261.530429,281,,,,,,,,0.0,0.0
BFA,2011,Burkina Faso,布基纳法索,0,0,,0,0,,0,0,,0,0,,0,0,,0,0,,0,0,,0,0,0,,,,,,,,,,,,,,,,189.170589,284,,,,,,,,0.0,0.0
BFA,2012,Burkina Faso,布基纳法索,0,0,,0,0,,0,0,,0,0,,0,0,,0,0,,0,0,,0,0,0,,,,,,,,,,,,,,,,248.72031,265,,,,,,,,0.0,0.0
BFA,2013,Burkina Faso,布基纳法索,0,0,,0,0,,0,0,,0,0,,0,0,,0,0,,0,0,,0,0,0,,,,,,,,,,,,,,,,236.475481,254,,,,,,,,4340000.0,4340000.0
BFA,2014,Burkina Faso,布基纳法索,0,0,,0,0,,0,0,,0,0,,0,0,,0,0,,0,0,,0,0,0,,,,,,,,,,,,,,,,255.126975,257,,,,,,,,8780000.0,4450000.0
BFA,2015,Burkina Faso,布基纳法索,0,0,,0,0,,0,0,,0,0,,0,0,,0,0,,0,0,,0,0,0,,,,,,,,,,,,,,,,300.009253,287,,,,0.0,0.0,0.0,12,0.0,0.0
BFA,2016,Burkina Faso,布基纳法索,0,0,,0,0,,0,0,,0,0,,0,0,,0,0,,0,0,,0,0,0,,,,,,,,,,,,,,,,283.508454,282,,,,0.0,0.0,0.0,12,200000.0,200000.0
BFA,2017,Burkina Faso,布基纳法索,0,0,,0,0,,0,0,,0,0,,0,0,,0,0,,0,0,,0,0,0,,,,,,,,,,,,,,,,289.409667,264,,,,0.0,0.0,0.0,12,200000.0,0.0
BFA,2018,Burkina Faso,布基纳法索,11,6,139833644.507246,0,0,,0,0,,0,0,,0,0,,0,0,,0,0,,0,7,3,117871260.927219,,,,,113399140.958118,18827014.326978,117871260.927219,7607489.22215,,,,,,,358.799627,260,,,,1243508.0,374839.0,868669.0,12,200000.0,0.0
BFA,2019,Burkina Faso,布基纳法索,13,8,98967138.977133,0,0,,1,1,77350000.0,0,0,,0,0,,0,0,,0,0,,0,1,0,,,,,77350000.0,18678806.555442,,,,80288332.421691,,,,,,453.847993,265,,,,3871047.0,144015.0,3727032.0,12,1490000.0,1260000.0
BFA,2020,Burkina Faso,布基纳法索,19,9,146336282.995665,1,1,80000000.0,1,1,80000000.0,0,0,,0,0,,0,0,,0,0,,0,14,7,3010809.630707,,,,80000000.0,2781385.393803,,3010809.630707,,143554897.601862,80000000.0,,,,,468.288102,295,,,,1550456.0,937232.0,613224.0,12,1710000.0,350000.0
BFA,2021,Burkina Faso,布基纳法索,10,6,27594401.572518,0,0,,0,0,,0,0,,0,0,,0,0,,0,0,,0,3,3,7740998.68357,,,,,27594401.572518,,7740998.68357,,,,,,,,650.655817,272,,,,4067167.0,2476247.0,1590920.0,12,7050000.0,5280000.0
BFA,2022,Burkina Faso,布基纳法索,2,0,,0,0,,0,0,,0,0,,0,0,,0,0,,0,0,,0,0,0,,,,,,,,,,,,,,,,492.998054,269,,,,11447275.0,4862839.0,6584436.0,12,6640000.0,2800000.0
BFA,2023,Burkina Faso,布基纳法索,4,2,50200268.116438,1,1,50130000.0,1,1,50140000.0,0,0,,0,0,,0,0,,1,1,50130000.0,1,0,0,,25.0,,,50140000.0,49458.364959,,,,50150809.751479,50130000.0,,,50130000.0,,450.55242,267,,,,3221430.0,79258.0,3142172.0,12,5880000.0,-1120000.0
BFA,2024,Burkina Faso,布基纳法索,0,0,,0,0,,0,0,,0,0,,0,0,,0,0,,0,0,,0,0,0,,,,,,,,,,,,,,,,,,,,,9523956.0,58290.0,9465666.0,6,17640000.0,10370000.0
BWA,2000,Botswana,博茨瓦纳,2,1,5580882.917227,0,0,,1,1,2470000.0,0,0,,0,0,,0,0,,0,0,,0,0,0,,,,,2470000.0,,,,,5580882.917227,,,,,,9.471589,127,5244567.62596581,5244567.62596581,,,,,,,
BWA,2001,Botswana,博茨瓦纳,1,1,22447552.398302,0,0,,3,3,8790000.0,0,0,,0,0,,0,0,,0,0,,0,0,0,,,,,8790000.0,,,,,22447552.398302,,,,,,10.32518,126,,,,,,,,,
BWA,2002,Botswana,博茨瓦纳,1,0,,0,0,,0,0,,0,0,,0,0,,0,0,,0,0,,0,1,0,,,,,,,,,,,,,,,,26.796771,150,,,,,,,,,
BWA,2003,Botswana,博茨瓦纳,4,4,75272864.679638,0,0,,3,3,31040000.0,0,0,,0,0,,0,0,,0,0,,0,0,0,,,,,31040000.0,,,,,75272864.679638,,,,,,42.629279,146,70736768.2438225,66470632.7904245,4266135.453398,,,,,2100000.0,800000.0
BWA,2004,Botswana,博茨瓦纳,0,0,,0,0,,1,1,24160000.0,0,0,,0,0,,0,0,,0,0,,0,0,0,,,,,24160000.0,,,,,,,,,,,65.140421,163,48614142.21705595,,,,,,,3800000.0,270000.0
BWA,2005,Botswana,博茨瓦纳,1,0,,0,0,,1,1,3660000.0,0,0,,0,0,,0,0,,0,0,,0,1,0,,,,,3660000.0,,,,,,,,,,,46.303202,160,6896346.61006705,,,,,,,18120000.0,3690000.0
BWA,2006,Botswana,博茨瓦纳,3,3,50525138.223337,0,0,,3,3,43360000.0,0,0,,0,0,,0,0,,0,0,,0,0,0,,,,,43360000.0,225181.931146,,,,50299956.292191,,,,,,77.809271,202,47480386.81601448,47480386.81601448,,,,,,25520000.0,2760000.0
BWA,2007,Botswana,博茨瓦纳,4,4,32578900.912809,0,0,,1,1,10510000.0,0,0,,0,0,,0,0,,0,0,,0,1,1,473103.668737,,,,10510000.0,2730603.005274,,473103.668737,,29848297.907535,,,,,,91.379552,208,30615626.65644057,30615626.65644057,,,,,,43390000.0,1870000.0
BWA,2008,Botswana,博茨瓦纳,4,2,6406061.744917,0,0,,1,1,3220000.0,0,0,,0,0,,0,0,,0,0,,0,2,1,245264.72741,,,,3220000.0,6406061.744917,,245264.72741,,,,,,,,388.553356,214,10278552.15607658,6020018.306101351,,,,,,65260000.00000001,14060000.0
BWA,2009,Botswana,博茨瓦纳,10,4,1338848416.024822,0,0,,1,1,825000000.0,0,0,,0,0,,1,1,825000000.0,0,0,,0,0,0,,,,825000000.0,825000000.0,19400.904989,,,,1338829015.119833,,,,,,346.654275,207,1081371584.308994,18231.76468549488,1075628194.29734,,,,,119250000.0,18440000.0
BWA,2010,Botswana,博茨瓦纳,2,0,,0,0,,0,0,,0,0,,0,0,,0,0,,0,0,,0,0,0,,,,,,,,,,,,,,,,157.687756,223,7142071.24325974,,,,,,,178520000.0,43850000.0
BWA,2011,Botswana,博茨瓦纳,6,3,3483080.974619,0,0,,0,0,,0,0,,0,0,,0,0,,0,0,,0,3,2,3766039.453612,,,,,3483080.974619,,3766039.453612,,,,,,,,155.037187,218,3273182.848426253,3273182.848426253,,,,,,200380000.0,21860000.0
BWA,2012,Botswana,博茨瓦纳,2,0,,0,0,,0,0,,0,0,,0,0,,0,0,,0,0,,0,0,0,,,,,,,,,,,,,,,,136.412606,223,,,,,,,,220150000.0,21100000.0
BWA,2013,Botswana,博茨瓦纳,2,2,13969891.64239,0,0,,0,0,,0,0,,0,0,,0,0,,0,0,,0,1,1,564018.276095,,,,,13969891.64239,,564018.276095,,,,,,,,149.519617,218,13128034.7494575,13128034.7494575,,,,,,230900000.0,10190000.0
BWA,2014,Botswana,博茨瓦纳,5,1,20002.861578,0,0,,0,0,,0,0,,0,0,,0,0,,0,0,,0,0,0,,,,,,20002.861578,,,,,,,,,,122.401597,214,7839539.06866608,18797.4472244905,,,,,,262130000.0,52950000.0
BWA,2015,Botswana,博茨瓦纳,20,9,15409426.81634,0,0,,0,0,,0,0,,0,0,,0,0,,0,0,,0,3,0,,,,,,15409426.81634,,,,,,,,,,111.148713,220,14480821.54518839,14480821.54518839,,2081176.0,856682.0,1224494.0,12,321080000.0,86080000.0
BWA,2016,Botswana,博茨瓦纳,5,1,13131203.167426,0,0,,0,0,,0,0,,0,0,,0,0,,0,0,,0,0,0,,,,,,13131203.167426,,,,,,,,,,127.884043,216,12339889.2847154,12339889.2847154,,1242841.0,51002.0,1191839.0,12,437500000.0,106200000.0
BWA,2017,Botswana,博茨瓦纳,3,2,1080601.061073,0,0,,0,0,,0,0,,0,0,,0,0,,0,0,,0,1,0,,,,,,1080601.061073,,,,,,,,,,121.32461,201,1015481.882964121,1015481.882964121,,405453.0,287.0,405166.0,12,296870000.0,-22200000.0
BWA,2018,Botswana,博茨瓦纳,4,2,360561.761514,0,0,,0,0,,1,1,7760000.0,0,0,,0,0,,0,0,,0,1,0,,,,,,360561.761514,,,,,,,7760000.0,,,116.431936,206,,,,298133.0,578.0,297555.0,12,258160000.00000003,-4860000.0
BWA,2019,Botswana,博茨瓦纳,6,0,,0,0,,0,0,,0,0,,0,0,,0,0,,0,0,,0,0,0,,,,,,,,,,,,,,,,108.702513,210,,,,588434.0,847.0,587587.0,12,186280000.0,6820000.0
BWA,2020,Botswana,博茨瓦纳,14,5,3703661.754597,0,0,,0,0,,0,0,,0,0,,0,0,,0,0,,0,10,3,253857.050643,,,,,3703661.754597,,253857.050643,,,,,,,,108.61535,244,,,,794652.0,237598.0,557054.0,12,190430000.0,26550000.0
BWA,2021,Botswana,博茨瓦纳,16,7,3448227.741814,0,0,,0,0,,0,0,,0,0,,0,0,,0,0,,0,5,3,3668808.66426,,,,,3448227.741814,,3668808.66426,,,,,,,,118.911719,224,,,,3087549.0,2792680.0,294869.0,12,153520000.0,-14010000.0
BWA,2022,Botswana,博茨瓦纳,5,2,54661.584056,0,0,,0,0,,0,0,,0,0,,0,0,,0,0,,0,0,0,,,,,,54661.584056,,,,,,,,,,93.504608,227,,,,406107.0,3197.0,402910.0,12,143430000.0,9770000.0
BWA,2023,Botswana,博茨瓦纳,4,1,2000000000.0,0,0,,0,0,,0,0,,0,0,,0,0,,0,0,,0,0,0,,,,,,,,,,2000000000.0,,,,,,87.624072,220,,,,1786572.0,0.0,1786572.0,12,160270000.0,3580000.0
BWA,2024,Botswana,博茨瓦纳,0,0,,0,0,,0,0,,0,0,,0,0,,0,0,,0,0,,0,0,0,,,,,,,,,,,,,,,,,,,,,0.0,0.0,0.0,6,136360000.0,8000000.0
CAF,2000,CAR,中非共和国,0,0,,0,0,,0,0,,0,0,,0,0,,0,0,,0,0,,0,1,0,,,,,,,,,,,,,,,,19.095771,123,,,,,,,,,
CAF,2001,CAR,中非共和国,0,0,,0,0,,0,0,,0,0,,0,0,,0,0,,0,0,,0,0,0,,,,,,,,,,,,,,,,23.176864,134,,,,,,,,,
CAF,2002,CAR,中非共和国,0,0,,0,0,,0,0,,0,0,,0,0,,0,0,,0,0,,0,2,1,241580.202276,,,,,,,241580.202276,,,,,,,,28.984637,157,30351997.66585228,30351997.66585228,,,,,,,
CAF,2003,CAR,中非共和国,0,0,,0,0,,0,0,,0,0,,0,0,,0,0,,0,0,,0,0,0,,,,,,,,,,,,,,,,25.477841,180,9894340.734362187,4435920.974958397,,,,,,0.0,0.0
CAF,2004,CAR,中非共和国,0,0,,0,0,,0,0,,0,0,,0,0,,0,0,,0,0,,0,2,0,,,,,,,,,,,,,,,,35.298659,191,5493597.901878522,5493597.901878522,,,,,,0.0,0.0
CAF,2005,CAR,中非共和国,0,0,,0,0,,0,0,,0,0,,0,0,,0,0,,0,0,,0,0,0,,,,,,,,,,,,,,,,41.119713,201,122219336.9333778,2758538.64402682,119460798.289351,,,,,2000000.0,0.0
CAF,2006,CAR,中非共和国,0,0,,0,0,,0,0,,0,0,,0,0,,0,0,,0,0,,0,5,4,36394153.291556,,,,,,,36394153.291556,,,,,,,,49.732322,220,31584778.07739858,31584778.07739858,,,,,,3980000.0,0.0
CAF,2007,CAR,中非共和国,0,0,,0,0,,0,0,,1,1,10000000.0,0,0,,0,0,,0,0,,0,1,1,189241.467495,,,,,,,189241.467495,,,,,10000000.0,,,36.629309,247,34605015.47458049,34605015.47458049,,,,,,3980000.0,0.0
CAF,2008,CAR,中非共和国,0,0,,0,0,,0,0,,0,0,,0,0,,0,0,,0,0,,0,2,1,219361.419143,,,,,,,219361.419143,,,,,,,,71.733699,265,26552013.67962019,12834181.95298138,,,,,,3980000.0,0.0
CAF,2009,CAR,中非共和国,0,0,,0,0,,0,0,,0,0,,0,0,,0,0,,0,0,,0,7,0,,,,,,,,,,,,,,,,48.428291,277,9146750.997405587,9146750.997405587,,,,,,16710000.0,0.0
CAF,2010,CAR,中非共和国,0,0,,0,0,,0,0,,0,0,,0,0,,0,0,,0,0,,0,2,0,,,,,,,,,,,,,,,,55.997002,259,38243096.39256412,32886542.96011932,,,,,,46540000.0,25810000.0
CAF,2011,CAR,中非共和国,0,0,,0,0,,0,0,,0,0,,0,0,,1,1,30000000.0,0,0,,0,2,0,,,,30000000.0,,,,,,,,,,,,67.549538,273,52068659.5190053,15846983.3318712,,,,,,51020000.0,2480000.0
CAF,2012,CAR,中非共和国,0,0,,0,0,,0,0,,0,0,,0,0,,0,0,,0,0,,0,2,0,,,,,,,,,,,,,,,,57.60204,239,,,,,,,,51020000.0,0.0
CAF,2013,CAR,中非共和国,0,0,,0,0,,0,0,,0,0,,0,0,,0,0,,0,0,,0,0,0,,,,,,,,,,,,,,,,72.731974,237,,,,,,,,60380000.0,1300000.0
CAF,2014,CAR,中非共和国,0,0,,0,0,,0,0,,0,0,,0,0,,0,0,,0,0,,0,0,0,,,,,,,,,,,,,,,,128.811746,249,,,,,,,,57080000.0,182240000.0
CAF,2015,CAR,中非共和国,0,0,,0,0,,0,0,,0,0,,0,0,,0,0,,0,0,,0,1,0,,,,,,,,,,,,,,,,113.555805,260,23726214.61388351,8765744.73637321,,1961844.0,554258.0,1407586.0,12,46220000.0,300000.0
CAF,2016,CAR,中非共和国,0,0,,0,0,,0,0,,0,0,,0,0,,0,0,,0,0,,0,2,1,119471.463719,,,,,,,119471.463719,,,,,,,,152.506621,271,103706.702891245,103706.702891245,,0.0,0.0,0.0,12,35610000.0,400000.0
CAF,2017,CAR,中非共和国,0,0,,0,0,,0,0,,1,1,31740000.0,0,0,,0,0,,0,0,,0,1,1,296979.062167,,,,,,,296979.062167,,,,,31740000.0,,,136.935988,254,2309262.409154167,2309262.409154167,,2843120.0,1170267.0,1672853.0,12,16120000.000000002,420000.0
CAF,2018,CAR,中非共和国,0,0,,0,0,,0,0,,0,0,,0,0,,0,0,,0,0,,0,5,1,3922439.258156,,,,,,,3922439.258156,,,,,,,,110.172478,252,,,,2002478.0,1308429.0,694049.0,12,88130000.0,46320000.0
CAF,2019,CAR,中非共和国,0,0,,0,0,,0,0,,1,1,2560000.0,0,0,,0,0,,0,0,,0,2,1,395960.43728,,,,,,,395960.43728,,,,,2560000.0,,,154.167128,261,,,,1179713.0,686032.0,493681.0,12,13980000.0,560000.0
CAF,2020,CAR,中非共和国,0,0,,0,0,,0,0,,0,0,,0,0,,0,0,,0,0,,0,8,7,1183681.930654,,,,,,,1183681.930654,,,,,,,,192.867018,290,,,,1847048.0,596585.0,1250463.0,12,14990000.0,140000.0
CAF,2021,CAR,中非共和国,0,0,,0,0,,0,0,,0,0,,0,0,,0,0,,0,0,,0,1,1,2700000.0,,,,,,,2700000.0,,,,,,,,284.632108,266,,,,15148481.0,3154516.0,11993965.0,12,11740000.0,-900000.0
CAF,2022,CAR,中非共和国,0,0,,0,0,,0,0,,0,0,,0,0,,0,0,,0,0,,0,0,0,,,,,,,,,,,,,,,,189.131074,264,,,,442197.0,135276.0,306921.0,12,9580000.0,0.0
CAF,2023,CAR,中非共和国,0,0,,0,0,,0,0,,0,0,,0,0,,0,0,,0,0,,0,0,0,,,,,,,,,,,,,,,,223.632473,260,,,,158790.0,75169.0,83621.0,12,4120000.0,130000.0
CAF,2024,CAR,中非共和国,0,0,,0,0,,0,0,,0,0,,0,0,,0,0,,0,0,,0,0,0,,,,,,,,,,,,,,,,,,,,,0.0,0.0,0.0,6,1210000.0,960000.0
CIV,2000,Cote d'Ivoire,科特迪瓦,1,1,2863383.137489,0,0,,0,0,,0,0,,0,0,,0,0,,0,0,,0,0,0,,,,,,,,,,2863383.137489,,,,,,39.427978,161,2690829.87877328,2690829.87877328,,,,,,,
CIV,2001,Cote d'Ivoire,科特迪瓦,0,0,,0,0,,0,0,,0,0,,0,0,,0,0,,0,0,,0,0,0,,,,,,,,,,,,,,,,43.735114,165,,,,,,,,,
CIV,2002,Cote d'Ivoire,科特迪瓦,3,2,52995663.02188,0,0,,0,0,,0,0,,0,0,,0,0,,0,0,,0,0,0,,,,,,,,,,52995663.02188,,,,,,86.139163,188,128434151.9570264,49802033.6517096,,,,,,,
CIV,2003,Cote d'Ivoire,科特迪瓦,1,0,,0,0,,0,0,,0,0,,0,0,,0,0,,0,0,,0,0,0,,,,,,,,,,,,,,,,72.799598,217,,,,,,,,8050000.000000001,620000.0
CIV,2004,Cote d'Ivoire,科特迪瓦,0,0,,0,0,,0,0,,0,0,,0,0,,0,0,,0,0,,0,0,0,,,,,,,,,,,,,,,,99.204808,220,4777041.65380741,,,,,,,14100000.0,6750000.0
CIV,2005,Cote d'Ivoire,科特迪瓦,0,0,,0,0,,0,0,,0,0,,0,0,,0,0,,0,0,,0,0,0,,,,,,,,,,,,,,,,102.904235,212,,,,,,,,29110000.0,8740000.0
CIV,2006,Cote d'Ivoire,科特迪瓦,4,2,5618795.67461,0,0,,0,0,,0,0,,0,0,,0,0,,0,0,,0,1,0,,,,,,5618795.67461,,,,,,,,,,145.777066,233,71673866.08390938,5280195.194942077,,,,,,25040000.0,-2910000.0
CIV,2007,Cote d'Ivoire,科特迪瓦,3,2,41400827.776226,0,0,,0,0,,1,1,24600000.0,0,0,,0,0,,0,0,,0,1,0,,,,,,2080144.500279,39320683.275947,,,,,,24600000.0,,,146.64083,246,62413854.17950358,38905925.33666987,,,,,,28180000.0,1740000.0
CIV,2008,Cote d'Ivoire,科特迪瓦,5,5,50089401.589096,1,1,34530000.0,0,0,,0,0,,0,0,,0,0,,0,0,,0,3,3,1538996.226775,,,,,1453182.031241,,1538996.226775,,48636219.557855,34530000.0,,,,,249.426632,252,128647327.0880546,52090960.51548218,,,,,,21160000.0,-7020000.0
CIV,2009,Cote d'Ivoire,科特迪瓦,2,1,10149760.030492,0,0,,0,0,,0,0,,0,0,,0,0,,0,0,,0,1,1,10988860.581097,,,,,10149760.030492,,10988860.581097,,,,,,,,212.631908,264,28621974.4626787,9538113.6394498,,,,,,37650000.0,1510000.0
CIV,2010,Cote d'Ivoire,科特迪瓦,2,1,36480320.185634,1,1,59080000.0,0,0,,0,0,,0,0,,0,0,,0,0,,0,0,0,,,,,,,,,,36480320.185634,59080000.0,,,,,306.608175,256,105702654.4002441,34281941.9676467,,,,,,32990000.000000004,-5020000.0
CIV,2011,Cote d'Ivoire,科特迪瓦,5,5,150378592.240923,0,0,,0,0,,1,0,,0,0,,0,0,,0,0,,0,0,0,,,,,,6749219.011544,13185321.876036,,,130444051.353343,,,,,,213.214002,260,157834811.9243754,18733241.57547646,122575430.588519,,,,,34670000.0,870000.0
CIV,2012,Cote d'Ivoire,科特迪瓦,12,9,164595137.395946,2,2,210170000.0,0,0,,0,0,,0,0,,0,0,,0,0,,0,1,1,7725311.633498,,,,,48993055.442993,,7725311.633498,,115602081.952953,210170000.0,,,,,250.891498,241,157021462.1754054,138096354.6239834,,,,,,40040000.0,3610000.0
CIV,2013,Cote d'Ivoire,科特迪瓦,5,4,521105973.770242,1,1,500000000.0,0,0,,0,0,,0,0,,2,2,558200000.0,1,1,500000000.0,4,1,1,1462715.334364,275.0,,486200000.0,,4120328.200792,,1462715.334364,,516985645.56945,500000000.0,,,500000000.0,72000000.0,286.176164,229,525081657.1853123,,485830935.109894,,,,,35000000.0,-4790000.0
CIV,2014,Cote d'Ivoire,科特迪瓦,12,7,1004549516.610114,2,2,891410000.0,0,0,,0,0,,0,0,,0,0,,0,0,,0,3,1,898396.36829,,,,,19420519.442313,,898396.36829,,985128997.167801,891410000.0,,,,,357.736639,236,910253505.0271072,145613305.1528193,764640199.874288,,,,,64290000.00000001,24260000.0
CIV,2015,Cote d'Ivoire,科特迪瓦,6,4,851192425.908458,2,2,769380000.0,0,0,,0,0,,0,0,,0,0,,2,2,769380000.0,0,0,0,,,,,,37466001.127514,,,,813726424.780944,769380000.0,,,769380000.0,,302.928395,286,799897735.7890505,208057908.8140084,591839826.975042,1516294.0,1221.0,1515073.0,12,126780000.0,60240000.0
CIV,2016,Cote d'Ivoire,科特迪瓦,7,3,100359492.556614,1,1,57110000.0,0,0,,0,0,,0,0,,0,0,,0,0,,0,1,0,,,,,,16553.557581,,,,100342938.999033,57110000.0,,,,,440.646027,279,153113300.8371535,94578766.14234468,58534534.6948088,6502140.0,5854390.0,647750.0,12,179660000.0,56530000.0
CIV,2017,Cote d'Ivoire,科特迪瓦,9,5,151624041.384334,2,2,127960000.0,0,0,,0,0,,0,0,,0,0,,0,0,,0,0,0,,,,,,24069590.580638,,,,127554450.803696,127960000.0,,,,,455.407817,261,162932555.3221553,119979442.9396321,,19788114.0,262216.0,19525898.0,12,303680000.0,112690000.0
CIV,2018,Cote d'Ivoire,科特迪瓦,33,17,1241699354.198037,1,1,297430000.0,0,0,,0,0,,0,0,,0,0,,0,0,,0,1,1,346044.053705,,,,,30855087.44951,,346044.053705,,1210844266.748527,297430000.0,,,,,444.006385,259,,,,20945361.0,152722.0,20792639.0,12,441540000.0,163680000.0
CIV,2019,Cote d'Ivoire,科特迪瓦,20,12,1241253703.8359,2,2,572910000.0,0,0,,0,0,,0,0,,1,1,290000000.0,1,1,289100000.0,3,2,0,,111.9,,290000000.0,,242444.948489,,,,1241011258.887411,572910000.0,,,289100000.0,,379.801179,268,,,,14077167.0,17425.0,14059742.0,12,564340000.0,85260000.0
CIV,2020,Cote d'Ivoire,科特迪瓦,22,18,922373025.367057,0,0,,0,0,,0,0,,0,0,,0,0,,0,0,,0,16,14,1519587.222011,,,,,1403794.401613,,1519587.222011,,920969230.965444,,,,,,599.856173,292,,,,1158119.0,956888.0,201231.0,12,666850000.0,78860000.0
CIV,2021,Cote d'Ivoire,科特迪瓦,5,2,15244107.832517,0,0,,0,0,,0,0,,0,0,,0,0,,0,0,,0,2,2,16531200.0,,,,,15244107.832517,,16531200.0,,,,,,,,933.309147,271,,,,990716.0,942180.0,48536.0,12,793190000.0,64170000.0
CIV,2022,Cote d'Ivoire,科特迪瓦,2,2,84926085.930446,1,1,199660000.0,0,0,,0,0,,0,0,,0,0,,0,0,,0,0,0,,,,,,51505788.231037,,,,33420297.699409,199660000.0,,,,,584.856534,268,,,,916277.0,801911.0,114366.0,12,808510000.0,223160000.0
CIV,2023,Cote d'Ivoire,科特迪瓦,14,7,210270436.444197,0,0,,0,0,,0,0,,0,0,,0,0,,0,0,,0,0,0,,,,,,582742.947742,,,,209687693.496455,,,,,,513.175719,267,,,,1482084.0,63678.0,1418406.0,12,890240000.0,100730000.0
CIV,2024,Cote d'Ivoire,科特迪瓦,0,0,,0,0,,0,0,,0,0,,0,0,,0,0,,0,0,,0,0,0,,,,,,,,,,,,,,,,,,,,,0.0,0.0,0.0,6,759850000.0,-48820000.0
CMR,2000,Cameroon,喀麦隆,1,0,,0,0,,0,0,,0,0,,0,0,,0,0,,0,0,,0,1,0,,,,,,,,,,,,,,,,42.092157,160,,6188908.72117855,,,,,,,
CMR,2001,Cameroon,喀麦隆,2,2,135926403.441,0,0,,0,0,,1,1,22900000.0,0,0,,0,0,,0,0,,0,0,0,,,,,,56960664.210693,78965739.230307,,,,,,22900000.0,,,52.125184,165,,,,,,,,,
CMR,2002,Cameroon,喀麦隆,2,0,,0,0,,0,0,,1,1,71000000.0,1,1,5150000.0,0,0,,0,0,,0,1,0,,,,,,,,,,,,5150000.0,71000000.0,,,43.53214,180,224304.424133135,9477533.70589976,,,,,,,
CMR,2003,Cameroon,喀麦隆,3,3,13868899.063226,0,0,,0,0,,0,0,,0,0,,0,0,,0,0,,0,3,3,15015554.566637,,,,,13868899.063226,,15015554.566637,,,,,,,,65.679296,204,13760920.20450484,,,,,,,5730000.0,280000.0
CMR,2004,Cameroon,喀麦隆,1,0,,0,0,,1,1,3620000.0,0,0,,0,0,,0,0,,0,0,,0,1,0,,,,,3620000.0,,,,,,,,,,,102.466006,236,,4942402.13514935,,,,,,6980000.0,370000.0
CMR,2005,Cameroon,喀麦隆,1,0,,0,0,,0,0,,0,0,,0,0,,0,0,,0,0,,0,0,0,,,,,,,,,,,,,,,,108.869357,240,,7126224.83040262,,,,,,7870000.0,190000.0
CMR,2006,Cameroon,喀麦隆,3,2,1753292.931776,0,0,,1,1,5020000.0,0,0,,0,0,,0,0,,0,0,,0,1,0,,,,,5020000.0,1753292.931776,,,,,,,,,,136.749554,262,1647635.80130208,176343.327479734,,,,,,16460000.0,730000.0
CMR,2007,Cameroon,喀麦隆,15,11,193375817.147481,0,0,,9,9,105880000.0,1,1,32000000.0,0,0,,0,0,,0,0,,0,5,4,12902807.602414,,7096555.031048,,105880000.0,15608620.899839,53251699.207143,5806252.571366,,124515497.040499,,,32000000.0,,,136.606795,272,193188480.3308466,33998467.61134856,,,,,,18510000.0,2049999.9999999998
CMR,2008,Cameroon,喀麦隆,3,1,34554738.245906,0,0,,0,0,,0,0,,0,0,,0,0,,0,0,,0,1,0,,,,,,,,,,34554738.245906,,,,,,143.339309,272,3808774.45634688,39233862.4876615,,,,,,20340000.0,1690000.0
CMR,2009,Cameroon,喀麦隆,9,9,295504048.200075,3,3,190160000.0,5,5,204790000.0,0,0,,0,0,,1,1,53000000.0,0,0,,0,4,4,23085841.556927,,10993257.884251,53000000.0,204790000.0,11374939.460638,,12092583.672676,,284129108.739437,190160000.0,,,,,159.384197,285,267581891.8231338,25976951.3525791,,,,,,25050000.0,820000.0
CMR,2010,Cameroon,喀麦隆,10,6,140749906.200999,2,2,76300000.0,4,4,97690000.0,1,1,4100000.0,0,0,,0,0,,1,1,44470000.0,3,2,0,,15.0,,,97690000.0,,5700050.029005,,,135049856.171994,76300000.0,,4100000.0,44470000.0,,132.793458,276,137118349.2874986,,,,,,,59610000.0,14880000.0
CMR,2011,Cameroon,喀麦隆,10,6,655575661.599694,4,4,1097670000.0,5,5,1113150000.0,0,0,,0,0,,0,0,,1,1,541570000.0,4,3,2,2187871.273867,210.0,,,1113150000.0,2021749.354326,,2187871.273867,,653553912.245368,1097670000.0,,,541570000.0,,239.954926,280,1202727285.156857,18207274.88547601,,,,,,61540000.0,1870000.0
CMR,2012,Cameroon,喀麦隆,10,8,760588933.479059,3,3,974820000.0,3,3,974830000.0,0,0,,0,0,,1,1,541000000.0,0,0,,0,2,1,744455.608443,,,541000000.0,974830000.0,20414516.785339,,744455.608443,,740174416.69372,974820000.0,,,,,186.041931,262,706549642.4826826,97674270.05579296,,,,,,79500000.0,17650000.0
CMR,2013,Cameroon,喀麦隆,9,8,1030803351.769314,3,3,395710000.0,5,5,423150000.0,0,0,,0,0,,0,0,,0,0,,0,1,1,1009028.660322,,,,423150000.0,59613189.698414,,1009028.660322,,971190162.0709,395710000.0,,,,,232.455342,253,470199622.6772851,1962702.14217746,,,,,,148400000.0,57200000.0
CMR,2014,Cameroon,喀麦隆,5,2,395669110.306597,1,1,385810000.0,1,1,385810000.0,0,0,,0,0,,0,0,,0,0,,0,2,1,1791.364902,,,,385810000.0,1659.423617,,1791.364902,,395667450.88298,385810000.0,,,,,231.893012,257,371825260.6095144,2023877.514161832,,,,,,177840000.0,29740000.0
CMR,2015,Cameroon,喀麦隆,13,9,2206636340.757894,3,3,1097760000.0,4,4,1187860000.0,0,0,,0,0,,1,1,90000000.0,0,0,,0,1,0,,,,90000000.0,1187860000.0,16227276.090368,,,,2190409064.667526,1097760000.0,,,,,316.775184,287,1198021056.376993,11542897.42651009,804822.5085812476,3023737.0,1006665.0,2017072.0,12,207340000.0,24670000.0
CMR,2016,Cameroon,喀麦隆,9,5,661683370.520564,2,2,206490000.0,2,2,206980000.0,0,0,,0,0,,1,1,81000000.0,0,0,,0,2,0,,,,81000000.0,206980000.0,5533562.248243,,,,656149808.272321,206490000.0,,,,,268.624565,279,144683213.7204368,64607032.83628845,,3802679.0,707321.0,3095358.0,12,366740000.0,114230000.0
CMR,2017,Cameroon,喀麦隆,14,11,1048104712.594764,3,3,814270000.0,5,5,969440000.0,0,0,,0,0,,1,1,142000000.0,1,1,141840000.0,0,0,0,,,,142000000.0,969440000.0,16307071.901787,,,,1031797640.692977,814270000.0,,,141840000.0,,410.496132,259,915784994.3181102,31284633.56392741,,1280132.0,455542.0,824590.0,12,424360000.0,87990000.0
CMR,2018,Cameroon,喀麦隆,12,6,184349622.076166,2,2,122360000.0,2,2,131530000.0,0,0,,0,0,,0,0,,0,0,,0,2,0,,,,,131530000.0,11203987.405902,,,,173145634.670264,122360000.0,,,,,344.536909,259,,,,1184902.0,136121.0,1048781.0,12,499210000.0,141790000.0
CMR,2019,Cameroon,喀麦隆,8,4,188954073.013924,0,0,,2,2,100910000.0,1,1,78000000.0,1,1,253000000.0,0,0,,0,0,,0,1,0,,,,,100910000.0,84194881.861988,,,,104759191.151936,,253000000.0,78000000.0,,,345.330998,267,,,,3431696.0,2446207.0,985489.0,12,303900000.0,-33690000.0
CMR,2020,Cameroon,喀麦隆,27,13,77080258.424605,0,0,,0,0,,0,0,,0,0,,0,0,,0,0,,0,23,12,7302607.256661,,,,,6835788.469173,,7302607.256661,,70244469.955432,,,,,,550.146361,290,,,,7242448.0,2261015.0,4981433.0,12,442740000.0,44710000.0
CMR,2021,Cameroon,喀麦隆,13,4,109024137.179332,0,0,,0,0,,0,0,,0,0,,0,0,,0,0,,0,6,2,21600000.0,,,,,62808568.068999,,21600000.0,,46215569.110333,,,,,,658.542522,268,,,,10655439.0,7911499.0,2743940.0,12,433550000.0,-23440000.0
CMR,2022,Cameroon,喀麦隆,8,1,65814.387058,0,0,,0,0,,0,0,,0,0,,0,0,,0,0,,0,0,0,,,,,,65814.387058,,,,,,,,,,457.930917,265,,,,4584805.0,211712.0,4373093.0,12,389680000.0,-110990000.0
CMR,2023,Cameroon,喀麦隆,6,0,,0,0,,0,0,,0,0,,0,0,,0,0,,0,0,,0,0,0,,,,,,,,,,,,,,,,419.080296,263,,,,9241471.0,2581.0,9238890.0,12,544580000.0,73850000.0
CMR,2024,Cameroon,喀麦隆,0,0,,0,0,,0,0,,0,0,,0,0,,0,0,,0,0,,0,0,0,,,,,,,,,,,,,,,,,,,,,7152667.0,177778.0,6974889.0,6,397220000.0,-4840000.0
COD,2000,"Congo, Dem. Rep.",刚果（金）,6,5,46603967.537282,0,0,,0,0,,0,0,,0,0,,0,0,,0,0,,0,0,0,,,,,,23696902.437371,,,,22907065.099911,,,,,,113.286722,145,43795518.20252525,22268879.17233905,21526639.0301862,,,,,,
COD,2001,"Congo, Dem. Rep.",刚果（金）,0,0,,0,0,,0,0,,0,0,,0,0,,0,0,,0,0,,0,0,0,,,,,,,,,,,,,,,,123.049208,146,,,,,,,,,
COD,2002,"Congo, Dem. Rep.",刚果（金）,2,2,55220194.289052,0,0,,0,0,,1,1,17800000.0,0,0,,0,0,,0,0,,0,0,0,,,,,,,55220194.289052,,,,,,17800000.0,,,132.798977,201,51892510.0173166,51892510.0173166,,,,,,,
COD,2003,"Congo, Dem. Rep.",刚果（金）,2,2,14679260.239533,0,0,,0,0,,0,0,,0,0,,0,0,,0,0,,0,0,0,,,,,,14679260.239533,,,,,,,,,,176.165684,235,13794658.06136059,13794658.06136059,,,,,,240000.0,60000.0
COD,2004,"Congo, Dem. Rep.",刚果（金）,4,1,7625004.859089,0,0,,0,0,,0,0,,0,0,,0,0,,0,0,,0,0,0,,,,,,7625004.859089,,,,,,,,,,217.794431,243,19108110.63159279,7165506.49707426,,,,,,15690000.0,11910000.0
COD,2005,"Congo, Dem. Rep.",刚果（金）,1,0,,0,0,,1,1,1220000.0,0,0,,0,0,,0,0,,0,0,,0,0,0,,,,,1220000.0,,,,,,,,,,,325.858512,245,2298782.20335568,,,,,,,25110000.0,5070000.0
COD,2006,"Congo, Dem. Rep.",刚果（金）,6,4,376764156.039353,0,0,,0,0,,0,0,,0,0,,0,0,,0,0,,0,0,0,,,,,,6418163.436687,,,,370345992.602666,,,,,,345.014102,267,256189006.4969388,61329629.63183278,186923927.128518,,,,,37610000.0,36730000.0
COD,2007,"Congo, Dem. Rep.",刚果（金）,6,4,255981674.820655,0,0,,1,1,1310000.0,1,1,37400000.0,0,0,,0,0,,0,0,,0,0,0,,,,,1310000.0,26964319.64527,54553079.080568,,,174464276.094817,,,37400000.0,,,345.491121,283,240555671.5425641,76604985.9101661,163950685.632398,,,,,104400000.0,57270000.0
COD,2008,"Congo, Dem. Rep.",刚果（金）,21,11,8802492824.01272,5,5,345250000.0,8,8,402170000.0,0,0,,0,0,,0,0,,0,0,,0,0,0,,,,,402170000.0,4765488.87506,,,,8797727335.13766,345250000.0,,,,,932.306253,284,8263550294.309937,113966532.8965814,4178873730.428327,,,,,134139999.99999999,23990000.0
COD,2009,"Congo, Dem. Rep.",刚果（金）,17,6,27475766.858099,2,2,55200000.0,5,5,98590000.0,0,0,,0,0,,0,0,,0,0,,0,0,0,,,,,98590000.0,27475766.858099,,,,,55200000.0,,,,,723.233668,291,172995215.973814,25820017.99414662,136677395.107001,,,,,397430000.0,227160000.0
COD,2010,"Congo, Dem. Rep.",刚果（金）,12,7,3761423.189843,0,0,,2,2,37860000.0,0,0,,0,0,,0,0,,0,0,,0,0,0,,,,,37860000.0,3761423.189843,,,,,,,,,,724.387087,285,172752088.4977467,3534752.185664999,125047587.2594159,,,,,630920000.0,236190000.0
COD,2011,"Congo, Dem. Rep.",刚果（金）,19,11,1056576940.560292,2,2,412630000.0,9,9,620130000.0,0,0,,0,0,,1,1,367000000.0,1,1,360000000.0,3,0,0,,150.0,,367000000.0,620130000.0,7715277.782513,,,,1048861662.777779,412630000.0,,,360000000.0,,769.387716,290,751307592.3566294,313384353.4573532,413141748.1845248,,,,,709260000.0,75180000.0
COD,2012,"Congo, Dem. Rep.",刚果（金）,15,12,125952019.117115,2,2,304130000.0,2,2,304160000.0,0,0,,0,0,,0,0,,0,0,,0,0,0,,,,,304160000.0,32366559.204825,,,,93585459.91229,304130000.0,,,,,937.083262,270,95954782.32308917,30416082.27668308,65538700.0464061,,,,,970490000.0,344170000.0
COD,2013,"Congo, Dem. Rep.",刚果（金）,14,11,2792344783.702507,0,0,,1,1,8000000.0,0,0,,0,0,,0,0,,0,0,,4,0,0,,12.0,,,8000000.0,10962010.538865,,,,2781382773.163642,,,,,,1076.54068,260,18202792.66778093,10301415.28381367,,,,,,1091760000.0,121270000.0
COD,2014,"Congo, Dem. Rep.",刚果（金）,12,7,249234108.551319,1,1,30000000.0,2,2,46290000.0,0,0,,0,0,,0,0,,0,0,,0,0,0,,,,,46290000.0,18484642.84648,,,,230749465.704839,30000000.0,,,,,1054.958198,262,46283255.45126156,17370719.53466386,28912535.9165977,,,,,2168670000.0,157560000.0
COD,2015,"Congo, Dem. Rep.",刚果（金）,43,14,801590562.684482,2,2,543600000.0,14,14,656700000.0,0,0,,0,0,,1,1,825000000.0,1,1,509430000.0,1,0,0,,240.0,,825000000.0,656700000.0,30967882.78512,,,,770622679.899362,543600000.0,,,509430000.0,,1548.481516,295,567229449.3905187,62694295.15114236,494703632.1182055,3179501.0,1255814.0,1923687.0,12,3239350000.0,213710000.0
COD,2016,"Congo, Dem. Rep.",刚果（金）,16,7,1572550927.735188,0,0,,11,11,98430000.0,0,0,,0,0,,0,0,,1,1,10000000.0,0,0,0,,,,,98430000.0,1911862.921211,,,,1570639064.813977,,,,10000000.0,,1223.633841,286,718252965.0288267,1796650.04603907,716456314.9827877,5018251.0,202655.0,4815596.0,12,3514980000.0,-78920000.0
COD,2017,"Congo, Dem. Rep.",刚果（金）,19,8,1419137756.784258,0,0,,2,2,10500000.0,0,0,,0,0,,0,0,,0,0,,0,0,0,,,,,10500000.0,82489969.222489,,,,1336647787.561769,,,,,,1327.426661,268,77518958.92877133,77518958.92877133,,3040180.0,156435.0,2883745.0,12,3884110000.0,340240000.0
COD,2018,"Congo, Dem. Rep.",刚果（金）,16,6,1075609982.878035,4,4,667150000.0,9,9,694650000.0,0,0,,0,0,,0,0,,1,1,299000000.0,0,0,0,,,,,694650000.0,1006296.294138,,,,1074603686.583897,667150000.0,,,299000000.0,,1367.723743,265,,,,5971215.0,987054.0,4984161.0,12,4444460000.0,643010000.0
COD,2019,"Congo, Dem. Rep.",刚果（金）,11,3,482238193.205697,0,0,,0,0,,0,0,,0,0,,0,0,,0,0,,0,0,0,,,,,,,,,,482238193.205697,,,,,,1841.148243,272,,,,3372086.0,878242.0,2493844.0,12,5596600000.0,930960000.0
COD,2020,"Congo, Dem. Rep.",刚果（金）,17,9,2595357890.304133,1,1,150000000.0,1,1,150000000.0,0,0,,0,0,,0,0,,0,0,,0,0,0,,,,,150000000.0,2381086.899642,,,,2592976803.404491,150000000.0,,,,,2034.602269,298,,,,7369588.0,689474.0,6680114.0,12,3688130000.0,611510000.0
COD,2021,"Congo, Dem. Rep.",刚果（金）,9,5,299696032.082854,0,0,,0,0,,0,0,,0,0,,0,0,,0,0,,0,0,0,,,,,,23053540.92945,,,,276642491.153404,,,,,,1728.517032,271,,,,6047920.0,1978648.0,4069272.0,12,4259359999.9999995,1045750000.0
COD,2022,"Congo, Dem. Rep.",刚果（金）,6,1,18898382.627642,0,0,,1,1,23990000.0,0,0,,0,0,,0,0,,0,0,,0,0,0,,,,,23990000.0,,,,,18898382.627642,,,,,,1619.155599,275,,,,11082348.0,310309.0,10772039.0,12,4129830000.0,391110000.0
COD,2023,"Congo, Dem. Rep.",刚果（金）,13,2,496972112.980579,0,0,,0,0,,0,0,,0,0,,0,0,,0,0,,0,0,0,,,,,,,,,,496972112.980579,,,,,,1518.714033,276,,,,5006576.0,7211.0,4999365.0,12,3914810000.0,160000000.0
COD,2024,"Congo, Dem. Rep.",刚果（金）,0,0,,1,1,240000000.0,1,1,240000000.0,0,0,,0,0,,0,0,,0,0,,0,0,0,,,,,240000000.0,,,,,,240000000.0,,,,,,,,,,1139831.0,211602.0,928229.0,6,4269319999.9999995,274130000.0
COG,2000,"Congo, Rep.",刚果（布）,0,0,,0,0,,1,1,24160000.0,0,0,,0,0,,0,0,,0,0,,0,1,0,,,,,24160000.0,,,,,,,,,,,11.808224,126,129712653.95286,9420562.248602323,,,,,,,
COG,2001,"Congo, Rep.",刚果（布）,0,0,,0,0,,0,0,,1,0,,0,0,,0,0,,0,0,,0,0,0,,,,,,,,,,,,,,,,11.040386,128,,,,,,,,,
COG,2002,"Congo, Rep.",刚果（布）,0,0,,0,0,,0,0,,0,0,,0,0,,0,0,,0,0,,0,1,1,24158020.227576,,,,,,,24158020.227576,,,,,,,,14.681936,146,20968564.8814178,20968564.8814178,,,,,,,
COG,2003,"Congo, Rep.",刚果（布）,0,0,,0,0,,1,1,238000000.0,0,0,,0,0,,1,1,238000000.0,0,0,,0,1,0,,,,238000000.0,238000000.0,,,,,,,,,,,14.697942,151,584546771.5059416,70392444.53265508,503237487.454479,,,,,0.0,0.0
COG,2004,"Congo, Rep.",刚果（布）,0,0,,0,0,,0,0,,0,0,,0,0,,0,0,,0,0,,0,0,0,,,,,,,,,,,,,,,,25.276363,176,6919362.98920909,6919362.98920909,,,,,,5650000.0,510000.0
COG,2005,"Congo, Rep.",刚果（布）,0,0,,0,0,,1,1,551510000.0,0,0,,0,0,,0,0,,0,0,,0,1,0,,,,,551510000.0,,,,,,,,,,,23.868912,190,1038788491.52233,,1038788491.52233,,,,,13320000.0,8109999.999999999
COG,2006,"Congo, Rep.",刚果（布）,0,0,,0,0,,10,10,1460360000.0,0,0,,0,0,,0,0,,0,0,,0,2,1,52830676.216674,,52830676.216674,,1460360000.0,,,,,,,,,,,29.038053,236,3508803993.987246,687310754.311506,,,,,,62900000.0,13240000.0
COG,2007,"Congo, Rep.",刚果（布）,0,0,,0,0,,0,0,,1,1,64000000.0,0,0,,0,0,,0,0,,0,1,0,,,,,,,,,,,,,64000000.0,,,29.676105,247,951184204.740175,824707961.538039,126476243.202136,,,,,65400000.00000001,2500000.0
COG,2008,"Congo, Rep.",刚果（布）,0,0,,2,2,266250000.0,1,1,160000000.0,0,0,,0,0,,0,0,,0,0,,0,2,1,1020436.456288,,,,160000000.0,,,1020436.456288,,,266250000.0,,,,,40.720197,261,107116423.0340643,101210473.6588111,,,,,,75420000.0,9790000.0
COG,2009,"Congo, Rep.",刚果（布）,0,0,,0,0,,0,0,,0,0,,0,0,,1,1,264000000.0,0,0,,0,4,2,26527777.180325,,,264000000.0,,,,26527777.180325,,,,,,,,37.04779,272,23407263.12508845,23407263.12508845,,,,,,115170000.0,28070000.0
COG,2010,"Congo, Rep.",刚果（布）,0,0,,0,0,,0,0,,0,0,,0,0,,0,0,,0,0,,0,1,0,,,,,,,,,,,,,,,,66.278094,262,306311358.99747,208006910.2777807,,,,,,135880000.0,34380000.0
COG,2011,"Congo, Rep.",刚果（布）,0,0,,0,0,,0,0,,0,0,,0,0,,0,0,,0,0,,0,4,0,,,,,,,,,,,,,,,,60.995423,274,199645499.2086216,122748827.5838641,76896671.6247575,,,,,142400000.0,6810000.0
COG,2012,"Congo, Rep.",刚果（布）,0,0,,2,2,1046620000.0,2,2,1047600000.0,0,0,,0,0,,1,1,142000000.0,0,0,,0,1,1,16437729.810962,,,142000000.0,1047600000.0,,,16437729.810962,,,1046620000.0,,,,,48.082485,239,2105935824.917199,1079358818.518208,,,,,,504900000.0,98800000.0
COG,2013,"Congo, Rep.",刚果（布）,0,0,,6,6,563290000.0,7,7,585790000.0,0,0,,0,0,,0,0,,2,2,128980000.0,3,2,1,1834597.564222,19.5,,,585790000.0,,,1834597.564222,,,563290000.0,,,128980000.0,,46.534324,233,678178881.2742319,302861234.5249766,,,,,,695430000.0,109940000.0
COG,2014,"Congo, Rep.",刚果（布）,0,0,,5,5,566540000.0,8,8,601290000.0,0,0,,0,0,,0,0,,0,0,,0,2,1,898396.36829,,,,601290000.0,,,898396.36829,,,566540000.0,,,,,39.787879,241,426917225.6822399,395634259.1964737,,,,,,988760000.0,238600000.0
COG,2015,"Congo, Rep.",刚果（布）,0,0,,0,0,,0,0,,0,0,,0,0,,0,0,,0,0,,0,1,0,,,,,,,,,,,,,,,,44.800554,253,,,,3961093.0,1334448.0,2626645.0,12,1088670000.0,150080000.0
COG,2016,"Congo, Rep.",刚果（布）,0,0,,0,0,,0,0,,0,0,,0,0,,0,0,,0,0,,0,1,1,1234538.458425,,,,,,,1234538.458425,,,,,,,,59.725295,265,1143385.397871822,1143385.397871822,,2419562.0,893887.0,1525675.0,12,782910000.0,49130000.0
COG,2017,"Congo, Rep.",刚果（布）,0,0,,3,3,376690000.0,3,3,376640000.0,0,0,,0,0,,0,0,,0,0,,0,5,2,1744544.235554,,,,376640000.0,,,1744544.235554,,,376690000.0,,,,,50.35815,248,450281867.2379004,274607917.2805625,160875460.47,3571799.0,3702.0,3568097.0,12,1126060000.0,284170000.0
COG,2018,"Congo, Rep.",刚果（布）,0,0,,0,0,,0,0,,0,0,,1,1,116000000.0,0,0,,0,0,,0,1,0,,,,,,,,,,,,116000000.0,,,,44.534544,244,,,,5579696.0,1051416.0,4528280.0,12,795100000.0,-292640000.0
COG,2019,"Congo, Rep.",刚果（布）,0,0,,0,0,,0,0,,1,1,20000000.0,1,1,1612000000.0,0,0,,0,0,,0,0,0,,,,,,,,,,,,1612000000.0,20000000.0,,,53.411164,237,,,,4894331.0,525661.0,4368670.0,12,609840000.0,94590000.0
COG,2020,"Congo, Rep.",刚果（布）,0,0,,0,0,,0,0,,0,0,,0,0,,0,0,,0,0,,0,7,3,224199.444045,,,,,,,224199.444045,,,,,,,,93.577288,284,,,,10262456.0,921177.0,9341279.0,12,1130880000.0,247490000.0
COG,2021,"Congo, Rep.",刚果（布）,0,0,,0,0,,0,0,,0,0,,0,0,,0,0,,0,0,,0,5,4,6253446.341947,,,,,,,6253446.341947,,,,,,,,531.813373,260,,,,5249989.0,4431205.0,818784.0,12,967090000.0,166110000.0
COG,2022,"Congo, Rep.",刚果（布）,0,0,,0,0,,0,0,,0,0,,0,0,,0,0,,0,0,,0,0,0,,,,,,,,,,,,,,,,264.689667,260,,,,2584918.0,1041618.0,1543300.0,12,395220000.0,-81100000.0
COG,2023,"Congo, Rep.",刚果（布）,0,0,,0,0,,0,0,,0,0,,0,0,,0,0,,0,0,,0,0,0,,,,,,,,,,,,,,,,119.726915,239,,,,736858.0,187018.0,549840.0,12,680010000.0,234780000.0
COG,2024,"Congo, Rep.",刚果（布）,0,0,,0,0,,0,0,,0,0,,0,0,,0,0,,0,0,,0,0,0,,,,,,,,,,,,,,,,,,,,,36928.0,0.0,36928.0,6,878270000.0,238410000.0
COM,2000,Comoros,科摩罗,1,1,11858788.212714,0,0,,0,0,,0,0,,0,0,,0,0,,0,0,,0,0,0,,,,,,11858788.212714,,,,,,,,,,7.918867,123,11144153.6520331,11144153.6520331,,,,,,,
COM,2001,Comoros,科摩罗,2,2,17224496.809915,0,0,,0,0,,1,1,5000000.0,0,0,,0,0,,0,0,,0,0,0,,,,,,5611888.099576,11612608.710339,,,,,,5000000.0,,,7.692285,132,,,,,,,,,
COM,2002,Comoros,科摩罗,2,1,82562.942617,0,0,,0,0,,0,0,,0,0,,0,0,,0,0,,0,1,0,,,,,,82562.942617,,,,,,,,,,11.520659,126,77587.5272079827,,77587.5272079827,,,,,,
COM,2003,Comoros,科摩罗,1,0,,0,0,,0,0,,0,0,,0,0,,0,0,,0,0,,0,1,0,,,,,,,,,,,,,,,,14.173355,149,,,,,,,,0.0,0.0
COM,2004,Comoros,科摩罗,4,2,19140757.63602,0,0,,1,1,8000000.0,0,0,,0,0,,0,0,,0,0,,0,0,0,,,,,8000000.0,19140757.63602,,,,,,,,,,12.148982,180,17987296.49809204,17987296.49809204,,,,,,10000.0,0.0
COM,2005,Comoros,科摩罗,4,3,6046988.155313,0,0,,0,0,,1,1,3300000.0,0,0,,0,0,,0,0,,0,0,0,,,,,,33996.598214,6012991.557099,,,,,,3300000.0,,,9.681306,164,5682584.194385886,5682584.194385886,,,,,,10000.0,0.0
COM,2006,Comoros,科摩罗,2,1,2589150.132068,0,0,,0,0,,1,0,,0,0,,0,0,,0,0,,0,1,0,,,,,,2589150.132068,,,,,,,,,,9.546139,181,2433122.48354326,2433122.48354326,,,,,,4050000.0,0.0
COM,2007,Comoros,科摩罗,1,1,531700.650956,0,0,,0,0,,0,0,,0,0,,0,0,,0,0,,0,1,1,575764.602523,,,,,531700.650956,,575764.602523,,,,,,,,9.387239,195,5631761.28705303,499659.2324035,,,,,,4050000.0,0.0
COM,2008,Comoros,科摩罗,3,1,1418556.403771,0,0,,0,0,,0,0,,0,0,,0,0,,0,0,,0,1,0,,,,,,1418556.403771,,,,,,,,,,9.875054,201,1333071.05972141,1333071.05972141,,,,,,4050000.0,0.0
COM,2009,Comoros,科摩罗,3,1,15358670.490318,0,0,,0,0,,0,0,,0,0,,0,0,,0,0,,0,2,1,16628401.875718,,,,,15358670.490318,,16628401.875718,,,,,,,,14.166342,196,14433123.940608,14433123.940608,,,,,,4050000.0,0.0
COM,2010,Comoros,科摩罗,7,2,42235526.944498,1,1,31760000.0,1,1,31760000.0,0,0,,0,0,,0,0,,0,0,,0,1,0,,,,,31760000.0,1385168.403293,,,,40850358.541205,31760000.0,,,,,26.454054,210,45046881.70578153,39690328.27333674,,,,,,4040000.0,-10000.0
COM,2011,Comoros,科摩罗,0,0,,0,0,,0,0,,0,0,,0,0,,0,0,,0,0,,0,0,0,,,,,,,,,,,,,,,,19.264636,201,,,,,,,,4040000.0,0.0
COM,2012,Comoros,科摩罗,6,2,783149.782506,0,0,,0,0,,0,0,,0,0,,0,0,,0,0,,0,3,0,,,,,,783149.782506,,,,,,,,,,30.159616,197,15266120.8765676,735955.5295611001,,,,,,4540000.0,500000.0
COM,2013,Comoros,科摩罗,3,1,558162.433197,0,0,,0,0,,0,0,,0,0,,0,0,,0,0,,0,1,0,,,,,,558162.433197,,,,,,,,,,25.279734,182,16327281.0854199,524526.3174854,,,,,,4540000.0,0.0
COM,2014,Comoros,科摩罗,3,2,34828651.188505,0,0,,0,0,,0,0,,0,0,,0,0,,0,0,,0,1,0,,,,,,34828651.188505,,,,,,,,,,20.346718,193,32729803.68573303,32729803.68573303,,,,,,4540000.0,0.0
COM,2015,Comoros,科摩罗,4,3,1114243.56075,0,0,,0,0,,0,0,,0,0,,0,0,,0,0,,0,0,0,,,,,,370627.62508,,,743615.93567,,,,,,,20.959699,205,348292.8055967598,348292.8055967598,,1216778.0,123821.0,1092957.0,12,4530000.0,0.0
COM,2016,Comoros,科摩罗,10,2,6225967.801771,0,0,,0,0,,0,0,,0,0,,0,0,,0,0,,0,3,0,,,,,,6225967.801771,,,,,,,,,,28.688458,212,5850777.90545869,5850777.90545869,,1997774.0,845157.0,1152617.0,12,4530000.0,0.0
COM,2017,Comoros,科摩罗,7,2,3731325.669645,0,0,,0,0,,1,1,1430000.0,0,0,,0,0,,0,0,,0,3,0,,,,,,2194897.452732,1536428.216913,,,,,,1430000.0,,,18.983441,198,10905713.27628461,3506468.53261563,,2290840.0,0.0,2290840.0,12,4530000.0,0.0
COM,2018,Comoros,科摩罗,11,6,96545367.97099,1,1,85650000.0,1,1,85670000.0,0,0,,0,0,,0,0,,0,0,,0,2,0,,,,,85670000.0,10276440.191803,,,,86268927.779187,85650000.0,,,,,25.55788,215,,,,5190351.0,167766.0,5022585.0,12,5450000.0,930000.0
COM,2019,Comoros,科摩罗,5,2,13722335.639318,0,0,,0,0,,0,0,,0,0,,0,0,,0,0,,0,3,1,130896.012324,,,,,13722335.639318,,130896.012324,,,,,,,,23.375555,207,,,,688858.0,502097.0,186761.0,12,1830000.0,130000.0
COM,2020,Comoros,科摩罗,2,2,128592.911069,0,0,,0,0,,0,0,,0,0,,0,0,,0,0,,0,2,2,139199.974211,,,,,128592.911069,,139199.974211,,,,,,,,38.354245,242,,,,2002957.0,623836.0,1379121.0,12,1180000.0,-50000.0
COM,2021,Comoros,科摩罗,7,4,4992631.928951,0,0,,0,0,,0,0,,0,0,,0,0,,0,0,,0,7,3,5400000.0,,,,,4992631.928951,,5400000.0,,,,,,,,73.589718,232,,,,4224064.0,3928109.0,295955.0,12,1040000.0,-160000.0
COM,2022,Comoros,科摩罗,2,0,,0,0,,0,0,,0,0,,0,0,,0,0,,0,0,,0,0,0,,,,,,,,,,,,,,,,43.382315,233,,,,3735589.0,753726.0,2981863.0,12,1330000.0,530000.0
COM,2023,Comoros,科摩罗,5,0,,0,0,,0,0,,0,0,,0,0,,0,0,,0,0,,0,0,0,,,,,,,,,,,,,,,,26.863696,222,,,,1720903.0,81493.0,1639410.0,12,1350000.0,40000.0
COM,2024,Comoros,科摩罗,0,0,,0,0,,0,0,,0,0,,0,0,,0,0,,0,0,,0,0,0,,,,,,,,,,,,,,,,,,,,,0.0,0.0,0.0,6,1530000.0,190000.0
CPV,2000,Cape Verde,佛得角,2,1,6585781.216224,0,0,,0,0,,0,0,,0,0,,0,0,,0,0,,0,1,0,,,,,,6585781.216224,,,,,,,,,,5.390415,95,6188908.72117855,,,,,,,,
CPV,2001,Cape Verde,佛得角,5,2,15919927.530227,0,0,,0,0,,0,0,,0,0,,0,0,,0,0,,0,3,1,2137619.241924,,,,,1974385.602782,13945541.927445,2137619.241924,,,,,,,,15.997022,100,,,,,,,,,
CPV,2002,Cape Verde,佛得角,3,3,12149340.464405,0,0,,0,0,,0,0,,0,0,,0,0,,0,0,,0,1,1,2234697.367191,,,,,12149340.464405,,2234697.367191,,,,,,,,7.854625,102,9477533.70589976,,,,,,,,
CPV,2003,Cape Verde,佛得角,2,0,,0,0,,0,0,,0,0,,0,0,,0,0,,0,0,,0,0,0,,,,,,,,,,,,,,,,16.016354,125,,13033130.903251,,,,,,0.0,0.0
CPV,2004,Cape Verde,佛得角,2,1,5259340.747437,0,0,,0,0,,0,0,,0,0,,0,0,,0,0,,0,1,0,,,,,,5259340.747437,,,,,,,,,,18.547349,131,4942402.13514935,,,,,,,10000.0,0.0
CPV,2005,Cape Verde,佛得角,1,1,7583204.34286,0,0,,0,0,,0,0,,0,0,,0,0,,0,0,,0,1,1,8210882.78881,,8210882.78881,,,,,,,7583204.34286,,,,,,23.720732,128,7126224.83040262,,,,,,,600000.0,320000.0
CPV,2006,Cape Verde,佛得角,2,1,187651.609289,0,0,,1,1,2400000.0,0,0,,0,0,,0,0,,0,0,,0,3,2,5301286.928022,,5098092.019496,,2400000.0,187651.609289,,203194.908526,,,,,,,,23.797206,140,4600738.195633144,1647635.80130208,,,,,,1650000.0,230000.0
CPV,2007,Cape Verde,佛得角,3,3,36178671.758935,0,0,,0,0,,1,0,,0,0,,0,0,,0,0,,0,0,0,,,,,,,32798450.618125,,,3380221.14081,,,,,,21.107229,151,46315512.54250744,178446753.2477784,,,,,,4650000.0,90000.0
CPV,2008,Cape Verde,佛得角,4,3,41749797.560053,0,0,,1,1,12700000.0,0,0,,0,0,,0,0,,0,0,,0,1,0,,,,,12700000.0,1682.597079,,,,41748114.962974,,,,,,23.147202,137,39233862.4876615,,,,,,,5130000.0,480000.0
CPV,2009,Cape Verde,佛得角,1,1,27642763.812536,0,0,,0,0,,0,0,,0,0,,0,0,,0,0,,0,0,0,,,,,,,,,,27642763.812536,,,,,,14.325865,122,25976951.3525791,73093686.01138166,194488205.8117521,,,,,5040000.0,0.0
CPV,2010,Cape Verde,佛得角,2,0,,0,0,,1,1,17000000.0,0,0,,0,0,,0,0,,0,0,,0,1,0,,,,,17000000.0,,,,,,,,,,,22.155112,174,,65528503.65690809,53734667.5224411,,,,,4580000.0,-460000.0
CPV,2011,Cape Verde,佛得角,3,3,19374845.735779,0,0,,0,0,,0,0,,0,0,,0,0,,0,0,,0,2,2,3901725.282415,,,,,19374845.735779,,3901725.282415,,,,,,,,35.463624,173,18207274.88547601,147780289.6289682,1030165504.813138,,,,,4580000.0,0.0
CPV,2012,Cape Verde,佛得角,7,5,103937779.224525,0,0,,1,1,12000000.0,0,0,,0,0,,0,0,,0,0,,0,2,0,,,,,12000000.0,17124321.783641,,,,86813457.440884,,,,,,26.630944,137,97674270.05579296,19184295.06986454,663148405.1678071,,,,,11600000.0,0.0
CPV,2013,Cape Verde,佛得角,1,1,2088563.656006,0,0,,0,0,,0,0,,0,0,,0,0,,0,0,,0,1,1,2278570.174763,,2278570.174763,,,,,,,2088563.656006,,,,,,36.042588,153,25666834.29407922,291323784.1468722,151142003.912688,,,,,15230000.0,130000.0
CPV,2014,Cape Verde,佛得角,4,2,2153661.679912,0,0,,0,0,,0,0,,0,0,,0,0,,0,0,,0,1,0,,,,,,2153661.679912,,,,,,,,,,28.560913,145,170680337.0276479,1559.42327243985,371823701.186242,,,,,15180000.0,100000.0
CPV,2015,Cape Verde,佛得角,8,4,13139536.737932,0,0,,0,0,,0,0,,0,0,,0,0,,0,0,,0,1,1,3161794.76343,,,,,13139536.737932,,3161794.76343,,,,,,,,24.075278,133,15117561.49645837,95492551.94322379,1102528504.433769,1071946.0,0.0,1071946.0,12,15180000.0,0.0
CPV,2016,Cape Verde,佛得角,8,4,80239858.354953,0,0,,0,0,,0,0,,0,0,,0,0,,0,0,,0,2,0,,,,,,80239858.354953,,,,,,,,,,11.986776,151,81970404.09123136,144683213.7204368,,2461283.0,56.0,2461227.0,12,15230000.0,50000.0
CPV,2017,Cape Verde,佛得角,12,7,83194827.16089,0,0,,1,1,12500000.0,0,0,,0,0,,0,0,,0,0,,0,1,0,,,,,12500000.0,69888220.873344,,,,13306606.287546,,,,,,10.874841,135,31284633.56392741,305149100.0539966,609600000.0,4172169.0,142039.0,4030130.0,12,14630000.0,0.0
CPV,2018,Cape Verde,佛得角,5,1,23699.466026,0,0,,0,0,,0,0,,0,0,,0,0,,0,0,,0,1,0,,,,,,23699.466026,,,,,,,,,,12.882952,138,,,,15333651.0,9305046.0,6028605.0,12,14630000.0,0.0
CPV,2019,Cape Verde,佛得角,6,1,46923.681623,0,0,,0,0,,0,0,,0,0,,0,0,,0,0,,0,0,0,,,,,,46923.681623,,,,,,,,,,19.641368,145,,,,4837485.0,55468.0,4782017.0,12,2340000.0,1240000.0
CPV,2020,Cape Verde,佛得角,4,1,54166.025622,0,0,,0,0,,0,0,,0,0,,0,0,,0,0,,0,2,1,58633.942625,,,,,54166.025622,,58633.942625,,,,,,,,30.893097,166,,,,4960474.0,452991.0,4507483.0,12,2820000.0,480000.0
CPV,2021,Cape Verde,佛得角,5,3,20927190.801369,0,0,,0,0,,0,0,,0,0,,0,0,,0,0,,0,2,1,900000.0,,,,,20927190.801369,,900000.0,,,,,,,,34.590419,195,,,,8652491.0,6985499.0,1666992.0,12,1310000.0,-410000.0
CPV,2022,Cape Verde,佛得角,5,1,36145.425353,0,0,,0,0,,0,0,,0,0,,0,0,,0,0,,0,0,0,,,,,,36145.425353,,,,,,,,,,23.794513,193,,,,560561.0,109637.0,450924.0,12,1620000.0,300000.0
CPV,2023,Cape Verde,佛得角,5,3,1598972.479597,0,0,,0,0,,0,0,,0,0,,0,0,,0,0,,0,0,0,,,,,,1598972.479597,,,,,,,,,,13.604754,172,,,,1061820.0,0.0,1061820.0,12,1550000.0,-70000.0
CPV,2024,Cape Verde,佛得角,0,0,,0,0,,0,0,,0,0,,0,0,,0,0,,0,0,,0,0,0,,,,,,,,,,,,,,,,,,,,,306518.0,1689.0,304829.0,6,1520000.0,-30000.0
DJI,2000,Djibouti,吉布提,0,0,,0,0,,0,0,,0,0,,0,0,,0,0,,0,0,,0,0,0,,,,,,,,,,,,,,,,10.844297,142,,,,,,,,,
DJI,2001,Djibouti,吉布提,2,1,5597277.398384,0,0,,0,0,,0,0,,0,0,,0,0,,0,0,,0,1,0,,,,,,5597277.398384,,,,,,,,,,6.595203,144,,,,,,,,,
DJI,2002,Djibouti,吉布提,5,5,10778476.918996,0,0,,0,0,,0,0,,0,0,,0,0,,0,0,,0,0,0,,,,,,6623023.389763,,,,4155453.529233,,,,,,9.234109,145,10128943.38188399,10128943.38188399,,,,,,,
DJI,2003,Djibouti,吉布提,8,7,67476915.302717,0,0,,2,2,28040000.0,0,0,,0,0,,0,0,,0,0,,0,2,1,276023.018313,,,,28040000.0,4535235.745923,,276023.018313,,62941679.556794,,,,,,8.361777,159,29665605.04051213,29665605.04051213,,,,,,0.0,0.0
DJI,2004,Djibouti,吉布提,1,0,,0,0,,0,0,,0,0,,0,0,,0,0,,0,0,,0,0,0,,,,,,,,,,,,,,,,17.807242,157,3436634.56405932,,,,,,,400000.0,0.0
DJI,2005,Djibouti,吉布提,2,0,,0,0,,0,0,,0,0,,0,0,,0,0,,0,0,,0,1,0,,,,,,,,,,,,,,,,25.647304,207,,,,,,,,400000.0,0.0
DJI,2006,Djibouti,吉布提,4,1,34321479.338909,0,0,,1,1,18290000.0,0,0,,0,0,,0,0,,0,0,,0,1,0,,,,,18290000.0,,,,,34321479.338909,,,,,,28.652889,217,,,,,,,,600000.0,0.0
DJI,2007,Djibouti,吉布提,6,4,12464462.751458,0,0,,0,0,,1,0,,0,0,,0,0,,0,0,,0,3,2,526452.96791,,,,,598354.331739,11866108.419719,526452.96791,,,,,,,,33.525934,241,11713327.56415164,11713327.56415164,,,,,,1600000.0,1000000.0
DJI,2008,Djibouti,吉布提,9,4,61211176.276145,0,0,,0,0,,0,0,,0,0,,0,0,,0,0,,0,1,0,,,,,,10568018.454563,,,,50643157.821582,,,,,,30.8872,247,60799337.84049425,57522455.51063749,,,,,,1600000.0,0.0
DJI,2009,Djibouti,吉布提,2,1,13403044.458033,0,0,,0,0,,0,0,,0,0,,0,0,,0,0,,0,2,1,14511100.407211,,,,,13403044.458033,,14511100.407211,,,,,,,,28.542038,242,16412120.30797678,12595348.143331,,,,,,7030000.0,3400000.0
DJI,2010,Djibouti,吉布提,0,0,,0,0,,0,0,,0,0,,0,0,,0,0,,0,0,,0,0,0,,,,,,,,,,,,,,,,17.263587,214,,,,,,,,12470000.0,4230000.0
DJI,2011,Djibouti,吉布提,9,3,10548257.500829,1,1,36000000.0,2,2,43570000.0,0,0,,0,0,,0,0,,0,0,,0,2,0,,,,,43570000.0,10548257.500829,,,,,36000000.0,,,,,27.501816,249,9912596.28590059,9912596.28590059,,,,,,18130000.0,5660000.0
DJI,2012,Djibouti,吉布提,9,6,89902933.051492,1,1,64000000.0,1,1,64000000.0,0,0,,0,0,,0,0,,0,0,,0,2,0,,,,,64000000.0,16716445.411164,,,,73186487.640328,64000000.0,,,,,33.301838,239,84678102.15252638,78220250.88719012,,,,,,17990000.0,0.0
DJI,2013,Djibouti,吉布提,6,3,510193260.684275,2,2,813800000.0,2,2,813850000.0,0,0,,0,0,,0,0,,0,0,,0,2,0,,,,,813850000.0,1693417.501202,,,,508499843.183073,813800000.0,,,,,28.812101,242,792371579.8230906,314515073.6820906,477856506.141,,,,,30550000.0,2000000.0
DJI,2014,Djibouti,吉布提,4,2,350790465.530401,0,0,,0,0,,0,0,,0,0,,0,0,,0,0,,0,3,1,22141904.62817,,,,,20511063.618208,,22141904.62817,,330279401.912193,,,,,,29.149905,251,75844775.1300234,59942880.3758947,,,,,,40080000.0,9530000.0
DJI,2015,Djibouti,吉布提,3,2,26035538.082196,0,0,,0,0,,0,0,,0,0,,0,0,,0,0,,0,0,0,,,,,,487228.186798,,,,25548309.895398,,,,,,44.184981,245,23988913.9756561,,23988913.9756561,6259355.0,6141108.0,118247.0,12,60460000.0,20330000.0
DJI,2016,Djibouti,吉布提,7,3,430276300.488797,1,1,344470000.0,3,3,414870000.0,0,0,,0,0,,0,0,,1,1,20400000.0,0,2,0,,,,,414870000.0,16275.747309,,,,430260024.741488,344470000.0,,,20400000.0,,31.924164,237,383831803.964381,,383831803.964381,2152548.0,1086916.0,1065632.0,12,125400000.0,62240000.0
DJI,2017,Djibouti,吉布提,7,5,309819665.87209,1,1,44920000.0,2,2,194910000.0,0,0,,0,0,,0,0,,0,0,,0,2,0,,,,,194910000.0,102381962.389923,,,,207437703.482167,44920000.0,,,,,29.32273,234,376673241.3699623,82673241.3699623,150000000.0,6038047.0,83722.0,5954325.0,12,232860000.0,104640000.0
DJI,2018,Djibouti,吉布提,8,2,7396277.761913,0,0,,0,0,,0,0,,0,0,,0,0,,0,0,,0,0,0,,,,,,7396277.761913,,,,,,,,,,21.792809,228,,,,4378407.0,61411.0,4316996.0,12,178490000.0,-81060000.0
DJI,2019,Djibouti,吉布提,2,1,249116997.817788,0,0,,0,0,,0,0,,0,0,,0,0,,0,0,,0,1,0,,,,,,,,,,249116997.817788,,,,,,26.757888,229,,,,20953011.0,509831.0,20443180.0,12,125260000.0,26640000.0
DJI,2020,Djibouti,吉布提,9,1,361106.837479,0,0,,0,0,,0,0,,0,0,,0,0,,0,0,,0,7,1,390892.950836,,,,,361106.837479,,390892.950836,,,,,,,,50.619421,264,,,,1666340.0,538097.0,1128243.0,12,98830000.0,-2160000.0
DJI,2021,Djibouti,吉布提,6,3,40020947.053526,0,0,,0,0,,0,0,,0,0,,0,0,,0,0,,0,4,2,23400000.0,,,,,40020947.053526,,23400000.0,,,,,,,,165.576709,251,,,,31443206.0,8409958.0,23033248.0,12,82430000.0,8550000.0
DJI,2022,Djibouti,吉布提,7,1,18709398.801366,0,0,,0,0,,0,0,,0,0,,0,0,,0,0,,0,0,0,,,,,,18709398.801366,,,,,,,,,,37.086562,253,,,,4790426.0,180883.0,4609543.0,12,85820000.0,4230000.0
DJI,2023,Djibouti,吉布提,9,3,557135.407418,0,0,,0,0,,0,0,,0,0,,0,0,,0,0,,0,0,0,,,,,,557135.407418,,,,,,,,,,49.442583,244,,,,5052233.0,325149.0,4727084.0,12,87470000.0,3670000.0
DJI,2024,Djibouti,吉布提,0,0,,0,0,,0,0,,0,0,,0,0,,0,0,,0,0,,0,0,0,,,,,,,,,,,,,,,,,,,,,1663874.0,5942.0,1657932.0,6,94330000.0,-2760000.0
DZA,2000,Algeria,阿尔及利亚,1,0,,0,0,,0,0,,0,0,,0,0,,0,0,,0,0,,0,1,0,,,,,,,,,,,,,,,,5.816214,108,,,,,,,,,
DZA,2001,Algeria,阿尔及利亚,0,0,,0,0,,0,0,,0,0,,0,0,,0,0,,0,0,,0,0,0,,,,,,,,,,,,,,,,7.241093,112,,,,,,,,,
DZA,2002,Algeria,阿尔及利亚,2,0,,0,0,,0,0,,0,0,,0,0,,0,0,,0,0,,0,1,0,,,,,,,,,,,,,,,,7.414911,121,19525186.09075202,,,,,,,,
DZA,2003,Algeria,阿尔及利亚,5,2,46359891.457423,0,0,,1,1,40000000.0,0,0,,0,0,,0,0,,0,0,,0,0,0,,,,,40000000.0,1359193.045706,,,,45000698.411717,,,,,,5.528605,126,43566149.79102312,1277285.29905012,42288864.491973,,,,,5700000.0,2470000.0
DZA,2004,Algeria,阿尔及利亚,2,1,2541688.144252,0,0,,0,0,,0,0,,0,0,,0,0,,0,0,,0,0,0,,,,,,2541688.144252,,,,,,,,,,9.338392,148,156591467.4435635,61697346.4486959,,,,,,34490000.0,11210000.0
DZA,2005,Algeria,阿尔及利亚,2,1,60129915.570988,0,0,,0,0,,0,0,,0,0,,0,0,,0,0,,0,1,0,,,,,,,,,,60129915.570988,,,,,,9.008444,148,,,,,,,,171210000.0,84870000.0
DZA,2006,Algeria,阿尔及利亚,0,0,,0,0,,0,0,,0,0,,0,0,,0,0,,0,0,,0,0,0,,,,,,,,,,,,,,,,12.029111,158,,,,,,,,247370000.0,98930000.0
DZA,2007,Algeria,阿尔及利亚,3,2,852627.09116,0,0,,0,0,,0,0,,0,0,,0,0,,0,0,,0,1,0,,,,,,852627.09116,,,,,,,,,,11.363585,144,801245.9588490671,801245.9588490671,,,,,,393890000.0,145920000.0
DZA,2008,Algeria,阿尔及利亚,3,0,,0,0,,0,0,,0,0,,0,0,,0,0,,0,0,,0,1,0,,,,,,,,,,,,,,,,11.763082,180,,,,,,,,508820000.0,42250000.0
DZA,2009,Algeria,阿尔及利亚,2,1,1927250.483428,0,0,,0,0,,0,0,,0,0,,0,0,,0,0,,0,0,0,,,,,,1927250.483428,,,,,,,,,,8.861233,160,1811110.22008373,1811110.22008373,,,,,,751260000.0,228760000.0
DZA,2010,Algeria,阿尔及利亚,3,1,60800533.642724,0,0,,0,0,,0,0,,0,0,,0,0,,0,0,,0,1,0,,,,,,60800533.642724,,,,,,,,,,11.408687,151,57136569.9460779,57136569.9460779,,,,,,937260000.0,186000000.0
DZA,2011,Algeria,阿尔及利亚,0,0,,0,0,,0,0,,0,0,,0,0,,0,0,,0,0,,0,0,0,,,,,,,,,,,,,,,,18.30728,162,,,,,,,,1059450000.0,114340000.0
DZA,2012,Algeria,阿尔及利亚,2,0,,0,0,,0,0,,0,0,,0,0,,0,0,,0,0,,0,0,0,,,,,,,,,,,,,,,,12.275115,171,16144628.1633406,,,,,,,1305330000.0,245880000.0
DZA,2013,Algeria,阿尔及利亚,1,0,,0,0,,0,0,,0,0,,0,0,,0,0,,0,0,,0,1,0,,,,,,,,,,,,,,,,17.760918,162,,,,,,,,1497210000.0,191300000.0
DZA,2014,Algeria,阿尔及利亚,2,0,,0,0,,0,0,,0,0,,0,0,,0,0,,0,0,,0,1,0,,,,,,,,,,,,,,,,17.435357,176,,,,,,,,2451570000.0,665710000.0
DZA,2015,Algeria,阿尔及利亚,4,0,,0,0,,0,0,,0,0,,0,0,,0,0,,0,0,,0,1,0,,,,,,,,,,,,,,,,12.942132,158,,,,4278365.0,710.0,4277655.0,12,2531550000.0,210570000.0
DZA,2016,Algeria,阿尔及利亚,3,2,19045168.793956,0,0,,0,0,,0,0,,0,0,,0,0,,0,0,,0,0,0,,,,,,19045168.793956,,,,,,,,,,10.550958,163,3323497956.720079,17897466.92131916,,0.0,0.0,0.0,12,2552480000.0,-99890000.0
DZA,2017,Algeria,阿尔及利亚,1,1,31494926.124369,0,0,,0,0,,0,0,,0,0,,0,0,,0,0,,0,0,0,,,,,,31494926.124369,,,,,,,,,,10.0018,182,29596978.9746759,29596978.9746759,,0.0,0.0,0.0,12,1833660000.0,-140530000.0
DZA,2018,Algeria,阿尔及利亚,2,2,146727.278968,0,0,,0,0,,0,0,,0,0,,0,0,,0,0,,0,0,0,,,,,,146727.278968,,,,,,,,,,11.930606,165,,,,191943.0,16602.0,175341.0,12,2062860000.0000002,178650000.0
DZA,2019,Algeria,阿尔及利亚,2,0,,0,0,,0,0,,0,0,,0,0,,0,0,,0,0,,0,1,0,,,,,,,,,,,,,,,,15.327195,175,,,,0.0,0.0,0.0,12,1775350000.0,-123620000.0
DZA,2020,Algeria,阿尔及利亚,7,3,7012075.743541,0,0,,0,0,,0,0,,0,0,,0,0,,0,0,,0,7,3,7590471.003025,,,,,7012075.743541,,7590471.003025,,,,,,,,77.59453,209,,,,5117765.0,4359175.0,758590.0,12,1643517400.0,18644200.0
DZA,2021,Algeria,阿尔及利亚,3,2,56435068.195295,0,0,,0,0,,0,0,,0,0,,0,0,,0,0,,0,3,2,61200000.0,,,,,56435068.195295,,61200000.0,,,,,,,,173.174816,229,,,,3103865.0,3103865.0,0.0,12,1716020000.0,184710000.0
DZA,2022,Algeria,阿尔及利亚,2,1,53193.674274,0,0,,0,0,,0,0,,0,0,,0,0,,0,0,,0,0,0,,,,,,53193.674274,,,,,,,,,,19.111332,225,,,,0.0,0.0,0.0,12,1621920000.0,21450000.0
DZA,2023,Algeria,阿尔及利亚,6,2,22098.340562,0,0,,0,0,,0,0,,0,0,,0,0,,0,0,,0,0,0,,,,,,22098.340562,,,,,,,,,,16.764456,200,,,,0.0,0.0,0.0,12,1699960000.0,209280000.0
DZA,2024,Algeria,阿尔及利亚,0,0,,0,0,,0,0,,0,0,,0,0,,0,0,,0,0,,0,0,0,,,,,,,,,,,,,,,,,,,,,0.0,0.0,0.0,6,1855810000.0,359930000.0
EGY,2000,Egypt,埃及,0,0,,0,0,,0,0,,0,0,,0,0,,0,0,,0,0,,0,0,0,,,,,,,,,,,,,,,,152.164014,151,,,,,,,,,
EGY,2001,Egypt,埃及,0,0,,0,0,,0,0,,0,0,,0,0,,0,0,,0,0,,0,0,0,,,,,,,,,,,,,,,,139.515895,147,,,,,,,,,
EGY,2002,Egypt,埃及,2,2,17601793.143093,0,0,,1,1,12080000.0,0,0,,0,0,,0,0,,0,0,,0,0,0,,,,,12080000.0,17601793.143093,,,,,,,,,,122.133343,173,58478202.07814593,16541072.31531037,,,,,,,
EGY,2003,Egypt,埃及,2,1,2718386.091411,0,0,,0,0,,0,0,,0,0,,2,0,,0,0,,0,0,0,,,,,,2718386.091411,,,,,,,,,,95.416868,186,2554570.59810024,2554570.59810024,,,,,,14290000.0,2100000.0
EGY,2004,Egypt,埃及,3,2,27958569.586775,0,0,,0,0,,0,0,,0,0,,0,0,,0,0,,0,0,0,,,,,,27958569.586775,,,,,,,,,,149.676757,204,26273729.09594072,26273729.09594072,,,,,,14280000.0,5720000.0
EGY,2005,Egypt,埃及,2,1,31805480.547215,0,0,,1,1,16300000.0,0,0,,0,0,,0,0,,0,0,,0,0,0,,,,,16300000.0,,,,,31805480.547215,,,,,,177.029935,221,29888816.781239,29888816.781239,,,,,,39800000.0,13310000.0
EGY,2006,Egypt,埃及,1,1,8238204.965671,0,0,,1,1,59740000.0,0,0,,0,0,,0,0,,0,0,,0,0,0,,,,,59740000.0,8238204.965671,,,,,,,,,,243.160387,240,18801401.00919785,7741753.35672855,,,,,,100430000.0,8850000.0
EGY,2007,Egypt,埃及,3,2,546486981.42386,0,0,,0,0,,0,0,,0,0,,0,0,,0,0,,0,0,0,,,,,,696195.539845,,,,545790785.884015,,,,,,173.069285,244,323205465.6689144,,654241.307428333,,,,,131600000.0,24980000.0
EGY,2008,Egypt,埃及,1,1,14248.800326,0,0,,0,0,,0,0,,0,0,,0,0,,0,0,,0,0,0,,,,,,14248.800326,,,,,,,,,,242.083783,246,1998745.151619432,13390.1361269214,,,,,,131350000.0,14570000.0
EGY,2009,Egypt,埃及,7,5,153469691.484455,0,0,,0,0,,0,0,,0,0,,0,0,,0,0,,0,1,1,81152.425531,,,,,6272684.777594,,81152.425531,,147197006.706861,,,,,,101.892765,232,42154014.85245404,21161767.94690227,5725158.24696867,,,,,285070000.0,133860000.00000001
EGY,2010,Egypt,埃及,3,2,1414752.320412,0,0,,0,0,,0,0,,0,0,,0,0,,0,0,,0,0,0,,,,,,128613.84731,,,,1286138.473102,,,,,,120.465855,232,1329496.470978522,120863.315543502,1208633.15543502,,,,,336720000.0,51650000.0
EGY,2011,Egypt,埃及,3,2,15384139.500615,0,0,,0,0,,0,0,,0,0,,0,0,,0,0,,0,0,0,,,,,,15384139.500615,,,,,,,,,,107.656818,221,24369653.67794797,14457057.39204737,,,,,,403170000.0,66450000.0
EGY,2012,Egypt,埃及,5,4,452030524.312329,1,1,200000000.0,1,1,200000000.0,0,0,,0,0,,0,0,,0,0,,0,0,0,,,,,200000000.0,5497576.536363,,,,446532947.775966,200000000.0,,,,,77.325482,238,247614327.0677504,5166281.012269,203700938.463464,,,,,459190000.0,119410000.0
EGY,2013,Egypt,埃及,1,0,,0,0,,0,0,,0,0,,0,0,,0,0,,0,0,,0,0,0,,,,,,,,,,,,,,,,77.353711,220,23704132.1519017,,,,,,,511130000.0,23220000.0
EGY,2014,Egypt,埃及,2,1,108580.90573,0,0,,0,0,,0,0,,0,0,,0,0,,0,0,,0,0,0,,,,,,108580.90573,,,,,,,,,,99.257585,220,46924449.7286494,,,,,,,657110000.0,162870000.0
EGY,2015,Egypt,埃及,2,2,109613340.170038,1,1,100000000.0,1,1,100000000.0,0,0,,0,0,,0,0,,0,0,,0,0,0,,,,,100000000.0,4993502.029894,,,,104619838.140144,100000000.0,,,,,113.768701,225,53850193.44117036,53850193.44117036,,0.0,0.0,0.0,12,663150000.0,80810000.0
EGY,2016,Egypt,埃及,7,7,2012622912.915111,3,3,1700000000.0,3,3,1700000000.0,0,0,,0,0,,0,0,,0,0,,4,0,0,,1410.5,,,1700000000.0,49324081.897644,,,,1963298831.017467,1700000000.0,,,,,110.693433,225,1715752069.344955,15270612.98983537,1187985256.386319,640549.0,575832.0,64717.0,12,888910000.0,119830000.0
EGY,2017,Egypt,埃及,18,17,4462586247.686752,1,1,500000000.0,2,2,1190000000.0,0,0,,0,0,,5,5,152760000.0,1,1,690000000.0,0,1,1,115233.815702,,,133000000.0,1190000000.0,30262804.402182,,115233.815702,,4432323443.284571,500000000.0,,,690000000.0,19760000.0,151.370139,206,912228781.1787527,51228781.17875267,861000000.0,0.0,0.0,0.0,12,834840000.0,92760000.0
EGY,2018,Egypt,埃及,11,11,3140925478.099388,3,3,2352870000.0,5,5,2606250000.0,0,0,,0,0,,1,0,,0,0,,0,0,0,,,,,2606250000.0,45678808.915599,,,,3095246669.183789,2352870000.0,,,,,270.617117,193,,,,404472.0,1434.0,403038.0,12,1079260000.0,221970000.0
EGY,2019,Egypt,埃及,14,12,2322813369.154859,1,1,461000000.0,1,1,461000000.0,0,0,,0,0,,0,0,,0,0,,0,0,0,,,,,461000000.0,84406502.749972,,,,2238406866.404887,461000000.0,,,,,290.995909,213,,,,2812917.0,28.0,2812889.0,12,1085800000.0,10960000.0
EGY,2020,Egypt,埃及,22,18,934064045.464603,0,0,,0,0,,0,0,,0,0,,0,0,,0,0,,0,11,9,5947522.97342,,,,,5503606.254512,,5947522.97342,,928560439.210091,,,,,,265.069947,248,,,,10936911.0,3874949.0,7061962.0,12,1191720000.0,27430000.0
EGY,2021,Egypt,埃及,10,8,899322823.210711,0,0,,0,0,,0,0,,0,0,,0,0,,0,0,,4,5,4,79800000.0,256.0,,,,73586902.646805,,79800000.0,,825735920.563906,,,,,,907.946026,259,,,,25447857.0,24182518.0,1265339.0,12,1273440000.0,195710000.0
EGY,2022,Egypt,埃及,9,6,488526635.942216,0,0,,0,0,,0,0,,0,0,,0,0,,0,0,,0,0,0,,,,,,170088888.666445,,,,318437747.275771,,,,,,357.943513,263,,,,28949409.0,24326239.0,4623170.0,12,1203370000.0,229790000.0
EGY,2023,Egypt,埃及,5,5,1307338565.604078,2,2,1288140000.0,2,2,1288400000.0,0,0,,0,0,,0,0,,0,0,,0,0,0,,,,,1288400000.0,2700000.0,,,,1304638565.604078,1288140000.0,,,,,379.154833,246,,,,19997761.0,75110.0,19922651.0,12,1287310000.0,203960000.0
EGY,2024,Egypt,埃及,0,0,,1,1,76500000.0,1,1,76500000.0,0,0,,0,0,,0,0,,0,0,,0,0,0,,,,,76500000.0,,,,,,76500000.0,,,,,,,,,,603037.0,0.0,603037.0,6,1419390000.0,93030000.0
ERI,2000,Eritrea,厄立特里亚,2,1,22907065.099911,0,0,,1,1,10000000.0,0,0,,0,0,,0,0,,0,0,,0,2,1,24801200.057924,,24801200.057924,,10000000.0,,,,,22907065.099911,,,,,,48.848872,151,21526639.0301862,21526639.0301862,,,,,,,
ERI,2001,Eritrea,厄立特里亚,2,1,6967565.226204,0,0,,0,0,,0,0,,0,0,,0,0,,0,0,,0,0,0,,,,,,,6967565.226204,,,,,,,,,35.250306,159,,,,,,,,,
ERI,2002,Eritrea,厄立特里亚,2,1,5540604.705645,0,0,,0,0,,0,0,,0,0,,0,0,,0,0,,0,1,0,,,,,,5540604.705645,,,,,,,,,,48.686629,172,5206716.29086721,5206716.29086721,,,,,,,
ERI,2003,Eritrea,厄立特里亚,4,2,11250174.60293,0,0,,0,0,,1,1,3000000.0,0,0,,0,0,,0,0,,0,0,0,,,,,,4500069.841172,6750104.761758,,,,,,3000000.0,,,69.121871,202,4228886.4491973,4228886.4491973,,,,,,1880000.0,0.0
ERI,2004,Eritrea,厄立特里亚,1,0,,0,0,,0,0,,0,0,,0,0,,0,0,,0,0,,0,1,0,,,,,,,,,,,,,,,,69.345067,200,3582781.24035556,,,,,,,120000.0,0.0
ERI,2005,Eritrea,厄立特里亚,2,1,14677169.695859,0,0,,0,0,,0,0,,0,0,,0,0,,0,0,,0,0,0,,,,,,14677169.695859,,,,,,,,,,69.045346,208,13792693.2201341,13792693.2201341,,,,,,120000.0,0.0
ERI,2006,Eritrea,厄立特里亚,2,1,39072629.265756,0,0,,2,2,65070000.0,0,0,,0,0,,0,0,,0,0,,0,0,0,,,,,65070000.0,,,,,39072629.265756,,,,,,40.321093,239,36718030.2061983,36718030.2061983,,,,,,6630000.0,10000.0
ERI,2007,Eritrea,厄立特里亚,5,5,237479331.745522,0,0,,0,0,,1,0,,0,0,,0,0,,0,0,,0,1,1,14193.110062,,,,,16628752.236788,10922412.021096,14193.110062,,209928167.487638,,,,,,48.165399,247,223168319.2382729,98253511.13739787,124914808.100875,,,,,7220000.0,450000.0
ERI,2008,Eritrea,厄立特里亚,3,0,,0,0,,0,0,,0,0,,0,0,,0,0,,0,0,,0,0,0,,,,,,,,,,,,,,,,53.136061,256,,,,,,,,6730000.0,-490000.0
ERI,2009,Eritrea,厄立特里亚,3,2,19324418.128147,0,0,,0,0,,0,0,,0,0,,0,0,,0,0,,0,2,1,7510050.241374,,,,,6936588.848712,,7510050.241374,,12387829.279435,,,,,,47.57565,268,6518575.07077868,6518575.07077868,,,,,,9600000.0,230000.0
ERI,2010,Eritrea,厄立特里亚,3,2,84885139.224737,0,0,,1,1,6000000.0,0,0,,0,0,,0,0,,0,0,,0,0,0,,,,,6000000.0,,,,,84885139.224737,,,,,,89.63581,257,79769788.25871143,7251798.93261013,72517989.3261013,,,,,12540000.0,2940000.0
ERI,2011,Eritrea,厄立特里亚,5,2,139789149.18058,1,1,100000000.0,1,1,100000000.0,0,0,,0,0,,0,0,,0,0,,0,1,0,,,,,100000000.0,,,,,139789149.18058,100000000.0,,,,,50.871017,233,106800932.812163,,106800932.812163,,,,,14310000.0,3300000.0
ERI,2012,Eritrea,厄立特里亚,5,3,179050195.359837,2,2,161380000.0,2,2,161400000.0,0,0,,0,0,,0,0,,0,0,,0,0,0,,,,,161400000.0,4118507.770749,,,,174931687.589088,161380000.0,,,,,61.902533,238,168260254.0250596,105581475.2598518,62678778.7652078,,,,,103780000.0,1960000.0
ERI,2013,Eritrea,厄立特里亚,5,1,110634928.151862,0,0,,0,0,,0,0,,0,0,,0,0,,0,0,,0,1,0,,,,,,,,,,110634928.151862,,,,,,68.03498,231,103967820.113517,,103967820.113517,,,,,104550000.0,900000.0
ERI,2014,Eritrea,厄立特里亚,2,2,131079673.692393,1,1,98000000.0,1,1,98000000.0,0,0,,0,0,,1,1,100000000.0,1,1,98000000.0,1,0,0,,47.6,,100000000.0,98000000.0,29960130.054628,,,,101119543.637765,98000000.0,,,98000000.0,,70.194639,244,123180537.8830742,123180537.8830742,,,,,,106710000.0,1290000.0
ERI,2015,Eritrea,厄立特里亚,3,2,101956844.211218,1,1,96460000.0,1,1,96460000.0,0,0,,0,0,,0,0,,0,0,,0,2,1,1071323.648443,,,,96460000.0,998700.405979,,1071323.648443,,100958143.805239,96460000.0,,,,,50.606183,227,95812705.03635941,938516.567063513,94874188.4692959,2395787.0,612847.0,1782940.0,12,119410000.0,9910000.0
ERI,2016,Eritrea,厄立特里亚,4,2,48670060.907719,0,0,,0,0,,1,1,7000000.0,0,0,,0,0,,0,0,,0,1,0,,,,,,,7635051.009512,,,41035009.898207,,,7000000.0,,,48.75687,232,7174946.79956321,7174946.79956321,,3822442.0,499148.0,3323294.0,12,378450000.0,68420000.0
ERI,2017,Eritrea,厄立特里亚,6,1,629898.522487,0,0,,0,0,,0,0,,0,0,,0,0,,0,0,,0,2,0,,,,,,629898.522487,,,,,,,,,,69.146817,223,591939.579493519,,591939.579493519,3061566.0,315912.0,2745654.0,12,216550000.0,-130000.0
ERI,2018,Eritrea,厄立特里亚,17,1,88151555.366473,1,1,87000000.0,1,1,87000000.0,0,0,,0,0,,0,0,,0,0,,0,2,0,,,,,87000000.0,,,,,88151555.366473,87000000.0,,,,,74.353888,227,,,,633627.0,115135.0,518492.0,12,223940000.0,6140000.0
ERI,2019,Eritrea,厄立特里亚,16,0,,0,0,,0,0,,0,0,,0,0,,0,0,,0,0,,0,5,0,,,,,,,,,,,,,,,,52.819923,218,,,,302223.0,169667.0,132556.0,12,223290000.0,-570000.0
ERI,2020,Eritrea,厄立特里亚,0,0,,0,0,,0,0,,0,0,,0,0,,0,0,,0,0,,0,0,0,,,,,,,,,,,,,,,,59.049705,251,,,,325028.0,236307.0,88721.0,12,199860000.0,44610000.0
ERI,2021,Eritrea,厄立特里亚,2,0,,0,0,,0,0,,0,0,,0,0,,0,0,,0,0,,0,1,0,,,,,,,,,,,,,,,,48.68887,235,,,,765656.0,638441.0,127215.0,12,208170000.0,37730000.0
ERI,2022,Eritrea,厄立特里亚,5,0,,0,0,,0,0,,0,0,,0,0,,0,0,,0,0,,0,0,0,,,,,,,,,,,,,,,,48.128605,247,,,,2402807.0,1359788.0,1043019.0,12,320430000.0,147000000.0
ERI,2023,Eritrea,厄立特里亚,6,2,291000000.0,0,0,,1,1,85800000.0,0,0,,0,0,,0,0,,0,0,,0,0,0,,,,,85800000.0,,,,,291000000.0,,,,,,53.517667,229,,,,700617.0,60056.0,640561.0,12,416630000.0,130990000.00000001
ERI,2024,Eritrea,厄立特里亚,0,0,,0,0,,0,0,,0,0,,0,0,,0,0,,0,0,,0,0,0,,,,,,,,,,,,,,,,,,,,,679154.0,0.0,679154.0,6,178870000.0,8240000.0
ETH,2000,Ethiopia,埃塞俄比亚,2,2,531357.555379,0,0,,0,0,,0,0,,0,0,,0,0,,0,0,,0,0,0,,,,,,531357.555379,,,,,,,,,,198.057188,170,499336.8744841376,499336.8744841376,,,,,,,
ETH,2001,Ethiopia,埃塞俄比亚,4,4,320647351.709886,0,0,,2,2,13000000.0,1,1,122560000.0,0,0,,0,0,,0,0,,0,0,0,,,,,13000000.0,232252.174207,284648264.707834,,,35766834.827845,,,122560000.0,,,216.154958,170,,,,,,,,,
ETH,2002,Ethiopia,埃塞俄比亚,2,2,4691311.236386,0,0,,0,0,,0,0,,0,0,,1,1,50000000.0,0,0,,0,0,0,,,,50000000.0,,4691311.236386,,,,,,,,,,247.458454,204,13573493.92362532,4408603.02037685,,,,,,,
ETH,2003,Ethiopia,埃塞俄比亚,4,3,54932667.18415,0,0,,0,0,,0,0,,0,0,,0,0,,0,0,,0,0,0,,,,,,41340736.727094,,,,13591930.457056,,,,,,369.062614,239,30487366.87473526,30487366.87473526,,,,,,4780000.0,980000.0
ETH,2004,Ethiopia,埃塞俄比亚,1,1,15250128.865513,0,0,,0,0,,0,0,,0,0,,0,0,,0,0,,0,0,0,,,,,,,,,,15250128.865513,,,,,,400.166339,219,228925.076703576,,,,,,,7870000.0,430000.0
ETH,2005,Ethiopia,埃塞俄比亚,6,3,833600.619629,0,0,,0,0,,0,0,,0,0,,0,0,,0,0,,0,1,0,,,,,,833600.619629,,,,,,,,,,482.636999,241,9557434.83256602,328062.2072694704,,,,,,29820000.0,4930000.0
ETH,2006,Ethiopia,埃塞俄比亚,14,9,2939069373.889905,0,0,,4,4,1933440000.0,0,0,,0,0,,0,0,,0,0,,0,0,0,,,,,1933440000.0,21916722.651975,,,,2917152651.23793,,,,,,729.6451,270,1596077872.962538,60410706.26261037,649309209.984815,,,,,95600000.0,23950000.0
ETH,2007,Ethiopia,埃塞俄比亚,5,4,126361982.828675,0,0,,3,3,211670000.0,1,1,18500000.0,0,0,,1,1,116000000.0,2,2,120640000.0,3,1,0,,194.0,,116000000.0,211670000.0,95623038.945302,30738943.883373,,,,,,18500000.0,120640000.0,,1028.902713,283,2376003672.21415,29745338.67902081,2342152651.89141,,,,,108880000.0,13280000.0
ETH,2008,Ethiopia,埃塞俄比亚,28,24,741837468.737995,4,4,191500000.0,4,4,191570000.0,0,0,,0,0,,0,0,,4,4,191500000.0,0,3,3,18881145.921864,,,,191570000.0,32189828.149279,,18881145.921864,,709647640.588716,191500000.0,,,191500000.0,,933.101751,280,14429638.10691006,14429638.10691006,,,,,,126450000.0,9710000.0
ETH,2009,Ethiopia,埃塞俄比亚,10,2,485283755.85586,2,2,619000000.0,2,2,619000000.0,0,0,,0,0,,5,5,1050800000.0,1,1,270000000.0,3,1,0,,254.1,,1050800000.0,619000000.0,1109854.215794,,,,484173901.640066,619000000.0,,,270000000.0,,1004.231822,293,1354969149.013037,1042972.01132459,454996539.940352,,,,,283440000.0,74290000.0
ETH,2010,Ethiopia,埃塞俄比亚,15,13,1802856008.045839,2,2,124860000.0,5,5,579380000.0,0,0,,0,0,,2,2,524000000.0,1,1,99450000.0,1,0,0,,51.0,,524000000.0,579380000.0,13848030.115008,,,,1789007977.930831,124860000.0,,,99450000.0,,1177.506527,287,1473998783.297101,674053793.746239,794588436.118417,,,,,368060000.0,58530000.0
ETH,2011,Ethiopia,埃塞俄比亚,23,18,1115898218.603823,5,5,991000000.0,6,6,995640000.0,0,0,,0,0,,1,1,277000000.0,1,1,188300000.0,0,1,0,,,,277000000.0,995640000.0,38808346.012346,,,,1077089872.591477,991000000.0,,,188300000.0,,1349.948865,296,1739955985.965775,1037392570.081801,155341956.775291,,,,,426790000.0,72300000.0
ETH,2012,Ethiopia,埃塞俄比亚,10,9,84879574.117085,3,3,248000000.0,5,5,276350000.0,0,0,,0,0,,0,0,,0,0,,1,0,0,,51.0,,,276350000.0,45888011.335649,,,,38991562.781436,248000000.0,,,,,1243.729091,304,132074499.1632933,41060389.81995364,6457851.26533626,,,,,606550000.0,121560000.0
ETH,2013,Ethiopia,埃塞俄比亚,24,17,6626789220.465642,9,9,3930170000.0,12,12,5791760000.0,0,0,,0,0,,1,1,293250000.0,1,1,293300000.0,1,1,0,,153.0,,293250000.0,5791760000.0,4265326.448437,,,,6622523894.017205,3930170000.0,,,293300000.0,,1683.834569,294,8018492689.236651,2674371433.997222,2389530706.749917,,,,,771840000.0,102460000.0
ETH,2014,Ethiopia,埃塞俄比亚,13,11,1304112321.534083,2,2,687000000.0,7,7,1148250000.0,0,0,,0,0,,2,2,446400000.0,0,0,,0,2,0,,,,446400000.0,1148250000.0,3716196.913409,,,,1300396124.620674,687000000.0,,,,,1425.83093,292,2026353793.186976,485367849.7102155,609616786.4834265,,,,,914620000.0,119590000.0
ETH,2015,Ethiopia,埃塞俄比亚,11,6,734803637.736108,1,1,31000000.0,1,1,31000000.0,0,0,,0,0,,0,0,,1,1,31000000.0,0,2,0,,,,,31000000.0,50081618.141006,,,,684722019.595102,31000000.0,,,31000000.0,,1412.661566,300,1189397397.086298,548568953.7062805,640828443.3800173,13675982.0,10038317.0,3637665.0,12,1130130000.0,175290000.0
ETH,2016,Ethiopia,埃塞俄比亚,20,12,957581061.433694,5,5,780910000.0,5,5,780910000.0,0,0,,0,0,,0,0,,3,3,560870000.0,0,3,0,,,,,780910000.0,24118580.778264,,,,933462480.65543,780910000.0,,,560870000.0,,1338.384443,294,695954237.027729,590650466.6106111,105303770.417118,4205806.0,30025.0,4175781.0,12,2000650000.0,282140000.0
ETH,2017,Ethiopia,埃塞俄比亚,19,10,959233046.491254,4,4,621280000.0,5,5,639560000.0,0,0,,0,0,,1,1,218705000.0,2,2,301990000.0,1,4,1,24008.949998,120.0,,218705000.0,639560000.0,22154392.406918,,24008.949998,,937078654.084336,621280000.0,,,301990000.0,,1478.729421,276,1325807306.8283,74093886.62830071,751713420.2,4568634.0,84600.0,4484034.0,12,1975560000.0,181080000.0
ETH,2018,Ethiopia,埃塞俄比亚,18,7,383492154.048391,1,1,161630000.0,2,2,243270000.0,1,0,,1,1,2490000000.0,0,0,,0,0,,0,0,0,,,,,243270000.0,138531001.095146,,,,244961152.953245,161630000.0,2490000000.0,,,,1572.134401,269,,,,4265909.0,144658.0,4121251.0,12,2568160000.0,341250000.0
ETH,2019,Ethiopia,埃塞俄比亚,22,5,82286274.833312,0,0,,1,1,500000000.0,0,0,,0,0,,0,0,,0,0,,0,1,1,83041.084698,,,,500000000.0,82286274.833312,,83041.084698,,,,,,,,1393.272274,278,,,,13709162.0,157565.0,13551597.0,12,2558870000.0,375300000.0
ETH,2020,Ethiopia,埃塞俄比亚,23,19,14097151.545093,0,0,,0,0,,0,0,,0,0,,0,0,,0,0,,0,16,14,4480147.937992,,,,,14097151.545093,,4480147.937992,,,,,,,,1590.997806,302,,,,64698469.0,31216539.0,33481930.0,12,2992800000.0,310800000.0
ETH,2021,Ethiopia,埃塞俄比亚,12,9,63906997.444697,0,0,,0,0,,0,0,,0,0,,0,0,,0,0,,0,9,8,67302799.990974,,,,,63906997.444697,,67302799.990974,,,,,,,,2110.735903,281,,,,39524859.0,10774958.0,28749901.0,12,2810900000.0,-90390000.0
ETH,2022,Ethiopia,埃塞俄比亚,9,5,76200361.983574,0,0,,0,0,,0,0,,0,0,,0,0,,0,0,,0,0,0,,,,,,76200361.983574,,,,,,,,,,1630.507118,276,,,,78328651.0,34605088.0,43723563.0,12,2620320000.0,-139170000.0
ETH,2023,Ethiopia,埃塞俄比亚,10,2,24831219.967334,0,0,,0,0,,0,0,,0,0,,0,0,,0,0,,0,0,0,,,,,,24831219.967334,,,,,,,,,,1505.952455,276,,,,14858999.0,11572035.0,3286964.0,12,2574370000.0,100380000.0
ETH,2024,Ethiopia,埃塞俄比亚,0,0,,0,0,,0,0,,0,0,,0,0,,0,0,,0,0,,0,0,0,,,,,,,,,,,,,,,,,,,,,22902515.0,2825851.0,20076664.0,6,2044050000.0,-193340000.0
GAB,2000,Gabon,加蓬,1,1,14316915.687444,0,0,,1,1,6040000.0,0,0,,0,0,,0,0,,0,0,,0,0,0,,,,,6040000.0,,,,,14316915.687444,,,,,,11.111514,121,13454149.3938664,13454149.3938664,,,,,,,
GAB,2001,Gabon,加蓬,4,2,18238636.323621,0,0,,1,1,7250000.0,0,0,,0,0,,0,0,,0,0,,0,1,0,,,,,7250000.0,1402972.024894,,,,16835664.298727,,,,,,10.590652,121,,,,,,,,,
GAB,2002,Gabon,加蓬,1,1,780962.183588,0,0,,0,0,,0,0,,0,0,,0,0,,0,0,,0,0,0,,,,,,780962.183588,,,,,,,,,,15.011715,129,16460323.43191293,16460323.43191293,,,,,,,
GAB,2003,Gabon,加蓬,2,0,,0,0,,1,1,4830000.0,0,0,,0,0,,0,0,,0,0,,0,1,0,,,,,4830000.0,,,,,,,,,,,12.437033,134,10218282.3924009,,,,,,,24050000.0,0.0
GAB,2004,Gabon,加蓬,1,0,,0,0,,2,2,10870000.0,0,0,,0,0,,0,0,,0,0,,0,0,0,,,,,10870000.0,,,,,,,,,,,19.476612,150,33689173.52917563,,,,,,,31270000.0,5600000.0
GAB,2005,Gabon,加蓬,2,1,733858.484793,0,0,,1,1,2750000.0,0,0,,0,0,,0,0,,0,0,,0,2,1,794601.560207,,794601.560207,,2750000.0,,,,,733858.484793,,,,,,19.912783,151,689634.661006705,689634.661006705,,,,,,35360000.0,2080000.0
GAB,2006,Gabon,加蓬,1,1,11768864.236674,0,0,,1,1,6280000.0,0,0,,0,0,,0,0,,0,0,,0,0,0,,,,,6280000.0,,,,,11768864.236674,,,,,,30.203925,177,15483506.71345704,11059647.6524693,,,,,,51280000.0,5530000.0
GAB,2007,Gabon,加蓬,7,2,6620729.270708,0,0,,1,1,3940000.0,0,0,,0,0,,0,0,,0,0,,0,2,0,,,,,3940000.0,109224.120211,,,,6511505.150497,,,,,,24.692751,179,102642.04109299,102642.04109299,,,,,,55590000.0,3310000.0
GAB,2008,Gabon,加蓬,5,3,527204578.589086,2,2,370000000.0,3,3,378630000.0,0,0,,0,0,,1,1,336000000.0,2,2,370000000.0,4,2,0,,160.0,,336000000.0,378630000.0,6079527.444732,,,,521125051.144354,370000000.0,,,370000000.0,,21.336559,193,495434065.5060076,98363062.40750453,397071003.098503,,,,,88140000.0,32049999.999999996
GAB,2009,Gabon,加蓬,4,3,394703144.740335,0,0,,1,1,7320000.0,0,0,,0,0,,0,0,,0,0,,0,0,0,,,,,7320000.0,,,,,394703144.740335,,,,,,27.229507,195,170622073.3858615,9541930.41161445,161080142.974247,,,,,100050000.0,11880000.0
GAB,2010,Gabon,加蓬,8,5,159111774.117651,0,0,,3,3,33980000.0,0,0,,0,0,,0,0,,0,0,,0,3,1,2057480.169465,,,,33980000.0,2565022.513052,,2057480.169465,,156546751.604599,,,,,,23.358985,200,183448213.7189112,16694591.53111956,132828783.782308,,,,,125340000.0,23440000.0
GAB,2011,Gabon,加蓬,3,2,158525625.110883,1,1,131580000.0,2,2,146280000.0,0,0,,0,0,,0,0,,1,1,131580000.0,0,1,0,,,,,146280000.0,,,,,158525625.110883,131580000.0,,,131580000.0,,22.887824,193,148972522.0085641,148972522.0085641,,,,,,127100000.0,1930000.0
GAB,2012,Gabon,加蓬,0,0,,0,0,,0,0,,0,0,,0,0,,0,0,,0,0,,0,0,0,,,,,,,,,,,,,,,,16.304131,148,,,,,,,,128470000.0,30690000.0
GAB,2013,Gabon,加蓬,3,3,658446642.714536,2,2,645730000.0,2,2,639450000.0,0,0,,0,0,,0,0,,0,0,,0,0,0,,,,,639450000.0,798766.293561,,,,657647876.420975,645730000.0,,,,,22.263298,157,663954828.3119826,128752944.4717459,519433528.902956,,,,,168480000.0,32100000.0
GAB,2014,Gabon,加蓬,2,0,,0,0,,1,1,118580000.0,0,0,,0,0,,0,0,,0,0,,0,2,0,,,,,118580000.0,,,,,,,,,,,22.904896,158,,,,,,,,180410000.0,25560000.0
GAB,2015,Gabon,加蓬,7,5,373649842.643847,1,1,100790000.0,4,4,284400000.0,0,0,,0,0,,0,0,,0,0,,0,1,0,,,,,284400000.0,,,,,373649842.643847,100790000.0,,,,,22.756373,169,1244618934.812051,83984690.3537529,200293857.0388531,1461631.0,1181315.0,280316.0,12,244420000.0,48790000.0
GAB,2016,Gabon,加蓬,5,3,103270486.879598,1,1,102850000.0,1,1,102850000.0,0,0,,0,0,,0,0,,0,0,,0,2,0,,,,,102850000.0,24089520.490722,,,,79180966.388876,102850000.0,,,,,21.2218,203,97047190.43827721,22637835.39004262,74409355.0482346,228999.0,0.0,228999.0,12,256829999.99999997,32430000.0
GAB,2017,Gabon,加蓬,6,0,,0,0,,0,0,,0,0,,0,0,,0,0,,0,0,,0,2,0,,,,,,,,,,,,,,,,72.727154,187,,,,146017.0,2149.0,143868.0,12,385350000.0,55420000.0
GAB,2018,Gabon,加蓬,10,2,58667312.117925,0,0,,3,3,55590000.0,0,0,,0,0,,2,1,3110000.0,1,1,3110000.0,0,3,1,24717432.407482,,,3110000.0,55590000.0,22822467.666451,,24717432.407482,,35844844.451474,,,,3110000.0,,23.822451,183,,,,1125452.0,177218.0,948234.0,12,258660000.00000003,-69540000.0
GAB,2019,Gabon,加蓬,2,1,37398063.330309,1,1,137810000.0,1,1,137280000.0,0,0,,0,0,,0,0,,0,0,,0,1,0,,,,,137280000.0,,,,,37398063.330309,137810000.0,,,,,58.820832,184,,,,3261893.0,155978.0,3105915.0,12,252210000.0,16660000.0
GAB,2020,Gabon,加蓬,7,2,52637005.477924,0,0,,0,0,,0,0,,0,0,,0,0,,0,0,,0,6,1,72147.670354,,,,,66650.00486,,72147.670354,,52570355.473064,,,,,,50.966389,225,,,,4005577.0,562323.0,3443254.0,12,259190000.0,7780000.0
GAB,2021,Gabon,加蓬,5,5,24127564.718633,0,0,,0,0,,0,0,,0,0,,0,0,,0,0,,0,4,4,14400000.0,,,,,13278839.575362,,14400000.0,,10848725.143271,,,,,,35.361515,209,,,,4658688.0,4444542.0,214146.0,12,218310000.0,-18190000.0
GAB,2022,Gabon,加蓬,3,0,,0,0,,0,0,,0,0,,0,0,,0,0,,0,0,,0,0,0,,,,,,,,,,,,,,,,31.352336,208,,,,108927.0,108927.0,0.0,12,152160000.0,43010000.0
GAB,2023,Gabon,加蓬,9,1,14000000.0,0,0,,0,0,,0,0,,0,0,,0,0,,0,0,,0,0,0,,,,,,14000000.0,,,,,,,,,,34.921986,210,,,,188592.0,185237.0,3355.0,12,139080000.0,7400000.0
GAB,2024,Gabon,加蓬,0,0,,0,0,,0,0,,0,0,,0,0,,0,0,,0,0,,0,0,0,,,,,,,,,,,,,,,,,,,,,0.0,0.0,0.0,6,132820000.0,3020000.0
GHA,2000,Ghana,加纳,4,4,85736267.915499,0,0,,2,2,25970000.0,0,0,,0,0,,0,0,,0,0,,0,1,1,20531653.830362,,,,25970000.0,24178584.524062,,20531653.830362,,61557683.391437,,,,,,113.370927,172,80569627.0195469,22721534.1223423,57848092.8972046,,,,,,
GHA,2001,Ghana,加纳,1,0,,0,0,,0,0,,0,0,,0,0,,0,0,,0,0,,0,0,0,,,,,,,,,,,,,,,,159.786948,174,,,,,,,,,
GHA,2002,Ghana,加纳,3,3,129742493.523845,0,0,,0,0,,1,1,53500000.0,0,0,,0,0,,0,0,,0,0,0,,,,,,6233180.29385,123509313.229995,,,,,,53500000.0,,,143.172014,225,121923939.8111406,121923939.8111406,,,,,,,
GHA,2003,Ghana,加纳,4,3,96954628.287871,0,0,,3,3,44220000.0,0,0,,0,0,,0,0,,0,0,,0,0,0,,,,,44220000.0,5436772.182822,,,,91517856.105049,,,,,,223.877078,237,91111944.53079459,63864264.95250598,27247679.5782886,,,,,6600000.0,2890000.0
GHA,2004,Ghana,加纳,4,2,145157.804629,0,0,,0,0,,0,0,,0,0,,0,0,,0,0,,0,0,0,,,,,,145157.804629,,,,,,,,,,334.242523,235,4913451.952737532,136410.2989301213,,,,,,6310000.0,340000.0
GHA,2005,Ghana,加纳,2,2,2808112.642969,0,0,,0,0,,0,0,,0,0,,0,0,,0,0,,0,0,0,,,,,,2808112.642969,,,,,,,,,,347.887909,239,9419653.552813685,2638889.991371324,,,,,,7330000.0,2570000.0
GHA,2006,Ghana,加纳,7,3,208764040.879962,0,0,,2,2,111000000.0,1,1,83000000.0,0,0,,0,0,,0,0,,0,3,1,509747.462563,,,,111000000.0,470754.569467,,509747.462563,,208293286.310495,,,83000000.0,,,315.836583,259,392806289.548506,53345384.15001898,142838095.258584,,,,,8090000.0,500000.0
GHA,2007,Ghana,加纳,6,5,587765264.486838,0,0,,4,4,330100000.0,1,1,24000000.0,0,0,,1,1,598000000.0,2,2,598000000.0,3,2,1,424626.394361,399.0,,598000000.0,330100000.0,8699951.901262,41539113.355909,424626.394361,,537526199.229667,,,24000000.0,598000000.0,,314.814496,275,562953565.6682136,94054604.75955378,455939049.568194,,,,,41870000.0,1850000.0
GHA,2008,Ghana,加纳,8,5,1313461555.866112,0,0,,5,5,510400000.0,0,0,,0,0,,1,1,200000000.0,0,0,,5,1,1,381146.480487,570.0,,,510400000.0,3098581.385183,,381146.480487,,1310362974.480929,,,,,200000000.0,376.513372,277,476764164.2106773,413878617.8625513,52760235.7691142,,,,,58020000.0,10990000.0
GHA,2009,Ghana,加纳,6,5,111671133.908071,1,1,30000000.0,2,2,35800000.0,0,0,,0,0,,0,0,,0,0,,0,3,2,11606031.643019,,,,35800000.0,10775297.117589,,11606031.643019,,100895836.790482,30000000.0,,,,,398.94305,287,184210342.705977,10125954.51494761,,,,,,185040000.0,49350000.0
GHA,2010,Ghana,加纳,7,4,503801874.697874,1,1,260000000.0,3,3,421500000.0,0,0,,0,0,,0,0,,0,0,,0,2,0,,,,,421500000.0,64306.923655,,,,503737567.774219,260000000.0,,,,,388.729464,279,447254699.1687282,60431.6577717511,423021604.402256,,,,,202000000.0,55980000.0
GHA,2011,Ghana,加纳,14,10,273337166.39362,2,2,157500000.0,2,2,157500000.0,0,0,,0,0,,0,0,,0,0,,1,3,2,736266.246075,20.0,,,157500000.0,49091613.443192,,736266.246075,,224245552.950428,157500000.0,,,,,403.278974,286,3368873567.754116,28674394.05372772,136171189.335508,,,,,270150000.0,40070000.0
GHA,2012,Ghana,加纳,11,10,1466701089.482502,5,5,1065160000.0,7,7,1329160000.0,0,0,,0,0,,1,1,161000000.0,3,3,1001560000.0,0,1,1,352237.067378,,,161000000.0,1329160000.0,19964025.22186,,352237.067378,,1446737064.260642,1065160000.0,,,1001560000.0,,495.526284,264,1408871352.427765,1101700522.271786,307170830.155979,,,,,505270000.0,208490000.0
GHA,2013,Ghana,加纳,8,4,289894643.824854,2,2,273410000.0,3,3,274070000.0,0,0,,0,0,,0,0,,0,0,,0,2,1,73383.902569,,,,274070000.0,7197304.708299,,73383.902569,,282697339.116555,273410000.0,,,,,486.656241,256,272424944.579288,152512859.573644,119912085.005644,,,,,834840000.0,122510000.0
GHA,2014,Ghana,加纳,8,6,178405809.297713,0,0,,0,0,,0,0,,0,0,,0,0,,0,0,,0,2,1,898396.36829,,,,,4061768.542945,,898396.36829,,174344040.754768,,,,,,397.505781,257,3816997.859259937,3816997.859259937,,,,,,1056690000.0,72900000.0
GHA,2015,Ghana,加纳,9,3,22301985.368278,0,0,,0,0,,0,0,,0,0,,0,0,,0,0,,0,4,1,1458958.240453,,,,,22301985.368278,,1458958.240453,,,,,,,,483.308445,287,224432510.7120852,131033050.5609649,,4427545.0,1647475.0,2780070.0,12,1274490000.0,283220000.0
GHA,2016,Ghana,加纳,16,11,770107113.402206,0,0,,2,2,173130000.0,0,0,,0,0,,1,0,,0,0,,0,2,1,141889.232842,,,,173130000.0,1221786.153005,,141889.232842,,768885327.249201,,,,,,439.395203,282,649899388.4750919,123166.353335218,649776222.1217567,2288053.0,438008.0,1850045.0,12,1958270000.0,490610000.0
GHA,2017,Ghana,加纳,15,5,545499390.187473,0,0,,0,0,,0,0,,0,0,,0,0,,0,0,,0,1,0,,,,,,17377408.829435,,,,528121981.358038,,,,,,410.978776,264,10414798489.48734,14798489.4873379,400000000.0,251739.0,158653.0,93086.0,12,1575360000.0,44200000.0
GHA,2018,Ghana,加纳,34,25,945742091.133289,1,1,119000000.0,11,11,1091620000.0,0,0,,0,0,,0,0,,0,0,,0,2,0,,,,,1091620000.0,57789143.16657,,,,887952947.966719,119000000.0,,,,,393.527271,262,,,,1990245.0,551294.0,1438951.0,12,1797470000.0,142250000.0
GHA,2019,Ghana,加纳,16,10,1074685550.435148,3,3,595640000.0,4,4,695640000.0,1,1,40000000.0,0,0,,0,0,,0,0,,0,2,1,147421.63388,,,,695640000.0,106777027.141647,,147421.63388,,967908523.293501,595640000.0,,40000000.0,,,433.341419,267,,,,16599286.0,12841643.0,3757643.0,12,1831290000.0,29410000.0
GHA,2020,Ghana,加纳,29,23,1139746317.96449,3,3,417490000.0,3,3,473880000.0,0,0,,0,0,,0,0,,0,0,,0,17,12,1932911.82746,,,,473880000.0,21822193.461818,,1932911.82746,,1117924124.502672,417490000.0,,,,,432.22915,289,,,,1083325.0,643732.0,439593.0,12,1584030000.0,-6710000.0
GHA,2021,Ghana,加纳,9,6,164280733.241828,0,0,,0,0,,0,0,,0,0,,0,0,,0,0,,0,2,1,1000000.0,,,,,929929.9956,,1000000.0,,163350803.246228,,,,,,835.580885,275,,,,5056681.0,261463.0,4795218.0,12,1093540000.0,127750000.0
GHA,2022,Ghana,加纳,10,4,198962743.034973,0,0,,1,1,84990000.0,0,0,,0,0,,0,0,,0,0,,0,0,0,,,,,84990000.0,10394.110445,,,,198952348.924528,,,,,,620.999337,274,,,,2854357.0,107541.0,2746816.0,12,1058260000.0,88530000.0
GHA,2023,Ghana,加纳,9,6,233404744.69901,0,0,,0,0,,0,0,,0,0,,0,0,,0,0,,0,0,0,,,,,,71411.69901,,,,233333333.0,,,,,,474.74909,267,,,,11768086.0,110732.0,11657354.0,12,875790000.0,41980000.0
GHA,2024,Ghana,加纳,0,0,,0,0,,0,0,,0,0,,0,0,,0,0,,0,0,,0,0,0,,,,,,,,,,,,,,,,,,,,,5452756.0,632319.0,4820437.0,6,1196900000.0,87130000.0
GIN,2000,Guinea,几内亚,1,0,,0,0,,0,0,,0,0,,0,0,,0,0,,0,0,,0,1,0,,,,,,,,,,,,,,,,50.485533,165,5381884.94505676,,,,,,,,
GIN,2001,Guinea,几内亚,1,1,173914556.932292,0,0,,0,0,,0,0,,0,0,,0,0,,0,0,,0,0,0,,,,,,,173914556.932292,,,,,,,,,67.761792,170,,,,,,,,,
GIN,2002,Guinea,几内亚,2,1,13851511.764112,0,0,,0,0,,0,0,,0,0,,0,0,,0,0,,0,1,0,,,,,,13851511.764112,,,,,,,,,,55.990738,200,20881101.79149869,13016790.727168,,,,,,,
GIN,2003,Guinea,几内亚,1,0,,0,0,,1,1,6040000.0,0,0,,0,0,,0,0,,0,0,,0,0,0,,,,,6040000.0,,,,,,,,,,,51.632665,219,19158970.05808833,,,,,,,14340000.0,1200000.0
GIN,2004,Guinea,几内亚,4,2,95708245.79103,0,0,,2,2,4420000.0,0,0,,0,0,,0,0,,0,0,,0,1,0,,,,,4420000.0,91500773.193081,,,,4207472.597949,,,,,,63.57056,240,95539424.61535016,85986749.7685335,,,,,,25770000.0,14440000.0
GIN,2005,Guinea,几内亚,1,1,90194873.356482,0,0,,2,2,50980000.0,1,1,45000000.0,0,0,,0,0,,0,0,,0,0,0,,,,,50980000.0,,90194873.356482,,,,,,45000000.0,,,65.773395,237,128017048.9491642,84759544.5180295,,,,,,44220000.0,16340000.0
GIN,2006,Guinea,几内亚,7,6,27633007.947715,0,0,,2,2,11510000.0,0,0,,0,0,,0,0,,0,0,,0,3,2,335838.34393,,,,11510000.0,3238298.74018,,335838.34393,16888644.835986,7506064.371549,,,,,,75.72347,256,11888533.33359686,3043152.027213397,,,,,,54630000.0,750000.0
GIN,2007,Guinea,几内亚,6,3,30751005.097168,0,0,,1,1,13190000.0,1,1,4000000.0,0,0,,0,0,,0,0,,0,1,0,,,,,13190000.0,2184482.404219,6646258.136945,,,21920264.556004,,,4000000.0,,,57.927329,262,22006419.98087334,8298581.22690356,,,,,,69970000.0,13200000.0
GIN,2008,Guinea,几内亚,5,1,14084460.841739,0,0,,0,0,,0,0,,0,0,,0,0,,0,0,,0,2,1,15245859.219491,,,,,14084460.841739,,15245859.219491,,,,,,,,71.029716,273,13235700.1032834,13235700.1032834,,,,,,96370000.0,8320000.0
GIN,2009,Guinea,几内亚,2,0,,0,0,,0,0,,0,0,,0,0,,0,0,,0,0,,0,2,0,,,,,,,,,,,,,,,,72.842063,278,,,,,,,,129320000.0,26980000.0
GIN,2010,Guinea,几内亚,0,0,,0,0,,0,0,,0,0,,0,0,,0,0,,0,0,,0,0,0,,,,,,,,,,,,,,,,87.628923,249,,,,,,,,136410000.0,9740000.0
GIN,2011,Guinea,几内亚,2,1,527412.875041,0,0,,1,1,3100000.0,0,0,,0,0,,1,1,335000000.0,0,0,,0,1,1,570749.027965,,,335000000.0,3100000.0,527412.875041,,570749.027965,,,,,,,,82.072906,276,41798114.33888079,495629.81429503,,,,,,168430000.0,24550000.0
GIN,2012,Guinea,几内亚,5,1,760840119.754196,0,0,,0,0,,0,0,,0,0,,0,0,,0,0,,0,1,0,,,,,,,,,,760840119.754196,,,,,,113.746899,257,,,,,,,,234670000.0,64440000.0
GIN,2013,Guinea,几内亚,4,2,397717057.136578,2,2,385000000.0,2,2,384650000.0,0,0,,0,0,,0,0,,1,1,335000000.0,3,0,0,,240.0,,,384650000.0,,,,,397717057.136578,385000000.0,,,335000000.0,,106.455595,248,360146472.1969643,,325166644.869052,,,,,338580000.0,100130000.0
GIN,2014,Guinea,几内亚,17,6,433793896.63613,1,1,214000000.0,1,1,214000000.0,0,0,,0,0,,0,0,,0,0,,0,8,1,5535476.157042,,,,214000000.0,9009769.103045,,5535476.157042,,424784127.533085,214000000.0,,,,,290.824593,258,263089887.8427598,8466821.537256602,254623066.3055032,,,,,419070000.0,67700000.0
GIN,2015,Guinea,几内亚,11,3,83352234.092763,0,0,,0,0,,0,0,,0,0,,0,0,,0,0,,0,3,0,,,,,,1681239.850733,,,,81670994.24203,,,,,,342.897215,274,1579924.713833053,1579924.713833053,,10435510.0,1429814.0,9005696.0,12,382720000.0,-25720000.0
GIN,2016,Guinea,几内亚,2,0,,0,0,,0,0,,0,0,,0,0,,0,0,,0,0,,0,1,0,,,,,,,,,,,,,,,,344.488485,268,,,,4141115.0,626027.0,3515088.0,12,417740000.0,36670000.0
GIN,2017,Guinea,几内亚,10,2,20865388.557395,0,0,,0,0,,0,0,,0,0,,0,0,,0,0,,0,2,1,17052864.102533,,,,,20865388.557395,,17052864.102533,,,,,,,,243.161886,257,21550787192.89432,19607998.57072274,,8005218.0,383914.0,7621304.0,12,675450000.0,286560000.0
GIN,2018,Guinea,几内亚,17,9,2482959877.925618,2,2,1430000000.0,4,4,2017450000.0,0,0,,0,0,,1,1,1175000000.0,1,1,1175000000.0,4,1,0,,450.0,,1175000000.0,2017450000.0,4564493.53329,,,,2478395384.392328,1430000000.0,,,1175000000.0,,257.895133,257,,,,2975647.0,511690.0,2463957.0,12,742440000.0,203170000.0
GIN,2019,Guinea,几内亚,5,1,31139624.727224,0,0,,0,0,,0,0,,0,0,,1,1,812000000.0,0,0,,0,0,0,,,,812000000.0,,31139624.727224,,,,,,,,,,242.811194,254,,,,6267516.0,277491.0,5990025.0,12,763260000.0,53040000.0
GIN,2020,Guinea,几内亚,7,3,1351048835.984255,0,0,,0,0,,0,0,,0,0,,0,0,,0,0,,0,4,1,551270.744378,,,,,509263.814227,,551270.744378,,1350539572.170028,,,,,,255.506173,285,,,,6649053.0,4068822.0,2580231.0,12,472822400.0,-295120100.0
GIN,2021,Guinea,几内亚,8,2,4979564.840761,0,0,,0,0,,0,0,,0,0,,0,0,,0,0,,0,4,3,9000000.0,,,,,4979564.840761,,9000000.0,,,,,,,,482.451984,263,,,,6628209.0,6165797.0,462412.0,12,959330000.0,487170000.0
GIN,2022,Guinea,几内亚,6,0,,0,0,,0,0,,0,0,,0,0,,0,0,,0,0,,0,0,0,,,,,,,,,,,,,,,,260.880485,265,,,,682711.0,135651.0,547060.0,12,1045040000.0,39110000.0
GIN,2023,Guinea,几内亚,5,3,1245999999.0,0,0,,0,0,,0,0,,0,0,,0,0,,0,0,,0,0,0,,,,,,,,,,1245999999.0,,,,,,231.686303,262,,,,1812381.0,488284.0,1324097.0,12,660860000.0,26360000.0
GIN,2024,Guinea,几内亚,0,0,,0,0,,0,0,,0,0,,0,0,,0,0,,0,0,,0,0,0,,,,,,,,,,,,,,,,,,,,,2112699.0,0.0,2112699.0,6,883570000.0,139580000.0
GMB,2000,The Gambia,冈比亚,0,0,,0,0,,0,0,,0,0,,0,0,,0,0,,0,0,,0,0,0,,,,,,,,,,,,,,,,10.840282,105,,,,,,,,,
GMB,2001,The Gambia,冈比亚,0,0,,0,0,,0,0,,0,0,,0,0,,0,0,,0,0,,0,0,0,,,,,,,,,,,,,,,,11.12859,116,,,,,,,,,
GMB,2002,The Gambia,冈比亚,0,0,,0,0,,0,0,,0,0,,0,0,,0,0,,0,0,,0,0,0,,,,,,,,,,,,,,,,18.698488,157,,,,,,,,,
GMB,2003,The Gambia,冈比亚,0,0,,0,0,,0,0,,0,0,,0,0,,0,0,,0,0,,0,0,0,,,,,,,,,,,,,,,,19.595211,169,,,,,,,,40000.0,40000.0
GMB,2004,The Gambia,冈比亚,0,0,,0,0,,0,0,,0,0,,0,0,,0,0,,0,0,,0,0,0,,,,,,,,,,,,,,,,35.366475,199,,,,,,,,200000.0,0.0
GMB,2005,The Gambia,冈比亚,0,0,,0,0,,0,0,,0,0,,0,0,,0,0,,0,0,,0,0,0,,,,,,,,,,,,,,,,41.351408,196,,,,,,,,1190000.0,0.0
GMB,2006,The Gambia,冈比亚,0,0,,0,0,,0,0,,0,0,,0,0,,0,0,,0,0,,0,0,0,,,,,,,,,,,,,,,,28.726389,195,,,,,,,,1190000.0,0.0
GMB,2007,The Gambia,冈比亚,0,0,,0,0,,0,0,,0,0,,0,0,,0,0,,0,0,,0,0,0,,,,,,,,,,,,,,,,30.318915,208,,,,,,,,1190000.0,0.0
GMB,2008,The Gambia,冈比亚,0,0,,0,0,,0,0,,0,0,,0,0,,0,0,,0,0,,0,0,0,,,,,,,,,,,,,,,,28.348185,209,,,,,,,,1190000.0,0.0
GMB,2009,The Gambia,冈比亚,0,0,,0,0,,0,0,,0,0,,0,0,,0,0,,0,0,,0,0,0,,,,,,,,,,,,,,,,35.492253,225,,,,,,,,1190000.0,0.0
GMB,2010,The Gambia,冈比亚,0,0,,0,0,,0,0,,0,0,,0,0,,0,0,,0,0,,0,0,0,,,,,,,,,,,,,,,,53.170895,206,,,,,,,,1190000.0,0.0
GMB,2011,The Gambia,冈比亚,0,0,,0,0,,0,0,,0,0,,0,0,,0,0,,0,0,,0,0,0,,,,,,,,,,,,,,,,54.811419,205,,,,,,,,1190000.0,0.0
GMB,2012,The Gambia,冈比亚,0,0,,0,0,,0,0,,0,0,,0,0,,0,0,,0,0,,0,0,0,,,,,,,,,,,,,,,,57.726102,167,,,,,,,,1190000.0,0.0
GMB,2013,The Gambia,冈比亚,0,0,,0,0,,0,0,,0,0,,0,0,,0,0,,0,0,,0,0,0,,,,,,,,,,,,,,,,70.098886,164,,,,,,,,1190000.0,0.0
GMB,2014,The Gambia,冈比亚,0,0,,0,0,,0,0,,0,0,,0,0,,0,0,,0,0,,0,0,0,,,,,,,,,,,,,,,,56.560609,179,,,,,,,,1240000.0,50000.0
GMB,2015,The Gambia,冈比亚,0,0,,0,0,,0,0,,0,0,,0,0,,0,0,,0,0,,0,0,0,,,,,,,,,,,,,,,,52.52034,224,,,,0.0,0.0,0.0,12,1240000.0,0.0
GMB,2016,The Gambia,冈比亚,2,1,49242011.877848,0,0,,0,0,,0,0,,0,0,,0,0,,0,0,,0,0,0,,,,,,49242011.877848,,,,,,,,,,54.751395,219,46274584.817683,46274584.817683,,0.0,0.0,0.0,12,3840000.0,2280000.0
GMB,2017,The Gambia,冈比亚,12,5,132999426.730203,0,0,,1,1,25000000.0,1,1,12320000.0,0,0,,0,0,,0,0,,0,3,1,119370.048718,,,,25000000.0,92391276.98393,13046773.14702,119370.048718,,27561376.599253,,,12320000.0,,,95.140887,227,300137115.8899475,123059230.8899475,,5821220.0,145841.0,5675379.0,12,5360000.0,2320000.0
GMB,2018,The Gambia,冈比亚,8,2,1400435.794862,1,1,25900000.0,1,1,25900000.0,0,0,,0,0,,0,0,,0,0,,0,1,0,,,,,25900000.0,1400435.794862,,,,,25900000.0,,,,,77.045599,229,,,,6726419.0,288603.0,6437816.0,12,24790000.0,14430000.0
GMB,2019,The Gambia,冈比亚,13,4,4712263.73083,0,0,,0,0,,0,0,,0,0,,0,0,,0,0,,0,6,3,381796.044279,,,,,4712263.73083,,381796.044279,,,,,,,,61.659747,223,,,,18762872.0,533233.0,18229639.0,12,13900000.0,-4510000.0
GMB,2020,The Gambia,冈比亚,17,4,302400.189654,0,0,,0,0,,0,0,,0,0,,0,0,,0,0,,0,9,3,284105.870885,,,,,302400.189654,,284105.870885,,,,,,,,92.568007,260,,,,6463836.0,4673035.0,1790801.0,12,19030000.0,2790000.0
GMB,2021,The Gambia,冈比亚,6,5,8690559.807922,0,0,,0,0,,0,0,,0,0,,0,0,,0,0,,0,4,4,9380006.104817,,,,,8690559.807922,,9380006.104817,,,,,,,,130.463969,239,,,,2356850.0,1251049.0,1105801.0,12,19380000.0,470000.0
GMB,2022,The Gambia,冈比亚,12,3,496870.824199,0,0,,0,0,,0,0,,0,0,,0,0,,0,0,,0,0,0,,,,,,496870.824199,,,,,,,,,,103.45552,227,,,,1635694.0,94006.0,1541688.0,12,19970000.0,2540000.0
GMB,2023,The Gambia,冈比亚,10,1,8235.043884,0,0,,0,0,,0,0,,0,0,,0,0,,0,0,,0,0,0,,,,,,8235.043884,,,,,,,,,,93.769296,236,,,,92592.0,88396.0,4196.0,12,21210000.0,1770000.0
GMB,2024,The Gambia,冈比亚,0,0,,0,0,,0,0,,0,0,,0,0,,0,0,,0,0,,0,0,0,,,,,,,,,,,,,,,,,,,,,350894.0,172814.0,178080.0,6,21050000.0,1660000.0
GNB,2000,Guinea-Bissau,几内亚比绍,1,0,,0,0,,0,0,,0,0,,0,0,,0,0,,0,0,,0,1,0,,,,,,,,,,,,,,,,12.609901,136,,,,,,,,,
GNB,2001,Guinea-Bissau,几内亚比绍,1,1,17609282.434267,0,0,,0,0,,1,1,5800000.0,0,0,,0,0,,0,0,,0,0,0,,,,,,,17609282.434267,,,,,,5800000.0,,,18.292179,148,,,,,,,,,
GNB,2002,Guinea-Bissau,几内亚比绍,4,2,16027029.565535,0,0,,0,0,,0,0,,0,0,,0,0,,0,0,,0,1,0,,,,,,16027029.565535,,,,,,,,,,17.160448,150,15061207.28087084,15061207.28087084,,,,,,,
GNB,2003,Guinea-Bissau,几内亚比绍,4,2,9234315.267757,0,0,,0,0,,0,0,,0,0,,0,0,,0,0,,0,1,1,8526223.091325,,,,,9234315.267757,,8526223.091325,,,,,,,,16.683572,170,11012343.49649485,8677836.58514541,,,,,,0.0,0.0
GNB,2004,Guinea-Bissau,几内亚比绍,5,3,13341241.461124,0,0,,0,0,,0,0,,0,0,,0,0,,0,0,,0,1,0,,,,,,13341241.461124,,,,,,,,,,23.629349,204,1960530.440485405,1960530.440485405,,,,,,0.0,0.0
GNB,2005,Guinea-Bissau,几内亚比绍,4,4,4648987.276287,0,0,,0,0,,0,0,,0,0,,0,0,,0,0,,0,0,0,,,,,,4648987.276287,,,,,,,,,,26.897388,222,4368829.727724012,4368829.727724012,,,,,,0.0,0.0
GNB,2006,Guinea-Bissau,几内亚比绍,4,1,750606.437155,0,0,,0,0,,0,0,,0,0,,0,0,,0,0,,0,1,0,,,,,,750606.437155,,,,,,,,,,29.987842,229,10139741.33008471,10139741.33008471,,,,,,0.0,0.0
GNB,2007,Guinea-Bissau,几内亚比绍,5,2,28621274.383578,0,0,,0,0,,0,0,,0,0,,0,0,,0,0,,0,0,0,,,,,,28621274.383578,,,,,,,,,,38.476674,244,120582601.2430127,26896495.16735645,,,,,,0.0,0.0
GNB,2008,Guinea-Bissau,几内亚比绍,5,3,43098450.175722,0,0,,0,0,,0,0,,0,0,,0,0,,0,0,,0,3,2,22258954.460456,,,,,43098450.175722,,22258954.460456,,,,,,,,31.089737,260,40501242.31604733,40501242.31604733,,,,,,0.0,0.0
GNB,2009,Guinea-Bissau,几内亚比绍,4,2,12582528.229876,0,0,,0,0,,0,0,,0,0,,0,0,,0,0,,0,1,0,,,,,,2039357.121521,,,,10543171.108355,,,,,,37.662258,250,11824277.989588,11824277.989588,,,,,,27000000.0,0.0
GNB,2010,Guinea-Bissau,几内亚比绍,4,2,2873377.841157,0,0,,0,0,,0,0,,0,0,,0,0,,0,0,,0,1,0,,,,,,2873377.841157,,,,,,,,,,50.494278,240,18707654.33343897,2700222.25409247,,,,,,27000000.0,0.0
GNB,2011,Guinea-Bissau,几内亚比绍,2,1,790828.034922,0,0,,0,0,,0,0,,0,0,,0,0,,0,0,,0,1,1,855808.330777,,,,,790828.034922,,855808.330777,,,,,,,,41.104419,241,743170.996834288,743170.996834288,,,,,,27000000.0,0.0
GNB,2012,Guinea-Bissau,几内亚比绍,2,0,,0,0,,0,0,,0,0,,0,0,,0,0,,0,0,,0,1,0,,,,,,,,,,,,,,,,27.280205,211,,,,,,,,27000000.0,0.0
GNB,2013,Guinea-Bissau,几内亚比绍,4,3,8703019.07522,0,0,,0,0,,0,0,,0,0,,0,0,,0,0,,0,0,0,,,,,,8703019.07522,,,,,,,,,,57.693377,219,8178555.69458956,8178555.69458956,,,,,,27000000.0,0.0
GNB,2014,Guinea-Bissau,几内亚比绍,5,1,166445.16697,0,0,,0,0,,0,0,,0,0,,0,0,,0,0,,0,5,1,179679.273658,,,,,166445.16697,,179679.273658,,,,,,,,48.626958,224,19431438.77682723,156414.832428831,,,,,,66819999.99999999,1720000.0
GNB,2015,Guinea-Bissau,几内亚比绍,5,4,6714768.732252,0,0,,0,0,,0,0,,0,0,,0,0,,0,0,,0,0,0,,,,,,6714768.732252,,,,,,,,,,57.393572,228,6310122.29642762,6310122.29642762,,1274985.0,0.0,1274985.0,12,69060000.0,2240000.0
GNB,2016,Guinea-Bissau,几内亚比绍,7,2,32734735.842497,0,0,,0,0,,0,0,,0,0,,0,0,,0,0,,0,3,1,14169.6541,,,,,13088.658873,32721647.183624,14169.6541,,,,,,,,63.297784,240,63049332.50496165,47674446.50589765,,1513294.0,1753.0,1511541.0,12,70160000.0,610000.0
GNB,2017,Guinea-Bissau,几内亚比绍,4,1,25038466.268874,0,0,,0,0,,0,0,,0,0,,0,0,,0,0,,0,1,0,,,,,,25038466.268874,,,,,,,,,,61.774923,218,23529598.2848673,23529598.2848673,,2244611.0,0.0,2244611.0,12,76390000.0,6230000.0
GNB,2018,Guinea-Bissau,几内亚比绍,10,3,43276799.92454,0,0,,0,0,,0,0,,0,0,,0,0,,0,0,,0,3,0,,,,,,29188651.806611,,,,14088148.117929,,,,,,53.246358,222,,,,6206145.0,400659.0,5805486.0,12,65209999.99999999,2570000.0
GNB,2019,Guinea-Bissau,几内亚比绍,10,2,7195236.035543,0,0,,0,0,,0,0,,0,0,,0,0,,0,0,,0,1,0,,,,,,7195236.035543,,,,,,,,,,55.115415,232,,,,1761121.0,109076.0,1652045.0,12,26710000.0,0.0
GNB,2020,Guinea-Bissau,几内亚比绍,8,3,308859.836764,0,0,,0,0,,0,0,,0,0,,0,0,,0,0,,0,6,3,334336.325035,,,,,308859.836764,,334336.325035,,,,,,,,74.09441,249,,,,739695.0,592157.0,147538.0,12,24270000.0,-2440000.0
GNB,2021,Guinea-Bissau,几内亚比绍,16,2,4979564.840761,0,0,,0,0,,0,0,,0,0,,0,0,,0,0,,0,6,3,7200000.0,,,,,4979564.840761,,7200000.0,,,,,,,,90.721928,239,,,,1995639.0,1407067.0,588572.0,12,24250000.0,80000.0
GNB,2022,Guinea-Bissau,几内亚比绍,12,4,5720669.477883,0,0,,0,0,,0,0,,0,0,,0,0,,0,0,,0,0,0,,,,,,5720669.477883,,,,,,,,,,67.42499,242,,,,3871408.0,227617.0,3643791.0,12,25060000.0,810000.0
GNB,2023,Guinea-Bissau,几内亚比绍,7,0,,0,0,,0,0,,0,0,,0,0,,0,0,,0,0,,0,0,0,,,,,,,,,,,,,,,,90.898003,237,,,,943807.0,150454.0,793353.0,12,26590000.0,3500000.0
GNB,2024,Guinea-Bissau,几内亚比绍,0,0,,0,0,,0,0,,0,0,,0,0,,0,0,,0,0,,0,0,0,,,,,,,,,,,,,,,,,,,,,623420.0,0.0,623420.0,6,29260000.0,10970000.0
GNQ,2000,Equatorial Guinea,赤道几内亚,1,0,,0,0,,0,0,,0,0,,0,0,,0,0,,0,0,,0,0,0,,,,,,,,,,,,,,,,12.56314,105,,,,,,,,,
GNQ,2001,Equatorial Guinea,赤道几内亚,4,3,132557918.12029,0,0,,1,1,11000000.0,1,0,,0,0,,0,0,,0,0,,0,0,0,,,,,11000000.0,,92668617.508507,,,39889300.611783,,,,,,11.301571,102,,,,,,,,,
GNQ,2002,Equatorial Guinea,赤道几内亚,1,1,13945753.278364,0,0,,0,0,,0,0,,0,0,,0,0,,0,0,,0,0,0,,,,,,,,,,13945753.278364,,,,,,9.689708,119,13016790.727168,13016790.727168,,,,,,,
GNQ,2003,Equatorial Guinea,赤道几内亚,2,1,23106281.776995,0,0,,1,1,6000000.0,0,0,,0,0,,0,0,,0,0,,0,1,0,,,,,6000000.0,,,,,23106281.776995,,,,,,10.525291,116,12686659.3475919,12686659.3475919,,,,,,8640000.0,480000.0
GNQ,2004,Equatorial Guinea,赤道几内亚,1,1,7913800.205944,0,0,,1,1,4830000.0,0,0,,0,0,,0,0,,0,0,,0,0,0,,,,,4830000.0,,,,,7913800.205944,,,,,,15.08037,118,,,,,,,,10210000.0,1690000.0
GNQ,2005,Equatorial Guinea,赤道几内亚,4,2,19569559.594478,0,0,,2,2,9760000.0,0,0,,0,0,,0,0,,0,0,,0,0,0,,,,,9760000.0,,,,,19569559.594478,,,,,,22.800095,145,,,,,,,,16559999.999999998,6350000.0
GNQ,2006,Equatorial Guinea,赤道几内亚,2,1,32125955.510231,0,0,,1,1,257000000.0,0,0,,0,0,,1,1,257000000.0,1,1,257000000.0,4,1,0,,120.0,,257000000.0,257000000.0,,32125955.510231,,,,,,,257000000.0,,28.075162,154,3557056527.25921,30189977.6645304,3526866549.59468,,,,,30440000.0,10190000.0
GNQ,2007,Equatorial Guinea,赤道几内亚,12,7,1188250487.170053,0,0,,4,4,753360000.0,1,1,10000000.0,0,0,,0,0,,0,0,,0,2,2,354827.751552,,,,753360000.0,674363.11068,,354827.751552,,1187576124.059373,,,10000000.0,,,,,633724.547144516,633724.547144516,,,,,,44630000.0,12820000.0
GNQ,2008,Equatorial Guinea,赤道几内亚,7,2,161853191.918151,0,0,,0,0,,0,0,,0,0,,0,0,,0,0,,0,2,1,219361.419143,,,,,202650.914824,,219361.419143,,161650541.003327,,,,,,,,6014146.768262064,190438.722817344,,,,,,40620000.0,-4860000.0
GNQ,2009,Equatorial Guinea,赤道几内亚,13,7,1524074574.606262,3,3,869150000.0,4,4,1000910000.0,0,0,,0,0,,1,1,138874900.0,3,3,869150000.0,1,2,1,219865.157685,42.0,,138874900.0,1000910000.0,1465535.601648,,219865.157685,,1522609039.004614,869150000.0,,,869150000.0,,0.16966,9,173467601.139671,1377219.27111401,172090381.868557,,,,,61500000.0,20880000.0
GNQ,2010,Equatorial Guinea,赤道几内亚,9,5,1504628845.028776,1,1,300000000.0,1,1,300000000.0,0,0,,0,0,,0,0,,1,1,300000000.0,0,2,1,205748.016947,,,,300000000.0,190001.667634,,205748.016947,,1504438843.361142,300000000.0,,,300000000.0,,0.086466,8,2060202358.781039,178551.781081493,459280599.065308,,,,,86250000.0,22080000.0
GNQ,2011,Equatorial Guinea,赤道几内亚,10,2,1019590429.964881,0,0,,0,0,,0,0,,0,0,,0,0,,0,0,,0,0,0,,,,,,,,,,1019590429.964881,,,,,,0.076567,6,,,,,,,,98680000.0,12470000.0
GNQ,2012,Equatorial Guinea,赤道几内亚,9,2,575778802.117283,1,1,330000000.0,1,1,330000000.0,1,0,,0,0,,0,0,,0,0,,0,1,0,,,,,330000000.0,,,,,575778802.117283,330000000.0,,,,,0.072534,4,529622440.005005,,529622440.005005,,,,,404640000.0,138840000.0
GNQ,2013,Equatorial Guinea,赤道几内亚,3,1,192011732.660309,1,1,200660000.0,1,1,200660000.0,0,0,,0,0,,0,0,,0,0,,0,0,0,,,,,200660000.0,,,,,192011732.660309,200660000.0,,,,,0.105205,6,18173167.9831247,,,,,,,260850000.00000003,22410000.0
GNQ,2014,Equatorial Guinea,赤道几内亚,4,1,102555.318091,0,0,,0,0,,0,0,,0,0,,0,0,,0,0,,0,2,1,110709.523141,,,,,102555.318091,,110709.523141,,,,,,,,0.254551,14,96375.1197219924,96375.1197219924,,,,,,208200000.0,33130000.000000004
GNQ,2015,Equatorial Guinea,赤道几内亚,7,2,424827795.235949,1,1,402030000.0,1,1,402030000.0,0,0,,0,0,,0,0,,0,0,,0,1,0,,,,,402030000.0,,,,,424827795.235949,402030000.0,,,,,17.112802,155,2457880530.292638,,,2296187.0,107045.0,2189142.0,12,231630000.0,-13040000.0
GNQ,2016,Equatorial Guinea,赤道几内亚,6,3,345056277.994293,1,1,290320000.0,1,1,290320000.0,0,0,,0,0,,0,0,,1,1,290320000.0,0,2,0,,,,,290320000.0,28396226.849559,,,,316660051.144734,290320000.0,,,290320000.0,,19.178567,151,26685010.57819717,26685010.57819717,,506581.0,142277.0,364304.0,12,236590000.0,-24910000.0
GNQ,2017,Equatorial Guinea,赤道几内亚,8,5,701787540.880084,4,4,772090000.0,4,4,772090000.0,0,0,,0,0,,0,0,,0,0,,0,1,1,122780.621538,,,,772090000.0,15860844.796233,,122780.621538,,685926696.083851,772090000.0,,,,,21.973239,155,524905038.6116467,14905038.61164673,510000000.0,3632509.0,153191.0,3479318.0,12,395970000.0,71110000.0
GNQ,2018,Equatorial Guinea,赤道几内亚,20,5,318107894.550204,0,0,,0,0,,0,0,,0,0,,0,0,,0,0,,0,7,3,1680.785403,,,,,2037708.361868,,1680.785403,,316070186.188336,,,,,,14.543518,146,,,,2849710.0,145523.0,2704187.0,12,552850000.0,3800000.0
GNQ,2019,Equatorial Guinea,赤道几内亚,14,11,1132150711.212561,3,3,600520000.0,4,4,612850000.0,0,0,,0,0,,0,0,,2,2,95650000.0,0,3,1,102098.889613,,,,612850000.0,51789854.573052,,102098.889613,,1080360856.639509,600520000.0,,,95650000.0,,18.139916,153,,,,502609.0,108612.0,393997.0,12,404130000.0,-44600000.0
GNQ,2020,Equatorial Guinea,赤道几内亚,10,3,2071824.686688,0,0,,0,0,,0,0,,0,0,,0,0,,0,0,,0,8,3,2242720.384494,,,,,2071824.686688,,2242720.384494,,,,,,,,16.214466,159,,,,1833744.0,640116.0,1193628.0,12,336010000.0,-49120000.0
GNQ,2021,Equatorial Guinea,赤道几内亚,12,7,25595931.702994,0,0,,0,0,,0,0,,0,0,,0,0,,0,0,,0,3,3,5760000.0,,,,,19658193.139974,,5760000.0,,5937738.56302,,,,,,18.300582,148,,,,6129629.0,4531515.0,1598114.0,12,280650000.0,220000.0
GNQ,2022,Equatorial Guinea,赤道几内亚,12,1,561616.125636,0,0,,0,0,,0,0,,0,0,,0,0,,0,0,,0,0,0,,,,,,561616.125636,,,,,,,,,,12.103238,150,,,,2277322.0,601645.0,1675677.0,12,235150000.0,-40510000.0
GNQ,2023,Equatorial Guinea,赤道几内亚,8,0,,0,0,,0,0,,0,0,,0,0,,0,0,,0,0,,0,0,0,,,,,,,,,,,,,,,,24.170439,167,,,,770768.0,185761.0,585007.0,12,235700000.0,-3880000.0
GNQ,2024,Equatorial Guinea,赤道几内亚,0,0,,0,0,,0,0,,0,0,,0,0,,0,0,,0,0,,0,0,0,,,,,,,,,,,,,,,,,,,,,0.0,0.0,0.0,6,171620000.0,-55030000.0
KEN,2000,Kenya,肯尼亚,0,0,,0,0,,0,0,,0,0,,0,0,,0,0,,0,0,,0,0,0,,,,,,,,,,,,,,,,239.095526,172,356416.221526938,,,,,,,,
KEN,2001,Kenya,肯尼亚,6,4,45945914.968327,0,0,,1,1,6040000.0,1,1,13660000.0,0,0,,0,0,,0,0,,0,0,0,,,,,6040000.0,209026.956786,31707167.762602,,,14029720.248939,,,13660000.0,,,246.828221,177,,,,,,,,,
KEN,2002,Kenya,肯尼亚,4,4,23404428.769265,0,0,,1,1,6040000.0,0,0,,0,0,,0,0,,0,0,,0,1,1,2499454.902004,,,,6040000.0,9380954.971135,,2499454.902004,,14023473.79813,,,,,,240.495443,207,52587518.21620845,21920992.07713495,30666526.1390735,,,,,,
KEN,2003,Kenya,肯尼亚,6,5,1000066.023192,0,0,,0,0,,0,0,,0,0,,0,0,,0,0,,0,1,1,125086.732593,,,,,1000066.023192,,125086.732593,,,,,,,,319.938827,245,939800.0037880032,939800.0037880032,,,,,,25530000.0,740000.0
KEN,2004,Kenya,肯尼亚,5,2,7138267.747845,0,0,,0,0,,0,0,,0,0,,0,0,,0,0,,0,0,0,,,,,,7138267.747845,,,,,,,,,,418.474223,247,6945336.460490851,6708101.158003682,,,,,,28460000.0,2680000.0
KEN,2005,Kenya,肯尼亚,7,4,5936793.416779,0,0,,0,0,,0,0,,0,0,,0,0,,0,0,,0,0,0,,,,,,5936793.416779,,,,,,,,,,427.804164,226,75036931.72151074,5579030.017759943,,,,,,58250000.0,2049999.9999999998
KEN,2006,Kenya,肯尼亚,7,5,117728701.093934,0,0,,2,2,41240000.0,0,0,,0,0,,0,0,,1,1,19430000.0,0,2,1,127436.865641,,,,41240000.0,40360664.907161,,127436.865641,,77368036.186773,,,,19430000.0,,644.028463,269,129382743.7632431,116900702.9104719,,,,,,46230000.0,180000.0
KEN,2007,Kenya,肯尼亚,7,5,167618058.202027,0,0,,3,3,57250000.0,0,0,,0,0,,0,0,,1,1,4920000.0,0,1,0,,,,,57250000.0,38721864.225529,,,,128896193.976498,,,,4920000.0,,627.40858,282,109465429.4364972,109465429.4364972,,,,,,55130000.0,8900000.0
KEN,2008,Kenya,肯尼亚,13,8,249187935.312717,2,2,160520000.0,2,2,156760000.0,0,0,,0,0,,0,0,,0,0,,0,2,0,,,,,156760000.0,4888331.678666,,,,244299603.634051,160520000.0,,,,,814.306702,281,253435968.3355603,26697369.18046778,217216663.0142253,,,,,78360000.0,23230000.0
KEN,2009,Kenya,肯尼亚,11,8,384458798.889958,2,2,239840000.0,2,2,239950000.0,0,0,,0,0,,0,0,,1,1,89620000.0,0,2,2,11542920.778463,,,,239950000.0,51608696.649241,,11542920.778463,,332850102.240717,239840000.0,,,89620000.0,,922.344104,290,383929724.1104262,373802137.072605,,,,,,120360000.0,28120000.0
KEN,2010,Kenya,肯尼亚,10,8,205690132.600472,1,1,87510000.0,3,3,105900000.0,0,0,,0,0,,1,1,99000000.0,2,2,180460000.0,1,2,1,1453603.03016,140.0,,99000000.0,105900000.0,5444977.833786,,1453603.03016,,200245154.766686,87510000.0,,,180460000.0,,1051.912927,285,270955276.4343407,174566400.9798588,65767967.6569025,,,,,221580000.0,101220000.0
KEN,2011,Kenya,肯尼亚,11,9,462846761.102358,4,4,362480000.0,5,5,370270000.0,0,0,,0,0,,0,0,,0,0,,0,1,1,136405917.317916,,136405917.317916,,370270000.0,42192719.422301,,,,420654041.680057,362480000.0,,,,,1126.533214,291,417890475.2717234,213543465.7236753,196086512.643131,,,,,308830000.0,68170000.0
KEN,2012,Kenya,肯尼亚,13,10,790168575.004204,2,2,434310000.0,2,2,434410000.0,0,0,,0,0,,2,2,867000000.0,1,1,367700000.0,0,1,1,234824711.585169,,,867000000.0,434410000.0,110647859.976151,,234824711.585169,,679520715.028053,434310000.0,,,367700000.0,,1266.54951,300,1207871215.321985,567823321.5716534,129005390.8874938,,,,,402730000.0,78730000.0
KEN,2013,Kenya,肯尼亚,9,8,446026702.284839,1,1,69800000.0,2,2,199030000.0,0,0,,0,0,,1,1,80000000.0,0,0,,0,3,2,46206793.668525,,,80000000.0,199030000.0,48357554.042366,,46206793.668525,,397669148.242473,69800000.0,,,,,1516.145841,289,240728892.8982135,45443419.75714192,118553347.6683036,,,,,635900000.0,230540000.0
KEN,2014,Kenya,肯尼亚,16,11,3794226270.058037,3,3,3711150000.0,4,4,3635350000.0,0,0,,0,0,,0,0,,1,1,107490000.0,0,3,1,30024422.897217,,30024422.897217,,3635350000.0,38664717.563404,,,,3755561552.494633,3711150000.0,,,107490000.0,,1376.190315,290,3678768179.509923,136882772.7126247,3498052666.135138,,,,,853710000.0,278390000.0
KEN,2015,Kenya,肯尼亚,12,7,1622771914.366722,3,3,1564260000.0,3,3,1564100000.0,0,0,,0,0,,0,0,,1,1,139210000.0,1,0,0,,50.0,,,1564100000.0,15901541.763322,,,,1606870372.6034,1564260000.0,,,139210000.0,,1349.930419,302,1033194026.674468,14943280.58483442,133413755.184284,15653223.0,11090139.0,4563084.0,12,1099040000.0,281810000.0
KEN,2016,Kenya,肯尼亚,8,3,771813040.821144,3,3,892630000.0,3,3,892630000.0,0,0,,0,0,,0,0,,0,0,,0,0,0,,,,,892630000.0,10689071.413317,,,,761123969.407827,892630000.0,,,,,1363.242992,290,2577739941.747015,28010992.3054948,2549728949.441521,2104928.0,47455.0,2057473.0,12,1102700000.0,29670000.0
KEN,2017,Kenya,肯尼亚,13,9,962603658.116558,11,11,1297340000.0,11,11,1497000000.0,0,0,,0,0,,1,1,135700000.0,6,6,647530000.0,0,1,1,77552357.967512,,77552357.967512,135700000.0,1497000000.0,28941826.498195,,,,933661831.618363,1297340000.0,,,647530000.0,,1466.209048,297,300412514.3469996,147564134.2310069,85157907.7548863,21871413.0,10892598.0,10978815.0,12,1543450000.0,410100000.0
KEN,2018,Kenya,肯尼亚,16,8,194656081.800645,2,2,350820000.0,2,2,350870000.0,0,0,,0,0,,0,0,,0,0,,0,2,2,52191629.301705,,52049948.834481,,350870000.0,13559253.128129,,141680.467224,,181096828.672516,350820000.0,,,,,1302.636711,295,,,,15392854.0,7315.0,15385539.0,12,1755880000.0,232040000.0
KEN,2019,Kenya,肯尼亚,9,7,277197178.903999,2,2,249970000.0,1,1,177260000.0,0,0,,0,0,,0,0,,1,1,83290000.0,0,1,1,1123564.612262,,,,177260000.0,41816668.285025,,1123564.612262,,235380510.618974,249970000.0,,,83290000.0,,1335.032198,301,,,,7714340.0,0.0,7714340.0,12,1624230000.0,10370000.0
KEN,2020,Kenya,肯尼亚,12,5,37839482.934023,0,0,,0,0,,0,0,,0,0,,0,0,,0,0,,0,5,2,29925.357101,,,,,1318450.507208,,29925.357101,,36521032.426815,,,,,,1374.635593,304,,,,1672091.0,679697.0,992394.0,12,2154300000.0,629620000.0
KEN,2021,Kenya,肯尼亚,11,4,20359366.455407,0,0,,0,0,,0,0,,0,0,,0,0,,0,0,,0,1,1,3600000.0,,,,,3538103.464199,,3600000.0,,16821262.991208,,,,,,1535.892087,284,,,,2379041.0,952187.0,1426854.0,12,2259810000.0,348220000.0
KEN,2022,Kenya,肯尼亚,1,0,,0,0,,0,0,,0,0,,0,0,,0,0,,0,0,,0,0,0,,,,,,,,,,,,,,,,1200.062394,277,,,,67838.0,67124.0,714.0,12,1782420000.0,-322840000.0
KEN,2023,Kenya,肯尼亚,6,2,494000000.0,0,0,,0,0,,0,0,,0,0,,0,0,,0,0,,0,0,0,,,,,,,,,,494000000.0,,,,,,1010.658997,278,,,,0.0,0.0,0.0,12,1728190000.0,191780000.0
KEN,2024,Kenya,肯尼亚,0,0,,4,4,121090000.0,15,15,277790000.0,0,0,,0,0,,0,0,,0,0,,0,0,0,,,,,277790000.0,,,,,,121090000.0,,,,,,,,,,1390562.0,0.0,1390562.0,6,1912190000.0,164320000.0
LBR,2000,Liberia,利比里亚,0,0,,0,0,,0,0,,0,0,,0,0,,0,0,,0,0,,0,0,0,,,,,,,,,,,,,,,,28.530226,128,,,,,,,,,
LBR,2001,Liberia,利比里亚,0,0,,0,0,,0,0,,0,0,,0,0,,0,0,,0,0,,0,0,0,,,,,,,,,,,,,,,,21.184247,138,,,,,,,,,
LBR,2002,Liberia,利比里亚,0,0,,0,0,,0,0,,0,0,,0,0,,0,0,,0,0,,0,0,0,,,,,,,,,,,,,,,,20.426117,166,,,,,,,,,
LBR,2003,Liberia,利比里亚,1,0,,0,0,,0,0,,0,0,,0,0,,0,0,,0,0,,0,0,0,,,,,,,,,,,,,,,,24.711941,162,21144432.2459865,,,,,,,5800000.0,400000.0
LBR,2004,Liberia,利比里亚,2,2,6337015.775148,0,0,,0,0,,0,0,,0,0,,0,0,,0,0,,0,0,0,,,,,,6337015.775148,,,,,,,,,,41.457448,186,8327487.29009892,5955134.26522724,,,,,,6380000.0,580000.0
LBR,2005,Liberia,利比里亚,6,2,12521052.752399,0,0,,0,0,,0,0,,0,0,,0,0,,0,0,,0,1,0,,,,,,12521052.752399,,,,,,,,,,47.445506,202,32485508.09560999,11766508.3245362,,,,,,15950000.0,8650000.0
LBR,2006,Liberia,利比里亚,10,7,52927949.173009,0,0,,1,1,5000000.0,1,1,10000000.0,0,0,,0,0,,0,0,,0,2,2,315832.20384,,,,5000000.0,52927949.173009,,315832.20384,,,,,10000000.0,,,54.924936,224,111458563.9272656,42684666.21016932,7053733.09918936,,,,,29510000.0,-7030000.0
LBR,2007,Liberia,利比里亚,10,3,19355872.008412,0,0,,0,0,,1,1,12000000.0,0,0,,0,0,,0,0,,0,4,1,236551.834368,,,,,218448.240422,19137423.76799,236551.834368,,,,,12000000.0,,,60.93959,235,18189445.75832541,18189445.75832541,,,,,,29780000.0,0.0
LBR,2008,Liberia,利比里亚,11,4,25684422.790996,0,0,,0,0,,0,0,,0,0,,0,0,,0,0,,0,2,1,15245859.219491,,,,,25684422.790996,,15245859.219491,,,,,,,,102.819969,247,33658558.84921487,24136622.70834765,,,,,,37360000.0,2560000.0
LBR,2009,Liberia,利比里亚,5,2,420026.040062,0,0,,0,0,,0,0,,0,0,,0,0,,0,0,,1,3,2,527676.378444,24.69,,,,420026.040062,,527676.378444,,,,,,,,148.417886,256,23371682.7977737,394714.3666061353,,,,,,56390000.0,1120000.0
LBR,2010,Liberia,利比里亚,8,5,8156985.890745,0,0,,0,0,,0,0,,0,0,,0,0,,0,0,,0,3,3,2983346.245725,,,,,8156985.890745,,2983346.245725,,,,,,,,158.29887,249,20070622.62945732,7665429.346958695,,,,,,81670000.0,29890000.0
LBR,2011,Liberia,利比里亚,12,5,20434249.298464,0,0,,0,0,,0,0,,0,0,,0,0,,0,0,,0,4,1,570749.027965,,,,,20434249.298464,,570749.027965,,,,,,,,159.851159,251,44551482.61246817,19202836.4576049,,,,,,114740000.0,21090000.0
LBR,2012,Liberia,利比里亚,11,5,47189583.084214,0,0,,0,0,,0,0,,0,0,,0,0,,0,0,,0,1,1,1761185.336889,,,,,47189583.084214,,1761185.336889,,,,,,,,186.040818,230,80372121.07808596,65094550.69332617,,,,,,154370000.0,12000000.0
LBR,2013,Liberia,利比里亚,9,5,536476004.407418,0,0,,0,0,,0,0,,0,0,,0,0,,0,0,,0,3,1,564018.276095,,,,,19490358.837968,,564018.276095,,516985645.56945,,,,,,183.581234,224,520665013.1572732,18315826.25364292,485830935.109894,,,,,196100000.0,30340000.0
LBR,2014,Liberia,利比里亚,18,11,35490996.580071,0,0,,0,0,,0,0,,0,0,,1,0,,0,0,,0,1,1,22141.904628,,,,,35490996.580071,,22141.904628,,,,,,,,326.575375,256,108841445.3007315,49403808.97777551,,,,,,229650000.0,40110000.0
LBR,2015,Liberia,利比里亚,15,5,22985553.096361,0,0,,0,0,,0,0,,0,0,,0,0,,0,0,,0,2,0,,,,,,22985553.096361,,,,,,,,,,605.60216,279,68430314.01569478,21504485.66251919,,5423134.0,677979.0,4745155.0,12,288990000.0,98180000.0
LBR,2016,Liberia,利比里亚,10,6,63871177.839346,1,1,52710000.0,1,1,52710000.0,0,0,,0,0,,0,0,,0,0,,0,2,1,49754.992479,,,,52710000.0,6422163.981857,,49754.992479,,57449013.857489,52710000.0,,,,,315.766197,271,60022166.51228505,60022166.51228505,,5272325.0,14993.0,5257332.0,12,297300000.0,11140000.0
LBR,2017,Liberia,利比里亚,5,1,10641.26381,0,0,,0,0,,0,0,,0,0,,0,0,,0,0,,0,0,0,,,,,,10641.26381,,,,,,,,,,216.666639,254,10000.0,10000.0,,10114984.0,141291.0,9973693.0,12,319630000.0,39820000.0
LBR,2018,Liberia,利比里亚,12,4,50827365.797224,0,0,,0,0,,0,0,,0,0,,0,0,,0,0,,0,3,1,21796994.957573,,,,,50827365.797224,,21796994.957573,,,,,,,,197.623402,257,,,,5790809.0,85234.0,5705575.0,12,260390000.0,14350000.0
LBR,2019,Liberia,利比里亚,17,4,39581863.987484,0,0,,0,0,,0,0,,0,0,,0,0,,0,0,,0,8,2,23594.856857,,,,,39581863.987484,,23594.856857,,,,,,,,179.544617,259,,,,3873644.0,10667.0,3862977.0,12,167650000.0,11200000.0
LBR,2020,Liberia,利比里亚,15,6,5801764.273701,0,0,,0,0,,0,0,,0,0,,0,0,,0,0,,0,10,4,5104855.323066,,,,,5801764.273701,,5104855.323066,,,,,,,,174.304611,287,,,,1098708.0,345409.0,753299.0,12,168880000.0,33460000.0
LBR,2021,Liberia,利比里亚,16,7,12445428.405204,0,0,,0,0,,0,0,,0,0,,0,0,,0,0,,0,2,2,4840152.4,,,,,12445428.405204,,4840152.4,,,,,,,,236.061564,261,,,,167206.0,120073.0,47133.0,12,162780000.0,6780000.0
LBR,2022,Liberia,利比里亚,19,2,66144.339197,0,0,,0,0,,0,0,,0,0,,0,0,,0,0,,0,0,0,,,,,,66144.339197,,,,,,,,,,197.139386,261,,,,62201.0,60257.0,1944.0,12,155780000.0,12160000.0
LBR,2023,Liberia,利比里亚,12,2,1001000.0,0,0,,0,0,,0,0,,0,0,,0,0,,0,0,,0,0,0,,,,,,1001000.0,,,,,,,,,,166.297378,252,,,,0.0,0.0,0.0,12,140730000.0,-13960000.0
LBR,2024,Liberia,利比里亚,0,0,,0,0,,0,0,,0,0,,0,0,,0,0,,0,0,,0,0,0,,,,,,,,,,,,,,,,,,,,,116585.0,0.0,116585.0,6,128180000.0,8810000.0
LBY,2000,Libya,利比亚,0,0,,0,0,,0,0,,0,0,,0,0,,0,0,,0,0,,0,0,0,,,,,,,,,,,,,,,,0.222683,14,,,,,,,,,
LBY,2001,Libya,利比亚,0,0,,0,0,,0,0,,0,0,,0,0,,0,0,,0,0,,0,0,0,,,,,,,,,,,,,,,,0.190595,17,,,,,,,,,
LBY,2002,Libya,利比亚,0,0,,0,0,,0,0,,0,0,,0,0,,0,0,,0,0,,0,0,0,,,,,,,,,,,,,,,,0.259411,21,,,,,,,,,
LBY,2003,Libya,利比亚,0,0,,0,0,,0,0,,0,0,,0,0,,0,0,,0,0,,0,0,0,,,,,,,,,,,,,,,,0.202249,26,,,,,,,,860000.0,100000.0
LBY,2004,Libya,利比亚,0,0,,0,0,,0,0,,0,0,,0,0,,0,0,,0,0,,0,0,0,,,,,,,,,,,,,,,,0.264154,27,,,,,,,,870000.0,60000.0
LBY,2005,Libya,利比亚,1,0,,0,0,,0,0,,0,0,,0,0,,0,0,,0,0,,0,0,0,,,,,,,,,,,,,,,,15.444048,65,,,,,,,,33060000.000000004,250000.0
LBY,2006,Libya,利比亚,0,0,,0,0,,0,0,,0,0,,0,0,,0,0,,0,0,,0,0,0,,,,,,,,,,,,,,,,17.857752,85,,,,,,,,28570000.0,-8510000.0
LBY,2007,Libya,利比亚,0,0,,0,0,,0,0,,0,0,,0,0,,0,0,,0,0,,0,0,0,,,,,,,,,,,,,,,,18.928653,88,,,,,,,,70830000.0,42260000.0
LBY,2008,Libya,利比亚,0,0,,0,0,,0,0,,0,0,,0,0,,0,0,,0,0,,0,0,0,,,,,,,,,,,,,,,,66.900878,110,,,,,,,,81580000.0,10540000.0
LBY,2009,Libya,利比亚,2,2,507579724.954733,0,0,,0,0,,0,0,,0,0,,0,0,,0,0,,0,0,0,,,,,,,,,,507579724.954733,,,,,,46.606372,113,391114504.246721,,391114504.246721,,,,,42690000.0,-38550000.0
LBY,2010,Libya,利比亚,1,0,,0,0,,0,0,,0,0,,0,0,,0,0,,0,0,,0,0,0,,,,,,,,,,,,,,,,28.008309,103,,,,,,,,32189999.999999996,-10500000.0
LBY,2011,Libya,利比亚,2,1,3516085.83361,0,0,,0,0,,0,0,,0,0,,0,0,,0,0,,0,0,0,,,,,,3516085.83361,,,,,,,,,,47.020172,110,3304198.76196686,3304198.76196686,,,,,,67780000.0,47880000.0
LBY,2012,Libya,利比亚,0,0,,0,0,,0,0,,0,0,,0,0,,0,0,,0,0,,0,0,0,,,,,,,,,,,,,,,,20.893436,124,,,,,,,,65190000.0,-6680000.0
LBY,2013,Libya,利比亚,1,0,,0,0,,0,0,,0,0,,0,0,,0,0,,0,0,,0,1,0,,,,,,,,,,,,,,,,20.666964,147,,,,,,,,108820000.0,450000.0
LBY,2014,Libya,利比亚,0,0,,0,0,,0,0,,0,0,,0,0,,0,0,,0,0,,0,0,0,,,,,,,,,,,,,,,,19.158794,159,,,,,,,,108940000.0,130000.0
LBY,2015,Libya,利比亚,0,0,,0,0,,0,0,,0,0,,0,0,,0,0,,0,0,,0,0,0,,,,,,,,,,,,,,,,21.977786,148,,,,0.0,0.0,0.0,12,105770000.0,-41060000.0
LBY,2016,Libya,利比亚,0,0,,0,0,,0,0,,0,0,,0,0,,0,0,,0,0,,0,0,0,,,,,,,,,,,,,,,,25.037543,157,,,,0.0,0.0,0.0,12,211120000.0,-17050000.0
LBY,2017,Libya,利比亚,0,0,,0,0,,0,0,,0,0,,0,0,,0,0,,0,0,,0,0,0,,,,,,,,,,,,,,,,44.553168,154,,,,0.0,0.0,0.0,12,366750000.0,-176400000.0
LBY,2018,Libya,利比亚,2,1,6037777.764827,0,0,,0,0,,0,0,,0,0,,0,0,,0,0,,0,1,1,6539098.487272,,,,,6037777.764827,,6539098.487272,,,,,,,,48.955837,146,,,,5123395.0,4949603.0,173792.0,12,425680000.0,28230000.0
LBY,2019,Libya,利比亚,0,0,,0,0,,0,0,,0,0,,0,0,,0,0,,0,0,,0,0,0,,,,,,,,,,,,,,,,57.583409,147,,,,0.0,0.0,0.0,12,299430000.0,-129340000.0
LBY,2020,Libya,利比亚,3,2,3879058.985707,0,0,,0,0,,0,0,,0,0,,0,0,,0,0,,0,4,2,4199025.485022,,,,,3879058.985707,,4199025.485022,,,,,,,,93.56398,169,,,,473552.0,396430.0,77122.0,12,155370000.0,72890000.0
LBY,2021,Libya,利比亚,1,0,,0,0,,0,0,,0,0,,0,0,,0,0,,0,0,,0,1,0,,,,,,,,,,,,,,,,97.493338,173,,,,0.0,0.0,0.0,12,138790000.0,-13220000.0
LBY,2022,Libya,利比亚,0,0,,0,0,,0,0,,0,0,,0,0,,0,0,,0,0,,0,0,0,,,,,,,,,,,,,,,,83.143122,171,,,,0.0,0.0,0.0,12,87540000.0,-2790000.0
LBY,2023,Libya,利比亚,1,1,4237022.424017,0,0,,0,0,,0,0,,0,0,,0,0,,0,0,,0,0,0,,,,,,4237022.424017,,,,,,,,,,66.619207,166,,,,1685044.0,1136313.0,548731.0,12,72530000.0,-17770000.0
LBY,2024,Libya,利比亚,0,0,,0,0,,0,0,,0,0,,0,0,,0,0,,0,0,,0,0,0,,,,,,,,,,,,,,,,,,,,,0.0,0.0,0.0,6,34840000.0,-32000000.0
LSO,2000,Lesotho,莱索托,0,0,,0,0,,0,0,,0,0,,0,0,,0,0,,0,0,,0,0,0,,,,,,,,,,,,,,,,12.336794,121,,,,,,,,,
LSO,2001,Lesotho,莱索托,3,2,12130912.182615,0,0,,0,0,,1,1,3300000.0,0,0,,0,0,,0,0,,0,0,0,,,,,,1347879.131402,10783033.051213,,,,,,3300000.0,,,15.587674,146,,,,,,,,,
LSO,2002,Lesotho,莱索托,4,1,5275539.185379,0,0,,0,0,,0,0,,0,0,,0,0,,0,0,,0,2,0,,,,,,5275539.185379,,,,,,,,,,18.183233,184,4957624.17261696,4957624.17261696,,,,,,,
LSO,2003,Lesotho,莱索托,7,4,13447484.093518,0,0,,0,0,,0,0,,0,0,,0,0,,0,0,,0,0,0,,,,,,13447484.093518,,,,,,,,,,26.380931,217,17746252.45580361,12637111.25960313,,,,,,240000.0,0.0
LSO,2004,Lesotho,莱索托,1,0,,0,0,,0,0,,0,0,,0,0,,0,0,,0,0,,0,0,0,,,,,,,,,,,,,,,,32.04962,228,4777041.65380741,,,,,,,30000.0,30000.0
LSO,2005,Lesotho,莱索托,7,3,22180546.46094,0,0,,0,0,,0,0,,0,0,,0,0,,0,0,,0,1,0,,,,,,2248950.013964,,,,19931596.446976,,,,,,32.79245,212,29426901.90685319,20843901.04701166,,,,,,600000.0,600000.0
LSO,2006,Lesotho,莱索托,3,3,9251323.34161,0,0,,0,0,,1,1,6400000.0,0,0,,0,0,,0,0,,0,0,0,,,,,,9251323.34161,,,,,,,6400000.0,,,40.413204,239,8693819.08225651,8693819.08225651,,,,,,7600000.0,0.0
LSO,2007,Lesotho,莱索托,4,1,10922412.021096,0,0,,0,0,,0,0,,0,0,,0,0,,0,0,,0,1,0,,,,,,,10922412.021096,,,,,,,,,53.974949,251,16745306.73229126,10264204.109299,,,,,,7600000.0,0.0
LSO,2008,Lesotho,莱索托,2,2,47640803.022161,1,1,32820000.0,1,1,32820000.0,0,0,,0,0,,0,0,,0,0,,0,0,0,,,,,32820000.0,1408446.084174,,,,46232356.937987,32820000.0,,,,,82.875796,260,41609979.08618961,37801204.62984274,,,,,,8220000.000000001,620000.0
LSO,2009,Lesotho,莱索托,5,1,8239.384331,0,0,,0,0,,0,0,,0,0,,0,0,,0,0,,0,2,0,,,,,,8239.384331,,,,,,,,,,78.523828,269,7742.86129271808,7742.86129271808,,,,,,8320000.0,100000.0
LSO,2010,Lesotho,莱索托,6,2,15653200.979598,0,0,,0,0,,0,0,,0,0,,0,0,,0,0,,0,0,0,,,,,,15653200.979598,,,,,,,,,,128.017796,265,14709907.28315541,14709907.28315541,,,,,,8880000.0,560000.0
LSO,2011,Lesotho,莱索托,7,3,35966696.225414,1,1,33790000.0,2,2,41520000.0,0,0,,0,0,,0,0,,0,0,,0,1,0,,,,,41520000.0,805837.889319,,,,35160858.336095,33790000.0,,,,,158.746569,251,50320257.75386926,33799263.94403491,,,,,,8910000.0,30000.0
LSO,2012,Lesotho,莱索托,12,9,29275645.762629,0,0,,1,1,8000000.0,0,0,,0,0,,0,0,,0,0,,0,1,0,,,,,8000000.0,16442240.535558,,,,12833405.227071,,,,,,165.048629,268,46182162.31416242,27511433.77904737,,,,,,9130000.0,210000.0
LSO,2013,Lesotho,莱索托,2,0,,0,0,,0,0,,0,0,,0,0,,0,0,,0,0,,0,1,0,,,,,,,,,,,,,,,,198.597562,265,,,,,,,,9130000.0,0.0
LSO,2014,Lesotho,莱索托,3,1,12866211.406793,0,0,,0,0,,0,0,,0,0,,0,0,,0,0,,0,0,0,,,,,,12866211.406793,,,,,,,,,,97.11586,274,,,,,,,,11070000.0,460000.0
LSO,2015,Lesotho,莱索托,8,1,1046198.381401,0,0,,0,0,,0,0,,0,0,,0,0,,0,0,,0,1,0,,,,,,1046198.381401,,,,,,,,,,91.921518,259,19440644.69769939,983152.212117056,,1514355.0,42452.0,1471903.0,12,11150000.0,80000.0
LSO,2016,Lesotho,莱索托,5,2,31150.571133,0,0,,0,0,,0,0,,0,0,,0,0,,0,0,,0,2,1,24088.074058,,,,,31150.571133,,24088.074058,,,,,,,,115.20764,264,29273.37228949673,29273.37228949673,,2730633.0,30009.0,2700624.0,12,6630000.0,0.0
LSO,2017,Lesotho,莱索托,16,5,49552.793466,0,0,,0,0,,0,0,,0,0,,0,0,,0,0,,0,3,2,40678.135949,,,,,49552.793466,,40678.135949,,,,,,,,164.658105,243,3015878.299220898,50547.34008018246,,2440066.0,61305.0,2378761.0,12,6530000.0,0.0
LSO,2018,Lesotho,莱索托,19,10,179749459.97417,1,1,105820000.0,1,1,105840000.0,1,1,11630000.0,0,0,,0,0,,0,0,,0,3,2,70893663.250902,,,,105840000.0,73244610.864064,,70893663.250902,,106504849.110106,105820000.0,,11630000.0,,,179.625726,248,,,,185236.0,41612.0,143624.0,12,6530000.0,0.0
LSO,2019,Lesotho,莱索托,7,1,1037987.490907,0,0,,0,0,,0,0,,0,0,,0,0,,0,0,,0,2,0,,,,,,1037987.490907,,,,,,,,,,152.975534,256,,,,2768248.0,42521.0,2725727.0,12,5930000.0,0.0
LSO,2020,Lesotho,莱索托,7,4,73673839.821684,1,1,66830000.0,1,1,66880000.0,0,0,,0,0,,1,1,70000000.0,1,1,66830000.0,2,3,1,1611763.319995,70.0,,70000000.0,66880000.0,1676762.287127,,1611763.319995,,71997077.534557,66830000.0,,,66830000.0,,168.665518,279,,,,947405.0,402177.0,545228.0,12,17580000.0,11650000.0
LSO,2021,Lesotho,莱索托,3,2,3836219.867657,0,0,,0,0,,0,0,,0,0,,0,0,,0,0,,0,3,2,4160120.0,,,,,3836219.867657,,4160120.0,,,,,,,,194.834108,260,,,,3870016.0,1057006.0,2813010.0,12,14510000.0,10450000.0
LSO,2022,Lesotho,莱索托,6,2,499589.192554,1,1,30000000.0,1,1,30000000.0,0,0,,0,0,,0,0,,0,0,,0,0,0,,,,,30000000.0,499589.192554,,,,,30000000.0,,,,,131.480067,260,,,,2276260.0,39905.0,2236355.0,12,9370000.0,5570000.0
LSO,2023,Lesotho,莱索托,6,3,1884743.590807,0,0,,0,0,,0,0,,0,0,,0,0,,0,0,,0,0,0,,,,,,1884743.590807,,,,,,,,,,147.671341,259,,,,18252905.0,5547981.0,12704924.0,12,4000000.0,-5370000.0
LSO,2024,Lesotho,莱索托,0,0,,0,0,,0,0,,0,0,,0,0,,0,0,,0,0,,0,0,0,,,,,,,,,,,,,,,,,,,,,458909.0,19083.0,439826.0,6,9460000.0,5310000.0
MAR,2000,Morocco,摩洛哥,2,2,15766938.776924,0,0,,1,1,7620000.0,0,0,,0,0,,0,0,,0,0,,0,0,0,,,,,7620000.0,1450023.08948,,,,14316915.687444,,,,,,99.183496,136,21105907.00074836,14816791.15947551,,,,,,,
MAR,2001,Morocco,摩洛哥,2,1,42089160.746817,0,0,,1,1,13040000.0,0,0,,0,0,,0,0,,0,0,,0,1,1,45568910.025519,,45568910.025519,,13040000.0,,,,,42089160.746817,,,,,,43.141726,121,,,,,,,,,
MAR,2002,Morocco,摩洛哥,3,3,15563460.658654,0,0,,1,1,6040000.0,0,0,,0,0,,3,3,6390000.0,0,0,,0,0,0,,,,6390000.0,6040000.0,1617707.38029,,,,13945753.278364,,,,,,56.736883,146,22488785.83532057,14625574.00478889,,,,,,,
MAR,2003,Morocco,摩洛哥,0,0,,0,0,,0,0,,0,0,,0,0,,0,0,,0,0,,0,0,0,,,,,,,,,,,,,,,,75.567638,190,11495567.69145102,,,,,,,4310000.0,190000.0
MAR,2004,Morocco,摩洛哥,2,1,1270844.072126,0,0,,0,0,,0,0,,0,0,,0,0,,0,0,,0,0,0,,,,,,1270844.072126,,,,,,,,,,57.489615,184,1194260.41345185,1194260.41345185,,,,,,9060000.0,1800000.0
MAR,2005,Morocco,摩洛哥,3,0,,0,0,,0,0,,0,0,,0,0,,0,0,,0,0,,0,1,0,,,,,,,,,,,,,,,,218.079321,198,4597564.40671136,,,,,,,20590000.0,850000.0
MAR,2006,Morocco,摩洛哥,2,2,7045850.774932,0,0,,0,0,,0,0,,0,0,,0,0,,0,0,,0,0,0,,,,,,7045850.774932,,,,,,,,,,142.795979,209,15468971.06665629,6621252.944680801,,,,,,27010000.0,1780000.0
MAR,2007,Morocco,摩洛哥,0,0,,0,0,,0,0,,0,0,,0,0,,0,0,,0,0,,0,0,0,,,,,,,,,,,,,,,,95.389814,215,,,,,,,,29650000.0,2640000.0
MAR,2008,Morocco,摩洛哥,5,2,727325084.919149,1,1,514960000.0,1,1,514960000.0,0,0,,0,0,,0,0,,0,0,,0,0,0,,,,,514960000.0,2026509.148244,,,,725298575.770905,514960000.0,,,,,217.535593,221,7617548.912693771,1904387.22817344,,,,,,28060000.0,6880000.0
MAR,2009,Morocco,摩洛哥,0,0,,0,0,,0,0,,0,0,,0,0,,0,0,,0,0,,0,0,0,,,,,,,,,,,,,,,,238.160086,228,3519267.40420944,,,,,,,48780000.0,16420000.000000002
MAR,2010,Morocco,摩洛哥,2,0,,0,0,,0,0,,0,0,,0,0,,0,0,,0,0,,0,1,0,,,,,,,,,,,,,,,,136.425225,227,,,,,,,,55850000.0,1750000.0
MAR,2011,Morocco,摩洛哥,7,4,269899278.567056,1,1,183600000.0,1,1,183600000.0,0,0,,0,0,,0,0,,0,0,,0,0,0,,,,,183600000.0,3958945.979611,,,,265940332.587445,183600000.0,,,,,143.948649,232,200234087.5551646,3720371.180784585,196513716.37438,,,,,89480000.0,9110000.0
MAR,2012,Morocco,摩洛哥,5,0,,0,0,,0,0,,0,0,,0,0,,0,0,,0,0,,0,1,0,,,,,,,,,,,,,,,,130.427287,232,,,,,,,,95220000.0,1050000.0
MAR,2013,Morocco,摩洛哥,0,0,,0,0,,0,0,,0,0,,0,0,,0,0,,0,0,,0,0,0,,,,,,,,,,,,,,,,306.259966,225,9481652.86076071,,,,,,,102960000.0,7740000.0
MAR,2014,Morocco,摩洛哥,3,3,416673710.046027,1,1,304500000.0,1,1,304500000.0,0,0,,0,0,,1,1,305000000.0,1,1,304500000.0,1,0,0,,350.0,,305000000.0,304500000.0,6575504.063579,,,,410098205.982448,304500000.0,,,304500000.0,,268.265524,231,295188959.4322928,6179250.40998187,289009709.022311,,,,,114440000.0,11440000.0
MAR,2015,Morocco,摩洛哥,5,3,10367454.2069,0,0,,0,0,,0,0,,0,0,,0,0,,0,0,,0,1,0,,,,,,10367454.2069,,,,,,,,,,135.580906,227,9742689.07191526,9742689.07191526,,2264982.0,176383.0,2088599.0,12,156290000.0,26030000.0
MAR,2016,Morocco,摩洛哥,5,1,181714214.026395,0,0,,0,0,,0,0,,0,0,,0,0,,0,0,,0,1,0,,,,,,,,,,181714214.026395,,,,,,312.114624,223,186188595.4354983,,170763733.829604,13128.0,9928.0,3200.0,12,162700000.0,10160000.0
MAR,2017,Morocco,摩洛哥,1,0,,0,0,,0,0,,0,0,,0,0,,1,1,1950000.0,0,0,,0,1,0,,,,,,,,,,,,,,,1950000.0,242.930422,218,,,,3362742.0,3270448.0,92294.0,12,318210000.0,59860000.0
MAR,2018,Morocco,摩洛哥,7,6,298715293.255507,0,0,,0,0,,0,0,,0,0,,1,1,150000000.0,0,0,,0,1,0,,,,150000000.0,,7240503.848703,,,,291474789.406804,,,,,,96.735548,218,,,,402869.0,267340.0,135529.0,12,382290000.0,90780000.0
MAR,2019,Morocco,摩洛哥,1,0,,0,0,,0,0,,0,0,,0,0,,0,0,,0,0,,0,0,0,,,,,,,,,,,,,,,,154.135439,221,,,,9306014.0,9306014.0,0.0,12,303290000.0,-95160000.0
MAR,2020,Morocco,摩洛哥,6,4,1904940.356014,0,0,,0,0,,0,0,,0,0,,0,0,,0,0,,0,6,4,2062070.500043,,,,,1904940.356014,,2062070.500043,,,,,,,,375.38433,245,,,,1394103.0,831752.0,562351.0,12,383470000.0,128139999.99999999
MAR,2021,Morocco,摩洛哥,4,2,8319812.410263,0,0,,0,0,,0,0,,0,0,,0,0,,0,0,,0,2,1,9000000.0,,,,,8319812.410263,,9000000.0,,,,,,,,410.73348,261,,,,534867.0,71096.0,463771.0,12,349200000.0,33220000.0
MAR,2022,Morocco,摩洛哥,5,0,,0,0,,0,0,,0,0,,0,0,,0,0,,0,0,,0,0,0,,,,,,,,,,,,,,,,474.626977,254,,,,543888.0,280006.0,263882.0,12,282700000.0,1580000.0
MAR,2023,Morocco,摩洛哥,1,0,,0,0,,0,0,,0,0,,0,0,,0,0,,0,0,,0,0,0,,,,,,,,,,,,,,,,206.861889,228,,,,264313.0,0.0,264313.0,12,513289999.99999994,241590000.0
MAR,2024,Morocco,摩洛哥,0,0,,0,0,,0,0,,0,0,,0,0,,0,0,,0,0,,0,0,0,,,,,,,,,,,,,,,,,,,,,0.0,0.0,0.0,6,749450000.0,238400000.0
MDG,2000,Madagascar,马达加斯加,2,1,29584474.576535,0,0,,0,0,,0,0,,0,0,,0,0,,0,0,,0,1,0,,,,,,29584474.576535,,,,,,,,,,56.302495,171,28870902.97206631,27801654.3074855,,,,,,,
MDG,2001,Madagascar,马达加斯加,2,1,69675652.262035,0,0,,0,0,,1,1,30000000.0,0,0,,0,0,,0,0,,0,0,0,,,,,,,69675652.262035,,,,,,30000000.0,,,68.119263,172,,,,,,,,,
MDG,2002,Madagascar,马达加斯加,1,0,,0,0,,0,0,,0,0,,0,0,,0,0,,0,0,,0,1,0,,,,,,,,,,,,,,,,69.527374,192,10413432.5817344,,,,,,,,
MDG,2003,Madagascar,马达加斯加,0,0,,0,0,,0,0,,0,0,,0,0,,0,0,,0,0,,0,0,0,,,,,,,,,,,,,,,,103.95199,233,7663711.79430072,,,,,,,28130000.0,680000.0
MDG,2004,Madagascar,马达加斯加,6,3,15023334.370955,0,0,,0,0,,0,0,,0,0,,0,0,,0,0,,0,1,0,,,,,,15023334.370955,,,,,,,,,,139.689037,242,28147216.01699559,14117997.56618859,,,,,,40630000.0,13640000.0
MDG,2005,Madagascar,马达加斯加,0,0,,0,0,,0,0,,0,0,,0,0,,0,0,,0,0,,0,0,0,,,,,,,,,,,,,,,,160.82434,238,4597564.40671136,,,,,,,49940000.0,140000.0
MDG,2006,Madagascar,马达加斯加,8,2,58912580.59594,0,0,,0,0,,0,0,,0,0,,0,0,,0,0,,0,3,0,,,,,,16476409.931343,42436170.664597,,,,,,,,,131.418936,258,55362384.2187311,55362384.2187311,,,,,,54340000.0,1170000.0
MDG,2007,Madagascar,马达加斯加,11,5,89767164.515081,0,0,,1,1,50590000.0,1,0,,0,0,,0,0,,0,0,,0,3,1,473103.668737,,,,50590000.0,5664591.952639,,473103.668737,,84102572.562442,,,,,,149.127892,271,206149541.064776,84357603.16642301,,,,,,76010000.0,13240000.0
MDG,2008,Madagascar,马达加斯加,4,1,3793794.597669,0,0,,1,1,4010000.0,0,0,,0,0,,0,0,,0,0,,0,2,0,,,,,4010000.0,3793794.597669,,,,,,,,,,163.256818,276,3565172.15053046,3565172.15053046,,,,,,146520000.0,61160000.0
MDG,2009,Madagascar,马达加斯加,7,4,10040354.430525,0,0,,0,0,,0,0,,0,0,,0,0,,0,0,,0,2,1,659643.760941,,,,,10040354.430525,,659643.760941,,,,,,,,144.430325,287,9435301.056478485,9435301.056478485,,,,,,196220000.0,42560000.0
MDG,2010,Madagascar,马达加斯加,8,6,4679304.244612,0,0,,0,0,,0,0,,0,0,,0,0,,0,0,,0,3,2,534804.119659,,,,,4679304.244612,,534804.119659,,,,,,,,241.615273,273,4397319.86305034,4397319.86305034,,,,,,229870000.0,33580000.0
MDG,2011,Madagascar,马达加斯加,1,1,2639415.750536,0,0,,0,0,,0,0,,0,0,,0,0,,0,0,,0,0,0,,,,,,2639415.750536,,,,,,,,,,197.798895,277,2480358.74775094,2480358.74775094,,,,,,253630000.0,23100000.0
MDG,2012,Madagascar,马达加斯加,5,2,16122488.2655,0,0,,0,0,,0,0,,0,0,,0,0,,0,0,,0,2,0,,,,,,2032856.4182,,,,14089631.8473,,,,,,174.763616,293,15150913.21524192,1910352.21511682,13240561.0001251,,,,,274550000.0,8430000.0
MDG,2013,Madagascar,马达加斯加,6,1,20179358.995232,0,0,,0,0,,0,0,,0,0,,0,0,,0,0,,0,2,1,22015170.770659,,,,,20179358.995232,,22015170.770659,,,,,,,,218.200381,274,18963305.7215214,18963305.7215214,,,,,,286100000.0,15510000.0
MDG,2014,Madagascar,马达加斯加,4,0,,0,0,,0,0,,0,0,,0,0,,0,0,,0,0,,0,2,0,,,,,,,,,,,,,,,,194.853111,277,,,,,,,,352610000.0,36760000.0
MDG,2015,Madagascar,马达加斯加,6,5,5954306.077114,0,0,,0,0,,0,0,,0,0,,0,0,,0,0,,0,1,1,3232382.584604,,,,,5954306.077114,,3232382.584604,,,,,,,,257.317372,275,5595486.759877677,5595486.759877677,,295580.0,240688.0,54892.0,12,347700000.0,33840000.0
MDG,2016,Madagascar,马达加斯加,8,2,241809.700523,0,0,,0,0,,0,0,,0,0,,0,0,,0,0,,0,2,1,118080.450836,,,,,241809.700523,,118080.450836,,,,,,,,219.488755,259,149848395.317264,227237.740088966,,394882.0,91491.0,303391.0,12,297630000.0,-6550000.0
MDG,2017,Madagascar,马达加斯加,21,8,184892785.419167,1,1,105000000.0,1,1,105000000.0,0,0,,0,0,,0,0,,0,0,,0,5,2,2534316.56665,,,,105000000.0,72914234.285074,,2534316.56665,,111978551.134093,105000000.0,,,,,216.463845,244,173750776.903274,68520276.90327403,105230500.0,3992065.0,408712.0,3583353.0,12,766300000.0,71200000.0
MDG,2018,Madagascar,马达加斯加,18,6,103728149.083991,2,2,102630000.0,2,2,102650000.0,0,0,,0,0,,1,1,197000000.0,0,0,,0,6,3,467722.13657,,195259.6996,197000000.0,102650000.0,606357.204097,,272462.43697,,103121791.879894,102630000.0,,,,,262.542671,257,,,,6151797.0,102560.0,6049237.0,12,803350000.0,55600000.0
MDG,2019,Madagascar,马达加斯加,8,2,165561227.44083,1,1,157740000.0,1,1,157720000.0,0,0,,0,0,,0,0,,0,0,,0,2,0,,,,,157720000.0,799250.367999,,,,164761977.072831,157740000.0,,,,,224.903635,264,,,,2062286.0,412183.0,1650103.0,12,272910000.0,-160000.0
MDG,2020,Madagascar,马达加斯加,7,2,50801870.588923,1,1,48990000.0,1,1,48980000.0,0,0,,0,0,,0,0,,0,0,,0,4,1,283676.598606,,,,48980000.0,262060.390627,,283676.598606,,50539810.198296,48990000.0,,,,,344.035435,288,,,,2515622.0,852507.0,1663115.0,12,390735800.0,135976500.0
MDG,2021,Madagascar,马达加斯加,14,5,5421583.406074,0,0,,0,0,,0,0,,0,0,,0,0,,0,0,,0,10,3,5641860.465116,,,,,5421583.406074,,5641860.465116,,,,,,,,471.406598,268,,,,1984338.0,1573830.0,410508.0,12,322870000.0,-9620000.0
MDG,2022,Madagascar,马达加斯加,9,1,280808.062818,0,0,,0,0,,0,0,,0,0,,0,0,,0,0,,0,0,0,,,,,,280808.062818,,,,,,,,,,308.889207,264,,,,1033866.0,115701.0,918165.0,12,281940000.0,-62390000.0
MDG,2023,Madagascar,马达加斯加,10,1,253515175.037045,1,1,240000000.0,1,1,240000000.0,0,0,,0,0,,0,0,,1,1,240000000.0,1,0,0,,64.0,,,240000000.0,,,,,253515175.037045,240000000.0,,,240000000.0,,360.108342,262,,,,919465.0,281333.0,638132.0,12,253670000.0,33040000.0
MDG,2024,Madagascar,马达加斯加,0,0,,0,0,,0,0,,0,0,,0,0,,0,0,,0,0,,0,0,0,,,,,,,,,,,,,,,,,,,,,0.0,0.0,0.0,6,218280000.0,-48470000.0
MLI,2000,Mali,马里,3,2,57267662.749777,0,0,,0,0,,0,0,,0,0,,0,0,,0,0,,0,0,0,,,,,,,,,,57267662.749777,,,,,,62.399327,171,53816597.5754656,53816597.5754656,,,,,,,
MLI,2001,Mali,马里,3,2,123420494.300334,0,0,,0,0,,1,1,40050000.0,0,0,,0,0,,0,0,,0,1,0,,,,,,,109390774.051395,,,14029720.248939,,,40050000.0,,,94.229962,172,,,,,,,,,
MLI,2002,Mali,马里,0,0,,0,0,,0,0,,0,0,,0,0,,0,0,,0,0,,0,0,0,,,,,,,,,,,,,,,,55.309243,195,5293494.895715,,,,,,,,
MLI,2003,Mali,马里,1,0,,0,0,,0,0,,0,0,,0,0,,0,0,,0,0,,0,1,0,,,,,,,,,,,,,,,,101.950585,219,10318482.93604142,,,,,,,12090000.0,5410000.0
MLI,2004,Mali,马里,2,1,15123044.458301,0,0,,0,0,,0,0,,0,0,,0,0,,0,0,,0,0,0,,,,,,15123044.458301,,,,,,,,,,112.170644,233,28542823.88149924,14211698.920077,,,,,,13160000.0,0.0
MLI,2005,Mali,马里,7,3,17270633.757816,0,0,,0,0,,0,0,,0,0,,0,0,,0,0,,0,2,0,,,,,,17270633.757816,,,,,,,,,,143.103051,234,23123646.08355347,16229869.79608707,,,,,,13280000.0,0.0
MLI,2006,Mali,马里,1,0,,0,0,,0,0,,1,1,40000000.0,0,0,,0,0,,0,0,,0,1,0,,,,,,,,,,,,,40000000.0,,,154.681032,261,13271577.18296324,,,,,,,19830000.0,2600000.0
MLI,2007,Mali,马里,10,6,153374620.282413,0,0,,0,0,,1,1,50000000.0,0,0,,0,0,,0,0,,0,3,1,23655.183437,,,,,77827878.883632,75546741.398781,23655.183437,,,,,50000000.0,,,181.251042,275,160554664.1656115,144131937.590733,,,,,,32220000.0,6720000.0
MLI,2008,Mali,马里,9,4,111993212.665403,0,0,,0,0,,0,0,,0,0,,0,0,,0,0,,0,5,3,11547413.607511,,,,,10667755.253206,,11547413.607511,,101325457.412197,,,,,,221.958992,282,126192513.6633721,105244254.1534642,,,,,,30950000.0,-1280000.0
MLI,2009,Mali,马里,5,3,1072764.959252,0,0,,0,0,,0,0,,0,0,,0,0,,0,0,,0,4,3,1161452.540562,,,,,1072764.959252,,1161452.540562,,,,,,,,226.856783,289,29633909.06807551,1008117.83323221,,,,,,44720000.0,7990000.0
MLI,2010,Mali,马里,3,1,195701717.662517,1,1,152140000.0,1,1,152130000.0,0,0,,0,0,,0,0,,0,0,,0,0,0,,,,,152130000.0,,,,,195701717.662517,152140000.0,,,,,317.327076,281,198192477.0004574,183908334.513938,,,,,,47770000.0,3050000.0
MLI,2011,Mali,马里,15,7,127497859.476007,1,1,42850000.0,2,2,50590000.0,0,0,,0,0,,0,0,,0,0,,0,4,3,5779785.156529,,,,50590000.0,76185300.631719,,5779785.156529,,51312558.844288,42850000.0,,,,,308.825721,284,175311926.3020025,117324317.5886635,2490240.23786547,,,,,160060000.0,47580000.0
MLI,2012,Mali,马里,8,6,15362149.58289,0,0,,1,1,33600000.0,1,0,,0,0,,0,0,,0,0,,0,2,2,809604.147728,,,,33600000.0,15362149.58289,,809604.147728,,,,,,,,288.992093,262,14436394.14072329,14436394.14072329,,,,,,211430000.0,44420000.0
MLI,2013,Mali,马里,9,4,373996091.460556,1,1,145000000.0,1,1,145000000.0,0,0,,0,0,,1,1,248000000.0,1,1,145000000.0,3,2,1,594791.429089,139.8,,248000000.0,145000000.0,555656.997493,,594791.429089,,373440434.463063,145000000.0,,,145000000.0,,342.755035,250,414197397.0994425,15439972.36586655,336018278.745901,,,,,316670000.0,108010000.0
MLI,2014,Mali,马里,8,5,207606098.825252,1,1,70880000.0,2,2,86000000.0,0,0,,0,0,,1,1,99000000.0,0,0,,0,2,2,1074818.941016,,,99000000.0,86000000.0,22633525.876231,,1074818.941016,,184972572.949021,70880000.0,,,,,368.764948,256,1739018861.031553,195095320.2791312,,,,,,342860000.0,23390000.0
MLI,2015,Mali,马里,8,2,14339720.412847,0,0,,0,0,,0,0,,0,0,,0,0,,0,0,,0,2,0,,,,,,14339720.412847,,,,,,,,,,378.038884,278,13475577.95505834,13467712.7373614,7865.21769693644,8912465.0,1330789.0,7581676.0,12,307330000.0,-34010000.0
MLI,2016,Mali,马里,4,1,6565601.583713,0,0,,0,0,,0,0,,0,0,,0,0,,0,0,,0,1,0,,,,,,,,,,6565601.583713,,,,,,404.657312,277,313667664.6236378,6169944.64235774,,5423800.0,364337.0,5059463.0,12,320010000.0,12950000.0
MLI,2017,Mali,马里,14,4,70921534.4439,0,0,,0,0,,0,0,,0,0,,0,0,,0,0,,0,3,0,,,,,,55116120.717646,15747463.062185,,57950.664069,,,,,,,400.658747,262,66593202.69302078,66593202.69302078,,8557147.0,800146.0,7757001.0,12,394860000.0,14340000.0
MLI,2018,Mali,马里,7,2,173624373.061491,1,1,168850000.0,1,1,168820000.0,0,0,,0,0,,0,0,,0,0,,0,0,0,,,,,168820000.0,,,,,173624373.061491,168850000.0,,,,,394.609803,260,,,,10199219.0,189917.0,10009302.0,12,301470000.0,-84040000.0
MLI,2019,Mali,马里,6,0,,0,0,,0,0,,0,0,,0,0,,0,0,,0,0,,0,1,0,,,,,,,,,,,,,,,,439.877325,265,,,,2279714.0,194006.0,2085708.0,12,305000000.0,18490000.0
MLI,2020,Mali,马里,6,1,54166.025622,0,0,,0,0,,0,0,,0,0,,0,0,,0,0,,0,8,2,147889.319038,,,,,54166.025622,,147889.319038,,,,,,,,468.662159,291,,,,3585260.0,787273.0,2797987.0,12,308210000.0,18040000.0
MLI,2021,Mali,马里,8,3,14232720.81784,0,0,,0,0,,0,0,,0,0,,0,0,,0,0,,0,3,3,15434419.447099,,,,,14232720.81784,,15434419.447099,,,,,,,,471.600905,272,,,,5235390.0,400584.0,4834806.0,12,438610000.0,16219999.999999998
MLI,2022,Mali,马里,9,2,10205126.618926,0,0,,0,0,,0,0,,0,0,,0,0,,0,0,,0,0,0,,,,,,10205126.618926,,,,,,,,,,408.552583,269,,,,5998049.0,2385654.0,3612395.0,12,478030000.0,53190000.0
MLI,2023,Mali,马里,15,2,205955.02971,0,0,,0,0,,0,0,,0,0,,0,0,,0,0,,0,0,0,,,,,,205955.02971,,,,,,,,,,481.04508,265,,,,1995948.0,97395.0,1898553.0,12,438810000.0,30900000.0
MLI,2024,Mali,马里,0,0,,0,0,,0,0,,0,0,,0,0,,0,0,,0,0,,0,0,0,,,,,,,,,,,,,,,,,,,,,343431.0,0.0,343431.0,6,496740000.0,64440000.0
MOZ,2000,Mozambique,莫桑比克,5,5,18507750.524293,0,0,,0,0,,0,0,,0,0,,0,0,,0,0,,0,0,0,,,,,,1327451.69936,,,,17180298.824933,,,,,,238.307807,171,17392436.04798398,17392436.04798398,,,,,,,
MOZ,2001,Mozambique,莫桑比克,3,3,107630904.910918,0,0,,1,1,11190000.0,1,1,35000000.0,0,0,,0,0,,0,0,,0,0,0,,,,,11190000.0,348378.26131,81288260.972374,,,25994265.677234,,,35000000.0,,,229.770522,177,,,,,,,,,
MOZ,2002,Mozambique,莫桑比克,3,2,12743390.822982,0,0,,0,0,,0,0,,0,0,,0,0,,0,0,,0,1,0,,,,,,12743390.822982,,,,,,,,,,284.576326,205,11975447.46899456,11975447.46899456,,,,,,,
MOZ,2003,Mozambique,莫桑比克,2,1,1125017.460293,0,0,,0,0,,0,0,,0,0,,0,0,,0,0,,0,0,0,,,,,,1125017.460293,,,,,,,,,,304.128433,237,3171664.83689797,1057221.61229932,,,,,,2420000.0,0.0
MOZ,2004,Mozambique,莫桑比克,2,0,,0,0,,0,0,,0,0,,0,0,,0,0,,0,0,,0,2,0,,,,,,,,,,,,,,,,390.899846,247,7117059.07461507,,,,,,,5600000.0,660000.0
MOZ,2005,Mozambique,莫桑比克,3,3,15834211.10036,0,0,,0,0,,1,1,7500000.0,0,0,,0,0,,0,0,,0,0,0,,,,,,8017322.076132,,,,7816889.024228,,,7500000.0,,,393.535717,239,14880008.92649851,14880008.92649851,,,,,,14680000.0,2880000.0
MOZ,2006,Mozambique,莫桑比克,2,1,37530.321858,0,0,,0,0,,0,0,,0,0,,0,0,,0,0,,0,1,0,,,,,,37530.321858,,,,,,,,,,462.079198,264,110631745.1901889,110631745.1901889,,,,,,14680000.0,0.0
MOZ,2007,Mozambique,莫桑比克,8,6,320874658.763072,0,0,,1,1,50000000.0,1,1,30000000.0,0,0,,0,0,,0,0,,0,0,0,,,,,50000000.0,12513122.583477,64223782.684047,,,244137753.495548,,,30000000.0,,,618.740893,265,376436276.4490422,72112575.21328568,,,,,,34240000.0,10030000.0
MOZ,2008,Mozambique,莫桑比克,4,1,32819109.246615,0,0,,0,0,,0,0,,0,0,,0,0,,0,0,,0,2,0,,,,,,,,,,32819109.246615,,,,,,775.821214,282,62778187.63698093,58807477.6059959,,,,,,43000000.0,5850000.0
MOZ,2009,Mozambique,莫桑比克,6,5,173711255.523579,2,2,97000000.0,3,3,117000000.0,0,0,,0,0,,0,0,,0,0,,0,1,0,,,,,117000000.0,1040488.327307,,,,172670767.196272,97000000.0,,,,,691.862586,294,161334733.0017723,131349287.6761904,29985445.3255819,,,,,74960000.0,15850000.0
MOZ,2010,Mozambique,莫桑比克,7,3,112271509.167183,0,0,,2,2,23600000.0,0,0,,0,0,,0,0,,0,0,,0,3,0,,,,,23600000.0,101090.483986,,,,112170418.683197,,,,,,764.152491,285,87304328.14399673,78723032.7404081,,,,,,75240000.0,280000.0
MOZ,2011,Mozambique,莫桑比克,4,3,97072922.033584,1,1,40000000.0,1,1,40000000.0,0,0,,0,0,,0,0,,0,0,,0,1,0,,,,,40000000.0,6153150.208816,,,,90919771.824768,40000000.0,,,,,755.070891,287,195892774.0500526,91223094.08317262,104669679.96688,,,,,98070000.0,20260000.0
MOZ,2012,Mozambique,莫桑比克,11,9,1355319247.672015,5,5,1249580000.0,6,6,1258980000.0,0,0,,0,0,,0,0,,0,0,,0,1,1,3722278.042216,,,,1258980000.0,5603621.004042,,3722278.042216,,1349715626.667973,1249580000.0,,,,,792.171455,299,894399286.8759857,66873836.08861066,783016795.7331083,,,,,336910000.0,230520000.0
MOZ,2013,Mozambique,莫桑比克,8,6,3259052499.799976,2,2,176100000.0,2,2,176100000.0,0,0,,0,0,,0,0,,0,0,,0,3,3,29554557.667374,,,,176100000.0,25952679.407586,,29554557.667374,,3233099820.39239,176100000.0,,,,,888.539737,285,204257724.1853684,197869808.9499328,,,,,,508090000.0,131889999.99999999
MOZ,2014,Mozambique,莫桑比克,7,5,686510660.12641,2,2,432380000.0,2,2,432380000.0,0,0,,0,0,,0,0,,0,0,,0,1,0,,,,,432380000.0,,,,,686510660.12641,432380000.0,,,,,1071.474542,288,560782688.946794,115627013.637657,445155675.309137,,,,,653860000.0,102510000.0
MOZ,2015,Mozambique,莫桑比克,3,2,6676270.783232,0,0,,0,0,,0,0,,0,0,,0,0,,0,0,,0,0,0,,,,,,6676270.783232,,,,,,,,,,958.212003,295,6273944.316788279,6273944.316788279,,2339957.0,0.0,2339957.0,12,724520000.0,68430000.0
MOZ,2016,Mozambique,莫桑比克,5,3,21175952.622319,0,0,,0,0,,0,0,,0,0,,0,0,,0,0,,0,2,1,5785942.090956,,,,,16251751.434534,4924201.187785,5785942.090956,,,,,,,,1051.300876,287,36299723.63984015,19899845.24083855,,14831634.0,21106.0,14810528.0,12,782260000.0,44250000.0
MOZ,2017,Mozambique,莫桑比克,18,15,2359913935.062016,1,1,156000000.0,1,1,156000000.0,1,1,34000000.0,1,1,2020000000.0,0,0,,0,0,,0,1,0,,,,,156000000.0,128412595.305839,38485620.345205,,,2193015719.410972,156000000.0,2020000000.0,34000000.0,,,1162.800166,273,2093917423.77141,301940475.9318104,1791976947.8396,14972375.0,4428.0,14967947.0,12,872910000.0,117470000.0
MOZ,2018,Mozambique,莫桑比克,6,4,20729703.659239,0,0,,0,0,,0,0,,0,0,,0,0,,0,0,,0,0,0,,,,,,20729703.659239,,,,,,,,,,1136.148596,266,,,,11554212.0,21310.0,11532902.0,12,1410170000.0,545630000.0
MOZ,2019,Mozambique,莫桑比克,12,4,38430518.024558,0,0,,0,0,,0,0,,0,0,,0,0,,0,0,,0,0,0,,,,,,7290893.297334,,,,31139624.727224,,,,,,1008.053618,279,,,,21177273.0,266895.0,20910378.0,12,1146750000.0,-46700000.0
MOZ,2020,Mozambique,莫桑比克,16,10,298936165.56652,1,1,132000000.0,1,1,132000000.0,0,0,,0,0,,0,0,,0,0,,0,10,6,146929.624148,,,,132000000.0,249224.280636,,146929.624148,,298686941.285884,132000000.0,,,,,1281.795518,302,,,,19356984.0,1302405.0,18054579.0,12,1317490000.0,43280000.0
MOZ,2021,Mozambique,莫桑比克,14,7,26603050.363559,0,0,,0,0,,0,0,,0,0,,0,0,,0,0,,0,5,5,27980000.0,,,,,26603050.363559,,27980000.0,,,,,,,,1472.885352,280,,,,18675625.0,9063350.0,9612275.0,12,1263600000.0,-4030000.0000000005
MOZ,2022,Mozambique,莫桑比克,2,1,24866292.931108,0,0,,0,0,,0,0,,0,0,,0,0,,0,0,,0,0,0,,,,,,,,,,24866292.931108,,,,,,1367.790481,275,,,,0.0,0.0,0.0,12,1180350000.0,74170000.0
MOZ,2023,Mozambique,莫桑比克,2,0,,0,0,,0,0,,0,0,,0,0,,0,0,,0,0,,0,0,0,,,,,,,,,,,,,,,,1134.153547,274,,,,9699203.0,0.0,9699203.0,12,1468220000.0,56310000.0
MOZ,2024,Mozambique,莫桑比克,0,0,,0,0,,0,0,,0,0,,0,0,,0,0,,0,0,,0,0,0,,,,,,,,,,,,,,,,,,,,,1822152.0,17623.0,1804529.0,6,2275950000.0,408880000.0
MRT,2000,Mauritania,毛里塔尼亚,0,0,,0,0,,0,0,,0,0,,0,0,,0,0,,0,0,,0,0,0,,,,,,,,,,,,,,,,31.863585,157,,,,,,,,,
MRT,2001,Mauritania,毛里塔尼亚,0,0,,0,0,,0,0,,0,0,,0,0,,0,0,,0,0,,0,0,0,,,,,,,,,,,,,,,,26.451233,154,,,,,,,,,
MRT,2002,Mauritania,毛里塔尼亚,2,1,1394575.327836,0,0,,0,0,,0,0,,0,0,,0,0,,0,0,,0,1,0,,,,,,1394575.327836,,,,,,,,,,32.619983,191,1310535.30508861,1310535.30508861,,,,,,,
MRT,2003,Mauritania,毛里塔尼亚,1,0,,0,0,,0,0,,0,0,,0,0,,0,0,,0,0,,0,0,0,,,,,,,,,,,,,,,,38.65398,185,2554570.59810024,,,,,,,1820000.0,1700000.0
MRT,2004,Mauritania,毛里塔尼亚,2,1,1051868.149487,0,0,,0,0,,0,0,,0,0,,0,0,,0,0,,0,1,0,,,,,,1051868.149487,,,,,,,,,,38.554436,231,988480.42702987,988480.42702987,,,,,,2130000.0,90000.0
MRT,2005,Mauritania,毛里塔尼亚,2,0,,0,0,,0,0,,0,0,,0,0,,0,0,,0,0,,0,1,0,,,,,,,,,,,,,,,,24.465422,221,269346997.0239599,,,,,,,2400000.0,360000.0
MRT,2006,Mauritania,毛里塔尼亚,2,1,706131.8542,0,0,,1,1,75330000.0,0,0,,0,0,,0,0,,0,0,,0,0,0,,,,,75330000.0,706131.8542,,,,,,,,,,29.21481,243,5087437.920135902,663578.859148162,,,,,,20120000.0,4780000.0
MRT,2007,Mauritania,毛里塔尼亚,4,1,94709178.451472,0,0,,0,0,,1,1,61000000.0,0,0,,0,0,,0,0,,0,0,0,,,,,,,94709178.451472,,,,,,61000000.0,,,37.885261,257,89001800.7718735,89001800.7718735,,,,,,15140000.0,-4980000.0
MRT,2008,Mauritania,毛里塔尼亚,2,0,,0,0,,0,0,,0,0,,0,0,,0,0,,0,0,,0,1,0,,,,,,,,,,,,,,,,41.105173,258,,,,,,,,24760000.0,-650000.0
MRT,2009,Mauritania,毛里塔尼亚,5,4,420977531.455511,1,1,292830000.0,1,1,292800000.0,0,0,,0,0,,0,0,,0,0,,0,2,2,16050156.511006,,,,292800000.0,14824669.090886,,16050156.511006,,406152862.364625,292830000.0,,,,,37.923164,263,424057373.7483263,401134577.605211,22163.1552406475,,,,,31290000.0,6530000.0
MRT,2010,Mauritania,毛里塔尼亚,9,4,173581928.573871,1,1,86120000.0,2,2,94970000.0,0,0,,0,0,,0,0,,0,0,,0,1,0,,,,,94970000.0,30400266.821362,,,,143181661.752509,86120000.0,,,,,40.94047,250,132663973.3435489,132663973.3435489,,,,,,45880000.0,5770000.0
MRT,2011,Mauritania,毛里塔尼亚,9,5,79111931.256216,0,0,,1,1,12380000.0,0,0,,0,0,,0,0,,0,0,,0,3,2,22829961.118612,,11414980.559306,,12380000.0,10548257.500829,,11414980.559306,,68563673.755387,,,,,,34.224198,234,74344472.14425437,74344472.14425437,,,,,,74710000.0,19690000.0
MRT,2012,Mauritania,毛里塔尼亚,6,1,1682179.609548,0,0,,0,0,,0,0,,0,0,,0,0,,0,0,,0,2,0,,,,,,1682179.609548,,,,,,,,,,30.688429,228,1580807.9284667,1580807.9284667,,,,,,106150000.0,30870000.0
MRT,2013,Mauritania,毛里塔尼亚,5,3,208581146.299012,1,1,138300000.0,1,1,138300000.0,0,0,,0,0,,0,0,,1,1,138300000.0,0,1,1,18345975.642216,,,,138300000.0,16816132.496026,,18345975.642216,,191765013.802986,138300000.0,,,138300000.0,,44.577239,231,367992196.0630659,61630743.5949446,,,,,,108280000.0,15270000.0
MRT,2014,Mauritania,毛里塔尼亚,6,2,46296902.160185,0,0,,0,0,,0,0,,0,0,,0,0,,0,0,,0,2,1,35603641.272529,,,,,32981288.802573,,35603641.272529,13315613.357612,,,,,,,51.308954,219,176793744.3980788,43506953.8225638,133286790.575515,,,,,100950000.0,-7330000.0
MRT,2015,Mauritania,毛里塔尼亚,10,4,50394422.485692,0,0,,2,2,48150000.0,0,0,,0,0,,0,0,,0,0,,0,2,1,135700.99547,,,,48150000.0,33749415.719378,,135700.99547,,16645006.766314,,,,,,54.489226,253,78641431.54280841,47357545.97402471,,5326667.0,2045489.0,3281178.0,12,105830000.0,2160000.0
MRT,2016,Mauritania,毛里塔尼亚,8,4,68980620.383957,0,0,,0,0,,0,0,,0,0,,0,0,,0,0,,0,4,2,584621.161631,,,,,3324604.546827,,584621.161631,,65656015.83713,,,,,,47.268283,260,3124256.894072224,3124256.894072224,,7778920.0,308760.0,7470160.0,12,193360000.0,108790000.0
MRT,2017,Mauritania,毛里塔尼亚,9,3,50692911.464943,0,0,,0,0,,0,0,,0,0,,0,0,,0,0,,0,3,3,55363501.778743,,,,,50692911.464943,,55363501.778743,,,,,,,,57.706649,250,35026544.7675802,35026544.7675802,,5160453.0,151470.0,5008983.0,12,235850000.0,38070000.0
MRT,2018,Mauritania,毛里塔尼亚,15,3,106803062.687615,0,0,,0,0,,0,0,,0,0,,0,0,,0,0,,0,4,1,322974.450124,,,,,45943148.910411,,322974.450124,,60859913.777204,,,,,,61.149991,249,,,,8245031.0,914092.0,7330939.0,12,232610000.0,23230000.0
MRT,2019,Mauritania,毛里塔尼亚,12,4,122685505.814344,1,1,87000000.0,1,1,87000000.0,0,0,,0,0,,0,0,,0,0,,0,4,2,24031712.912853,,,,87000000.0,34107048.415556,,24031712.912853,,88578457.398788,87000000.0,,,,,55.965418,258,,,,15463392.0,12253496.0,3209896.0,12,181400000.0,-7460000.0
MRT,2020,Mauritania,毛里塔尼亚,14,2,275902.544268,0,0,,0,0,,0,0,,0,0,,0,0,,0,0,,0,12,2,298660.530565,,,,,275902.544268,,298660.530565,,,,,,,,144.427224,280,,,,853590.0,678446.0,175144.0,12,182950000.0,53200000.0
MRT,2021,Mauritania,毛里塔尼亚,12,5,41489577.165642,0,0,,0,0,,0,0,,0,0,,0,0,,0,0,,0,9,4,27540000.0,,,,,41489577.165642,,27540000.0,,,,,,,,177.524836,263,,,,19218574.0,9629312.0,9589262.0,12,142770000.0,-12290000.0
MRT,2022,Mauritania,毛里塔尼亚,12,4,41126982.552403,0,0,,0,0,,0,0,,0,0,,0,0,,0,0,,0,0,0,,,,,,41126982.552403,,,,,,,,,,138.88994,265,,,,7006492.0,4784306.0,2222186.0,12,183750000.0,27140000.0
MRT,2023,Mauritania,毛里塔尼亚,12,2,454034.080801,0,0,,0,0,,0,0,,0,0,,0,0,,0,0,,0,0,0,,,,,,454034.080801,,,,,,,,,,88.347076,259,,,,7589655.0,1480.0,7588175.0,12,210200000.0,14460000.0
MRT,2024,Mauritania,毛里塔尼亚,0,0,,0,0,,0,0,,0,0,,0,0,,0,0,,0,0,,0,0,0,,,,,,,,,,,,,,,,,,,,,1520187.0,0.0,1520187.0,6,262950000.0,28430000.0
MUS,2000,Mauritius,毛里求斯,2,2,7432254.539329,0,0,,1,1,2420000.0,0,0,,0,0,,0,0,,0,0,,0,0,0,,,,,2420000.0,,,,,7432254.539329,,,,,,3.44965,93,19739215.9621634,6984371.8499415,,,,,,,
MUS,2001,Mauritius,毛里求斯,2,2,16560064.474156,0,0,,2,2,4840000.0,0,0,,0,0,,0,0,,0,0,,0,0,0,,,,,4840000.0,,,,,16560064.474156,,,,,,3.447551,88,,,,,,,,,
MUS,2002,Mauritius,毛里求斯,3,3,43231835.16293,0,0,,2,2,14500000.0,0,0,,0,0,,0,0,,0,0,,0,0,0,,,,,14500000.0,,,,,43231835.16293,,,,,,3.043312,82,31452847.32212665,31452847.32212665,,,,,,,
MUS,2003,Mauritius,毛里求斯,1,1,2812288.108156,0,0,,1,1,2420000.0,0,0,,0,0,,0,0,,0,0,,0,0,0,,,,,2420000.0,2812288.108156,,,,,,,,,,3.146002,86,47266511.93256181,2642813.88768896,,,,,,12590000.0,10270000.0
MUS,2004,Mauritius,毛里求斯,6,4,30063295.514894,0,0,,2,2,7250000.0,0,0,,0,0,,0,0,,0,0,,0,0,0,,,,,7250000.0,71375.412717,,,,29991920.102177,,,,,,3.606072,64,9621157.492222104,4844115.838414695,,,,,,12630000.0,440000.0
MUS,2005,Mauritius,毛里求斯,5,4,13565693.356424,0,0,,2,2,7320000.0,0,0,,0,0,,0,0,,0,0,,0,0,0,,,,,7320000.0,739314.759213,,,,12826378.597211,,,,,,3.351822,52,12748196.73416742,12748196.73416742,,,,,,26810000.0,2040000.0
MUS,2006,Mauritius,毛里求斯,5,5,42225639.808092,0,0,,3,3,20080000.0,0,0,,0,0,,0,0,,0,0,,0,0,0,,,,,20080000.0,46030.383855,,,,42179609.424237,,,,,,4.55404,77,47422787.0390055,39681033.68227695,,,,,,51160000.0,16590000.0
MUS,2007,Mauritius,毛里求斯,2,1,65534472.126579,0,0,,1,1,2630000.0,0,0,,0,0,,0,0,,0,0,,0,1,0,,,,,2630000.0,,,,,65534472.126579,,,,,,4.820091,80,69796587.94323364,,61585224.6557944,,,,,115900000.0,15580000.0
MUS,2008,Mauritius,毛里求斯,5,3,16171543.002987,0,0,,1,1,4320000.0,0,0,,0,0,,0,0,,0,0,,0,2,2,15203939.960829,,15203939.960829,,4320000.0,2125808.096508,,,,14045734.906479,,,,,,4.156635,79,15197010.08082407,15197010.08082407,,,,,,230070000.0,34440000.0
MUS,2009,Mauritius,毛里求斯,9,5,465426214.659892,2,2,330280000.0,5,5,350900000.0,0,0,,0,0,,0,0,,0,0,,0,2,2,7827199.613587,,,,350900000.0,7246907.559382,,7827199.613587,,458179307.10051,330280000.0,,,,,5.802809,123,454279737.6849568,98412725.25935201,338965903.680491,,,,,242840000.0,14120000.0
MUS,2010,Mauritius,毛里求斯,3,1,3255.461739,0,0,,1,1,5910000.0,0,0,,0,0,,0,0,,0,0,,0,0,0,,,,,5910000.0,3255.461739,,,,,,,,,,8.965255,107,3059.28100030056,3059.28100030056,,,,,,283290000.0,22010000.0
MUS,2011,Mauritius,毛里求斯,1,1,6592660.938018,1,1,89780000.0,3,3,98590000.0,0,0,,0,0,,0,0,,1,1,5800000.0,0,0,0,,,,,98590000.0,,,,,6592660.938018,89780000.0,,,5800000.0,,6.803214,123,12916282.71506154,,,,,,,605940000.0,419460000.0
MUS,2012,Mauritius,毛里求斯,9,9,126334220.845912,0,0,,0,0,,0,0,,0,0,,0,0,,0,0,,0,0,0,,,,,,1485616.776108,,,,124848604.069804,,,,,,6.463059,114,127840674.2746141,118704598.9273296,,,,,,700800000.0,57830000.0
MUS,2013,Mauritius,毛里求斯,2,2,8584635.639221,0,0,,1,1,8070000.0,0,0,,0,0,,0,0,,0,0,,0,0,0,,,,,8070000.0,8584635.639221,,,,,,,,,,7.490109,119,8067306.309030572,8067306.309030572,,,,,,849590000.0,61070000.0
MUS,2014,Mauritius,毛里求斯,5,3,37651778.911456,0,0,,2,2,16550000.0,0,0,,0,0,,0,0,,0,0,,0,0,0,,,,,16550000.0,21637871.70612,,,,16013907.205336,,,,,,6.738388,137,28154669.83718969,28154669.83718969,,,,,,579710000.0,49430000.0
MUS,2015,Mauritius,毛里求斯,2,1,8322503.383157,0,0,,1,1,7130000.0,0,0,,0,0,,0,0,,0,0,,0,0,0,,,,,7130000.0,,,,,8322503.383157,,,,,,5.740617,108,21826938.30328026,7820971.39219594,,1699217.0,3272.0,1695945.0,12,1096580000.0,154770000.0
MUS,2016,Mauritius,毛里求斯,15,8,137435576.559593,0,0,,2,2,14560000.0,0,0,,0,0,,0,0,,0,0,,0,0,0,,,,,14560000.0,44275785.834089,13811015.150342,,,79348775.575162,,,,,,4.578137,115,91872244.33348936,61793764.20199538,,0.0,0.0,0.0,12,1176200000.0,72330000.0
MUS,2017,Mauritius,毛里求斯,11,3,85816498.943739,0,0,,1,1,17750000.0,0,0,,0,0,,0,0,,0,0,,0,0,0,,,,,17750000.0,3878767.608003,,,,81937731.335736,,,,,,8.712091,127,92114586.0402124,3616096.55287449,73700000.0,2271088.0,0.0,2271088.0,12,960870000.0,33270000.000000004
MUS,2018,Mauritius,毛里求斯,22,15,124003013.385199,1,1,52280000.0,1,1,52330000.0,0,0,,0,0,,0,0,,0,0,,0,0,0,,,,,52330000.0,543539.946312,,,,123459473.438887,52280000.0,,,,,6.11502,118,,,,441225.0,347338.0,93887.0,12,997660000.0,178210000.0
MUS,2019,Mauritius,毛里求斯,15,10,49915567.530742,0,0,,0,0,,0,0,,0,0,,0,0,,0,0,,0,1,0,,,,,,15315984.846489,,,,34599582.684253,,,,,,3.835923,22,,,,113713.0,0.0,113713.0,12,1291680000.0,185890000.0
MUS,2020,Mauritius,毛里求斯,6,0,,0,0,,0,0,,0,0,,0,0,,0,0,,0,0,,0,3,0,,,,,,,,,,,,,,,,95.891193,143,,,,443663.0,211685.0,231978.0,12,886710000.0,45770000.0
MUS,2021,Mauritius,毛里求斯,7,5,50196749.078141,0,0,,0,0,,0,0,,0,0,,0,0,,0,0,,0,1,1,1800000.0,,,,,1662978.651817,,1800000.0,,48533770.426324,,,,,,11.475529,152,,,,1374267.0,1374267.0,0.0,12,1058819999.9999999,238560000.0
MUS,2022,Mauritius,毛里求斯,8,1,18898382.627642,0,0,,0,0,,0,0,,0,0,,0,0,,0,0,,0,0,0,,,,,,,,,,18898382.627642,,,,,,15.3929,151,,,,0.0,0.0,0.0,12,1515660000.0,104050000.0
MUS,2023,Mauritius,毛里求斯,2,0,,0,0,,0,0,,0,0,,0,0,,0,0,,0,0,,0,0,0,,,,,,,,,,,,,,,,8.52321,147,,,,0.0,0.0,0.0,12,1897790000.0,173170000.0
MUS,2024,Mauritius,毛里求斯,0,0,,0,0,,0,0,,0,0,,0,0,,0,0,,0,0,,0,0,0,,,,,,,,,,,,,,,,,,,,,0.0,0.0,0.0,6,2111929999.9999998,357410000.0
MWI,2000,Malawi,马拉维,0,0,,0,0,,0,0,,0,0,,0,0,,0,0,,0,0,,0,0,0,,,,,,,,,,,,,,,,169.912151,170,,,,,,,,,
MWI,2001,Malawi,马拉维,0,0,,0,0,,0,0,,0,0,,0,0,,0,0,,0,0,,0,0,0,,,,,,,,,,,,,,,,143.88322,174,,,,,,,,,
MWI,2002,Malawi,马拉维,0,0,,0,0,,0,0,,0,0,,0,0,,0,0,,0,0,,0,0,0,,,,,,,,,,,,,,,,146.324513,206,,,,,,,,,
MWI,2003,Malawi,马拉维,0,0,,0,0,,0,0,,0,0,,0,0,,0,0,,0,0,,0,0,0,,,,,,,,,,,,,,,,169.908139,236,,,,,,,,720000.0,0.0
MWI,2004,Malawi,马拉维,0,0,,0,0,,0,0,,0,0,,0,0,,0,0,,0,0,,0,0,0,,,,,,,,,,,,,,,,227.155845,242,,,,,,,,720000.0,0.0
MWI,2005,Malawi,马拉维,0,0,,0,0,,0,0,,0,0,,0,0,,0,0,,0,0,,0,0,0,,,,,,,,,,,,,,,,242.425184,242,,,,,,,,730000.0,0.0
MWI,2006,Malawi,马拉维,0,0,,0,0,,0,0,,0,0,,0,0,,0,0,,0,0,,0,0,0,,,,,,,,,,,,,,,,333.681555,267,,,,,,,,960000.0,0.0
MWI,2007,Malawi,马拉维,1,1,83078226.711818,0,0,,0,0,,0,0,,0,0,,0,0,,0,0,,0,0,0,,,,,,83078226.711818,,,,,,,,,,412.467863,280,78071755.0630469,78071755.0630469,,,,,,1160000.0,200000.0
MWI,2008,Malawi,马拉维,9,3,114094243.137685,0,0,,0,0,,0,0,,0,0,,0,0,,0,0,,0,1,0,,,,,,100009782.295946,,,,14084460.841739,,,,,,484.711738,279,93982971.7827056,93982971.7827056,,,,,,6590000.0,5440000.0
MWI,2009,Malawi,马拉维,12,5,131821772.975193,1,1,92240000.0,1,1,92230000.0,0,0,,0,0,,0,0,,0,0,,0,1,0,,,,,92230000.0,3883621.330336,,,,127938151.644857,92240000.0,,,,,445.583352,285,123877909.1341924,123877909.1341924,,,,,,14540000.0,0.0
MWI,2010,Malawi,马拉维,11,2,1359105.100243,0,0,,1,1,660000.0,0,0,,0,0,,0,0,,0,0,,0,1,0,,,,,660000.0,1359105.100243,,,,,,,,,,394.589155,287,1277202.665364173,1277202.665364173,,,,,,32400000.0,9860000.0
MWI,2011,Malawi,马拉维,12,5,94980517.164323,1,1,80000000.0,1,1,80000000.0,0,0,,0,0,,0,0,,0,0,,0,1,0,,,,,80000000.0,213674.51701,,,,94766842.647313,80000000.0,,,,,538.075963,285,89414164.59339765,89400551.16829309,13613.4251045602,,,,,30070000.0,1200000.0
MWI,2012,Malawi,马拉维,5,2,10296269.426873,1,1,70000000.0,2,2,189600000.0,0,0,,0,0,,0,0,,0,0,,0,0,0,,,,,189600000.0,10296269.426873,,,,,70000000.0,,,,,595.443538,297,9675794.57701454,9675794.57701454,,,,,,49300000.0,10330000.0
MWI,2013,Malawi,马拉维,6,3,74731812.757876,0,0,,0,0,,0,0,,0,0,,0,0,,0,0,,0,3,1,92853.285463,,,,,103834.676411,,92853.285463,,74627978.081465,,,,,,649.129035,284,70228306.69626257,70228306.69626257,,,,,,253820000.0,8250000.0
MWI,2014,Malawi,马拉维,9,4,18634656.571043,0,0,,0,0,,0,0,,0,0,,0,0,,0,0,,0,1,1,393674.994113,,,,,18634656.571043,,393674.994113,,,,,,,,610.77153,288,40973917.98216197,17511693.11783728,,,,,,257620000.0,3400000.0
MWI,2015,Malawi,马拉维,19,12,71225568.828304,0,0,,1,1,8000000.0,0,0,,0,0,,0,0,,0,0,,0,3,1,25812338.100316,,,,8000000.0,62903065.445147,,25812338.100316,,8322503.383157,,,,,,688.738952,294,233479544.4593948,66933559.72676578,,1644532.0,123412.0,1521120.0,12,258149999.99999997,50000.0
MWI,2016,Malawi,马拉维,29,14,69335711.888705,0,0,,1,1,23000000.0,0,0,,0,0,,0,0,,0,0,,0,1,1,57940.686126,,,,23000000.0,35097270.440544,,57940.686126,,34238441.448161,,,,,,674.812667,286,407520147.3782625,201160949.7686912,,5318028.0,117327.0,5200701.0,12,259050000.0,2400000.0
MWI,2017,Malawi,马拉维,25,7,21628228.973236,0,0,,0,0,,0,0,,0,0,,0,0,,0,0,,0,5,1,92141.936425,,,,,345701.353564,,92141.936425,,21282527.619672,,,,,,754.673037,264,59666811.54379118,176883.8046926,147984.894873379,3767314.0,140009.0,3627305.0,12,291120000.0,43070000.0
MWI,2018,Malawi,马拉维,17,7,68738829.981049,0,0,,0,0,,0,0,,0,0,,1,1,667000000.0,0,0,,0,2,1,193694.191269,,,667000000.0,,23858015.262502,,193694.191269,,44880814.718547,,,,,,717.274322,263,,,,6208825.0,136250.0,6072575.0,12,292100000.0,1460000.0
MWI,2019,Malawi,马拉维,11,5,63639567.427999,0,0,,1,1,56910000.0,0,0,,0,0,,0,0,,0,0,,0,2,1,114534.010784,,,,56910000.0,4569156.654893,,114534.010784,,59070410.773106,,,,,,757.37661,273,,,,4891612.0,89428.0,4802184.0,12,161450000.0,-100580000.0
MWI,2020,Malawi,马拉维,13,8,168070586.74938,1,1,100430000.0,1,1,100420000.0,0,0,,0,0,,0,0,,0,0,,0,10,5,1305990.101297,,,,100420000.0,1234293.455114,,1305990.101297,,166836293.294266,100430000.0,,,,,846.129334,298,,,,2362861.0,1049107.0,1313754.0,12,173160000.0,9020000.0
MWI,2021,Malawi,马拉维,14,8,33009732.283267,0,0,,0,0,,0,0,,0,0,,0,0,,0,0,,0,6,2,30050085.144746,,,,,28648002.339415,,30050085.144746,,4361729.943852,,,,,,889.841634,276,,,,2231249.0,827604.0,1403645.0,12,176720000.0,14950000.0
MWI,2022,Malawi,马拉维,9,5,1671047.440473,0,0,,0,0,,0,0,,0,0,,0,0,,0,0,,0,0,0,,,,,,1671047.440473,,,,0.0,,,,,,792.212724,273,,,,4057164.0,180072.0,3877092.0,12,196590000.0,25810000.0
MWI,2023,Malawi,马拉维,10,3,1571592.188,0,0,,0,0,,0,0,,0,0,,0,0,,0,0,,0,0,0,,,,,,1571592.188,,,,,,,,,,749.700197,275,,,,1281940.0,83949.0,1197991.0,12,238880000.0,3630000.0
MWI,2024,Malawi,马拉维,0,0,,0,0,,0,0,,0,0,,0,0,,0,0,,0,0,,0,0,0,,,,,,,,,,,,,,,,,,,,,1183381.0,385406.0,797975.0,6,87400000.0,18520000.0
NAM,2000,Namibia,纳米比亚,2,2,18413948.577572,0,0,,1,1,1180000.0,0,0,,0,0,,0,0,,0,0,,0,1,0,,,,,1180000.0,4097032.890128,,,,14316915.687444,,,,,,32.467399,133,17304286.79627543,,17304286.79627543,,,,,,
NAM,2001,Namibia,纳米比亚,2,0,,0,0,,1,1,2420000.0,0,0,,0,0,,0,0,,0,0,,0,0,0,,,,,2420000.0,,,,,,,,,,,32.44451,134,,,,,,,,,
NAM,2002,Namibia,纳米比亚,3,2,24083125.119219,0,0,,0,0,,0,0,,0,0,,0,0,,0,0,,0,1,0,,,,,,11993347.819393,,,,12089777.299826,,,,,,34.876386,154,22631825.6860092,22631825.6860092,,,,,,,
NAM,2003,Namibia,纳米比亚,3,2,27251361.961729,0,0,,0,0,,0,0,,0,0,,0,0,,0,0,,0,0,0,,,,,,67501.047618,,,,27183860.914111,,,,,,44.877619,148,83686799.85100718,25545705.9810024,63433.2967379596,,,,,720000.0,620000.0
NAM,2004,Namibia,纳米比亚,5,3,10281893.307728,0,0,,1,1,4640000.0,0,0,,0,0,,0,0,,0,0,,0,1,0,,,,,4640000.0,481213.384243,,,,9800679.923485,,,,,,70.351918,183,9662285.422799258,9662285.422799258,,,,,,2210000.0,0.0
NAM,2005,Namibia,纳米比亚,7,5,74112333.468105,0,0,,2,2,36640000.0,0,0,,0,0,,0,0,,0,0,,0,0,0,,,,,36640000.0,726484.988811,,,,73385848.479294,,,,,,77.552893,194,69646171.60774943,69498188.83430389,147982.773445543,,,,,2360000.0,180000.0
NAM,2006,Namibia,纳米比亚,5,1,3295.281986,0,0,,1,1,2510000.0,0,0,,0,0,,0,0,,0,0,,0,1,0,,,,,2510000.0,3295.281986,,,,,,,,,,144.012061,212,4426955.762330431,3096.70134269142,,,,,,6430000.0,850000.0
NAM,2007,Namibia,纳米比亚,9,7,28297852.337965,0,0,,3,3,61620000.0,0,0,,0,0,,0,0,,0,0,,0,3,2,1594871.521869,,1346492.095782,,61620000.0,12788027.268008,,248379.426087,,15509825.069957,,,,,,170.902764,223,706721568.4988382,18175915.85639814,8416647.36962524,,,,,7240000.0,910000.0
NAM,2008,Namibia,纳米比亚,5,4,71619401.331668,0,0,,2,2,10700000.0,0,0,,0,0,,0,0,,0,0,,0,1,0,,,,,10700000.0,4061530.757477,,,,67557870.574191,,,,,,160.767867,225,67303457.92104751,10171841.07584422,57131616.8452033,,,,,19950000.0,7590000.0
NAM,2009,Namibia,纳米比亚,10,5,14531730.365595,0,0,,2,2,24130000.0,0,0,,0,0,,0,0,,0,0,,0,1,1,15390561.037951,,,,24130000.0,14531730.365595,,15390561.037951,,,,,,,,227.564531,236,25106333.50207288,13656017.00813554,,,,,,46180000.0,11620000.0
NAM,2010,Namibia,纳米比亚,3,2,96630.928742,0,0,,0,0,,0,0,,0,0,,0,0,,0,0,,0,1,0,,,,,,96630.928742,,,,,,,,,,228.89234,231,1884580.813687129,90807.75263284934,,,,,,47110000.0,5510000.0
NAM,2011,Namibia,纳米比亚,9,4,17943128.001821,0,0,,0,0,,0,0,,0,0,,0,0,,0,0,,0,0,0,,,,,,17943128.001821,,,,,,,,,,164.721668,231,21818133.75649342,16861835.61354312,,,,,,60210000.0,5040000.0
NAM,2012,Namibia,纳米比亚,13,8,1563122969.254322,2,2,120970000.0,3,3,350190000.0,0,0,,0,0,,0,0,,0,0,,0,1,0,,,,,350190000.0,6196620.44638,,,,1556926348.807942,120970000.0,,,,,205.431084,237,1472154817.338976,5823199.066103114,1463102692.640205,,,,,94530000.0,25120000.0
NAM,2013,Namibia,纳米比亚,9,7,108259405.832621,0,0,,0,0,,0,0,,0,0,,0,0,,0,0,,0,0,0,,,,,,25541702.541509,,,,82717703.291112,,,,,,188.472834,227,101735452.0785021,24002502.46091914,77732949.617583,,,,,349450000.0,7050000.0
NAM,2014,Namibia,纳米比亚,5,4,145322826.815201,0,0,,0,0,,0,0,,0,0,,0,0,,0,0,,0,2,1,215350.200881,,,,,1745381.487746,,215350.200881,,143577445.327455,,,,,,165.704268,234,17281684.3847947,1640201.141911596,,,,,,981840000.0,8020000.0
NAM,2015,Namibia,纳米比亚,0,0,,0,0,,0,0,,0,0,,0,0,,0,0,,0,0,,0,0,0,,,,,,,,,,,,,,,,128.04157,225,559236623.4756427,,31283885.5687837,1769781.0,29322.0,1740459.0,12,380440000.0,17850000.0
NAM,2016,Namibia,纳米比亚,8,5,19646230.921844,0,0,,0,0,,0,0,,0,0,,0,0,,0,0,,0,2,0,,,,,,19646230.921844,,,,,,,,,,136.5541,220,18462307.78295315,18462307.78295315,,17385220.0,30715.0,17354505.0,12,453570000.0,21680000.0
NAM,2017,Namibia,纳米比亚,8,5,59538306.258012,0,0,,0,0,,0,0,,0,0,,0,0,,0,0,,0,0,0,,,,,,59538306.258012,,,,,,,,,,170.420374,208,4155695.807746595,1151402.587111955,,4868293.0,52430.0,4815863.0,12,480470000.0,20090000.0
NAM,2018,Namibia,纳米比亚,37,15,130573768.46565,0,0,,0,0,,0,0,,0,0,,1,1,25000000.0,0,0,,0,6,2,308956.263785,,,25000000.0,,130573768.46565,,308956.263785,,,,,,,,136.044926,208,,,,2932529.0,142070.0,2790459.0,12,426150000.0,-24820000.0
NAM,2019,Namibia,纳米比亚,25,5,1229430.590501,0,0,,0,0,,0,0,,0,0,,0,0,,0,0,,0,0,0,,,,,,1229430.590501,,,,,,,,,,97.213918,214,,,,1806908.0,110871.0,1696037.0,12,363590000.0,-1100000.0
NAM,2020,Namibia,纳米比亚,16,13,11759578.398217,0,0,,0,0,,0,0,,0,0,,0,0,,0,0,,0,12,10,849109.269899,,,,,11759578.398217,,849109.269899,,,,,,,,146.166059,250,,,,406859.0,277827.0,129032.0,12,354890000.0,1710000.0
NAM,2021,Namibia,纳米比亚,9,6,6668068.87719,0,0,,0,0,,0,0,,0,0,,0,0,,0,0,,0,8,5,10001488.49797,,,,,6668068.87719,,10001488.49797,,,,,,,,158.964223,229,,,,1610026.0,1609729.0,297.0,12,220510000.0,8070000.0
NAM,2022,Namibia,纳米比亚,5,3,442393.64159,0,0,,0,0,,0,0,,0,0,,0,0,,0,0,,0,0,0,,,,,,442393.64159,,,,,,,,,,138.914585,227,,,,1918394.0,103494.0,1814900.0,12,176920000.0,8980000.0
NAM,2023,Namibia,纳米比亚,12,2,90588.357822,0,0,,0,0,,0,0,,0,0,,1,0,,0,0,,0,0,0,,,,,,90588.357822,,,,,,,,,,150.521843,228,,,,821797.0,5180.0,816617.0,12,172350000.0,6530000.0
NAM,2024,Namibia,纳米比亚,0,0,,0,0,,0,0,,0,0,,0,0,,0,0,,0,0,,0,0,0,,,,,,,,,,,,,,,,,,,,,5382092.0,0.0,5382092.0,6,161930000.0,39610000.0
NER,2000,Niger,尼日尔,0,0,,0,0,,0,0,,0,0,,0,0,,0,0,,0,0,,0,0,0,,,,,,,,,,,,,,,,46.703718,163,,,,,,,,,
NER,2001,Niger,尼日尔,3,1,50506992.896181,0,0,,0,0,,0,0,,0,0,,0,0,,0,0,,0,1,0,,,,,,,50506992.896181,,,,,,,,,56.420837,163,,,,,,,,,
NER,2002,Niger,尼日尔,6,6,24829019.1368,0,0,,0,0,,0,0,,0,0,,0,0,,0,0,,0,2,2,1660863.890645,,,,,24829019.1368,,1660863.890645,,,,,,,,65.197506,197,23332770.57179762,23332770.57179762,,,,,,,
NER,2003,Niger,尼日尔,12,7,3129232.091723,0,0,,0,0,,0,0,,0,0,,0,0,,0,0,,0,3,1,147156.866968,,,,,3129232.091723,,147156.866968,,,,,,,,91.138295,204,15713511.17051592,2940658.180014713,,,,,,12500000.0,0.0
NER,2004,Niger,尼日尔,4,1,127084.407213,0,0,,0,0,,0,0,,0,0,,0,0,,0,0,,0,2,1,137590.471718,,,,,127084.407213,,137590.471718,,,,,,,,91.733753,237,119426.041345185,119426.041345185,,,,,,14030000.0,1530000.0
NER,2005,Niger,尼日尔,3,1,569638.640093,0,0,,0,0,,0,0,,0,0,,0,0,,0,0,,0,1,0,,,,,,569638.640093,,,,,,,,,,93.870638,236,7431657.652451518,535311.042384468,,,,,,20440000.0,5760000.0
NER,2006,Niger,尼日尔,6,3,54254464.131064,0,0,,0,0,,0,0,,0,0,,0,0,,0,0,,0,3,2,764621.193845,,,,,588443.211833,,764621.193845,53666020.919231,,,,,,,141.784148,257,62929395.14255068,51427361.58398254,,,,,,32990000.000000004,7940000.0
NER,2007,Niger,尼日尔,5,3,9284050.217932,0,0,,0,0,,1,0,,0,0,,0,0,,0,0,,0,1,0,,,,,,9284050.217932,,,,,,,,,,128.851021,269,8724573.492904203,8724573.492904203,,,,,,134530000.0,100830000.0
NER,2008,Niger,尼日尔,5,3,2084804180.949645,0,0,,0,0,,0,0,,0,0,,0,0,,0,0,,0,2,1,329042.128715,,,,,303976.372237,,329042.128715,,2084500204.577408,,,,,,179.312182,274,1165027267.173166,285658.084226016,1164741609.08894,,,,,136500000.0,-10000.0
NER,2009,Niger,尼日尔,5,3,383864468.587889,0,0,,0,0,,0,0,,0,0,,0,0,,0,0,,0,3,2,70136985.30152,,,,,64781381.547158,,70136985.30152,,319083087.040731,,,,,,159.99636,286,70419446.43771464,60877516.02610018,,,,,,184200000.0,39870000.0
NER,2010,Niger,尼日尔,8,3,2932580.262686,0,0,,0,0,,0,0,,0,0,,0,0,,0,0,,0,3,0,,,,,,2932580.262686,,,,,,,,,,146.369498,274,2755857.017408491,2755857.017408491,,,,,,379360000.0,196250000.0
NER,2011,Niger,尼日尔,10,5,351079494.955322,1,1,100620000.0,2,2,324620000.0,0,0,,0,0,,0,0,,1,1,100620000.0,0,3,0,,,,,324620000.0,6097784.357665,,,,344981710.597657,100620000.0,,,100620000.0,,165.170951,281,113116778.2142702,5730318.450347208,107386459.763923,,,,,429570000.0,51630000.0
NER,2012,Niger,尼日尔,9,5,5415341.072567,1,1,49130000.0,1,1,49140000.0,0,0,,0,0,,0,0,,0,0,,0,3,1,1977900.567076,,,,49140000.0,5415341.072567,,1977900.567076,,,49130000.0,,,,,135.747097,259,63082349.53195846,55010035.45028814,,,,,,125330000.0,-195940000.0
NER,2013,Niger,尼日尔,5,4,169822963.529247,1,1,74680000.0,1,1,74680000.0,0,0,,0,0,,0,0,,1,1,74680000.0,0,1,1,165113.78078,,,,74680000.0,151345.192464,,165113.78078,39764437.239388,129907181.097395,74680000.0,,,74680000.0,,178.683862,247,1414663425.085009,171794150.5231888,37368143.378239,,,,,241870000.0,116540000.0
NER,2014,Niger,尼日尔,3,2,108426839.953381,1,1,101470000.0,1,1,101490000.0,0,0,,0,0,,0,0,,0,0,,0,1,0,,,,,101490000.0,,,,,108426839.953381,101470000.0,,,,,260.818378,258,,,,,,,,198080000.0,-44610000.0
NER,2015,Niger,尼日尔,3,3,103934311.432625,0,0,,1,1,15000000.0,0,0,,0,0,,0,0,,0,0,,0,0,0,,,,,15000000.0,94377188.364999,,,,9557123.067626,,,,,,229.922423,282,127794672.5484816,88689815.58750197,,11294360.0,3094605.0,8199755.0,12,565440000.0,23690000.0
NER,2016,Niger,尼日尔,6,5,17694702.385429,0,0,,0,0,,0,0,,0,0,,0,0,,0,0,,0,1,1,1776964.017114,,,,,17694702.385429,,1776964.017114,,,,,,,,231.647743,276,62756049.4435811,16481464.62589811,,10780765.0,4209407.0,6571358.0,12,525299999.99999994,-23560000.0
NER,2017,Niger,尼日尔,10,3,1579707.43254,0,0,,0,0,,0,0,,0,0,,0,0,,0,0,,0,2,0,,,,,,1579707.43254,,,,,,,,,,262.03778,260,16283000.59501276,1484511.107674862,,5223244.0,180504.0,5042740.0,12,665650000.0,50840000.0
NER,2018,Niger,尼日尔,10,2,7683564.114372,0,0,,0,0,,0,0,,1,1,161000000.0,0,0,,0,0,,0,1,0,,,,,,7683564.114372,,,,,,161000000.0,,,,288.692227,256,,,,10499114.0,201380.0,10297734.0,12,758400000.0,115440000.0
NER,2019,Niger,尼日尔,8,2,1702299485.088221,0,0,,0,0,,0,0,,0,0,,0,0,,0,0,,0,1,0,,,,,,,,,,1702299485.088221,,,,,,351.148098,262,,,,7548661.0,191690.0,7356971.0,12,956710000.0,178360000.0
NER,2020,Niger,尼日尔,8,4,8990214.290691,0,0,,0,0,,0,0,,0,0,,0,0,,0,0,,0,5,3,1970440.411325,,,,,8990214.290691,,1970440.411325,,,,,,,,425.850833,292,,,,7497064.0,1518012.0,5979052.0,12,1176620000.0,235140000.0
NER,2021,Niger,尼日尔,8,2,13278839.575364,0,0,,0,0,,0,0,,0,0,,0,0,,0,0,,0,3,2,14400000.0,,,,,13278839.575364,,14400000.0,,,,,,,,860.760324,268,,,,8900034.0,8471453.0,428581.0,12,1423900000.0,282520000.0
NER,2022,Niger,尼日尔,8,3,22863937.415863,0,0,,0,0,,0,0,,0,0,,0,0,,0,0,,0,0,0,,,,,,22863937.415863,,,,,,,,,,430.454968,268,,,,2043752.0,1306355.0,737397.0,12,1853560000.0,567060000.0
NER,2023,Niger,尼日尔,9,2,1524966.252909,0,0,,0,0,,0,0,,0,0,,0,0,,0,0,,0,0,0,,,,,,1524966.252909,,,,,,,,,,354.781052,264,,,,1391055.0,116591.0,1274464.0,12,2304020000.0,485800000.0
NER,2024,Niger,尼日尔,0,0,,0,0,,0,0,,0,0,,0,0,,0,0,,0,0,,0,0,0,,,,,,,,,,,,,,,,,,,,,0.0,0.0,0.0,6,2454130000.0,365380000.0
NGA,2000,Nigeria,尼日利亚,0,0,,0,0,,0,0,,0,0,,0,0,,0,0,,0,0,,0,0,0,,,,,,,,,,,,,,,,506.148659,161,,,,,,,,,
NGA,2001,Nigeria,尼日利亚,1,0,,0,0,,0,0,,0,0,,0,0,,0,0,,0,0,,0,0,0,,,,,,,,,,,,,,,,332.034132,155,,,,,,,,,
NGA,2002,Nigeria,尼日利亚,6,5,912147408.091052,0,0,,4,4,389520000.0,0,0,,0,0,,2,2,229800000.0,0,0,,2,1,1,13747001.96102,250.0,,229800000.0,389520000.0,12697219.117102,,13747001.96102,,899450188.97395,,,,,,382.220818,202,870275104.6157708,11932058.1665707,845247441.4901209,,,,,,
NGA,2003,Nigeria,尼日利亚,1,1,5496482.568379,0,0,,0,0,,0,0,,0,0,,0,0,,0,0,,0,0,0,,,,,,,5496482.568379,,,,,,,,,401.264145,234,12828965.10637286,5165253.31207214,,,,,,31980000.0,24400000.0
NGA,2004,Nigeria,尼日利亚,1,0,,0,0,,0,0,,0,0,,0,0,,0,0,,0,0,,0,0,0,,,,,,,,,,,,,,,,611.741364,245,4471885.451883126,,,,,,,75610000.0,45520000.0
NGA,2005,Nigeria,尼日利亚,2,2,55950428.998628,0,0,,0,0,,0,0,,0,0,,0,0,,0,0,,0,0,0,,,,,,9850827.06087,,,,46099601.937758,,,,,,720.345867,246,990113480.549887,9257195.93291334,420030631.7226787,,,,,94110000.0,53300000.0
NGA,2006,Nigeria,尼日利亚,4,4,3416436175.478633,0,0,,1,1,200000000.0,0,0,,0,0,,0,0,,0,0,,0,1,1,1274368.656409,,,,200000000.0,1176886.423667,,1274368.656409,,3415259289.054966,,,,,,925.004998,268,397909003.3426372,1105964.76524693,35268665.4959468,,,,,215940000.0,67790000.0
NGA,2007,Nigeria,尼日利亚,4,3,21722309.767018,0,0,,0,0,,0,0,,0,0,,1,0,,0,0,,0,2,2,23492744.051966,,,,,21722309.767018,,23492744.051966,,,,,,,,965.611746,282,20413276.91570837,20413276.91570837,,,,,,630320000.0,390350000.0
NGA,2008,Nigeria,尼日利亚,3,2,64887111.097893,0,0,,0,0,,0,0,,0,0,,0,0,,0,0,,0,0,0,,,,,,,,,,64887111.097893,,,,,,1345.331595,280,118528619.2614549,,8867919.06919992,,,,,795910000.0,162560000.0
NGA,2009,Nigeria,尼日利亚,3,2,14888559.853335,0,0,,0,0,,0,0,,0,0,,0,0,,0,0,,0,2,1,1099325.788425,,,,,1015382.155912,,1099325.788425,,13873177.697423,,,,,,1632.216852,292,5306634.802730165,954193.041161445,,,,,,1025960000.0,171860000.0
NGA,2010,Nigeria,尼日利亚,4,4,1439960634.485083,2,2,899500000.0,3,3,919600000.0,0,0,,0,0,,0,0,,0,0,,0,0,0,,,,,919600000.0,,,,,1439960634.485083,899500000.0,,,,,1275.740555,283,29151748255.83055,,1353185680.82505,,,,,1210850000.0,184890000.0
NGA,2011,Nigeria,尼日利亚,1,0,,0,0,,0,0,,0,0,,0,0,,0,0,,0,0,,0,0,0,,,,,,,,,,,,,,,,1434.321436,287,,,,,,,,1415610000.0,197420000.0
NGA,2012,Nigeria,尼日利亚,3,2,758672484.08538,1,1,500000000.0,1,1,500000000.0,0,0,,0,0,,0,0,,0,0,,0,1,1,1848088.793533,,,,500000000.0,,,1848088.793533,,758672484.08538,500000000.0,,,,,1719.222636,267,542021732.0153747,,509252346.15866,,,,,1949870000.0,333050000.0
NGA,2013,Nigeria,尼日利亚,14,9,2052776869.658891,3,3,1584320000.0,3,3,1584320000.0,0,0,,0,0,,1,1,984000000.0,1,1,984320000.0,4,1,1,14167.326969,700.0,,984000000.0,1584320000.0,1046957.226151,,14167.326969,,2051729912.43274,1584320000.0,,,984320000.0,,2223.524329,256,2609235256.712145,983865.243764735,1830921895.29255,,,,,2146070000.0000002,209130000.0
NGA,2014,Nigeria,尼日利亚,5,3,117288852.272576,0,0,,0,0,,0,0,,0,0,,0,0,,0,0,,0,1,1,269518.910487,,,,,1914119.420157,,269518.910487,,115374732.852419,,,,,,2086.818548,263,1798770.572931557,1798770.572931557,,,,,,2323010000.0,199770000.0
NGA,2015,Nigeria,尼日利亚,6,2,136567.829771,0,0,,0,0,,0,0,,0,0,,0,0,,0,0,,0,2,1,56716.688963,,,,,136567.829771,,56716.688963,,,,,,,,2436.337872,294,49685.7810413941,49685.7810413941,,588916.0,588916.0,0.0,12,2376760000.0,50580000.0
NGA,2016,Nigeria,尼日利亚,5,3,1345948.324661,1,1,325670000.0,1,1,325670000.0,0,0,,0,0,,0,0,,0,0,,0,0,0,,,,,325670000.0,1345948.324661,,,,,325670000.0,,,,,1931.775773,289,2461933343.409883,335074113.5393623,,0.0,0.0,0.0,12,2541680000.0,108500000.0
NGA,2017,Nigeria,尼日利亚,13,9,2000094146.867579,4,4,2749390000.0,5,5,2791890000.0,0,0,,0,0,,1,1,4930000000.0,0,0,,0,0,0,,,,4930000000.0,2791890000.0,13449215.383455,,,,1986644931.484124,2749390000.0,,,,,2109.849257,265,11248478765.00377,12638738.80377338,1812640026.2,5534420.0,0.0,5534420.0,12,2861530000.0,137950000.0
NGA,2018,Nigeria,尼日利亚,24,13,1100102323.628859,3,3,885520000.0,3,3,884220000.0,0,0,,0,0,,0,0,,0,0,,0,1,1,21092.913353,,,,884220000.0,117689.61476,,21092.913353,,1099984634.014099,885520000.0,,,,,1837.585703,267,,,,4758783.0,0.0,4758783.0,12,2453490000.0,194700000.0
NGA,2019,Nigeria,尼日利亚,21,14,1273899932.520801,3,3,1021530000.0,3,3,1021530000.0,0,0,,0,0,,2,2,1000000000.0,0,0,,2,1,1,34249.868988,95.0,,1000000000.0,1021530000.0,51844110.524227,,34249.868988,,1222055821.996574,1021530000.0,,,,,2014.305377,274,,,,0.0,0.0,0.0,12,2194000000.0,123270000.0
NGA,2020,Nigeria,尼日利亚,27,18,2735467507.766183,0,0,,0,0,,0,0,,0,0,,1,0,,0,0,,0,14,7,2062998.349274,,,,,9600263.190012,,2062998.349274,,2725867244.57617,,,,,,2331.533036,301,,,,3499212.0,2161841.0,1337371.0,12,2367538000.0,308935000.0
NGA,2021,Nigeria,尼日利亚,9,6,559549362.464397,0,0,,0,0,,0,0,,0,0,,0,0,,0,0,,0,2,1,8460000.0,,,,,7812642.320145,,8460000.0,,551736720.144252,,,,,,3051.261193,281,,,,1006507.0,1358.0,1005149.0,12,2695790000.0,201670000.0
NGA,2022,Nigeria,尼日利亚,8,6,995239305.806718,0,0,,0,0,,0,0,,0,0,,0,0,,0,0,,0,0,0,,,,,,,,,,995239305.806718,,,,,,2683.809981,275,,,,3688033.0,159112.0,3528921.0,12,2323990000.0,119640000.0
NGA,2023,Nigeria,尼日利亚,9,5,1250468336.688388,1,1,264910000.0,1,1,264920000.0,0,0,,0,0,,0,0,,0,0,,0,0,0,,,,,264920000.0,11778.808388,,,,1250456557.88,264910000.0,,,,,1999.799346,276,,,,2762151.0,7968.0,2754183.0,12,2662330000.0,185580000.0
NGA,2024,Nigeria,尼日利亚,0,0,,0,0,,0,0,,0,0,,0,0,,0,0,,0,0,,0,0,0,,,,,,,,,,,,,,,,,,,,,2313264.0,2343.0,2310921.0,6,2715020000.0,154890000.0
RWA,2000,Rwanda,卢旺达,1,0,,0,0,,0,0,,0,0,,0,0,,0,0,,0,0,,0,0,0,,,,,,,,,,,,,,,,63.359195,167,75613908.83858432,,,,,,,,
RWA,2001,Rwanda,卢旺达,3,3,46872921.428565,0,0,,0,0,,1,1,16350000.0,0,0,,0,0,,0,0,,0,0,0,,,,,,8844437.969484,38028483.459081,,,,,,16350000.0,,,73.846417,171,,,,,,,,,
RWA,2002,Rwanda,卢旺达,2,2,25394438.234204,0,0,,0,0,,0,0,,0,0,,0,0,,0,0,,0,0,0,,,,,,25394438.234204,,,,,,,,,,85.702478,200,31727328.16367307,23864116.33314139,,,,,,,
RWA,2003,Rwanda,卢旺达,1,0,,0,0,,1,1,3800000.0,0,0,,0,0,,0,0,,0,0,,0,0,0,,,,,3800000.0,,,,,,,,,,,97.025123,235,,,,,,,,3300000.0,0.0
RWA,2004,Rwanda,卢旺达,2,0,,0,0,,0,0,,0,0,,0,0,,0,0,,0,0,,0,0,0,,,,,,,,,,,,,,,,173.359277,243,,,,,,,,3300000.0,0.0
RWA,2005,Rwanda,卢旺达,1,0,,0,0,,0,0,,0,0,,0,0,,0,0,,0,0,,0,0,0,,,,,,,,,,,,,,,,194.618987,242,,,,,,,,4720000.0,1420000.0
RWA,2006,Rwanda,卢旺达,6,5,63254191.579307,0,0,,0,0,,0,0,,0,0,,0,0,,0,0,,0,2,2,25997120.590734,,,,,46365546.743321,,25997120.590734,16888644.835986,,,,,,,267.287368,261,63202640.7678639,59442360.56602432,,,,,,7710000.0,2990000.0
RWA,2007,Rwanda,卢旺达,4,2,56814877.636883,0,0,,0,0,,1,0,,0,0,,0,0,,0,0,,0,2,0,,,,,,3644812.54132,53170065.095563,,,,,,,,,285.528198,278,53391091.58155334,53391091.58155334,,,,,,7300000.0,-410000.0
RWA,2008,Rwanda,卢旺达,5,2,2181074.272208,0,0,,0,0,,0,0,,0,0,,0,0,,0,0,,0,1,1,2193614.191434,,,,,2181074.272208,,2193614.191434,,,,,,,,401.144799,280,2115816.416678227,1904387.22817344,145250.687988369,,,,,20180000.0,12880000.0
RWA,2009,Rwanda,卢旺达,5,2,44570850.672808,1,1,32060000.0,1,1,32060000.0,0,0,,0,0,,0,0,,0,0,,0,2,0,,,,,32060000.0,97112.243882,,,,44473738.428926,32060000.0,,,,,431.053676,290,60896778.82990277,41884915.2538622,,,,,,28800000.0,8620000.0
RWA,2010,Rwanda,卢旺达,1,1,1900016.676335,0,0,,1,1,6000000.0,0,0,,0,0,,0,0,,0,0,,0,0,0,,,,,6000000.0,1900016.676335,,,,,,,,,,510.828697,281,14393870.17586986,1785517.81081493,,,,,,41630000.0,12720000.0
RWA,2011,Rwanda,卢旺达,2,0,,0,0,,2,2,20240000.0,0,0,,0,0,,0,0,,0,0,,0,1,0,,,,,20240000.0,,,,,,,,,,,524.152997,282,16520993.80983434,,,,,,,58520000.0,9690000.0
RWA,2012,Rwanda,卢旺达,9,5,189382090.12344,1,1,113000000.0,3,3,141420000.0,0,0,,0,0,,0,0,,0,0,,0,0,0,,,,,141420000.0,22333904.678974,,,,167048185.444466,113000000.0,,,,,508.799127,295,196248852.7279107,159636442.6193758,,,,,,63540000.0,5020000.0
RWA,2013,Rwanda,卢旺达,6,3,2376793.942827,0,0,,0,0,,0,0,,0,0,,0,0,,0,0,,0,2,1,1831931.360756,,,,,2376793.942827,,1831931.360756,,,,,,,,474.712827,282,17611069.91362023,2233563.027721701,,,,,,73330000.0,-5940000.0
RWA,2014,Rwanda,卢旺达,6,3,47815031.188354,0,0,,1,1,8150000.0,0,0,,0,0,,0,0,,0,0,,0,0,0,,,,,8150000.0,47815031.188354,,,,,,,,,,519.196206,285,52754338.12257698,44933596.50113539,,,,,,110720000.0,14940000.0
RWA,2015,Rwanda,卢旺达,3,0,,0,0,,0,0,,0,0,,0,0,,0,0,,0,0,,0,1,0,,,,,,,,,,,,,,,,410.985402,284,,,,645044.0,123882.0,521162.0,12,123570000.0,4059999.9999999995
RWA,2016,Rwanda,卢旺达,6,2,125910645.378373,1,1,73930000.0,1,1,75660000.0,0,0,,0,0,,0,0,,0,0,,0,1,1,49593789.351056,,,,75660000.0,45810306.057074,,49593789.351056,,80100339.321299,73930000.0,,,,,359.902614,282,118323005.4341437,118323005.4341437,,678847.0,0.0,678847.0,12,89360000.0,-9190000.0
RWA,2017,Rwanda,卢旺达,8,3,49452081.17707,0,0,,0,0,,0,0,,0,0,,0,0,,0,0,,0,2,0,,,,,,7480808.458315,,,,41971272.718755,,,,,,388.958465,265,57030000.0,57030000.0,,3608124.0,57168.0,3550956.0,12,99250000.0,9880000.0
RWA,2018,Rwanda,卢旺达,15,4,147089672.41042,2,2,134440000.0,2,2,134480000.0,0,0,,0,0,,0,0,,0,0,,0,1,0,,,,,134480000.0,16952779.499086,,,,130136892.911334,134440000.0,,,,,334.2719,284,,,,4696381.0,44441.0,4651940.0,12,146820000.0,45420000.0
RWA,2019,Rwanda,卢旺达,9,1,45347333.139311,0,0,,0,0,,0,0,,0,0,,0,0,,0,0,,0,1,0,,,,,,45347333.139311,,,,,,,,,,420.597106,286,,,,1396205.0,49415.0,1346790.0,12,167510000.0,17010000.0
RWA,2020,Rwanda,卢旺达,16,15,280167862.121442,1,1,214000000.0,1,1,214000000.0,0,0,,0,0,,1,1,214000000.0,1,1,214000000.0,2,9,9,7137671.58658,43.5,,214000000.0,214000000.0,56027427.595377,,7137671.58658,,224140434.526065,214000000.0,,,214000000.0,,471.6623,293,,,,1935780.0,473541.0,1462239.0,12,170800000.0,-6550000.0
RWA,2021,Rwanda,卢旺达,6,3,8348047.282199,0,0,,0,0,,0,0,,0,0,,0,0,,0,0,,0,4,3,9052890.516631,,,,,8348047.282199,,9052890.516631,,,,,,,,722.832647,275,,,,3641090.0,2436811.0,1204279.0,12,203100000.0,36140000.0
RWA,2022,Rwanda,卢旺达,9,4,65668552.803597,1,1,29450000.0,1,1,29460000.0,0,0,,0,0,,0,0,,0,0,,0,0,0,,,,,29460000.0,1868.121703,,,,65666684.681894,29450000.0,,,,,424.266207,270,,,,4112870.0,302260.0,3810610.0,12,181880000.0,-14460000.0
RWA,2023,Rwanda,卢旺达,6,1,50000000.0,0,0,,0,0,,0,0,,0,0,,0,0,,0,0,,0,0,0,,,,,,,,,,50000000.0,,,,,,361.440404,267,,,,4544069.0,13879.0,4530190.0,12,173630000.0,13470000.0
RWA,2024,Rwanda,卢旺达,0,0,,0,0,,0,0,,0,0,,0,0,,0,0,,0,0,,0,0,0,,,,,,,,,,,,,,,,,,,,,545395.0,0.0,545395.0,6,158470000.0,-10450000.0
SDN,2000,Sudan,苏丹,5,4,810029691.010383,0,0,,0,0,,0,0,,0,0,,1,1,149000000.0,0,0,,0,0,0,,,,149000000.0,,51485862.804503,,,,758543828.20588,,,,,,91.306304,141,761215663.64177,48383220.58789405,712832443.053876,,,,,,
SDN,2001,Sudan,苏丹,6,5,547951875.078137,0,0,,1,1,127500000.0,1,1,67000000.0,0,0,,0,0,,0,0,,0,1,0,,,,,127500000.0,,154215443.673304,,21599452.201231,372136979.203602,,,67000000.0,,,95.933158,142,,,,,,,,,
SDN,2002,Sudan,苏丹,5,5,138710177.66731,0,0,,3,3,54320000.0,0,0,,0,0,,0,0,,2,2,50700000.0,0,1,1,6248637.255009,,,,54320000.0,14138915.202066,,6248637.255009,,124571262.465244,,,,50700000.0,,102.615003,176,138214424.4037146,39537402.59997386,90813809.97320902,,,,,,
SDN,2003,Sudan,苏丹,9,8,2676083215.658728,0,0,,8,8,1243850000.0,0,0,,0,0,,1,1,608000000.0,2,2,989000000.0,10,1,0,,1250.0,,608000000.0,1243850000.0,1125017.460293,,,,2674958198.198435,,,,989000000.0,,99.926629,175,2285114738.358581,1286638702.168279,998476036.1903014,,,,,0.0,0.0
SDN,2004,Sudan,苏丹,21,19,826277609.643576,0,0,,8,8,258900000.0,0,0,,0,0,,0,0,,0,0,,0,5,4,7516252.002226,,,,258900000.0,34383653.417988,,7516252.002226,,791893956.225588,,,,,,167.306183,198,502526162.7751894,52920520.54466946,441649295.4081849,,,,,0.0,0.0
SDN,2005,Sudan,苏丹,15,12,1626495084.60613,0,0,,11,11,342960000.0,0,0,,0,0,,1,1,175000000.0,2,2,170800000.0,2,1,0,,200.0,,175000000.0,342960000.0,2446194.94931,,,,1624048889.65682,,,,170800000.0,,221.608587,216,1535259904.356437,331919233.1068037,1196559907.688191,,,,,0.0,0.0
SDN,2006,Sudan,苏丹,18,15,843985198.036779,0,0,,9,9,248000000.0,0,0,,0,0,,1,1,5000000.0,1,1,4600000.0,0,1,1,2641533.810834,,,5000000.0,248000000.0,43261823.672279,,2641533.810834,,800723374.3645,,,,4600000.0,,216.203011,237,431801909.6038732,250520968.9547073,181280940.649166,,,,,0.0,0.0
SDN,2007,Sudan,苏丹,27,21,2068577047.340896,0,0,,1,1,6790000.0,1,1,83350000.0,0,0,,0,0,,0,0,,0,3,1,53977.931487,,,,6790000.0,42289164.097542,134240399.148797,53977.931487,,1892047484.094557,,,83350000.0,,,241.732312,250,2028358965.730097,186419922.3810489,1714662912.39374,,,,,0.0,0.0
SDN,2008,Sudan,苏丹,19,15,264893807.841649,1,1,51000000.0,4,4,188870000.0,0,0,,0,0,,0,0,,0,0,,0,2,2,19776598.513691,,,,188870000.0,71232471.267734,,19776598.513691,24647806.473044,169013530.100871,51000000.0,,,,,295.043872,258,4051184005.492091,70778198.14787473,,,,,,0.0,0.0
SDN,2009,Sudan,苏丹,23,17,2427967171.098398,6,6,668800000.0,9,9,1801510000.0,0,0,,0,0,,1,1,612000000.0,1,1,612000000.0,1,3,0,,470.0,,612000000.0,1801510000.0,15222130.134348,,,,2412745040.96405,668800000.0,,,612000000.0,,318.222026,270,2516552284.455475,14174440.29903374,1624428907.638046,,,,,0.0,0.0
SDN,2010,Sudan,苏丹,19,13,672023799.458249,3,3,322200000.0,5,5,356200000.0,1,1,5910000.0,0,0,,0,0,,1,1,232900000.0,0,4,3,2942349.228123,,,,356200000.0,5534992.982717,7600066.70534,2942349.228123,,658888739.770192,322200000.0,,5910000.0,232900000.0,,349.266625,258,774144992.1730952,24429845.85675251,607096433.9750108,,,,,0.0,0.0
SDN,2011,Sudan,苏丹,17,5,239820240.70241,0,0,,2,2,109700000.0,0,0,,0,0,,0,0,,0,0,,0,2,0,,,,,109700000.0,15456361.210211,,,,224363879.492199,,,,,,381.116338,263,66433889.41295355,14524926.86245418,,,,,,1525640000.0,911860000.0
SDN,2012,Sudan,苏丹,7,3,3795152385.22388,1,1,1500000000.0,2,2,1529480000.0,0,0,,1,0,,0,0,,0,0,,0,2,0,,,,,1529480000.0,,,,,3795152385.22388,1500000000.0,,,,,396.808879,272,48433884.4900218,19373553.7960087,,,,,,1236600000.0,-1690000.0
SDN,2013,Sudan,苏丹,15,2,77266.857415,0,0,,0,0,,0,0,,0,0,,0,0,,0,0,,0,1,0,,,,,,77266.857415,,,,,,,,,,377.57994,259,48655704.09488557,72610.5838961679,,,,,,1507040000.0,140910000.0
SDN,2014,Sudan,苏丹,9,4,303640129.465143,0,0,,0,0,,0,0,,0,0,,0,0,,0,0,,0,2,0,,,,,,24966775.045523,,,,278673354.41962,,,,,,333.189184,262,761917106.0221509,39103708.1072078,,,,,,1747120000.0,174070000.0
SDN,2015,Sudan,苏丹,7,1,2824735.629784,0,0,,0,0,,0,0,,0,0,,0,0,,0,0,,0,1,0,,,,,,2824735.629784,,,,,,,,,,368.812541,264,2654510.97271605,2654510.97271605,,4862485.0,151212.0,4711273.0,12,1809360000.0,31710000.0
SDN,2016,Sudan,苏丹,11,1,3333684.20413,0,0,,0,0,,0,0,,0,0,,0,0,,0,0,,0,3,1,3609013.918759,,,,,3333684.20413,,3609013.918759,,,,,,,,365.72796,260,64632333.38841324,3132789.39215714,,10190490.0,1281963.0,8908527.0,12,1104340000.0,-689940000.0
SDN,2017,Sudan,苏丹,7,2,87981076.128426,0,0,,2,2,29580000.0,0,0,,0,0,,0,0,,0,0,,0,1,0,,,,,29580000.0,72233613.066241,,,,15747463.062185,,,,,,303.932646,267,330988671.1550346,36996223.7183448,,13691748.0,364330.0,13327418.0,12,1201560000.0,254870000.0
SDN,2018,Sudan,苏丹,11,4,59616657.117446,0,0,,1,1,30220000.0,1,0,,0,0,,0,0,,0,0,,0,3,1,1089849.747879,,,,30220000.0,29186700.228844,,1089849.747879,,30429956.888602,,,,,,321.400111,266,,,,760458.0,304731.0,455727.0,12,1325070000.0,57120000.0
SDN,2019,Sudan,苏丹,12,1,14531824.872704,0,0,,0,0,,0,0,,0,0,,0,0,,0,0,,0,2,0,,,,,,14531824.872704,,,,,,,,,,338.182402,271,,,,10839859.0,10839859.0,0.0,12,1203090000.0,-70780000.0
SDN,2020,Sudan,苏丹,7,2,2352353.112718,0,0,,0,0,,0,0,,0,0,,0,0,,0,0,,0,5,1,312714.360668,,,,,2352353.112718,,312714.360668,,,,,,,,466.487673,283,,,,688835.0,556943.0,131892.0,12,1120296200.0,2829500.0
SDN,2021,Sudan,苏丹,6,1,4149637.367301,0,0,,0,0,,0,0,,0,0,,0,0,,0,0,,0,2,1,4500000.0,,,,,4149637.367301,,4500000.0,,,,,,,,710.761154,259,,,,2569902.0,2487056.0,82846.0,12,1115520000.0,94290000.0
SDN,2022,Sudan,苏丹,11,5,15989345.279579,0,0,,0,0,,0,0,,0,0,,0,0,,0,0,,0,0,0,,,,,,15989345.279579,,,,,,,,,,591.048481,265,,,,143212.0,91613.0,51599.0,12,885950000.0,-171900000.0
SDN,2023,Sudan,苏丹,8,1,400000.0,0,0,,0,0,,0,0,,0,0,,0,0,,0,0,,0,0,0,,,,,,400000.0,,,,,,,,,,374.776746,262,,,,1767899.0,435367.0,1332532.0,12,952140000.0,76560000.0
SDN,2024,Sudan,苏丹,0,0,,0,0,,0,0,,0,0,,0,0,,0,0,,0,0,,0,0,0,,,,,,,,,,,,,,,,,,,,,995456.0,63968.0,931488.0,6,789310000.0,-62450000.0
SEN,2000,Senegal,塞内加尔,0,0,,0,0,,0,0,,0,0,,0,0,,0,0,,0,0,,0,0,0,,,,,,,,,,,,,,,,74.121937,166,,,,,,,,,
SEN,2001,Senegal,塞内加尔,0,0,,0,0,,0,0,,0,0,,0,0,,0,0,,0,0,,0,0,0,,,,,,,,,,,,,,,,116.379104,161,,,,,,,,,
SEN,2002,Senegal,塞内加尔,0,0,,0,0,,0,0,,0,0,,0,0,,0,0,,0,0,,0,0,0,,,,,,,,,,,,,,,,92.413262,198,,,,,,,,,
SEN,2003,Senegal,塞内加尔,0,0,,0,0,,0,0,,0,0,,0,0,,0,0,,0,0,,0,0,0,,,,,,,,,,,,,,,,165.799416,230,,,,,,,,2510000.0,650000.0
SEN,2004,Senegal,塞内加尔,0,0,,0,0,,0,0,,0,0,,0,0,,0,0,,0,0,,0,0,0,,,,,,,,,,,,,,,,200.948861,237,,,,,,,,2580000.0,0.0
SEN,2005,Senegal,塞内加尔,3,2,102686858.854186,0,0,,1,1,50050000.0,0,0,,0,0,,0,0,,0,0,,0,0,0,,,,,50050000.0,2658313.65377,,,,100028545.200416,,,,,,198.993196,240,2498118.19779418,2498118.19779418,,,,,,2350000.0,0.0
SEN,2006,Senegal,塞内加尔,7,5,165896615.172869,0,0,,0,0,,1,1,20500000.0,0,0,,1,0,,0,0,,0,1,1,507987.271314,,,,,126418213.647105,39478401.525764,507987.271314,,,,,20500000.0,,,228.69093,261,162535123.7908682,155899335.1993866,,,,,,4150000.0000000005,0.0
SEN,2007,Senegal,塞内加尔,8,4,217475522.248241,0,0,,2,2,99870000.0,1,1,6000000.0,0,0,,0,0,,1,1,48620000.0,0,2,0,,,,,99870000.0,51454859.527575,,,,166020662.720666,,,6000000.0,48620000.0,,139.245899,271,204369982.0901164,204369982.0901164,,,,,,4390000.0,240000.0
SEN,2008,Senegal,塞内加尔,0,0,,0,0,,0,0,,0,0,,0,0,,0,0,,0,0,,0,0,0,,,,,,,,,,,,,,,,184.273708,272,,,,,,,,10610000.0,3600000.0
SEN,2009,Senegal,塞内加尔,5,2,44284430.03198,1,1,32940000.0,2,2,37330000.0,0,0,,0,0,,0,0,,0,0,,0,3,0,,,,,37330000.0,,,,,44284430.03198,32940000.0,,,,,207.588939,283,45526899.9799571,30534177.3171662,,,,,,26070000.0,11040000.0
SEN,2010,Senegal,塞内加尔,8,4,17350361.378558,1,1,75780000.0,2,2,99400000.0,0,0,,0,0,,0,0,,1,1,75780000.0,0,2,2,13489601.004403,,,,99400000.0,17350361.378558,,13489601.004403,,,75780000.0,,,75780000.0,,189.585098,273,97397914.45732188,92041361.02487709,,,,,,45030000.0,18960000.0
SEN,2011,Senegal,塞内加尔,6,3,95934349.433877,0,0,,0,0,,0,0,,0,0,,0,0,,0,0,,0,2,0,,,,,,2582270.551543,,,,93352078.882334,,,,,,219.962048,280,90153134.37445259,89990331.89191617,162802.482536418,,,,,45200000.0,190000.0
SEN,2012,Senegal,塞内加尔,4,3,96560963.916146,1,1,47010000.0,1,1,48000000.0,0,0,,0,0,,0,0,,0,0,,0,1,0,,,,,48000000.0,3715237.174462,,,,92845726.741684,47010000.0,,,,,254.323251,267,192933221.9397948,54416583.78463983,,,,,,102220000.0,4470000.0
SEN,2013,Senegal,塞内加尔,6,5,162494693.642464,1,1,138300000.0,2,2,154300000.0,0,0,,0,0,,0,0,,1,1,138300000.0,0,2,1,273991.555315,,,,154300000.0,2344008.932007,,273991.555315,,160150684.710457,138300000.0,,,138300000.0,,240.032898,253,18321563.57822097,18321563.57822097,,,,,,83250000.0,10440000.0
SEN,2014,Senegal,塞内加尔,4,3,39344009.693033,0,0,,0,0,,0,0,,0,0,,0,0,,0,0,,0,1,1,33212.856942,,,,,39344009.693033,,33212.856942,,,,,,,,274.031903,257,93673433.98046374,45389213.9402778,2923918.63582473,,,,,130009999.99999999,7060000.0
SEN,2015,Senegal,塞内加尔,8,5,1243076137.759442,3,3,1188710000.0,3,3,1192270000.0,0,0,,0,0,,0,0,,0,0,,0,1,0,,,,,1192270000.0,1551299.316069,,,,1241524838.443373,1188710000.0,,,,,264.747446,283,2528588069.037621,477733587.8544248,815061645.118427,6853883.0,233173.0,6620710.0,12,126020000.0,-7940000.0
SEN,2016,Senegal,塞内加尔,5,4,117394977.542658,3,3,189120000.0,3,3,190000000.0,0,0,,0,0,,0,0,,0,0,,0,2,2,624683.993985,,,,190000000.0,577027.190861,,624683.993985,,116817950.351797,189120000.0,,,,,244.930524,282,542254.320393451,542254.320393451,,1474306.0,411702.0,1062604.0,12,149590000.0,19850000.0
SEN,2017,Senegal,塞内加尔,7,6,105127038.462411,0,0,,0,0,,0,0,,0,0,,0,0,,0,0,,0,3,2,10214745.487432,,,,,9623775.113,,10214745.487432,,95503263.349411,,,,,,332.063427,265,503907077.1413772,94890858.01125386,409016219.1301233,4616854.0,391693.0,4225161.0,12,214300000.0,65410000.0
SEN,2018,Senegal,塞内加尔,14,6,335810898.5799,1,1,150000000.0,3,3,271910000.0,0,0,,0,0,,0,0,,0,0,,0,4,0,,,,,271910000.0,38433796.451376,,,,297377102.128524,150000000.0,,,,,263.156446,260,,,,10543023.0,408297.0,10134726.0,12,314650000.0,83930000.0
SEN,2019,Senegal,塞内加尔,12,6,186940482.167135,0,0,,2,2,180350000.0,0,0,,0,0,,0,0,,0,0,,0,4,2,186710.349287,,,,180350000.0,3495832.073175,,186710.349287,,183444650.09396,,,,,,321.644822,273,,,,3217752.0,503144.0,2714608.0,12,234240000.0,-84880000.0
SEN,2020,Senegal,塞内加尔,9,7,100340399.05646,0,0,,1,1,5710000.0,0,0,,0,0,,0,0,,0,0,,0,7,5,1626551.080344,,,,5710000.0,1505457.638563,,1626551.080344,,98834941.417897,,,,,,348.512862,299,,,,1231456.0,572022.0,659434.0,12,426760000.0,213400000.0
SEN,2021,Senegal,塞内加尔,9,4,593107950.449031,2,2,259640000.0,4,4,441360000.0,0,0,,0,0,,0,0,,0,0,,0,3,2,14400000.0,,,,441360000.0,13278839.575363,,14400000.0,,579829110.873668,259640000.0,,,,,427.889768,269,,,,6927962.0,6730165.0,197797.0,12,438850000.0,11770000.0
SEN,2022,Senegal,塞内加尔,4,2,58087660.287068,0,0,,2,2,478740000.0,0,0,,0,0,,0,0,,0,0,,0,0,0,,,,,478740000.0,,,,,58087660.287068,,,,,,361.070156,267,,,,3303041.0,105030.0,3198011.0,12,176810000.0,-211220000.0
SEN,2023,Senegal,塞内加尔,8,3,316067043.865562,0,0,,0,0,,0,0,,0,0,,0,0,,0,0,,0,0,0,,,,,,4237.022424,,,,316062806.843138,,,,,,297.641839,265,,,,8760423.0,733346.0,8027077.0,12,202490000.0,58570000.0
SEN,2024,Senegal,塞内加尔,0,0,,1,1,85000000.0,1,1,85000000.0,0,0,,0,0,,0,0,,0,0,,0,0,0,,,,,85000000.0,,,,,,85000000.0,,,,,,,,,,5237303.0,15028.0,5222275.0,6,239320000.0,56570000.0
SLE,2000,Sierra Leone,塞拉利昂,1,1,592612.365786,0,0,,0,0,,0,0,,0,0,,0,0,,0,0,,0,0,0,,,,,,592612.365786,,,,,,,,,,47.79568,159,556900.346135841,556900.346135841,,,,,,,
SLE,2001,Sierra Leone,塞拉利昂,2,0,,0,0,,0,0,,0,0,,0,0,,0,0,,0,0,,0,0,0,,,,,,,,,,,,,,,,32.893566,164,,,,,,,,,
SLE,2002,Sierra Leone,塞拉利昂,3,1,14445011.24573,0,0,,0,0,,0,0,,0,0,,0,0,,0,0,,0,1,0,,,,,,14445011.24573,,,,,,,,,,38.33139,195,13574524.6901078,13574524.6901078,,,,,,,
SLE,2003,Sierra Leone,塞拉利昂,4,1,562508.730146,0,0,,0,0,,0,0,,0,0,,0,0,,0,0,,0,1,0,,,,,,562508.730146,,,,,,,,,,47.12554,228,528610.806149663,528610.806149663,,,,,,0.0,0.0
SLE,2004,Sierra Leone,塞拉利昂,2,1,6311208.896924,0,0,,0,0,,0,0,,0,0,,0,0,,0,0,,0,0,0,,,,,,,,,,6311208.896924,,,,,,56.341745,238,5930882.56217922,,5930882.56217922,,,,,5740000.0,5920000.0
SLE,2005,Sierra Leone,塞拉利昂,4,2,24935695.088949,0,0,,0,0,,0,0,,0,0,,0,0,,0,0,,0,1,0,,,,,,20043305.190329,,,,4892389.89862,,,,,,77.616266,239,23433018.74405116,18835454.3373398,,,,,,18450000.0,490000.0
SLE,2006,Sierra Leone,塞拉利昂,9,4,9552054.960313,0,0,,0,0,,0,0,,0,0,,0,0,,0,0,,0,2,2,148308.348546,,,,,4844509.265644,,148308.348546,,4707545.694669,,,,,,76.638039,260,8976427.979251832,4552568.918264092,,,,,,14890000.0,3710000.0
SLE,2007,Sierra Leone,塞拉利昂,4,2,65143168.41489,0,0,,1,1,17480000.0,1,1,22000000.0,0,0,,0,0,,0,0,,0,1,0,,,,,17480000.0,,39806643.23159,,,25336525.1833,,,22000000.0,,,79.808933,267,61217501.7427836,61217501.7427836,,,,,,32280000.0,2850000.0
SLE,2008,Sierra Leone,塞拉利昂,7,1,1696626.829011,0,0,,0,0,,0,0,,0,0,,0,0,,0,0,,0,2,0,,,,,,1696626.829011,,,,,,,,,,108.571668,277,,,,,,,,43700000.0,11420000.0
SLE,2009,Sierra Leone,塞拉利昂,9,0,,0,0,,0,0,,0,0,,0,0,,0,0,,0,0,,0,3,0,,,,,,,,,,,,,,,,105.045952,286,,,,,,,,51230000.0,900000.0
SLE,2010,Sierra Leone,塞拉利昂,3,0,,0,0,,0,0,,0,0,,0,0,,0,0,,0,0,,0,0,0,,,,,,,,,,,,,,,,123.406209,240,,,,,,,,41480000.0,0.0
SLE,2011,Sierra Leone,塞拉利昂,13,3,49316121.442359,0,0,,1,1,15480000.0,0,0,,0,0,,0,0,,0,0,,0,3,1,98390.414507,,,,15480000.0,31735692.274311,,98390.414507,,17580429.168048,,,,,,145.352836,280,46344223.41378583,46344223.41378583,,,,,,52230000.0,10750000.0
SLE,2012,Sierra Leone,塞拉利昂,7,3,1317417729.43183,0,0,,1,1,15000000.0,0,0,,0,0,,0,0,,0,0,,0,2,1,186113.902111,,,,15000000.0,171799.266761,,186113.902111,,1317245930.165069,,,,,,158.072909,258,1238027366.380854,15821735.60007381,1222205630.78078,,,,,57710000.0,7690000.0
SLE,2013,Sierra Leone,塞拉利昂,12,5,90562817.970932,0,0,,0,0,,0,0,,0,0,,0,0,,0,0,,0,2,1,366919.512844,,,,,44034109.869682,,366919.512844,,46528708.10125,,,,,,149.603012,250,87913998.21421207,41380515.9931573,43724784.1598904,,,,,108360000.0,40030000.0
SLE,2014,Sierra Leone,塞拉利昂,18,8,22147560.415884,0,0,,1,1,12000000.0,0,0,,0,0,,0,0,,0,0,,0,2,0,,,,,12000000.0,9541542.760388,,,,12606017.655496,,,,,,544.252209,257,20812902.01582774,8966549.399696242,11846352.6161315,,,,,147740000.0,4920000.0
SLE,2015,Sierra Leone,塞拉利昂,16,2,17632627.52014,0,0,,0,0,,0,0,,0,0,,0,0,,0,0,,0,5,0,,,,,,17632627.52014,,,,,,,,,,633.61879,291,210530137.9094798,16570047.38302082,,12390909.0,6666363.0,5724546.0,12,196300000.0,8070000.0
SLE,2016,Sierra Leone,塞拉利昂,13,4,243401087.907515,0,0,,0,0,,1,1,2880000.0,0,0,,0,0,,0,0,,0,8,1,53308920.513423,,,,,60149227.605723,3282800.791857,53308920.513423,,179969059.509935,,,2880000.0,,,403.782622,273,228733227.1279419,59609481.13823786,169123745.989704,1997159.0,704568.0,1292591.0,12,188820000.0,-1800000.0
SLE,2017,Sierra Leone,塞拉利昂,21,4,702324901.2261,1,1,130000000.0,2,2,659000000.0,0,0,,0,0,,0,0,,0,0,,0,6,0,,,,,659000000.0,1065616.157917,,,,701259285.068183,130000000.0,,,,,308.014354,258,1319001400.0,1001400.0,659000000.0,6474671.0,316495.0,6158176.0,12,184220000.0,16270000.0
SLE,2018,Sierra Leone,塞拉利昂,25,5,12882410.347949,0,0,,0,0,,0,0,,0,0,,0,0,,0,0,,0,8,2,2443352.108103,,,,,12882410.347949,,2443352.108103,,,,,,,,264.872043,262,,,,2306280.0,676114.0,1630166.0,12,168060000.0,3940000.0
SLE,2019,Sierra Leone,塞拉利昂,19,4,138138091.348759,1,1,30000000.0,1,1,30000000.0,0,0,,0,0,,0,0,,0,0,,0,7,0,,,,,30000000.0,106848431.482634,,,,31289659.866125,30000000.0,,,,,222.89491,263,,,,7216501.0,365738.0,6850763.0,12,165320000.0,760000.0
SLE,2020,Sierra Leone,塞拉利昂,9,4,1520146.54268,0,0,,0,0,,0,0,,0,0,,0,0,,0,0,,0,3,1,4969.924661,,,,,1520146.54268,,4969.924661,,,,,,,,254.47963,289,,,,1844684.0,1312198.0,532486.0,12,134169999.99999999,-8320000.0
SLE,2021,Sierra Leone,塞拉利昂,13,8,1891110049.660039,0,0,,0,0,,0,0,,0,0,,0,0,,0,0,,0,3,3,11581200.0,,,,,46826775.304019,,11581200.0,,1844283274.35602,,,,,,301.4378,265,,,,9314521.0,4791865.0,4522656.0,12,106440000.0,12320000.0
SLE,2022,Sierra Leone,塞拉利昂,18,7,7170801.982545,0,0,,0,0,,0,0,,0,0,,0,0,,0,0,,0,0,0,,,,,,7170801.982545,,,,,,,,,,217.836993,267,,,,4674497.0,1474239.0,3200258.0,12,87500000.0,-22780000.0
SLE,2023,Sierra Leone,塞拉利昂,14,2,62370.22424,0,0,,0,0,,0,0,,0,0,,0,0,,0,0,,0,0,0,,,,,,62370.22424,,,,,,,,,,228.907782,261,,,,3818315.0,128562.0,3689753.0,12,89690000.0,7310000.0
SLE,2024,Sierra Leone,塞拉利昂,0,0,,0,0,,0,0,,0,0,,0,0,,0,0,,0,0,,0,0,0,,,,,,,,,,,,,,,,,,,,,3575073.0,514.0,3574559.0,6,139070000.0,13210000.0
SOM,2000,Somalia,索马里,0,0,,0,0,,0,0,,0,0,,0,0,,0,0,,0,0,,0,0,0,,,,,,,,,,,,,,,,57.264774,133,0.0,,,,,,,,
SOM,2001,Somalia,索马里,0,0,,0,0,,0,0,,0,0,,0,0,,0,0,,0,0,,0,0,0,,,,,,,,,,,,,,,,59.888231,126,,,,,,,,,
SOM,2002,Somalia,索马里,0,0,,0,0,,0,0,,0,0,,0,0,,0,0,,0,0,,0,0,0,,,,,,,,,,,,,,,,63.520335,159,,,,,,,,,
SOM,2003,Somalia,索马里,0,0,,0,0,,0,0,,0,0,,0,0,,0,0,,0,0,,0,0,0,,,,,,,,,,,,,,,,61.97475,154,,,,,,,,0.0,0.0
SOM,2004,Somalia,索马里,2,2,286624.274225,0,0,,0,0,,0,0,,0,0,,0,0,,0,0,,0,0,0,,,,,,286624.274225,,,,,,,,,,82.503106,182,269351.7102130852,269351.7102130852,,,,,,0.0,0.0
SOM,2005,Somalia,索马里,2,2,6213424.609002,0,0,,0,0,,1,1,3000000.0,0,0,,0,0,,0,0,,0,0,0,,,,,,200433.051903,6012991.557099,,,,,,3000000.0,,,81.014548,188,17332901.86135376,5838990.844575358,,,,,,0.0,0.0
SOM,2006,Somalia,索马里,0,0,,0,0,,0,0,,0,0,,0,0,,0,0,,0,0,,0,0,0,,,,,,,,,,,,,,,,89.974882,223,,,,,,,,0.0,0.0
SOM,2007,Somalia,索马里,2,1,219326.518519,0,0,,0,0,,0,0,,0,0,,0,0,,0,0,,0,1,1,237502.898541,,,,,219326.518519,,237502.898541,,,,,,,,96.51579,217,2548262.085257854,206109.433366444,,,,,,0.0,0.0
SOM,2008,Somalia,索马里,2,2,2112669.126261,0,0,,0,0,,0,0,,0,0,,0,0,,0,0,,0,0,0,,,,,,2112669.126261,,,,,,,,,,118.767266,244,1985355.015492513,1985355.015492513,,,,,,0.0,0.0
SOM,2009,Somalia,索马里,3,2,896735.316053,0,0,,0,0,,0,0,,0,0,,0,0,,0,0,,0,2,2,970870.181822,,,,,896735.316053,,970870.181822,,,,,,,,116.007072,254,842696.115310157,842696.115310157,,,,,,0.0,0.0
SOM,2010,Somalia,索马里,0,0,,0,0,,0,0,,0,0,,0,0,,0,0,,0,0,,0,0,0,,,,,,,,,,,,,,,,157.513459,237,,,,,,,,0.0,0.0
SOM,2011,Somalia,索马里,1,1,18143002.901425,0,0,,0,0,,0,0,,0,0,,0,0,,0,0,,0,0,0,,,,,,18143002.901425,,,,,,,,,,177.898434,252,17049665.611749,17049665.611749,,,,,,0.0,0.0
SOM,2012,Somalia,索马里,0,0,,0,0,,0,0,,0,0,,0,0,,0,0,,0,0,,0,0,0,,,,,,,,,,,,,,,,218.882247,262,,,,,,,,0.0,0.0
SOM,2013,Somalia,索马里,0,0,,0,0,,0,0,,0,0,,0,0,,0,0,,0,0,,0,1,0,,,,,,,,,,,,,,,,200.802372,254,,,,,,,,0.0,0.0
SOM,2014,Somalia,索马里,4,2,41022.127236,0,0,,0,0,,0,0,,0,0,,0,0,,0,0,,0,1,0,,,,,,41022.127236,,,,,,,,,,214.428958,257,38550.0478887968,38550.0478887968,,,,,,0.0,0.0
SOM,2015,Somalia,索马里,8,3,2134244.698059,0,0,,0,0,,0,0,,0,0,,0,0,,0,0,,0,0,0,,,,,,2134244.698059,,,,,,,,,,268.375153,254,2025293.556961133,2005630.512718792,,0.0,0.0,0.0,12,0.0,0.0
SOM,2016,Somalia,索马里,10,1,2181443.145575,0,0,,0,0,,0,0,,0,0,,0,0,,0,0,,0,0,0,,,,,,2181443.145575,,,,,,,,,,269.483564,253,2049984.7998752,2049984.7998752,,0.0,0.0,0.0,12,0.0,0.0
SOM,2017,Somalia,索马里,10,7,14477122.303621,0,0,,0,0,,0,0,,0,0,,0,0,,0,0,,0,1,0,,,,,,14477122.303621,,,,,,,,,,275.323241,240,13036500.0,13036500.0,,4105601.0,0.0,4105601.0,12,0.0,0.0
SOM,2018,Somalia,索马里,5,3,7569360.724505,0,0,,0,0,,0,0,,0,0,,0,0,,0,0,,0,0,0,,,,,,7569360.724505,,,,,,,,,,268.790263,240,,,,1169291.0,0.0,1169291.0,12,0.0,0.0
SOM,2019,Somalia,索马里,3,0,,0,0,,0,0,,0,0,,0,0,,0,0,,0,0,,0,1,0,,,,,,,,,,,,,,,,317.413591,227,,,,0.0,0.0,0.0,12,0.0,0.0
SOM,2020,Somalia,索马里,1,1,1334872.694093,0,0,,0,0,,0,0,,0,0,,0,0,,0,0,,0,1,1,1444980.466244,,,,,1334872.694093,,1444980.466244,,,,,,,,369.645701,261,,,,318557.0,172874.0,145683.0,12,0.0,0.0
SOM,2021,Somalia,索马里,6,4,15522717.251783,0,0,,0,0,,0,0,,0,0,,0,0,,0,0,,0,2,2,12600000.0,,,,,15522717.251783,,12600000.0,,,,,,,,543.099747,243,,,,7213281.0,5498143.0,1715138.0,12,0.0,0.0
SOM,2022,Somalia,索马里,3,1,587388.071688,0,0,,0,0,,0,0,,0,0,,0,0,,0,0,,0,0,0,,,,,,,,,587388.071688,,,,,,,499.697771,244,,,,1045471.0,0.0,1045471.0,12,0.0,0.0
SOM,2023,Somalia,索马里,7,4,3410741.29281,0,0,,0,0,,0,0,,0,0,,0,0,,0,0,,0,0,0,,,,,,3410741.29281,,,,,,,,,,453.217327,243,,,,0.0,0.0,0.0,12,0.0,0.0
SOM,2024,Somalia,索马里,0,0,,0,0,,0,0,,0,0,,0,0,,0,0,,0,0,,0,0,0,,,,,,,,,,,,,,,,,,,,,1968063.0,0.0,1968063.0,6,0.0,0.0
SSD,2000,South Sudan,南苏丹,0,0,,0,0,,0,0,,0,0,,0,0,,0,0,,0,0,,0,0,0,,,,,,,,,,,,,,,,10.756991,53,,,,,,,,,
SSD,2001,South Sudan,南苏丹,0,0,,0,0,,0,0,,0,0,,0,0,,0,0,,0,0,,0,0,0,,,,,,,,,,,,,,,,10.634802,54,,,,,,,,,
SSD,2002,South Sudan,南苏丹,0,0,,0,0,,0,0,,0,0,,0,0,,0,0,,0,0,,0,0,0,,,,,,,,,,,,,,,,16.396296,88,,,,,,,,,
SSD,2003,South Sudan,南苏丹,0,0,,0,0,,0,0,,0,0,,0,0,,0,0,,0,0,,0,0,0,,,,,,,,,,,,,,,,16.891257,88,,,,,,,,0.0,0.0
SSD,2004,South Sudan,南苏丹,0,0,,0,0,,0,0,,0,0,,0,0,,0,0,,0,0,,0,0,0,,,,,,,,,,,,,,,,30.428229,108,,,,,,,,0.0,0.0
SSD,2005,South Sudan,南苏丹,0,0,,0,0,,0,0,,0,0,,0,0,,0,0,,0,0,,0,0,0,,,,,,,,,,,,,,,,52.921882,125,,,,,,,,0.0,0.0
SSD,2006,South Sudan,南苏丹,0,0,,0,0,,0,0,,0,0,,0,0,,0,0,,0,0,,0,0,0,,,,,,,,,,,,,,,,63.156698,144,,,,,,,,0.0,0.0
SSD,2007,South Sudan,南苏丹,0,0,,0,0,,0,0,,0,0,,0,0,,0,0,,0,0,,1,1,1,709655.503105,85.0,,,,,,709655.503105,,,,,,,,55.580388,155,,,,,,,,0.0,0.0
SSD,2008,South Sudan,南苏丹,0,0,,0,0,,0,0,,0,0,,0,0,,0,0,,0,0,,0,1,1,1096807.095717,,,,,,,1096807.095717,,,,,,,,94.781781,141,,,,,,,,0.0,0.0
SSD,2009,South Sudan,南苏丹,0,0,,0,0,,0,0,,0,0,,0,0,,0,0,,0,0,,0,0,0,,,,,,,,,,,,,,,,121.013421,148,362352415.5181625,,362352415.5181625,,,,,0.0,0.0
SSD,2010,South Sudan,南苏丹,0,0,,0,0,,0,0,,0,0,,0,0,,0,0,,0,0,,0,0,0,,,,,,,,,,,,,,,,125.53641,138,,,,,,,,0.0,0.0
SSD,2011,South Sudan,南苏丹,13,1,863737.832335,0,0,,0,0,,0,0,,0,0,,0,0,,0,0,,0,3,1,934708.937819,,,,,863737.832335,,934708.937819,,,,,,,,156.52261,179,42397749.3340141,811687.089372441,,,,,,50000.0,50000.0
SSD,2012,South Sudan,南苏丹,13,1,6502907.006446,0,0,,0,0,,0,0,,0,0,,0,0,,0,0,,0,3,1,7044741.347555,,,,,6502907.006446,,7044741.347555,,,,,,,,326.310616,270,6111028.15390392,6111028.15390392,,,,,,10900000.0,7800000.0
SSD,2013,South Sudan,南苏丹,12,6,483433277.171993,0,0,,0,0,,0,0,,0,0,,1,1,27000000.0,0,0,,0,2,1,564018.276095,,,27000000.0,,44512464.08353,,564018.276095,,438920813.088463,,,,,,337.502647,258,413004877.9369197,41830043.51296179,370689003.488848,,,,,26470000.0,11490000.0
SSD,2014,South Sudan,南苏丹,20,7,1439413011.927532,1,1,150000000.0,1,1,150000000.0,0,0,,0,0,,0,0,,0,0,,0,4,1,71871.709463,,,,150000000.0,3638558.652984,,71871.709463,,1435774453.274548,150000000.0,,,,,389.12546,261,1389973484.317985,3419291.484088892,1349251676.107893,,,,,19260000.0,-6820000.0
SSD,2015,South Sudan,南苏丹,16,5,2058090860.660262,0,0,,0,0,,0,0,,0,0,,0,0,,0,0,,0,6,2,37371776.466979,,,,,48391901.390832,,37371776.466979,,2009698959.26943,,,,,,541.659286,265,70054506.41920553,45475701.11627914,,1577841.0,1357988.0,219853.0,12,35980000.0,13080000.0
SSD,2016,South Sudan,南苏丹,9,7,12818637.498625,0,0,,0,0,,0,0,,0,0,,0,0,,0,0,,0,3,2,4430895.533632,,,,,12818637.498625,,4430895.533632,,,,,,,,341.629345,253,1963631688.960799,5896205.079982719,,4409861.0,932563.0,3477298.0,12,37030000.0,2029999.9999999998
SSD,2017,South Sudan,南苏丹,15,5,22965138.92053,0,0,,0,0,,0,0,,0,0,,0,0,,0,0,,0,8,2,2004981.362148,,,,,22965138.92053,,2004981.362148,,,,,,,,510.158928,247,190581213.7833692,21581213.78336915,,14982844.0,1391661.0,13591183.0,12,47680000.0,12210000.0
SSD,2018,South Sudan,南苏丹,17,7,89966812.562078,1,1,248800000.0,1,1,248800000.0,0,0,,0,0,,0,0,,0,0,,0,8,3,7410978.285575,,,,248800000.0,89966812.562078,,7410978.285575,,,248800000.0,,,,,448.560993,252,,,,5397370.0,175829.0,5221541.0,12,35690000.0,-13120000.0
SSD,2019,South Sudan,南苏丹,19,6,845159258.90049,0,0,,0,0,,0,0,,0,0,,0,0,,0,0,,0,9,1,8181.00077,,,,,80646465.719021,,8181.00077,,764512793.181469,,,,,,661.180213,266,,,,13404264.0,1936863.0,11467401.0,12,26880000.0,5490000.0
SSD,2020,South Sudan,南苏丹,22,12,24625050.516298,0,0,,0,0,,0,0,,0,0,,0,0,,0,0,,0,15,7,2654340.847278,,,,,24625050.516298,,2654340.847278,,,,,,,,453.335793,295,,,,6777983.0,1919019.0,4858964.0,12,25600000.0,2680000.0
SSD,2021,South Sudan,南苏丹,9,2,2120925.765509,0,0,,0,0,,0,0,,0,0,,0,0,,0,0,,0,3,1,1800000.0,,,,,2120925.765509,,1800000.0,,,,,,,,646.382648,272,,,,6306012.0,394695.0,5911317.0,12,80720000.0,8560000.0
SSD,2022,South Sudan,南苏丹,8,1,114240.722984,0,0,,0,0,,0,0,,0,0,,0,0,,0,0,,0,0,0,,,,,,114240.722984,,,,,,,,,,740.859441,268,,,,4968463.0,155731.0,4812732.0,12,56740000.0,-2160000.0
SSD,2023,South Sudan,南苏丹,6,0,,0,0,,0,0,,0,0,,0,0,,0,0,,0,0,,0,0,0,,,,,,,,,,,,,,,,534.470699,264,,,,5803306.0,124525.0,5678781.0,12,61250000.0,1160000.0
SSD,2024,South Sudan,南苏丹,0,0,,0,0,,0,0,,0,0,,0,0,,0,0,,0,0,,0,0,0,,,,,,,,,,,,,,,,,,,,,1301184.0,0.0,1301184.0,6,65730000.00000001,3570000.0
STP,2000,Sao Tome & Principe,圣多美和普林西比,0,0,,0,0,,0,0,,0,0,,0,0,,0,0,,0,0,,0,0,0,,,,,,,,,,,,,,,,12.490739,113,,,,,,,,,
STP,2001,Sao Tome & Principe,圣多美和普林西比,0,0,,0,0,,0,0,,0,0,,0,0,,0,0,,0,0,,0,0,0,,,,,,,,,,,,,,,,13.360969,116,,,,,,,,,
STP,2002,Sao Tome & Principe,圣多美和普林西比,0,0,,0,0,,0,0,,0,0,,0,0,,0,0,,0,0,,0,0,0,,,,,,,,,,,,,,,,11.092697,110,,,,,,,,,
STP,2003,Sao Tome & Principe,圣多美和普林西比,0,0,,0,0,,0,0,,0,0,,0,0,,0,0,,0,0,,0,0,0,,,,,,,,,,,,,,,,9.783626,111,,,,,,,,0.0,0.0
STP,2004,Sao Tome & Principe,圣多美和普林西比,0,0,,0,0,,0,0,,0,0,,0,0,,0,0,,0,0,,0,0,0,,,,,,,,,,,,,,,,12.162508,120,,,,,,,,0.0,0.0
STP,2005,Sao Tome & Principe,圣多美和普林西比,0,0,,0,0,,0,0,,0,0,,0,0,,0,0,,0,0,,0,0,0,,,,,,,,,,,,,,,,12.183282,151,,,,,,,,0.0,0.0
STP,2006,Sao Tome & Principe,圣多美和普林西比,0,0,,0,0,,0,0,,0,0,,0,0,,0,0,,0,0,,0,0,0,,,,,,,,,,,,,,,,12.317642,160,,,,,,,,0.0,0.0
STP,2007,Sao Tome & Principe,圣多美和普林西比,0,0,,0,0,,0,0,,0,0,,0,0,,0,0,,0,0,,0,0,0,,,,,,,,,,,,,,,,10.658814,159,,,,,,,,0.0,0.0
STP,2008,Sao Tome & Principe,圣多美和普林西比,0,0,,0,0,,0,0,,0,0,,0,0,,0,0,,0,0,,0,0,0,,,,,,,,,,,,,,,,15.078167,185,,,,,,,,0.0,0.0
STP,2009,Sao Tome & Principe,圣多美和普林西比,0,0,,0,0,,0,0,,0,0,,0,0,,0,0,,0,0,,0,0,0,,,,,,,,,,,,,,,,12.712778,195,,,,,,,,0.0,0.0
STP,2010,Sao Tome & Principe,圣多美和普林西比,0,0,,0,0,,0,0,,0,0,,0,0,,0,0,,0,0,,0,0,0,,,,,,,,,,,,,,,,15.526864,184,,,,,,,,310000.0,20000.0
STP,2011,Sao Tome & Principe,圣多美和普林西比,0,0,,0,0,,0,0,,0,0,,0,0,,0,0,,0,0,,0,0,0,,,,,,,,,,,,,,,,18.344313,196,,,,,,,,310000.0,0.0
STP,2012,Sao Tome & Principe,圣多美和普林西比,0,0,,0,0,,0,0,,0,0,,0,0,,0,0,,0,0,,0,0,0,,,,,,,,,,,,,,,,13.266343,192,,,,,,,,380000.0,70000.0
STP,2013,Sao Tome & Principe,圣多美和普林西比,0,0,,0,0,,0,0,,0,0,,0,0,,0,0,,0,0,,0,0,0,,,,,,,,,,,,,,,,19.111662,197,,,,,,,,380000.0,0.0
STP,2014,Sao Tome & Principe,圣多美和普林西比,0,0,,0,0,,0,0,,0,0,,0,0,,0,0,,0,0,,0,0,0,,,,,,,,,,,,,,,,19.569466,188,,,,,,,,380000.0,0.0
STP,2015,Sao Tome & Principe,圣多美和普林西比,0,0,,0,0,,0,0,,0,0,,0,0,,0,0,,0,0,,0,0,0,,,,,,,,,,,,,,,,17.929389,183,,,,0.0,0.0,0.0,12,380000.0,0.0
STP,2016,Sao Tome & Principe,圣多美和普林西比,0,0,,0,0,,0,0,,0,0,,0,0,,0,0,,0,0,,0,0,0,,,,,,,,,,,,,,,,16.210471,183,,,,0.0,0.0,0.0,12,380000.0,0.0
STP,2017,Sao Tome & Principe,圣多美和普林西比,10,3,32243029.343803,0,0,,0,0,,1,1,28000000.0,0,0,,0,0,,0,0,,0,3,0,,,,,,12663103.933705,19579925.410098,,,,,,28000000.0,,,18.150093,181,228583110.1608331,30300000.0,,1156617.0,233433.0,923184.0,12,380000.0,0.0
STP,2018,Sao Tome & Principe,圣多美和普林西比,14,2,56416144.453861,0,0,,0,0,,0,0,,0,0,,0,0,,0,0,,0,3,0,,,,,,56416144.453861,,,,,,,,,,16.51544,184,,,,270181.0,150632.0,119549.0,12,380000.0,0.0
STP,2019,Sao Tome & Principe,圣多美和普林西比,17,4,29217183.574834,0,0,,0,0,,0,0,,0,0,,0,0,,0,0,,0,8,1,163586.453299,,,,,29217183.574834,,163586.453299,,,,,,,,14.946088,187,,,,1289232.0,492551.0,796681.0,12,440000.0,60000.0
STP,2020,Sao Tome & Principe,圣多美和普林西比,18,3,1085022.873241,0,0,,0,0,,0,0,,0,0,,0,0,,0,0,,0,10,3,1174521.63356,,,,,1085022.873241,,1174521.63356,,,,,,,,21.062249,229,,,,1137877.0,400846.0,737031.0,12,1990000.0,1550000.0
STP,2021,Sao Tome & Principe,圣多美和普林西比,5,3,1819581.65556,0,0,,0,0,,0,0,,0,0,,0,0,,0,0,,0,2,1,1800000.0,,,,,1819581.65556,,1800000.0,,,,,,,,54.625617,220,,,,1329241.0,777088.0,552153.0,12,690000.0,0.0
STP,2022,Sao Tome & Principe,圣多美和普林西比,29,2,94567506.668722,0,0,,0,0,,0,0,,0,0,,0,0,,0,0,,0,0,0,,,,,,94567506.668722,,,,,,,,,,23.323957,217,,,,216110.0,95096.0,121014.0,12,510000.0,0.0
STP,2023,Sao Tome & Principe,圣多美和普林西比,24,0,,0,0,,0,0,,0,0,,0,0,,0,0,,0,0,,0,0,0,,,,,,,,,,,,,,,,21.363524,225,,,,302965.0,92560.0,210405.0,12,0.0,0.0
STP,2024,Sao Tome & Principe,圣多美和普林西比,0,0,,0,0,,0,0,,0,0,,0,0,,0,0,,0,0,,0,0,0,,,,,,,,,,,,,,,,,,,,,342026.0,243482.0,98544.0,6,0.0,0.0
SWZ,2000,Eswatini,斯威士兰,0,0,,0,0,,0,0,,0,0,,0,0,,0,0,,0,0,,0,0,0,,,,,,,,,,,,,,,,8.734395,104,,,,,,,,,
SWZ,2001,Eswatini,斯威士兰,0,0,,0,0,,0,0,,0,0,,0,0,,0,0,,0,0,,0,0,0,,,,,,,,,,,,,,,,8.535964,113,,,,,,,,,
SWZ,2002,Eswatini,斯威士兰,0,0,,0,0,,0,0,,0,0,,0,0,,0,0,,0,0,,0,0,0,,,,,,,,,,,,,,,,11.77598,130,,,,,,,,,
SWZ,2003,Eswatini,斯威士兰,0,0,,0,0,,0,0,,0,0,,0,0,,0,0,,0,0,,0,0,0,,,,,,,,,,,,,,,,22.807296,153,,,,,,,,0.0,0.0
SWZ,2004,Eswatini,斯威士兰,0,0,,0,0,,0,0,,0,0,,0,0,,0,0,,0,0,,0,0,0,,,,,,,,,,,,,,,,19.370024,159,,,,,,,,0.0,0.0
SWZ,2005,Eswatini,斯威士兰,0,0,,0,0,,0,0,,0,0,,0,0,,0,0,,0,0,,0,0,0,,,,,,,,,,,,,,,,51.256343,165,,,,,,,,0.0,0.0
SWZ,2006,Eswatini,斯威士兰,0,0,,0,0,,0,0,,0,0,,0,0,,0,0,,0,0,,0,0,0,,,,,,,,,,,,,,,,40.26703,172,,,,,,,,0.0,0.0
SWZ,2007,Eswatini,斯威士兰,0,0,,0,0,,0,0,,0,0,,0,0,,0,0,,0,0,,0,0,0,,,,,,,,,,,,,,,,51.745364,177,,,,,,,,0.0,0.0
SWZ,2008,Eswatini,斯威士兰,0,0,,0,0,,0,0,,0,0,,0,0,,0,0,,0,0,,0,0,0,,,,,,,,,,,,,,,,50.590534,184,,,,,,,,0.0,0.0
SWZ,2009,Eswatini,斯威士兰,0,0,,0,0,,0,0,,0,0,,0,0,,0,0,,0,0,,0,0,0,,,,,,,,,,,,,,,,73.03062,193,,,,,,,,0.0,0.0
SWZ,2010,Eswatini,斯威士兰,0,0,,0,0,,0,0,,0,0,,0,0,,0,0,,0,0,,0,0,0,,,,,,,,,,,,,,,,112.213489,187,,,,,,,,0.0,0.0
SWZ,2011,Eswatini,斯威士兰,0,0,,0,0,,0,0,,0,0,,0,0,,0,0,,0,0,,0,0,0,,,,,,,,,,,,,,,,107.784669,191,,,,,,,,0.0,0.0
SWZ,2012,Eswatini,斯威士兰,0,0,,0,0,,0,0,,0,0,,0,0,,0,0,,0,0,,0,0,0,,,,,,,,,,,,,,,,83.599077,192,,,,,,,,0.0,0.0
SWZ,2013,Eswatini,斯威士兰,0,0,,0,0,,0,0,,0,0,,0,0,,0,0,,0,0,,0,0,0,,,,,,,,,,,,,,,,107.527531,191,,,,,,,,0.0,0.0
SWZ,2014,Eswatini,斯威士兰,0,0,,0,0,,0,0,,0,0,,0,0,,0,0,,0,0,,0,0,0,,,,,,,,,,,,,,,,85.402858,165,,,,,,,,0.0,0.0
SWZ,2015,Eswatini,斯威士兰,0,0,,0,0,,0,0,,0,0,,0,0,,0,0,,0,0,,0,0,0,,,,,,,,,,,,,,,,89.719475,173,,,,0.0,0.0,0.0,12,0.0,0.0
SWZ,2016,Eswatini,斯威士兰,0,0,,0,0,,0,0,,0,0,,0,0,,0,0,,0,0,,0,0,0,,,,,,,,,,,,,,,,147.79449,184,,,,0.0,0.0,0.0,12,0.0,0.0
SWZ,2017,Eswatini,斯威士兰,0,0,,0,0,,0,0,,0,0,,0,0,,0,0,,0,0,,0,0,0,,,,,,,,,,,,,,,,149.809531,188,,,,0.0,0.0,0.0,12,0.0,0.0
SWZ,2018,Eswatini,斯威士兰,0,0,,0,0,,0,0,,0,0,,0,0,,0,0,,0,0,,0,0,0,,,,,,,,,,,,,,,,126.464129,187,,,,0.0,0.0,0.0,12,0.0,0.0
SWZ,2019,Eswatini,斯威士兰,0,0,,0,0,,0,0,,0,0,,0,0,,0,0,,0,0,,0,0,0,,,,,,,,,,,,,,,,105.017215,180,,,,0.0,0.0,0.0,12,0.0,0.0
SWZ,2020,Eswatini,斯威士兰,0,0,,0,0,,0,0,,0,0,,0,0,,0,0,,0,0,,0,0,0,,,,,,,,,,,,,,,,122.479989,176,,,,0.0,0.0,0.0,12,0.0,0.0
SWZ,2021,Eswatini,斯威士兰,0,0,,0,0,,0,0,,0,0,,0,0,,0,0,,0,0,,0,0,0,,,,,,,,,,,,,,,,147.10778,204,,,,0.0,0.0,0.0,12,0.0,0.0
SWZ,2022,Eswatini,斯威士兰,0,0,,0,0,,0,0,,0,0,,0,0,,0,0,,0,0,,0,0,0,,,,,,,,,,,,,,,,124.198999,194,,,,0.0,0.0,0.0,12,0.0,0.0
SWZ,2023,Eswatini,斯威士兰,0,0,,0,0,,0,0,,0,0,,0,0,,0,0,,0,0,,0,0,0,,,,,,,,,,,,,,,,114.079602,190,,,,0.0,0.0,0.0,12,0.0,0.0
SWZ,2024,Eswatini,斯威士兰,0,0,,0,0,,0,0,,0,0,,0,0,,0,0,,0,0,,0,0,0,,,,,,,,,,,,,,,,,,,,,0.0,0.0,0.0,6,0.0,0.0
SYC,2000,Seychelles,塞舌尔,2,0,,0,0,,0,0,,0,0,,0,0,,0,0,,0,0,,0,1,0,,,,,,,,,,,,,,,,3.354019,57,556900.346135841,,,,,,,,
SYC,2001,Seychelles,塞舌尔,2,1,448951.047966,0,0,,0,0,,0,0,,0,0,,0,0,,0,0,,0,0,0,,,,,,448951.047966,,,,,,,,,,1.814736,54,,,,,,,,,
SYC,2002,Seychelles,塞舌尔,1,0,,0,0,,0,0,,0,0,,0,0,,0,0,,0,0,,0,1,0,,,,,,,,,,,,,,,,2.000591,52,,,,,,,,,
SYC,2003,Seychelles,塞舌尔,2,1,5436772.182822,0,0,,0,0,,0,0,,0,0,,0,0,,0,0,,0,0,0,,,,,,5436772.182822,,,,,,,,,,3.855838,56,8280806.033098459,5109141.19620048,,,,,,420000.0,0.0
SYC,2004,Seychelles,塞舌尔,2,0,,0,0,,0,0,,0,0,,0,0,,0,0,,0,0,,0,1,0,,,,,,,,,,,,,,,,3.505766,54,238852.08269037,,,,,,,420000.0,0.0
SYC,2005,Seychelles,塞舌尔,13,9,14427982.004272,0,0,,2,2,2000000.0,0,0,,0,0,,0,0,,0,0,,0,1,0,,,,,2000000.0,12396417.09887,,,,2031564.905402,,,,,,3.352357,58,12433841.40657173,12433841.40657173,,,,,,4190000.0000000005,50000.0
SYC,2006,Seychelles,塞舌尔,7,3,226104.04059,0,0,,0,0,,0,0,,0,0,,0,0,,0,0,,0,1,0,,,,,,226104.04059,,,,,,,,,,2.127431,56,88171.663739867,88171.663739867,,,,,,6460000.0,60000.0
SYC,2007,Seychelles,塞舌尔,8,4,14542360.804677,0,0,,2,2,7390000.0,0,0,,0,0,,0,0,,0,0,,0,0,0,,,,,7390000.0,14542360.804677,,,,,,,,,,1.925023,54,38300096.89830629,13666007.03598859,,,,,,6550000.0,90000.0
SYC,2008,Seychelles,塞舌尔,7,2,8982579.591097,0,0,,1,1,11000000.0,0,0,,0,0,,0,0,,0,0,,0,2,1,5336050.726822,,,,11000000.0,8982579.591097,,5336050.726822,,,,,,,,2.208031,58,20276495.29407739,6564907.25122859,,,,,,6600000.0,50000.0
SYC,2009,Seychelles,塞舌尔,5,2,8358589.562698,0,0,,0,0,,0,0,,0,0,,0,0,,0,0,,0,1,0,,,,,,8358589.562698,,,,,,,,,,2.304259,57,7822290.08493442,7822290.08493442,,,,,,7000000.0,360000.0
SYC,2010,Seychelles,塞舌尔,9,2,2877033.922438,0,0,,0,0,,0,0,,0,0,,0,0,,0,0,,0,3,1,29247.265652,,,,,2877033.922438,,29247.265652,,,,,,,,3.997408,63,9845729.255746277,2703658.012486535,,,,,,19360000.0,12280000.0
SYC,2011,Seychelles,塞舌尔,9,4,32946331.537878,0,0,,2,2,14910000.0,0,0,,1,1,24000000.0,0,0,,0,0,,0,0,0,,,,,14910000.0,32946331.537878,,,,,,24000000.0,,,,2.36429,66,45829807.50959049,30960913.0807396,,,,,,23800000.0,4340000.0
SYC,2012,Seychelles,塞舌尔,9,3,11693340.930771,0,0,,0,0,,0,0,,0,0,,0,0,,0,0,,0,2,0,,,,,,11693340.930771,,,,,,,,,,1.958857,90,17446526.87922845,10988675.61389219,,,,,,77190000.0,53400000.0
SYC,2013,Seychelles,塞舌尔,10,2,5139873.966091,0,0,,0,0,,0,0,,0,0,,0,0,,0,0,,0,2,1,3384.109657,,,,,5139873.966091,,3384.109657,,,,,,,,2.338557,76,4830133.673330279,4830133.673330279,,,,,,103470000.0,17690000.0
SYC,2014,Seychelles,塞舌尔,6,0,,0,0,,0,0,,0,0,,0,0,,0,0,,0,0,,0,1,0,,,,,,,,,,,,,,,,0.016743,3,,,,,,,,114400000.0,7560000.0
SYC,2015,Seychelles,塞舌尔,4,0,,0,0,,0,0,,0,0,,0,0,,0,0,,0,0,,0,0,0,,,,,,,,,,,,,,,,0.00222,1,258311.645539026,,,455639.0,119782.0,335857.0,12,160110000.0,49580000.0
SYC,2016,Seychelles,塞舌尔,5,2,19711466.640452,0,0,,0,0,,0,0,,0,0,,0,0,,0,0,,0,1,0,,,,,,19711466.640452,,,,,,,,,,,,33921493.7889505,18496632.1830562,,59353.0,59353.0,0.0,12,246650000.0,50410000.0
SYC,2017,Seychelles,塞舌尔,9,5,12333935.378622,0,0,,0,0,,0,0,,0,0,,0,0,,0,0,,0,0,0,,,,,,12333935.378622,,,,,,,,,,,,18890667.79945965,11590667.79945965,,234826.0,58563.0,176263.0,12,231270000.0,27050000.0
SYC,2018,Seychelles,塞舌尔,0,0,,0,0,,0,0,,1,1,5500000.0,0,0,,0,0,,0,0,,0,2,0,,,,,,,,,,,,,5500000.0,,,,,,,,995527.0,62586.0,932941.0,12,451910000.0,227980000.0
SYC,2019,Seychelles,塞舌尔,0,0,,0,0,,0,0,,0,0,,0,0,,0,0,,0,0,,0,0,0,,,,,,,,,,,,,,,,,,,,,444872.0,45220.0,399652.0,12,414050000.0,1980000.0
SYC,2020,Seychelles,塞舌尔,0,0,,0,0,,0,0,,0,0,,0,0,,0,0,,0,0,,0,8,4,194570.875208,,,,,,,194570.875208,,,,,,,,,,,,,564939.0,205073.0,359866.0,12,439510000.0,87550000.0
SYC,2021,Seychelles,塞舌尔,0,0,,0,0,,0,0,,0,0,,0,0,,0,0,,0,0,,0,7,4,480878.918255,,,,,,,480878.918255,,,,,,,,,,,,,157491.0,40299.0,117192.0,12,492690000.0,112810000.0
SYC,2022,Seychelles,塞舌尔,0,0,,0,0,,0,0,,0,0,,0,0,,0,0,,0,0,,0,0,0,,,,,,,,,,,,,,,,0.004448,2,,,,1478214.0,35326.0,1442888.0,12,486140000.0,15460000.0
SYC,2023,Seychelles,塞舌尔,0,0,,0,0,,0,0,,0,0,,0,0,,0,0,,0,0,,0,0,0,,,,,,,,,,,,,,,,0.00886,2,,,,1604688.0,7057.0,1597631.0,12,532020000.0,40470000.0
SYC,2024,Seychelles,塞舌尔,0,0,,0,0,,0,0,,0,0,,0,0,,0,0,,0,0,,0,0,0,,,,,,,,,,,,,,,,,,,,,548257.0,0.0,548257.0,6,429540000.0,-110500000.0
TCD,2000,Chad,乍得,0,0,,0,0,,0,0,,0,0,,0,0,,0,0,,0,0,,0,0,0,,,,,,,,,,,,,,,,55.845129,164,,,,,,,,,
TCD,2001,Chad,乍得,0,0,,0,0,,0,0,,0,0,,0,0,,0,0,,0,0,,0,0,0,,,,,,,,,,,,,,,,48.745667,163,,,,,,,,,
TCD,2002,Chad,乍得,0,0,,0,0,,0,0,,0,0,,0,0,,0,0,,0,0,,0,0,0,,,,,,,,,,,,,,,,62.083813,188,,,,,,,,,
TCD,2003,Chad,乍得,0,0,,0,0,,0,0,,0,0,,0,0,,0,0,,0,0,,5,0,0,,60.0,,,,,,,,,,,,,,73.919908,198,,,,,,,,0.0,0.0
TCD,2004,Chad,乍得,0,0,,0,0,,0,0,,0,0,,0,0,,0,0,,0,0,,0,0,0,,,,,,,,,,,,,,,,85.171489,240,,,,,,,,0.0,0.0
TCD,2005,Chad,乍得,0,0,,0,0,,0,0,,0,0,,0,0,,0,0,,0,0,,0,0,0,,,,,,,,,,,,,,,,97.637253,242,,,,,,,,2710000.0,2710000.0
TCD,2006,Chad,乍得,4,0,,0,0,,0,0,,0,0,,0,0,,0,0,,0,0,,0,1,0,,,,,,,,,,,,,,,,82.034989,252,44191637.8664213,44191637.8664213,,,,,,12780000.0,1610000.0
TCD,2007,Chad,乍得,11,6,375013433.285063,0,0,,2,2,116980000.0,1,1,33000000.0,0,0,,0,0,,0,0,,0,1,0,,,,,116980000.0,49846936.027091,45874130.488605,,,279292366.769367,,,33000000.0,,,70.067833,256,313284757.991379,264880269.8522899,48404488.1390891,,,,,13530000.0,750000.0
TCD,2008,Chad,乍得,6,1,123787695.536581,0,0,,0,0,,0,0,,0,0,,0,0,,0,0,,0,2,0,,,,,,,,,,123787695.536581,,,,,,88.28507,250,,,,,,,,25360000.0,9470000.0
TCD,2009,Chad,乍得,5,1,41427591.961192,0,0,,1,1,29870000.0,0,0,,0,0,,0,0,,0,0,,0,1,0,,,,,29870000.0,,,,,41427591.961192,,,,,,97.960323,259,38931076.0793869,38931076.0793869,,,,,,76570000.0,51210000.0
TCD,2010,Chad,乍得,6,0,,0,0,,0,0,,0,0,,0,0,,0,0,,0,0,,0,2,0,,,,,,,,,,,,,,,,138.325868,272,,,,,,,,80000000.0,2130000.0
TCD,2011,Chad,乍得,11,5,1182979932.919461,1,1,330000000.0,2,2,382320000.0,0,0,,0,0,,0,0,,0,0,,0,1,0,,,,,382320000.0,13285530.322294,,,,1169694402.597167,330000000.0,,,,,132.87872,282,2691094404.978007,12484915.0220918,542590833.7126551,,,,,108120000.0,-12480000.0
TCD,2012,Chad,乍得,7,2,216545.252454,1,1,130000000.0,1,1,130000000.0,0,0,,0,0,,0,0,,1,1,130000000.0,0,2,0,,,,,130000000.0,216545.252454,,,,,130000000.0,,,130000000.0,,110.328532,256,115916782.5166268,203495.780122816,,,,,,194120000.0,80680000.0
TCD,2013,Chad,乍得,10,3,4549473.681011,0,0,,0,0,,0,0,,0,0,,0,0,,0,0,,0,3,2,1579251.173066,,,,,4549473.681011,,1579251.173066,,,,,,,,186.37113,247,198607686.2729241,4275312.228967061,,,,,,321260000.0,120950000.0
TCD,2014,Chad,乍得,6,0,,0,0,,0,0,,0,0,,0,0,,0,0,,0,0,,0,0,0,,,,,,,,,,,,,,,,190.514774,245,,,,,,,,404610000.0,83120000.0
TCD,2015,Chad,乍得,8,2,2291969.562502,0,0,,0,0,,0,0,,0,0,,0,0,,0,0,,0,3,1,561137.784789,,,,,2291969.562502,,561137.784789,,,,,,,,155.422125,275,2153850.536893008,2153850.536893008,,2176829.0,408247.0,1768582.0,12,422720000.0,-17120000.0
TCD,2016,Chad,乍得,8,3,92138243.014446,0,0,,0,0,,0,0,,0,0,,0,0,,0,0,,0,1,0,,,,,,92138243.014446,,,,,,,,,,194.313333,273,163546.5604388426,163546.5604388426,,3675506.0,0.0,3675506.0,12,396640000.0,-62260000.0
TCD,2017,Chad,乍得,10,5,289974438.818027,0,0,,0,0,,0,0,,1,1,447000000.0,0,0,,0,0,,0,3,0,,,,,,13833642.952787,,,,276140795.86524,,447000000.0,,,,166.762389,253,279268714.671065,13000000.0,,6433622.0,1306056.0,5127566.0,12,412250000.0,-23050000.0
TCD,2018,Chad,乍得,13,3,30769451.475708,0,0,,0,0,,0,0,,0,0,,0,0,,0,0,,0,2,1,329565.765433,,,,,30769451.475708,,329565.765433,,,,,,,,189.592403,257,,,,2060948.0,300715.0,1760233.0,12,592590000.0,67770000.0
TCD,2019,Chad,乍得,10,3,224681068.053844,1,1,188430000.0,1,1,187700000.0,0,0,,0,0,,0,0,,0,0,,0,2,1,65608.344737,,,,187700000.0,25757433.349398,,65608.344737,,198923634.704446,188430000.0,,,,,211.431458,260,,,,3784282.0,237065.0,3547217.0,12,648520000.0,49810000.0
TCD,2020,Chad,乍得,18,6,3265495.686842,0,0,,0,0,,0,0,,0,0,,0,0,,0,0,,0,10,5,3451417.677062,,,,,3265495.686842,,3451417.677062,,,,,,,,283.561929,289,,,,4491175.0,666517.0,3824658.0,12,654810000.0,98390000.0
TCD,2021,Chad,乍得,5,2,3372923.484431,0,0,,0,0,,0,0,,0,0,,0,0,,0,0,,0,2,2,3657706.526247,,,,,3372923.484431,,3657706.526247,,,,,,,,434.394082,264,,,,4708334.0,2983005.0,1725329.0,12,611320000.0,93500000.0
TCD,2022,Chad,乍得,7,2,99981.824213,0,0,,0,0,,0,0,,0,0,,0,0,,0,0,,0,0,0,,,,,,99981.824213,,,,,,,,,,362.169212,264,,,,1360489.0,472100.0,888389.0,12,567760000.0,-116680000.0
TCD,2023,Chad,乍得,10,1,587533.77613,0,0,,0,0,,0,0,,0,0,,0,0,,0,0,,0,0,0,,,,,,587533.77613,,,,,,,,,,327.363941,264,,,,10728083.0,253959.0,10474124.0,12,450700000.0,10510000.0
TCD,2024,Chad,乍得,0,0,,0,0,,0,0,,0,0,,0,0,,0,0,,0,0,,0,0,0,,,,,,,,,,,,,,,,,,,,,3175746.0,9233.0,3166513.0,6,653970000.0,92920000.0
TGO,2000,Togo,多哥,2,0,,0,0,,0,0,,0,0,,0,0,,0,0,,0,0,,0,1,0,,,,,,,,,,,,,,,,15.515212,122,,,,,,,,,
TGO,2001,Togo,多哥,3,2,68014947.99952,0,0,,0,0,,1,1,25098000.0,0,0,,0,0,,0,0,,0,0,0,,,,,,8417832.149363,59597115.850157,,,,,,25098000.0,,,12.805211,117,,,,,,,,,
TGO,2002,Togo,多哥,1,1,836745.196702,0,0,,0,0,,0,0,,0,0,,0,0,,0,0,,0,0,0,,,,,,836745.196702,,,,,,,,,,14.540775,151,786321.183053168,786321.183053168,,,,,,,
TGO,2003,Togo,多哥,5,4,6510534.68893,0,0,,0,0,,0,0,,0,0,,0,0,,0,0,,0,2,1,132441.180271,,,,,6510534.68893,,132441.180271,,,,,,,,28.52805,181,6118196.582450074,6118196.582450074,,,,,,4730000.0,30000.0
TGO,2004,Togo,多哥,5,4,37606299.936085,0,0,,1,1,38000000.0,0,0,,0,0,,0,0,,0,0,,0,2,1,150945.469059,,,,38000000.0,1842782.853515,,150945.469059,,35763517.08257,,,,,,33.022542,187,35340067.51507063,35340067.51507063,,,,,,6240000.0,1850000.0
TGO,2005,Togo,多哥,4,3,16909833.161312,0,0,,0,0,,0,0,,0,0,,0,0,,0,0,,0,3,2,16664726.774694,,,,,16909833.161312,,16664726.774694,,,,,,,,38.576154,199,15890811.78665104,15890811.78665104,,,,,,4780000.0,310000.0
TGO,2006,Togo,多哥,4,1,71778911.865025,0,0,,1,1,38000000.0,0,0,,0,0,,0,0,,0,0,,0,0,0,,,,,38000000.0,,,,,71778911.865025,,,,,,36.323114,213,76301081.3472113,67453363.2252358,,,,,,11720000.0,4580000.0
TGO,2007,Togo,多哥,6,2,32559188.545368,0,0,,0,0,,1,1,20000000.0,0,0,,0,0,,0,0,,0,1,0,,,,,,10400.722501,32548787.822867,,,,,,20000000.0,,,52.48847,225,36139772.41744865,30597102.19842717,,,,,,14420000.0,2700000.0
TGO,2008,Togo,多哥,8,6,21768730.633442,0,0,,0,0,,0,0,,0,0,,0,0,,0,0,,0,3,2,826553.529593,,,,,21768730.633442,,826553.529593,,,,,,,,62.598668,241,21409092.42838502,20456898.8142983,,,,,,23120000.0,4200000.0
TGO,2009,Togo,多哥,5,5,281373867.807555,2,2,197210000.0,3,3,201600000.0,0,0,,0,0,,0,0,,0,0,,0,0,0,,,,,201600000.0,4994343.971072,,,,276379523.836483,197210000.0,,,,,68.874586,256,562266713.2660855,46677867.86206425,217739804.8964406,,,,,33020000.000000004,8910000.0
TGO,2010,Togo,多哥,4,4,54421657.274199,1,1,25000000.0,2,2,29430000.0,0,0,,0,0,,0,0,,0,0,,0,1,1,411496.033893,,,,29430000.0,22268195.446647,,411496.033893,,32153461.827552,25000000.0,,,,,66.182682,256,70782793.54759066,51142097.62862647,,,,,,58110000.0,11770000.0
TGO,2011,Togo,多哥,6,3,68927471.069519,0,0,,1,1,4640000.0,0,0,,0,0,,0,0,,0,0,,0,3,0,,,,,4640000.0,15921244.09568,,,,53006226.973839,,,,,,80.864293,266,90350162.80219553,14961794.8819848,49811955.0635929,,,,,67150000.0,9040000.0
TGO,2012,Togo,多哥,10,7,249916508.263179,2,2,150000000.0,3,3,154760000.0,1,1,16000000.0,0,0,,0,0,,0,0,,0,2,0,,,,,154760000.0,45011407.891468,17179926.676133,,,187725173.695578,150000000.0,,16000000.0,,,51.623238,235,260687418.9344867,132248265.3689575,102607748.5041842,,,,,98380000.0,20590000.0
TGO,2013,Togo,多哥,2,1,252241.98744,2,2,124980000.0,3,3,147570000.0,0,0,,0,0,,0,0,,2,2,57860000.0,0,2,1,275189.634633,,,,147570000.0,252241.98744,,275189.634633,,,124980000.0,,,57860000.0,,92.287249,239,36583377.28776838,237041.321519017,,,,,,123090000.0,23590000.0
TGO,2014,Togo,多哥,10,9,203869065.457697,1,1,55000000.0,1,1,55000000.0,0,0,,0,0,,0,0,,1,1,55000000.0,0,2,2,1603271.587016,,,,55000000.0,7982590.586637,,1603271.587016,,195886474.87106,55000000.0,,,55000000.0,,86.578818,246,191583488.3731209,191583488.3731209,,,,,,135810000.0,6990000.0
TGO,2015,Togo,多哥,10,6,137461187.988631,1,1,57510000.0,1,1,57800000.0,0,0,,0,0,,0,0,,0,0,,0,1,0,,,,,57800000.0,272406.037258,,,,137188781.951373,57510000.0,,,,,72.918727,263,255990.2623485099,255990.2623485099,,1431499.0,466313.0,965186.0,12,128820000.0,-1730000.0
TGO,2016,Togo,多哥,8,4,107276829.486665,2,2,112630000.0,3,3,179760000.0,0,0,,0,0,,1,1,57000000.0,0,0,,0,0,0,,,,57000000.0,179760000.0,27589.262636,,,,107249240.224029,112630000.0,,,,,91.448299,268,117654070.9747438,86542060.10737032,,2883432.0,358880.0,2524552.0,12,118570000.0,2380000.0
TGO,2017,Togo,多哥,4,2,22046448.287059,0,0,,0,0,,0,0,,0,0,,0,0,,0,0,,0,2,0,,,,,,22046448.287059,,,,,,,,,,115.996398,258,20717885.28227309,20717885.28227309,,6172017.0,729219.0,5442798.0,12,112850000.0,11430000.0
TGO,2018,Togo,多哥,3,1,615693.251767,0,0,,0,0,,0,0,,0,0,,0,0,,0,0,,0,1,1,666814.673887,,,,,615693.251767,,666814.673887,,,,,,,,86.534702,256,,,,10991424.0,200746.0,10790678.0,12,102070000.0,-6590000.0
TGO,2019,Togo,多哥,9,3,1886885.303156,0,0,,0,0,,0,0,,0,0,,0,0,,0,0,,0,2,1,1736691.478329,,,,,1886885.303156,,1736691.478329,,,,,,,,91.717802,254,,,,9829950.0,6726896.0,3103054.0,12,101160000.0,8279999.999999999
TGO,2020,Togo,多哥,16,2,34047.216105,0,0,,0,0,,0,0,,0,0,,0,0,,0,0,,0,10,2,36855.621079,,,,,34047.216105,,36855.621079,,,,,,,,197.541904,285,,,,1373144.0,554207.0,818937.0,12,99450000.0,9110000.0
TGO,2021,Togo,多哥,10,4,29943783.242444,0,0,,0,0,,0,0,,0,0,,0,0,,0,0,,0,5,4,32472000.0,,,,,29943783.242444,,32472000.0,,,,,,,,260.054579,260,,,,4946725.0,3847186.0,1099539.0,12,67280000.0,-4900000.0
TGO,2022,Togo,多哥,11,0,,0,0,,0,0,,0,0,,0,0,,0,0,,0,0,,0,0,0,,,,,,,,,,,,,,,,146.048515,260,,,,1695551.0,730103.0,965448.0,12,55990000.0,8590000.0
TGO,2023,Togo,多哥,6,2,518959.039901,0,0,,0,0,,0,0,,0,0,,0,0,,0,0,,0,0,0,,,,,,518959.039901,,,,,,,,,,160.917716,259,,,,2101469.0,401759.0,1699710.0,12,54850000.0,4160000.0
TGO,2024,Togo,多哥,0,0,,0,0,,0,0,,0,0,,0,0,,0,0,,0,0,,0,0,0,,,,,,,,,,,,,,,,,,,,,402738.0,46306.0,356432.0,6,44030000.0,2610000.0
TUN,2000,Tunisia,突尼斯,1,0,,0,0,,1,1,2920000.0,0,0,,0,0,,0,0,,0,0,,0,1,0,,,,,2920000.0,,,,,,,,,,,18.481045,106,6682804.15363009,,,,,,,,
TUN,2001,Tunisia,突尼斯,0,0,,0,0,,0,0,,0,0,,0,0,,0,0,,0,0,,0,0,0,,,,,,,,,,,,,,,,28.984575,107,,,,,,,,,
TUN,2002,Tunisia,突尼斯,1,0,,0,0,,0,0,,0,0,,0,0,,0,0,,0,0,,0,1,0,,,,,,,,,,,,,,,,34.210229,120,10484282.4407089,,,,,,,,
TUN,2003,Tunisia,突尼斯,3,0,,0,0,,0,0,,0,0,,0,0,,0,0,,0,0,,0,0,0,,,,,,,,,,,,,,,,35.498728,134,22991135.3829021,,,,,,,1560000.0,0.0
TUN,2004,Tunisia,突尼斯,5,1,33926453.349479,0,0,,1,1,16130000.0,0,0,,0,0,,0,0,,0,0,,0,1,0,,,,,16130000.0,,,,,33926453.349479,,,,,,18.446723,118,125034288.2467553,31881975.9975107,,,,,,1280000.0,220000.0
TUN,2005,Tunisia,突尼斯,4,2,36692924.239647,0,0,,1,1,17090000.0,0,0,,0,0,,0,0,,0,0,,0,0,0,,,,,17090000.0,2446194.94931,,,,34246729.290337,,,,,,12.7294,140,34481733.05033518,34481733.05033518,,,,,,2150000.0,0.0
TUN,2006,Tunisia,突尼斯,10,4,20474572.679322,0,0,,2,2,10050000.0,0,0,,0,0,,0,0,,0,0,,0,1,0,,,,,10050000.0,1644389.900644,,,,18830182.778678,,,,,,52.409648,155,107717912.9602527,19240731.74049775,,,,,,3910000.0,1730000.0
TUN,2007,Tunisia,突尼斯,3,2,8956377.857299,0,0,,1,1,2760000.0,0,0,,0,0,,0,0,,0,0,,0,0,0,,,,,2760000.0,4368964.808439,,,,4587413.04886,,,,,,18.150639,180,8416647.36962524,8416647.36962524,,,,,,3570000.0,-340000.0
TUN,2008,Tunisia,突尼斯,2,0,,0,0,,0,0,,0,0,,0,0,,0,0,,0,0,,0,1,0,,,,,,,,,,,,,,,,58.434584,188,,,,,,,,3570000.0,0.0
TUN,2009,Tunisia,突尼斯,7,3,123782447.112265,1,1,80150000.0,1,1,80150000.0,0,0,,0,0,,0,0,,0,0,,0,0,0,,,,,80150000.0,12590738.733304,,,,111191708.378961,80150000.0,,,,,18.072309,199,116323050.3557759,11831993.71040191,104491056.645374,,,,,2270000.0,-1300000.0
TUN,2010,Tunisia,突尼斯,5,0,,0,0,,0,0,,0,0,,0,0,,0,0,,0,0,,0,1,0,,,,,,,,,,,,,,,,26.176297,198,3571035.62162987,,,,,,,2530000.0,-290000.0
TUN,2011,Tunisia,突尼斯,2,2,7599864.333537,0,0,,0,0,,0,0,,0,0,,0,0,,0,0,,0,0,0,,,,,,7599864.333537,,,,,,,,,,17.960474,205,13750277.30455679,7141879.78062306,,,,,,6290000.0,3760000.0
TUN,2012,Tunisia,突尼斯,3,2,4601291.845723,0,0,,0,0,,0,0,,0,0,,0,0,,0,0,,0,2,1,1526360.625304,,,,,4601291.845723,,1526360.625304,,,,,,,,20.659589,208,17239710.85274543,4324008.322072931,,,,,,5690000.0,-650000.0
TUN,2013,Tunisia,突尼斯,0,0,,0,0,,0,0,,0,0,,0,0,,0,0,,0,0,,0,0,0,,,,,,,,,,,,,,,,19.032595,197,34763526.7490052,,,,,,,13860000.0,7060000.0
TUN,2014,Tunisia,突尼斯,4,2,54935966.087056,0,0,,0,0,,0,0,,0,0,,0,0,,0,0,,0,2,1,59294160.307145,,,,,54935966.087056,,59294160.307145,,,,,,,,18.688178,211,31812304.46110534,31812304.46110534,,,,,,14560000.0,710000.0
TUN,2015,Tunisia,突尼斯,2,2,60345085.247299,0,0,,0,0,,0,0,,0,0,,0,0,,0,0,,0,0,0,,,,,,6831873.101427,,,,53513212.145872,,,,,,23.313536,192,6420169.70392708,6420169.70392708,,8833898.0,8561879.0,272019.0,12,20840000.0,5640000.0
TUN,2016,Tunisia,突尼斯,1,0,,0,0,,0,0,,0,0,,0,0,,0,0,,0,0,,0,1,0,,,,,,,,,,,,,,,,34.155483,201,,,,0.0,0.0,0.0,12,16300000.0,-3220000.0
TUN,2017,Tunisia,突尼斯,5,3,52811474.252125,0,0,,0,0,,0,0,,0,0,,0,0,,0,0,,0,0,0,,,,,,42901717.977964,,,,9909756.274161,,,,,,25.968693,197,40316374.7696111,40316374.7696111,,8327999.0,5805870.0,2522129.0,12,15080000.0,-820000.0
TUN,2018,Tunisia,突尼斯,6,2,35007690.753987,0,0,,0,0,,0,0,,0,0,,0,0,,0,0,,0,1,0,,,,,,35007690.753987,,,,,,,,,,22.04823,194,,,,7479586.0,91273.0,7388313.0,12,21530000.0,5960000.0
TUN,2019,Tunisia,突尼斯,8,4,74334227.716685,0,0,,0,0,,0,0,,0,0,,0,0,,0,0,,0,2,0,,,,,,41202589.39173,,,,33131638.324955,,,,,,28.547548,190,,,,2225442.0,26031.0,2199411.0,12,36620000.0,19960000.0
TUN,2020,Tunisia,突尼斯,7,0,,0,0,,0,0,,0,0,,0,0,,0,0,,0,0,,0,4,0,,,,,,,,,,,,,,,,151.513452,224,,,,6304154.0,443051.0,5861103.0,12,29090000.0,-6920000.0
TUN,2021,Tunisia,突尼斯,2,2,9959129.681523,0,0,,0,0,,0,0,,0,0,,0,0,,0,0,,0,2,1,3600000.0,,,,,9959129.681523,,3600000.0,,,,,,,,311.697948,248,,,,10658119.0,3345700.0,7312419.0,12,33470000.0,6520000.0
TUN,2022,Tunisia,突尼斯,7,3,25687575.760364,0,0,,0,0,,0,0,,0,0,,0,0,,0,0,,1,0,0,,100.0,,,,25687575.760364,,,,,,,,,,84.075886,253,,,,5495591.0,5490274.0,5317.0,12,26200000.0,-5560000.0
TUN,2023,Tunisia,突尼斯,8,0,,0,0,,0,0,,0,0,,0,0,,0,0,,0,0,,0,0,0,,,,,,,,,,,,,,,,82.398112,211,,,,3635914.0,2784897.0,851017.0,12,8750000.0,-12210000.0
TUN,2024,Tunisia,突尼斯,0,0,,0,0,,0,0,,0,0,,0,0,,0,0,,0,0,,0,0,0,,,,,,,,,,,,,,,,,,,,,0.0,0.0,0.0,6,15280000.0,6550000.0
TZA,2000,Tanzania,坦桑尼亚,4,2,10919674.762308,0,0,,0,0,,0,0,,0,0,,0,0,,0,0,,0,0,0,,,,,,10919674.762308,,,,,,,,,,171.158427,172,14438064.43797314,10261633.07739297,,,,,,,
TZA,2001,Tanzania,坦桑尼亚,6,4,190868727.247719,0,0,,0,0,,1,1,19200000.0,0,0,,0,0,,0,0,,0,2,0,,,,,,60860844.087306,130007883.160413,,,,,,19200000.0,,,311.818675,173,,,,,,,,,
TZA,2002,Tanzania,坦桑尼亚,3,3,62254070.279503,0,0,,0,0,,0,0,,0,0,,0,0,,0,0,,0,0,0,,,,,,5693730.576047,56560339.703456,,,,,,,,,240.371736,200,84735660.67022854,58502509.94568368,,,,,,,
TZA,2003,Tanzania,坦桑尼亚,5,1,450006.984117,0,0,,0,0,,0,0,,0,0,,0,0,,0,0,,0,2,0,,,,,,450006.984117,,,,,,,,,,239.038975,234,20859453.42972163,422888.64491973,,,,,,7460000.0,0.0
TZA,2004,Tanzania,坦桑尼亚,4,3,54688369.827402,0,0,,1,1,5440000.0,0,0,,0,0,,0,0,,0,0,,0,0,0,,,,,5440000.0,43250773.178267,,,,11437596.649135,,,,,,396.819345,243,51392736.9955108,51392736.9955108,,,,,,53800000.0,1620000.0
TZA,2005,Tanzania,坦桑尼亚,9,5,544317.092816,0,0,,0,0,,0,0,,0,0,,0,0,,0,0,,0,4,2,296140.332707,,,,,544317.092816,,296140.332707,,,,,,,,491.678876,239,511515.4237004497,511515.4237004497,,,,,,62020000.0,960000.0
TZA,2006,Tanzania,坦桑尼亚,12,6,29965419.187302,0,0,,1,1,10040000.0,0,0,,0,0,,0,0,,0,0,,0,3,2,16949103.130234,,,,10040000.0,19373441.374296,,16949103.130234,,10591977.813006,,,,,,600.143954,258,45855076.06181929,28159639.81786839,,,,,,111930000.0,12540000.0
TZA,2007,Tanzania,坦桑尼亚,7,1,7498715.07711,0,0,,0,0,,1,1,2000000.0,0,0,,0,0,,0,0,,0,3,0,,,,,,7498715.07711,,,,,,,2000000.0,,,710.87478,271,7046826.46655975,7046826.46655975,,,,,,110920000.0,-3820000.0
TZA,2008,Tanzania,坦桑尼亚,9,3,137890337.888712,1,1,70000000.0,1,1,70000000.0,0,0,,0,0,,0,0,,0,0,,0,1,0,,,,,70000000.0,39299111.996537,,,,98591225.892175,70000000.0,,,,,974.643714,275,157375731.5923546,129580761.3754594,,,,,,190220000.0,18220000.0
TZA,2009,Tanzania,坦桑尼亚,9,5,16421987.26121,0,0,,0,0,,0,0,,0,0,,0,0,,0,0,,0,3,0,,,,,,16421987.26121,,,,,,,,,,907.644091,284,565544159.850791,15432362.95365284,,,,,,281790000.0,21580000.0
TZA,2010,Tanzania,坦桑尼亚,11,6,224653255.412936,2,2,174450000.0,2,2,174430000.0,0,0,,0,0,,0,0,,0,0,,0,4,2,267578.857034,,,,174430000.0,261285.937759,,267578.857034,,224391969.475177,174450000.0,,,,,1121.372274,278,223194063.5260521,211107731.9717019,,,,,,307510000.0,25720000.0
TZA,2011,Tanzania,坦桑尼亚,14,5,82148694.373227,0,0,,1,1,15000000.0,1,1,37500000.0,0,0,,0,0,,0,0,,0,3,0,,,,,15000000.0,39530051.330367,42618643.04286,,,,,,37500000.0,,,1117.764054,285,293387604.4607979,53702028.01289441,,,,,,407070000.0,53120000.0
TZA,2012,Tanzania,坦桑尼亚,10,4,1295497702.370246,2,2,1195000000.0,2,2,1195000000.0,0,0,,0,0,,0,0,,2,2,1195000000.0,0,1,0,,,,,1195000000.0,335390.253062,,,,1295162312.117184,1195000000.0,,,1195000000.0,,1195.627142,299,1785091876.513305,9627.52335492638,1186863517.957372,,,,,540800000.0,119700000.0
TZA,2013,Tanzania,坦桑尼亚,20,10,181857856.262246,2,2,378770000.0,2,2,378770000.0,0,0,,0,0,,0,0,,0,0,,0,7,2,25951508.553338,,,,378770000.0,28681825.581655,,25951508.553338,,153176030.680591,378770000.0,,,,,1418.311758,290,393635854.1618037,26953394.66852246,125483725.1907671,,,,,716460000.0,150640000.0
TZA,2014,Tanzania,坦桑尼亚,12,5,349017318.835789,1,1,300000000.0,1,1,300000000.0,0,0,,0,0,,0,0,,0,0,,0,2,0,,,,,300000000.0,329237.326255,,,,348688081.509534,300000000.0,,,,,1369.476043,281,482184995.4050307,309396.7950697234,289125359.165977,,,,,885180000.0,166610000.0
TZA,2015,Tanzania,坦桑尼亚,17,10,348635472.810162,1,1,200000000.0,1,1,200000000.0,0,0,,0,0,,0,0,,0,0,,0,4,2,33384.192394,,,,200000000.0,49118749.189054,,33384.192394,,299516723.621108,200000000.0,,,,,1145.092874,293,89703112.48899966,49777301.15492606,39925811.3340736,38110883.0,9932855.0,28178028.0,12,1138870000.0,226320000.0
TZA,2016,Tanzania,坦桑尼亚,11,6,40199651.475465,0,0,,0,0,,0,0,,0,0,,1,1,38250000.0,0,0,,0,2,0,,,,,,4894663.404629,,,,35304988.070836,,,,,38250000.0,1321.101445,268,7802639380.192742,1288975.255666525,3310725.45179845,4476974.0,989023.0,3487951.0,12,1191990000.0,94570000.0
TZA,2017,Tanzania,坦桑尼亚,11,3,15368625.212465,0,0,,0,0,,0,0,,0,0,,0,0,,0,0,,0,3,0,,,,,,15368625.212465,,,,,,,,,,1434.086742,264,39445715.0686636,26425715.0686636,,10575318.0,512741.0,10062577.0,12,1280300000.0,132460000.00000001
TZA,2018,Tanzania,坦桑尼亚,26,7,274960487.635035,0,0,,0,0,,0,0,,0,0,,0,0,,0,0,,0,9,1,7959771.447612,,,,,114138750.188993,,7959771.447612,,160821737.446042,,,,,,1257.907813,273,,,,6410524.0,250221.0,6160303.0,12,1302750000.0,177470000.0
TZA,2019,Tanzania,坦桑尼亚,14,5,61720499.339164,0,0,,0,0,,0,0,,0,0,,0,0,,0,0,,0,2,0,,,,,,18125024.721051,,,,43595474.618113,,,,,,1292.920573,278,,,,17342982.0,10270565.0,7072417.0,12,1335540000.0,115580000.0
TZA,2020,Tanzania,坦桑尼亚,18,14,52433667.67709,0,0,,0,0,,0,0,,0,0,,0,0,,0,0,,0,13,10,842498.820185,,,,,846976.608716,,842498.820185,,51586691.068374,,,,,,1405.107362,277,,,,3638961.0,434450.0,3204511.0,12,1541000000.0,107570000.0
TZA,2021,Tanzania,坦桑尼亚,19,9,45056646.0036,0,0,,0,0,,0,0,,0,0,,0,0,,0,0,,0,12,8,136397060.755965,,,,,26613813.26004,,136397060.755965,,18442832.74356,,,,,,1488.547477,276,,,,4718414.0,3339362.0,1379052.0,12,1577070000.0,101740000.0
TZA,2022,Tanzania,坦桑尼亚,14,9,124098782.535197,1,1,56720000.0,1,1,56720000.0,0,0,,0,0,,0,0,,0,0,,0,0,0,,,,,56720000.0,70502969.403204,,,,53595813.131993,56720000.0,,,,,1276.485729,277,,,,14949947.0,14073631.0,876316.0,12,1440820000.0,51730000.0
TZA,2023,Tanzania,坦桑尼亚,22,4,9935282.01941,0,0,,0,0,,0,0,,0,0,,0,0,,0,0,,0,0,0,,,,,,9935282.01941,,,,,,,,,,1152.831491,269,,,,1281556.0,241202.0,1040354.0,12,1524980000.0,60150000.0
TZA,2024,Tanzania,坦桑尼亚,0,0,,0,0,,0,0,,0,0,,0,0,,0,0,,0,0,,0,0,0,,,,,,,,,,,,,,,,,,,,,829937.0,1495.0,828442.0,6,1585550000.0,84080000.0
UGA,2000,Uganda,乌干达,3,2,9875705.49057,0,0,,0,0,,0,0,,0,0,,0,0,,0,0,,0,1,1,2479644.379437,,,,,9875705.49057,,2479644.379437,,,,,,,,233.496914,173,9327697.04902698,9280575.50527289,,,,,,,
UGA,2001,Uganda,乌干达,6,6,135820061.957866,0,0,,0,0,,1,1,50000000.0,0,0,,0,0,,0,0,,0,2,2,292300.841444,,,,,19693974.854474,116126087.103392,292300.841444,,,,,50000000.0,,,301.923477,177,,,,,,,,,
UGA,2002,Uganda,乌干达,4,3,18525929.094979,0,0,,0,0,,0,0,,0,0,,0,0,,0,0,,0,0,0,,,,,,18525929.094979,,,,,,,,,,186.619531,205,17409517.90406757,17409517.90406757,,,,,,,
UGA,2003,Uganda,乌干达,3,2,585009.079352,0,0,,0,0,,0,0,,0,0,,0,0,,0,0,,0,1,0,,,,,,585009.079352,,,,,,,,,,365.435425,237,8213467.03269637,549755.2383956496,,,,,,1330000.0,1000000.0
UGA,2004,Uganda,乌干达,2,1,10518681.494874,0,0,,0,0,,0,0,,0,0,,0,0,,0,0,,0,0,0,,,,,,,,,10518681.494874,,,,,,,515.888739,248,15024902.49085402,9884804.2702987,,,,,,230000.0,150000.0
UGA,2005,Uganda,乌干达,2,2,2572786.005713,0,0,,0,0,,0,0,,0,0,,0,0,,0,0,,0,1,1,79460.156021,,,,,2572786.005713,,79460.156021,,,,,,,,567.668731,244,2417744.621966951,2417744.621966951,,,,,,4970000.0,170000.0
UGA,2006,Uganda,乌干达,11,8,40069160.048664,0,0,,0,0,,0,0,,0,0,,0,0,,0,0,,0,6,2,1024411.190265,,,,,40069160.048664,,1024411.190265,,,,,,,,601.7521,267,37615972.32027134,37386725.99454769,,,,,,14670000.0,230000.0
UGA,2007,Uganda,乌干达,10,9,160302353.270506,0,0,,1,1,31540000.0,1,1,17000000.0,0,0,,0,0,,0,0,,0,2,2,780621.053415,,,,31540000.0,79628178.487225,28246597.082018,780621.053415,,52427577.701263,,,17000000.0,,,686.235374,283,157763353.2878034,147145594.5992291,,,,,,18680000.0,4010000.0
UGA,2008,Uganda,乌干达,5,5,21921844.768654,0,0,,0,0,,0,0,,0,0,,0,0,,0,0,,0,3,3,10453838.668639,,,,,21921844.768654,,10453838.668639,,,,,,,,662.983795,282,33824290.59503616,33824290.59503616,,,,,,11980000.0,-6700000.0
UGA,2009,Uganda,乌干达,11,8,101498353.626187,1,1,61490000.0,2,2,71740000.0,0,0,,0,0,,0,0,,0,0,,0,4,3,1696485.577994,,,,71740000.0,2105222.599177,,1696485.577994,,99393131.02701,61490000.0,,,,,761.37528,292,226126121.5823471,79458182.48982705,146667939.09252,,,,,58560000.0,1290000.0
UGA,2010,Uganda,乌干达,8,8,4705638.155238,0,0,,0,0,,0,0,,0,0,,0,0,,0,0,,0,6,6,4903420.637,,,,,4705638.155238,,4903420.637,,,,,,,,738.903126,284,4422066.838716284,4422066.838716284,,,,,,113680000.0,26500000.0
UGA,2011,Uganda,乌干达,7,3,634838109.623254,2,2,453720000.0,3,3,469200000.0,0,0,,0,0,,0,0,,0,0,,0,1,0,,,,,469200000.0,,,,,634838109.623254,453720000.0,,,,,781.130058,286,494577426.3615453,104253167.70914,373803264.842571,,,,,126210000.0,9910000.0
UGA,2012,Uganda,乌干达,6,4,1807788.704381,0,0,,0,0,,0,0,,0,0,,0,0,,0,0,,0,1,0,,,,,,1807788.704381,,,,,,,,,,1025.528838,299,20401661.29735249,1591922.834091971,91665.4223085588,,,,,141100000.0,9790000.0
UGA,2013,Uganda,乌干达,3,0,,0,0,,0,0,,0,0,,0,0,,0,0,,0,0,,0,2,0,,,,,,,,,,,,,,,,969.140638,291,7901377.38396726,,,,,,,383760000.0,60600000.0
UGA,2014,Uganda,乌干达,11,3,1305237404.149334,1,1,482580000.0,1,1,482580000.0,0,0,,0,0,,0,0,,1,1,482580000.0,4,1,0,,183.2,,,482580000.0,820442.544728,,,,1304416961.604606,482580000.0,,,482580000.0,,1063.452483,292,1848916851.941408,771000.957775939,1848145850.983632,,,,,464100000.0,60500000.0
UGA,2015,Uganda,乌干达,22,8,1192785601.404139,3,3,1637410000.0,4,4,1652800000.0,0,0,,0,0,,2,2,1927500000.0,2,2,1435160000.0,6,4,1,303541.700392,600.0,,1927500000.0,1652800000.0,40173496.67783,,303541.700392,,1152612104.726309,1637410000.0,,,1435160000.0,,997.165695,295,259362463.7557632,240176972.2381531,9831522.12117056,1290037.0,1200388.0,89649.0,12,722150000.0,205340000.0
UGA,2016,Uganda,乌干达,10,4,133893726.251793,1,1,84980000.0,1,1,84980000.0,0,0,,0,0,,0,0,,1,1,84980000.0,0,5,1,7084827.050151,,,,84980000.0,41204749.597573,,7084827.050151,,92688976.65422,84980000.0,,,84980000.0,,1148.130616,288,94975285.87524898,7871941.63152078,87103344.2437282,3631385.0,70444.0,3560941.0,12,1006470000.0,121510000.0
UGA,2017,Uganda,乌干达,7,3,36842079.873111,0,0,,0,0,,0,0,,0,0,,0,0,,0,0,,0,1,0,,,,,,36842079.873111,,,,,,,,,,1133.754011,294,29621902.55922184,29621902.55922184,,2622770.0,129756.0,2493014.0,12,575940000.0,79040000.0
UGA,2018,Uganda,乌干达,21,13,51997361.533419,0,0,,0,0,,0,0,,0,0,,0,0,,0,0,,0,2,1,76289.482352,,,,,41346876.622408,,76289.482352,10650484.911011,,,,,,,1209.088552,291,,,,4903705.0,107274.0,4796431.0,12,798170000.0,225800000.0
UGA,2019,Uganda,乌干达,13,7,319585525.411481,2,2,297740000.0,2,2,297410000.0,0,0,,0,0,,0,0,,1,1,213000000.0,0,4,3,2088144.831889,,,,297410000.0,12753550.139867,,2088144.831889,,306831975.271614,297740000.0,,,213000000.0,,1241.224329,300,,,,28503052.0,13605985.0,14897067.0,12,669940000.0,143220000.0
UGA,2020,Uganda,乌干达,15,8,471260540.855307,3,3,456390000.0,3,3,456390000.0,0,0,,0,0,,0,0,,0,0,,6,10,4,374401.12804,678.0,,,456390000.0,399815.224569,,374401.12804,,470860725.630738,456390000.0,,,,,1363.694012,302,,,,1778611.0,1138359.0,640252.0,12,711960000.0,97780000.0
UGA,2021,Uganda,乌干达,11,7,33268951.755546,0,0,,1,1,178200000.0,0,0,,0,0,,0,0,,0,0,,0,7,4,28844586.501994,,,,178200000.0,33268951.755546,,28844586.501994,,,,,,,,1606.891648,284,,,,10466042.0,8548664.0,1917378.0,12,633120000.0,2100000.0
UGA,2022,Uganda,乌干达,12,4,193499128.844317,1,1,119100000.0,1,1,119100000.0,0,0,,0,0,,0,0,,0,0,,0,0,0,,,,,119100000.0,87301283.479997,,,,106197845.36432,119100000.0,,,,,1294.221145,277,,,,49684.0,49684.0,0.0,12,692440000.0,106010000.0
UGA,2023,Uganda,乌干达,14,9,334536825.606733,2,2,359350000.0,2,2,359350000.0,0,0,,0,0,,0,0,,1,1,211850000.0,0,0,0,,,,,359350000.0,574086.421811,,,,333962739.184922,359350000.0,,,211850000.0,,1152.3746,280,,,,4477503.0,50213.0,4427290.0,12,586030000.0,-13070000.0
UGA,2024,Uganda,乌干达,0,0,,0,0,,0,0,,0,0,,0,0,,0,0,,0,0,,0,0,0,,,,,,,,,,,,,,,,,,,,,986497.0,986497.0,0.0,6,584760000.0,29520000.0
ZAF,2000,South Africa,南非,1,0,,0,0,,0,0,,0,0,,0,0,,0,0,,0,0,,0,0,0,,,,,,,,,,,,,,,,105.800899,142,,,,,,,,,
ZAF,2001,South Africa,南非,1,1,83610782.714442,0,0,,1,1,36000000.0,0,0,,0,0,,0,0,,0,0,,0,0,0,,,,,36000000.0,,,,,83610782.714442,,,,,,134.049162,146,,,,,,,,,
ZAF,2002,South Africa,南非,5,4,168526726.463358,0,0,,4,4,73000000.0,0,0,,0,0,,0,0,,0,0,,0,1,0,,,,,73000000.0,,,,,168526726.463358,,,,,,122.055052,173,158370953.847211,,158370953.847211,,,,,,
ZAF,2003,South Africa,南非,3,2,117001815.870466,0,0,,2,2,52000000.0,0,0,,0,0,,0,0,,0,0,,0,0,0,,,,,52000000.0,,,,,117001815.870466,,,,,,222.848987,193,109951047.67913,,109951047.67913,,,,,44770000.0,8860000.0
ZAF,2004,South Africa,南非,4,4,154705898.771784,0,0,,2,2,41800000.0,0,0,,0,0,,0,0,,0,0,,0,0,0,,,,,41800000.0,,,,,154705898.771784,,,,,,259.225977,206,82636963.69969709,,82636963.69969709,,,,,58870000.0,17810000.0
ZAF,2005,South Africa,南非,9,9,521618183.772166,0,0,,2,2,24000000.0,0,0,,0,0,,0,0,,0,0,,0,0,0,,,,,24000000.0,,,,,521618183.772166,,,,,,342.144622,208,45205090.4096157,,45205090.4096157,,,,,112280000.0,47470000.0
ZAF,2006,South Africa,南非,3,1,295551284.629757,0,0,,0,0,,0,0,,0,0,,0,0,,0,0,,0,0,0,,,,,,,,,,295551284.629757,,,,,,410.439821,222,4423859.06098774,,,,,,,167620000.0,40740000.0
ZAF,2007,South Africa,南非,8,3,464143406.455858,0,0,,0,0,,0,0,,0,0,,0,0,,0,0,,0,0,0,,,,,,7213159.540861,,,,456930246.914997,,,,,,600.228831,230,6778479.117737984,6158522.46557944,619956.652158544,,,,,702370000.0,454410000.0
ZAF,2008,South Africa,南非,1,0,,0,0,,0,0,,0,0,,0,0,,0,0,,0,0,,0,0,0,,,,,,,,,,,,,,,,838.897182,231,,,,,,,,3048620000.0,4807860000.0
ZAF,2009,South Africa,南非,11,9,1720846570.13283,0,0,,2,2,66530000.0,0,0,,0,0,,0,0,,0,0,,0,0,0,,,,,66530000.0,2471.815299,,,,1720844098.317531,,,,,,1013.180863,244,1462287425.12008,2322.85838781542,1462285102.261693,,,,,2306860000.0,41590000.0
ZAF,2010,South Africa,南非,2,1,408814353.508066,0,0,,1,1,87420000.0,0,0,,0,0,,0,0,,0,0,,3,0,0,,246.0,,,87420000.0,,,,,408814353.508066,,,,,,992.854952,244,466730872.2978164,,466730872.2978164,,,,,4152979999.9999995,411170000.0
ZAF,2011,South Africa,南非,6,6,679199107.959707,0,0,,1,1,90000000.0,0,0,,0,0,,0,0,,0,0,,0,0,0,,,,,90000000.0,,,,,679199107.959707,,,,,,1076.914817,244,50863944.2517927,,50863944.2517927,,,,,4059730000.0,-14170000.0
ZAF,2012,South Africa,南非,9,9,797882757.962338,0,0,,0,0,,0,0,,0,0,,0,0,,0,0,,0,0,0,,,,,,924408.876509,,,,796958349.085829,,,,,,1091.346064,251,203700938.463464,,203700938.463464,,,,,4775070000.0,-814910000.0
ZAF,2013,South Africa,南非,11,6,728022781.576316,0,0,,0,0,,0,0,,0,0,,0,0,,0,0,,0,0,0,,,,,,3867710.474086,,,,724155071.10223,,,,,,1090.669479,241,790680748.475748,3634633.59662494,787046114.879123,,,,,4400400000.0,-89190000.0
ZAF,2014,South Africa,南非,3,2,296570608.383286,0,0,,0,0,,0,0,,0,0,,0,0,,0,0,,0,0,0,,,,,,,,,,296570608.383286,,,,,,1047.439779,245,189858985.852325,,189858985.852325,,,,,5954020000.0,42090000.0
ZAF,2015,South Africa,南非,18,12,2357258129.121391,1,1,1381190000.0,0,0,,0,0,,0,0,,1,1,139792931.71989,0,0,,0,0,0,,,,139792931.71989,,12315924.397997,,,,2344942204.723394,1381190000.0,,,,,808.429017,242,2170619207.343705,23101.2779438201,2170596106.065761,290378.0,42663.0,247715.0,12,4722970000.0,233170000.0
ZAF,2016,South Africa,南非,28,23,1994311955.549614,1,1,500000000.0,5,5,733180000.0,0,0,,0,0,,3,2,450000000.0,1,1,500000000.0,10,0,0,,6132.0,,450000000.0,733180000.0,,,,,1994311955.549614,500000000.0,,,500000000.0,,922.970929,230,501397146.1984866,,501397146.1984866,0.0,0.0,0.0,12,6500840000.0,843220000.0
ZAF,2017,South Africa,南非,35,27,4108230742.336911,1,1,1500000000.0,1,1,1500000000.0,0,0,,0,0,,2,0,,1,1,1500000000.0,2,1,0,,244.5,,,1500000000.0,87516.295225,,,,4108143226.041686,1500000000.0,,,1500000000.0,,1047.462854,233,249000000.0,,249000000.0,11735.0,0.0,11735.0,12,7472770000.0,317360000.0
ZAF,2018,South Africa,南非,61,45,4834869236.631286,1,1,2500000000.0,2,2,2787280000.0,0,0,,0,0,,5,5,4111721665.478636,1,1,2500000000.0,6,12,12,322274186.351406,4800.0,322274186.351406,4111721665.478636,2787280000.0,3429459.837249,,,,4831439776.794037,2500000000.0,,,2500000000.0,,1039.194004,230,,,,0.0,0.0,0.0,12,6531680000.0,642060000.0
ZAF,2019,South Africa,南非,39,26,521103743.488413,0,0,,0,0,,0,0,,0,0,,0,0,,0,0,,0,0,0,,,,,,246125.394577,,,,520857618.093836,,,,,,908.005312,232,,,,0.0,0.0,0.0,12,6146570000.0,338910000.0
ZAF,2020,South Africa,南非,54,44,707861988.540026,0,0,,0,0,,0,0,,0,0,,0,0,,0,0,,0,36,30,1162574.719716,,,,,2533939.757786,,1162574.719716,,705328048.78224,,,,,,1322.929726,266,,,,3385301.0,2288380.0,1096921.0,12,5417217165.04,400433204.65
ZAF,2021,South Africa,南非,16,12,162952160.701722,0,0,,0,0,,0,0,,0,0,,0,0,,0,0,,0,2,2,5495607.8,,,,,5118515.194322,,5495607.8,,157833645.5074,,,,,,1387.395327,241,,,,1053038.0,1053038.0,0.0,12,5294170000.0,363590000.0
ZAF,2022,South Africa,南非,16,11,41554247.437133,0,0,,0,0,,0,0,,0,0,,0,0,,0,0,,0,0,0,,,,,,3757482.181849,,,,37796765.255284,,,,,,1508.062908,242,,,,0.0,0.0,0.0,12,5741690000.0,683090000.0
ZAF,2023,South Africa,南非,34,29,1274388059.018265,0,0,,0,0,,0,0,,0,0,,0,0,,0,0,,0,0,0,,,,,,9429873.452876,,,,1264958185.565389,,,,,,972.412112,242,,,,441765.0,0.0,441765.0,12,5841640000.0,353900000.0
ZAF,2024,South Africa,南非,0,0,,0,0,,0,0,,0,0,,0,0,,0,0,,0,0,,0,0,0,,,,,,,,,,,,,,,,,,,,,6064773.0,0.0,6064773.0,6,6247340000.0,594550000.0
ZMB,2000,Zambia,赞比亚,3,3,266487813.024749,0,0,,0,0,,0,0,,0,0,,0,0,,0,0,,0,0,0,,,,,,5975417.025293,,,,260512395.999456,,,,,,143.823181,170,13687815.94710125,5615326.310781398,,,,,,,
ZMB,2001,Zambia,赞比亚,7,6,138031273.813923,0,0,,2,2,18120000.0,1,1,39860000.0,0,0,,0,0,,0,0,,0,1,0,,,,,18120000.0,3041243.384392,92900869.682714,,,42089160.746817,,,39860000.0,,,145.259212,173,,,,,,,,,
ZMB,2002,Zambia,赞比亚,5,4,39890432.677433,0,0,,2,2,14440000.0,0,0,,0,0,,0,0,,0,0,,0,0,0,,,,,14440000.0,6643756.861813,,,,33246675.81562,,,,,,188.242874,204,37486551.86675465,37486551.86675465,,,,,,,
ZMB,2003,Zambia,赞比亚,5,2,4635071.936407,0,0,,0,0,,0,0,,0,0,,0,0,,0,0,,0,1,0,,,,,,4635071.936407,,,,,,,,,,271.746102,240,17042412.39026512,4355753.042673219,,,,,,143700000.0,5530000.0
ZMB,2004,Zambia,赞比亚,3,3,14803574.727494,0,0,,1,1,5440000.0,0,0,,0,0,,0,0,,0,0,,0,0,0,,,,,5440000.0,3365978.078359,,,,11437596.649135,,,,,,355.356544,244,18688522.74136959,13911481.08756218,,,,,,147750000.0,2230000.0
ZMB,2005,Zambia,赞比亚,4,3,33071453.564042,0,0,,1,1,8000000.0,0,0,,0,0,,0,0,,0,0,,0,2,0,,,,,8000000.0,17036809.411779,,,,16034644.152263,,,,,,423.84823,241,16010136.18673889,16010136.18673889,,,,,,160310000.0,10090000.0
ZMB,2006,Zambia,赞比亚,7,7,55448775.685857,0,0,,4,4,75580000.0,1,1,211000000.0,0,0,,0,0,,0,0,,0,1,1,382310.596923,,,,75580000.0,24914750.52031,,382310.596923,,30534025.165547,,,211000000.0,,,362.661848,264,438299202.6797144,49895385.96860289,16319395.72887257,,,,,267860000.0,87440000.0
ZMB,2007,Zambia,赞比亚,9,7,203768880.9387,0,0,,2,2,59610000.0,1,1,11770000.0,0,0,,0,0,,0,0,,0,1,0,,,,,59610000.0,10218621.885553,18786548.676286,,,174763710.376861,,,11770000.0,,,521.306481,280,67698426.06340748,27257256.94074918,40441169.1226583,,,,,429360000.0,119340000.0
ZMB,2008,Zambia,赞比亚,4,3,683096350.824356,1,1,315600000.0,1,1,315600000.0,0,0,,0,0,,1,1,316000000.0,1,1,315600000.0,2,0,0,,360.0,,316000000.0,315600000.0,,,,,683096350.824356,315600000.0,,,315600000.0,,669.966552,279,,,,,,,,651330000.0,213970000.0
ZMB,2009,Zambia,赞比亚,13,11,500035405.31813,2,2,70800000.0,6,6,180220000.0,0,0,,0,0,,0,0,,0,0,,0,3,1,6759045.217237,,,,180220000.0,7630247.733582,,6759045.217237,,492405157.584548,70800000.0,,,,,571.089572,284,635474002.0560333,635474002.0560333,,,,,,843970000.0,111800000.0
ZMB,2010,Zambia,赞比亚,13,12,929413829.851608,4,4,609600000.0,6,6,656600000.0,0,0,,0,0,,0,0,,0,0,,0,2,1,74275034.117699,,74275034.117699,,656600000.0,,,,,929413829.851608,609600000.0,,,,,476.64321,276,184617437.0157881,184617437.0157881,,,,,,943730000.0,75050000.0
ZMB,2011,Zambia,赞比亚,13,11,831379045.108239,1,1,244000000.0,3,3,577400000.0,1,1,37500000.0,0,0,,0,0,,0,0,,0,4,3,2494836.148523,,,,577400000.0,2362231.684873,43423660.045078,2494836.148523,,785593153.378288,244000000.0,,37500000.0,,,635.862635,285,718423591.9283614,42216827.74215402,659424918.0372813,,,,,1199840000.0,291780000.0
ZMB,2012,Zambia,赞比亚,5,4,196171028.027791,0,0,,2,2,109250000.0,0,0,,0,0,,0,0,,0,0,,0,1,0,,,,,109250000.0,6502907.006446,,,,189668121.021345,,,,,,681.186536,293,22494675.04990075,6111028.15390392,,,,,,1998110000.0,291550000.0
ZMB,2013,Zambia,赞比亚,9,8,742675820.681547,4,4,850950000.0,5,5,864450000.0,0,0,,0,0,,3,3,498000000.0,1,1,183230000.0,1,2,1,9024292.417519,86.0,,498000000.0,864450000.0,21224990.851593,,9024292.417519,,721450829.829954,850950000.0,,,183230000.0,,868.16696,282,501517840.9680086,7777804.293932984,477937281.9061412,,,,,2164320000.0,292860000.0
ZMB,2014,Zambia,赞比亚,16,10,671909138.977026,2,2,273810000.0,3,3,376810000.0,0,0,,0,0,,0,0,,1,1,45000000.0,0,4,2,66425.713884,,,,376810000.0,23284562.145876,,66425.713884,,648624576.83115,273810000.0,,,45000000.0,,698.651103,267,662101305.9522215,412196929.0697238,159311764.343825,,,,,2271990000.0,424850000.0
ZMB,2015,Zambia,赞比亚,15,11,735604288.653893,3,3,288290000.0,8,8,745240000.0,0,0,,0,0,,1,1,64000000.0,0,0,,0,2,1,152412038.108649,,152412038.108649,64000000.0,745240000.0,1255438.057682,,,,734348850.596211,288290000.0,,,,,580.636835,295,1082479040.983215,136331767.1521963,408489912.6125153,6936429.0,984.0,6935445.0,12,2338020000.0,96550000.0
ZMB,2016,Zambia,赞比亚,25,20,2466171780.352605,6,6,1011100000.0,13,13,1812280000.0,0,0,,0,0,,0,0,,0,0,,0,4,2,72023204.291251,,,,1812280000.0,66975788.940203,,72023204.291251,,2399195991.412402,1011100000.0,,,,,717.284282,283,1257519784.535973,62939687.2275019,1194580097.308471,2955025.0,10858.0,2944167.0,12,2687160000.0,218410000.0
ZMB,2017,Zambia,赞比亚,24,17,2469113283.929946,2,2,379280000.0,6,6,2008270000.0,0,0,,0,0,,4,4,1327500000.0,2,2,1644480000.0,5,6,2,1554346.28642,750.0,,1327500000.0,2008270000.0,42373770.636259,,1554346.28642,,2426739513.293688,379280000.0,,,1644480000.0,,888.315234,268,1921775727.413528,354203464.5351831,1530576039.16,2983747.0,120682.0,2863065.0,12,2963440000.0,305800000.0
ZMB,2018,Zambia,赞比亚,26,21,1941936661.727048,2,2,201000000.0,12,12,1496230000.0,0,0,,0,0,,0,0,,0,0,,0,3,2,217969.949575,,,,1496230000.0,31052159.620026,,217969.949575,,1910884502.107022,201000000.0,,,,,871.635145,266,,,,7905959.0,186034.0,7719925.0,12,3523020000.0,523730000.0
ZMB,2019,Zambia,赞比亚,14,9,195396277.679016,0,0,,3,3,101480000.0,2,2,92000000.0,0,0,,0,0,,0,0,,0,2,1,267635.791515,,,,101480000.0,31412425.124654,,267635.791515,,163983852.554362,,,92000000.0,,,785.919175,270,,,,22759925.0,4196961.0,18562964.0,12,2863790000.0,143390000.0
ZMB,2020,Zambia,赞比亚,5,3,563911.659544,0,0,,2,2,99890000.0,0,0,,0,0,,0,0,,0,0,,0,3,3,610426.249884,,,,99890000.0,563911.659544,,610426.249884,,,,,,,,862.671973,296,,,,6786283.0,537675.0,6248608.0,12,3055000000.0,214260000.0
ZMB,2021,Zambia,赞比亚,13,5,18329160.357784,0,0,,0,0,,0,0,,0,0,,0,0,,0,0,,0,5,4,19816700.0,,,,,18329160.357784,,19816700.0,,,,,,,,1017.639285,275,,,,20302307.0,562023.0,19740284.0,12,3029570000.0,582800000.0
ZMB,2022,Zambia,赞比亚,7,4,17033571.299234,0,0,,0,0,,0,0,,0,0,,0,0,,0,0,,0,0,0,,,,,,17033571.299234,,,,,,,,,,1048.841707,274,,,,4918034.0,3732775.0,1185259.0,12,1979570000.0,191460000.0
ZMB,2023,Zambia,赞比亚,8,2,39594.78695,0,0,,0,0,,0,0,,0,0,,0,0,,0,0,,0,0,0,,,,,,39594.78695,,,,,,,,,,818.245912,271,,,,160367.0,157504.0,2863.0,12,1534780000.0,116880000.0
ZMB,2024,Zambia,赞比亚,0,0,,0,0,,0,0,,0,0,,0,0,,0,0,,0,0,,0,0,0,,,,,,,,,,,,,,,,,,,,,5.0,0.0,5.0,6,1694860000.0,122420000.0
ZWE,2000,Zimbabwe,津巴布韦,4,3,15280443.71969,0,0,,1,1,5820000.0,0,0,,0,0,,0,0,,0,0,,0,1,0,,,,,5820000.0,1478936.996994,,,,13801506.722696,,,,,,109.06269,168,19741273.03581573,1389813.262581974,12969800.0156872,,,,,,
ZWE,2001,Zimbabwe,津巴布韦,4,4,18723864.661446,0,0,,1,1,7130000.0,0,0,,0,0,,0,0,,0,0,,0,0,0,,,,,7130000.0,1422413.650454,,,,17301451.010992,,,,,,99.355791,147,,,,,,,,,
ZWE,2002,Zimbabwe,津巴布韦,6,5,48747960.38586,0,0,,0,0,,0,0,,0,0,,0,0,,0,0,,0,1,0,,,,,,11249865.708083,,,,37498094.677777,,,,,,102.352699,183,56294588.89137813,10571925.29773263,35238381.1529366,,,,,,
ZWE,2003,Zimbabwe,津巴布韦,5,4,19485617.417163,0,0,,1,1,22000000.0,0,0,,1,1,42000000.0,0,0,,0,0,,0,1,0,,,,,22000000.0,5670087.999877,,,,13815529.417286,,42000000.0,,,,101.820917,209,757309281.3443046,5328396.925988593,12982977.4210871,,,,,36740000.0,30000.0
ZWE,2004,Zimbabwe,津巴布韦,6,4,104266367.354372,0,0,,2,2,223000000.0,0,0,,1,1,18000000.0,0,0,,0,0,,0,0,0,,,,,223000000.0,552167.814917,,,,103714199.539455,,18000000.0,,,,115.274818,187,28789433.26799373,518893.054939434,28270540.2130543,,,,,38060000.0,710000.0
ZWE,2005,Zimbabwe,津巴布韦,5,2,66172976.094534,0,0,,1,1,12000000.0,0,0,,0,0,,0,0,,0,0,,0,1,0,,,,,12000000.0,12025983.114198,,,,54146992.980336,,,,,,209.671562,218,258266619.7845275,11301272.6024039,116808073.8401042,,,,,41630000.0,1470000.0
ZWE,2006,Zimbabwe,津巴布韦,12,7,454171960.41209,0,0,,3,3,375100000.0,0,0,,0,0,,0,0,,0,0,,0,0,0,,,,,375100000.0,20158885.112025,,,,434013075.300065,,,,,,225.447042,236,576694428.402782,18128656.62565311,408673943.4193552,,,,,46150000.0,3420000.0
ZWE,2007,Zimbabwe,津巴布韦,10,6,523841006.532833,0,0,,1,1,60000000.0,0,0,,1,1,55000000.0,0,0,,0,0,,0,0,0,,,,,60000000.0,3018946.444371,,,,520822060.088462,,55000000.0,,,,284.855295,252,492273226.9656616,23842696.58738035,468430530.3782813,,,,,59150000.0,12570000.0
ZWE,2008,Zimbabwe,津巴布韦,6,4,68009824.824223,0,0,,1,1,18000000.0,0,0,,0,0,,0,0,,0,0,,0,1,0,,,,,18000000.0,7746453.462957,,,,60263371.361266,,,,,,227.349628,231,196268403.5043172,10588560.08262676,53322842.3888564,,,,,60010000.0,-720000.0
ZWE,2009,Zimbabwe,津巴布韦,7,6,62997604.92021,0,0,,0,0,,0,0,,0,0,,0,0,,0,0,,0,2,2,15405581.138434,,,,,62997604.92021,,15405581.138434,,,,,,,,391.04709,270,1297730497.066968,59201233.61901837,,,,,,99750000.0,11240000.0
ZWE,2010,Zimbabwe,津巴布韦,12,6,95110578.103223,1,1,42260000.0,1,1,42250000.0,0,0,,1,1,55000000.0,0,0,,0,0,,0,3,2,16016359.761656,,,,42250000.0,24290675.82235,,16016359.761656,,70819902.280873,42260000.0,55000000.0,,,,385.680735,266,458632746.6950666,79070681.3822478,1380750.97720105,,,,,134540000.0,33800000.0
ZWE,2011,Zimbabwe,津巴布韦,19,12,353517642.263639,3,3,335160000.0,3,3,335160000.0,0,0,,0,0,,0,0,,0,0,,0,4,1,110633871.712554,,110633871.712554,,335160000.0,45776132.688925,,,,307741509.574714,335160000.0,,,,,342.272448,261,1865805310.336068,43017562.17455767,278516235.5520624,,,,,576440000.0,440030000.0
ZWE,2012,Zimbabwe,津巴布韦,10,8,420607026.444535,2,2,217240000.0,2,2,217260000.0,0,0,,1,1,200000000.0,0,0,,0,0,,0,1,1,58706.177896,,,,217260000.0,14909507.170389,,58706.177896,,405697519.274146,217240000.0,200000000.0,,,,603.835585,275,1232302460.972854,14011028.91195706,325387675.36806,,,,,874670000.0,287470000.0
ZWE,2013,Zimbabwe,津巴布韦,11,7,358564806.181262,2,2,319500000.0,3,3,329180000.0,0,0,,0,0,,1,1,320000000.0,2,2,319500000.0,2,2,0,,300.0,,320000000.0,329180000.0,18166875.58531,,,,340397930.595952,319500000.0,,,319500000.0,,502.688632,260,1728376687.726898,26553751.92052231,310403137.651644,,,,,1520830000.0,517530000.0
ZWE,2014,Zimbabwe,津巴布韦,10,6,433162992.529504,1,1,221500000.0,1,1,221540000.0,0,0,,0,0,,0,0,,0,0,,0,0,0,,,,,221540000.0,8865801.53439,,,,424297190.995114,221500000.0,,,,,529.976431,264,429515085.8178488,221055701.8591791,186003981.0634454,,,,,1695580000.0,101180000.0
ZWE,2015,Zimbabwe,津巴布韦,13,9,1497348020.353211,1,1,98600000.0,3,3,127980000.0,1,1,40000000.0,0,0,,0,0,,0,0,,1,2,1,26934613.669895,100.0,,,127980000.0,31005760.484979,,26934613.669895,,1466342259.868232,98600000.0,,40000000.0,,,723.858805,269,2434805268.201125,22904189.93279236,1374669654.380143,2652668.0,48356.0,2604312.0,12,1798920000.0,46750000.0
ZWE,2016,Zimbabwe,津巴布韦,5,4,34145596.502173,1,1,997700000.0,1,1,997700000.0,0,0,,0,0,,0,0,,1,1,997700000.0,2,2,1,59040.225418,600.0,,,997700000.0,34145596.502173,,59040.225418,,,997700000.0,,,997700000.0,,574.160889,264,5154766740.25713,29804740.56911891,,18029232.0,49304.0,17979928.0,12,1839000000.0,42950000.0
ZWE,2017,Zimbabwe,津巴布韦,8,6,155762095.498108,0,0,,1,1,5000000.0,0,0,,0,0,,0,0,,0,0,,0,2,0,,,,,5000000.0,123838304.0686,,,,31923791.429508,,,,,,565.105276,257,139753957.9493518,90753957.9493518,,7671008.0,74298.0,7596710.0,12,1748340000.0,-107880000.0
ZWE,2018,Zimbabwe,津巴布韦,6,4,180270505.847003,1,1,157850000.0,2,2,162900000.0,0,0,,0,0,,1,1,998000000.0,0,0,,0,1,0,,,,998000000.0,162900000.0,21252756.209128,,,,159017749.637875,157850000.0,,,,,626.839772,260,,,,8183782.0,58074.0,8125708.0,12,1766250000.0,53830000.0
ZWE,2019,Zimbabwe,津巴布韦,16,11,87295095.187788,1,1,67290000.0,1,1,67290000.0,0,0,,0,0,,0,0,,0,0,,0,2,1,81810.007703,,,,67290000.0,13983573.279235,,81810.007703,,73311521.908553,67290000.0,,,,,608.412775,267,,,,12750378.0,140429.0,12609949.0,12,1771480000.0,81130000.0
ZWE,2020,Zimbabwe,津巴布韦,25,17,5630210.570996,0,0,,0,0,,0,0,,0,0,,0,0,,0,0,,0,26,20,8922960.189694,,,,,5630210.570996,,8922960.189694,,,,,,,,674.553657,293,,,,15146938.0,2383645.0,12763293.0,12,1795800000.0,76250000.0
ZWE,2021,Zimbabwe,津巴布韦,17,11,120622076.501555,0,0,,0,0,,0,0,,0,0,,0,0,,0,0,,0,7,6,36001619.76,,,,,35001225.489576,,36001619.76,,85620851.011979,,,,,,970.46383,274,,,,28872694.0,13823988.0,15048706.0,12,1707510000.0,103100000.0
ZWE,2022,Zimbabwe,津巴布韦,7,3,136068354.919024,0,0,,0,0,,0,0,,0,0,,0,0,,0,0,,0,0,0,,,,,,51025633.094634,,,,85042721.82439,,,,,,623.785149,271,,,,7785378.0,6452491.0,1332887.0,12,1604850000.0,88130000.0
ZWE,2023,Zimbabwe,津巴布韦,5,2,6037756.954225,0,0,,0,0,,0,0,,0,0,,0,0,,0,0,,0,0,0,,,,,,6037756.954225,,,,,,,,,,557.452687,269,,,,5296297.0,37826.0,5258471.0,12,1038490000.0,186900000.0
ZWE,2024,Zimbabwe,津巴布韦,0,0,,0,0,,0,0,,0,0,,0,0,,0,0,,0,0,,0,0,0,,,,,,,,,,,,,,,,,,,,,1735243.0,302.0,1734941.0,6,759420000.0,78890000.0
