candidate_id,left_record_key,right_record_key,review_decision,review_notes,reviewed_at,application_status
MC-0000F2AB3C21C8,aiddata:95864,chapo:95869,different_project,BATCH_REVIEW conflicting_canonical_event_details: The fuller source descriptions identify different events: months differ (['march'] vs ['august']).,2026-08-20T09:31:06.061922+00:00,applied
MC-00327AE38BC529,cla:ET.007,codf:ET.007,same_project,BATCH_REVIEW reviewed_same_equivalence_closure: The pair is connected by a reviewed same-project decision and equivalent source identifiers.,2026-08-26T07:30:45.138739+00:00,applied
MC-0047AFDABEE1CD,cgp:GA.001.4,cofi:GAB2021001:debt,same_project,"BATCH_REVIEW distinctive_named_asset_with_compatible_context: Distinctive name anchor(s) [grand, poubara] and matching sector energy identify the same underlying asset.",2026-08-26T07:30:45.138739+00:00,applied
MC-00A1232D6E3C27,aiddata:30440,cla:SD.083,same_project,HUMAN_REVIEW imported from browser export; this decision takes precedence over automated rules.,2026-08-20T07:23:29.910Z,applied
MC-00C5446CD913DB,cgp:CD.001.3,cofi:COD2021002:debt,same_project,BATCH_REVIEW distinctive_named_asset_with_compatible_context: Distinctive name anchor(s) [zongo] and matching sector energy identify the same underlying asset.,2026-08-26T07:30:45.138739+00:00,applied
MC-015DE846674965,cgef:ET.098,codf:ET.096,different_project,"AUTO_REVIEW conflicting_project_component_identifier: Distinct lot, loan, phase, unit, package, section or stage identifiers indicate separately recorded project components.",2026-08-12T00:00:00+08:00,applied
MC-017B9340B5CC41,cgp:NG.005.2,codf:NG.010,same_project,"BATCH_REVIEW distinctive_named_asset_with_compatible_context: Distinctive name anchor(s) [hydropower, zungeru] and shared asset family hydropower identify the same underlying asset.",2026-08-26T07:30:45.138739+00:00,applied
MC-01C292EA57782C,aiddata:31091,cla:KE.023,same_project,"BATCH_REVIEW distinctive_named_asset_with_compatible_context: Distinctive name anchor(s) [collaboration, enterprise, messaging] and shared asset family communications identify the same underlying asset.",2026-08-26T07:30:45.138739+00:00,applied
MC-0200FEFE78DE58,cgp:ZA.003.2,cofi:ZAF2023012:debt,same_project,BATCH_REVIEW distinctive_named_asset_with_compatible_context: Distinctive name anchor(s) [ingula] and matching sector energy identify the same underlying asset.,2026-08-26T07:30:45.138739+00:00,applied
MC-0202CDC967032E,cgef:ZW.018,cgp:ZW.001.2,same_project,"BATCH_REVIEW distinctive_named_asset_with_compatible_context: Distinctive name anchor(s) [hydropower, kariba, south] and shared asset family hydropower identify the same underlying asset.",2026-08-26T07:30:45.138739+00:00,applied
MC-025C7EAD42BEF8,aiddata:43795,cofi:AGO2021004:debt,same_project,"BATCH_REVIEW matching_original_usd_commitment: The AidData title states the same original USD commitment as the finance-catalog record, with compatible project title and financing type.",2026-08-26T07:30:45.138739+00:00,applied
MC-026A595799804D,aiddata:354,cofi:ZMB2021002:debt,same_project,"BATCH_REVIEW matching_original_usd_commitment: The AidData title states the same original USD commitment as the finance-catalog record, with compatible project title and financing type.",2026-08-26T07:30:45.138739+00:00,applied
MC-028107D134AE92,cgef:GH.066,codf:GH.022,different_project,"AUTO_REVIEW conflicting_project_component_identifier: Distinct lot, loan, phase, unit, package, section or stage identifiers indicate separately recorded project components.",2026-08-12T00:00:00+08:00,applied
MC-029FD37D20EBB8,aiddata:93122,chapo:93145,different_project,ASSISTANT_REVIEW conflicting_recipient: Supreme Council of Islamic Affairs differs from police recipient.,2026-08-20T08:30:00+00:00,applied
MC-02A1DC6C7B052E,aiddata:59753,codf:UG.018,same_project,"BATCH_REVIEW distinctive_named_asset_with_compatible_context: The financing boilerplate reduces to the same distinctive project name [airport, entebbe] with matching component qualifiers.",2026-08-26T07:30:45.138739+00:00,applied
MC-02B4A25776EB2B,cla:GN.006,codf:GN.006,same_project,BATCH_REVIEW reviewed_same_equivalence_closure: The pair is connected by a reviewed same-project decision and equivalent source identifiers.,2026-08-26T07:30:45.138739+00:00,applied
MC-02E018D9560636,cla:GQ.029,cofi:GNQ2021002:debt,same_project,BATCH_REVIEW distinctive_named_asset_with_compatible_context: Distinctive name anchor(s) [malabo] and matching sector energy identify the same underlying asset.,2026-08-26T07:30:45.138739+00:00,applied
MC-0346ACB23E44CD,aiddata:73794,cla:AO.009.80,same_project,"BATCH_REVIEW distinctive_named_asset_with_compatible_context: Distinctive name anchor(s) [hospital, lunda, maternity] and shared asset family health identify the same underlying asset.",2026-08-26T07:30:45.138739+00:00,applied
MC-03882E36D70633,aiddata:96800,chapo:96773,different_project,"BATCH_REVIEW conflicting_canonical_event_details: The fuller source descriptions identify different events: explicit currencies/amounts differ ([('zar', 2000000000.0)] vs [('eur', 1000000000.0)]).",2026-08-20T09:31:06.061922+00:00,applied
MC-039753FEA04CE8,cgef:AO.089.45,codf:AO.089.47,different_project,HUMAN_REVIEW imported from browser export; this decision takes precedence over automated rules.,2026-08-19T07:00:45.727Z,applied
MC-039ED41A5ABC04,aiddata:105318,cla:CM.077,same_project,HUMAN_REVIEW imported from browser export; this decision takes precedence over automated rules.,2026-08-19T07:31:51.032Z,applied
MC-04245BB180CFC4,cgp:GN.002.2,cofi:GIN2021003:debt,same_project,BATCH_REVIEW distinctive_named_asset_with_compatible_context: Distinctive name anchor(s) [souapiti] and matching sector energy identify the same underlying asset.,2026-08-26T07:30:45.138739+00:00,applied
MC-043BCD4910748E,aiddata:94784,chapo:94790,different_project,BATCH_REVIEW conflicting_canonical_event_details: The fuller source descriptions identify different events: months differ (['march'] vs ['april']).,2026-08-20T09:31:06.061922+00:00,applied
MC-043E299617AB1E,aiddata:62256,cla:GQ.007,same_project,"BATCH_REVIEW distinctive_named_asset_with_compatible_context: Distinctive name anchor(s) [malabo, sewage, treatment] and shared asset family water identify the same underlying asset.",2026-08-26T07:30:45.138739+00:00,applied
MC-046934547C7895,aiddata:92289,cgp:ZM.002.5,same_project,"BATCH_REVIEW distinctive_named_asset_with_compatible_context: Distinctive name anchor(s) [gorge, hydropower, kafue, lower] and shared asset family hydropower identify the same underlying asset.",2026-08-26T07:30:45.138739+00:00,applied
MC-048A5824C545B6,codf:KE.011,cofi:KEN2021004:debt,same_project,BATCH_REVIEW distinctive_named_asset_with_compatible_context: Distinctive name anchor(s) [olkaria] and matching sector energy identify the same underlying asset.,2026-08-26T07:30:45.138739+00:00,applied
MC-04934EF5CD60D4,aiddata:64657,chapo:85288,different_project,BATCH_REVIEW conflicting_component_ordinal: Titles identify different components: batch: ['3'] vs ['2'].,2026-08-19T08:11:59.703611+00:00,applied
MC-05083D31B0BA1C,cgef:ZA.005,cgp:ZA.001.1,same_project,"BATCH_REVIEW distinctive_named_asset_with_compatible_context: Distinctive name anchor(s) [coal, medupi] and shared asset family thermal_power identify the same underlying asset.",2026-08-26T07:30:45.138739+00:00,applied
MC-050AF414451FAE,aiddata:59809,cofi:CIV2021001:debt,same_project,"BATCH_REVIEW matching_original_usd_commitment: The AidData title states the same original USD commitment as the finance-catalog record, with compatible project title and financing type.",2026-08-26T07:30:45.138739+00:00,applied
MC-052B1E2336ACE5,aiddata:30648,cla:ZW.045,same_project,ASSISTANT_REVIEW exact_scope: Rural-district road-equipment acquisition scope coincides.,2026-08-20T08:30:00+00:00,applied
MC-0559A6C256C816,aiddata:92174,codf:ET.090,same_project,BATCH_REVIEW matching_named_project_specs: The named infrastructure project has matching technical specifications (kv: [400.0]) and no phase/lot conflict.,2026-08-26T07:30:45.138739+00:00,applied
MC-05614B4E0873BD,aiddata:40735,codf:MZ.056,same_project,"BATCH_REVIEW distinctive_named_asset_with_compatible_context: The financing boilerplate reduces to the same distinctive project name [beira, fishing, port] with matching component qualifiers.",2026-08-26T07:30:45.138739+00:00,applied
MC-0565E136C801A8,aiddata:95330,codf:AO.144,same_project,BATCH_REVIEW distinctive_named_asset_with_compatible_context: Distinctive name anchor(s) [broadband] and shared asset family communications identify the same underlying asset.,2026-08-26T07:30:45.138739+00:00,applied
MC-0588AABD329884,cgef:ZW.086,codf:ZW.086,same_project,BATCH_REVIEW reviewed_same_equivalence_closure: The pair is connected by a reviewed same-project decision and equivalent source identifiers.,2026-08-26T07:30:45.138739+00:00,applied
MC-05E9B4C4DEE391,cgef:AO.003.50,codf:AO.003.51,different_project,BATCH_REVIEW distinct_related_catalog_identifiers: Related finance catalogs use distinct project identifiers (AO.003.50 vs AO.003.51).,2026-08-19T08:11:59.703611+00:00,applied
MC-0624DA98080C4A,cgef:AO.089.47,codf:AO.089.47,same_project,BATCH_REVIEW reviewed_same_equivalence_closure: The pair is connected by a reviewed same-project decision and equivalent source identifiers.,2026-08-26T07:30:45.138739+00:00,applied
MC-062B8CFE3274AF,cgef:AO.089.44,cla:AO.089.46,different_project,BATCH_REVIEW distinct_related_catalog_identifiers: Related finance catalogs use distinct project identifiers (AO.089.44 vs AO.089.46).,2026-08-19T08:11:59.703611+00:00,applied
MC-062FBF33FB5BC7,cgef:GH.022,cla:GH.066,different_project,"AUTO_REVIEW conflicting_project_component_identifier: Distinct lot, loan, phase, unit, package, section or stage identifiers indicate separately recorded project components.",2026-08-12T00:00:00+08:00,applied
MC-06348F04AB7DEE,aiddata:93445,chapo:93408,different_project,BATCH_REVIEW conflicting_canonical_event_details: The fuller source descriptions identify different events: months differ (['may'] vs ['june']).,2026-08-20T09:31:06.061922+00:00,applied
MC-0677997BDA16EF,cgef:LS.012,codf:LS.012,same_project,BATCH_REVIEW reviewed_same_equivalence_closure: The pair is connected by a reviewed same-project decision and equivalent source identifiers.,2026-08-26T07:30:45.138739+00:00,applied
MC-067D9E691AAE24,cgp:GH.F.001.3,cofi:GHA2021004:equity,same_project,"BATCH_REVIEW distinctive_named_asset_with_compatible_context: The financing boilerplate reduces to the same distinctive project name [asogli, kpone] with matching component qualifiers.",2026-08-26T07:30:45.138739+00:00,applied
MC-0705FAF32F793C,cla:AO.089.44,codf:AO.089.46,different_project,BATCH_REVIEW distinct_related_catalog_identifiers: Related finance catalogs use distinct project identifiers (AO.089.44 vs AO.089.46).,2026-08-19T08:11:59.703611+00:00,applied
MC-071D62265B2074,cgp:KE.002,codf:KE.007,same_project,"BATCH_REVIEW distinctive_named_asset_with_compatible_context: Distinctive name anchor(s) [geothermal, olkaria] and shared asset family renewable_power identify the same underlying asset.",2026-08-26T07:30:45.138739+00:00,applied
MC-07454695CF7C7F,cgp:ZA.005.6,codf:ZA.044,same_project,"BATCH_REVIEW distinctive_named_asset_with_compatible_context: Distinctive name anchor(s) [coal, kusile] and shared asset family thermal_power identify the same underlying asset.",2026-08-26T07:30:45.138739+00:00,applied
MC-07F87DA4CC23F2,cgp:ET.006,cla:ET.004,same_project,"BATCH_REVIEW distinctive_named_asset_with_compatible_context: Distinctive name anchor(s) [amerti, finchaa, hydropower, neshe] and shared asset family hydropower identify the same underlying asset.",2026-08-26T07:30:45.138739+00:00,applied
MC-08675AD2921E28,aiddata:85628,cla:NG.063,same_project,"BATCH_REVIEW matching_original_usd_commitment: The AidData title states the same original USD commitment as the finance-catalog record, with compatible project title and financing type.",2026-08-26T07:30:45.138739+00:00,applied
MC-0893D1C44AADA5,codf:ZW.086,cofi:ZWE2021002:debt,same_project,"BATCH_REVIEW distinctive_named_asset_with_compatible_context: Distinctive name anchor(s) [kariba, south] and an asset family consistent with the counterpart sector identify the same underlying asset.",2026-08-26T07:30:45.138739+00:00,applied
MC-089D803A9B5D89,cgef:ZW.064,codf:ZW.064,same_project,BATCH_REVIEW reviewed_same_equivalence_closure: The pair is connected by a reviewed same-project decision and equivalent source identifiers.,2026-08-26T07:30:45.138739+00:00,applied
MC-08B0F9DF3937FA,cla:EG.057,codf:EG.021,different_project,"AUTO_REVIEW conflicting_project_component_identifier: Distinct lot, loan, phase, unit, package, section or stage identifiers indicate separately recorded project components.",2026-08-12T00:00:00+08:00,applied
MC-0919D0C5EDE007,cla:ET.037,codf:ET.037,same_project,BATCH_REVIEW reviewed_same_equivalence_closure: The pair is connected by a reviewed same-project decision and equivalent source identifiers.,2026-08-26T07:30:45.138739+00:00,applied
MC-093C4109E39EDA,aiddata:1290,codf:KE.010,same_project,"BATCH_REVIEW distinctive_named_asset_with_compatible_context: Distinctive name anchor(s) [hospital, kenyatta, referral, teaching, university] and shared asset family health identify the same underlying asset.",2026-08-26T07:30:45.138739+00:00,applied
MC-094B20A0569328,aiddata:43782,cla:AO.056,same_project,"BATCH_REVIEW matching_original_usd_commitment: The AidData title states the same original USD commitment as the finance-catalog record, with compatible project title and financing type.",2026-08-26T07:30:45.138739+00:00,applied
MC-096431B02FF1D3,cgef:ET.017,cofi:ETH2021002:debt,different_project,BATCH_REVIEW reviewed_difference_final_entity_guard: The proposed link would collapse records across an established different-project boundary.,2026-08-26T07:30:45.138739+00:00,applied
MC-09C80287C17460,cgp:GN.002.3,codf:GN.007,same_project,"BATCH_REVIEW distinctive_named_asset_with_compatible_context: Distinctive name anchor(s) [hydropower, souapiti] and shared asset family hydropower identify the same underlying asset.",2026-08-26T07:30:45.138739+00:00,applied
MC-0A4B4E01BDB4D9,aiddata:89492,cla:ZM.150,same_project,HUMAN_REVIEW imported from browser export; this decision takes precedence over automated rules.,2026-08-19T07:33:57.367Z,applied
MC-0A5D9E01687B92,aiddata:30922,cofi:CIV2021002:debt,same_project,"BATCH_REVIEW matching_original_usd_commitment: The AidData title states the same original USD commitment as the finance-catalog record, with compatible project title and financing type.",2026-08-26T07:30:45.138739+00:00,applied
MC-0A7D95F53AC42B,aiddata:92156,codf:ZM.054,different_project,ASSISTANT_REVIEW conflicting_financing_record: USD54m concessional loan differs from the USD228.81m buyer-credit record.,2026-08-20T08:30:00+00:00,applied
MC-0AEBCCF704AE7D,aiddata:105686,cgef:AO.081,same_project,"BATCH_REVIEW matching_original_usd_commitment: The AidData title states the same original USD commitment as the finance-catalog record, with compatible project title and financing type.",2026-08-26T07:30:45.138739+00:00,applied
MC-0AFE6057A08872,cla:ZM.116,codf:ZM.116,same_project,BATCH_REVIEW reviewed_same_equivalence_closure: The pair is connected by a reviewed same-project decision and equivalent source identifiers.,2026-08-26T07:30:45.138739+00:00,applied
MC-0B2661AE37D953,cgp:CG.001.1,cla:CG.009.11,same_project,"BATCH_REVIEW distinctive_named_asset_with_compatible_context: Distinctive name anchor(s) [hydropower, liouesso] and shared asset family hydropower identify the same underlying asset.",2026-08-26T07:30:45.138739+00:00,applied
MC-0B30ABCA4711EE,cgef:GH.015.02,cla:GH.015.02,same_project,BATCH_REVIEW reviewed_same_equivalence_closure: The pair is connected by a reviewed same-project decision and equivalent source identifiers.,2026-08-26T07:30:45.138739+00:00,applied
MC-0B575E72F2837E,cgp:BF.001,cla:BF.008,same_project,"BATCH_REVIEW distinctive_named_asset_with_compatible_context: Distinctive name anchor(s) [donsin, power, solar] and shared asset family renewable_power identify the same underlying asset.",2026-08-26T07:30:45.138739+00:00,applied
MC-0B5DD8833B2EC0,cgef:ET.090,codf:ET.090,same_project,BATCH_REVIEW reviewed_same_equivalence_closure: The pair is connected by a reviewed same-project decision and equivalent source identifiers.,2026-08-26T07:30:45.138739+00:00,applied
MC-0B62335B9A22C5,aiddata:59375,codf:DJ.016,same_project,"BATCH_REVIEW matching_original_usd_commitment: The AidData title states the same original USD commitment as the finance-catalog record, with compatible project title and financing type.",2026-08-26T07:30:45.138739+00:00,applied
MC-0B7D407C18E25A,aiddata:93509,chapo:94367,different_project,BATCH_REVIEW conflicting_canonical_event_details: The fuller source descriptions identify different events: months differ (['august'] vs ['september']).,2026-08-26T07:30:45.138739+00:00,applied
MC-0BE2FD6E286DCA,cgef:AO.005.03,cla:AO.003.48,different_project,"AUTO_REVIEW conflicting_project_component_identifier: Distinct lot, loan, phase, unit, package, section or stage identifiers indicate separately recorded project components.",2026-08-12T00:00:00+08:00,applied
MC-0BEED6A3EE467A,cgef:AO.089.47,cla:AO.089.47,same_project,BATCH_REVIEW reviewed_same_equivalence_closure: The pair is connected by a reviewed same-project decision and equivalent source identifiers.,2026-08-26T07:30:45.138739+00:00,applied
MC-0C093E0CC8E908,aiddata:91691,chapo:91692,different_project,BATCH_REVIEW conflicting_component_ordinal: Titles identify different components: batch: ['2'] vs ['3'].,2026-08-19T08:11:59.703611+00:00,applied
MC-0C44A97D459791,cgp:ZA.005.4,codf:ZA.044,same_project,"BATCH_REVIEW distinctive_named_asset_with_compatible_context: Distinctive name anchor(s) [coal, kusile] and shared asset family thermal_power identify the same underlying asset.",2026-08-26T07:30:45.138739+00:00,applied
MC-0C6BC5F986EB46,cla:AO.089.68,codf:AO.089.64,different_project,HUMAN_REVIEW imported from browser export; this decision takes precedence over automated rules.,2026-08-19T07:21:12.047Z,applied
MC-0C6FD6497FF284,aiddata:34847,cla:AO.003.23,same_project,"BATCH_REVIEW matching_original_usd_commitment: The AidData title states the same original USD commitment as the finance-catalog record, with compatible project title and financing type.",2026-08-26T07:30:45.138739+00:00,applied
MC-0C7FFCC9B83C24,cgp:ZW.001.2,codf:ZW.086,same_project,"BATCH_REVIEW distinctive_named_asset_with_compatible_context: Distinctive name anchor(s) [hydropower, kariba, south] and shared asset family hydropower identify the same underlying asset.",2026-08-26T07:30:45.138739+00:00,applied
MC-0CC69E9F5A03A3,cgp:ZM.002.4,cofi:ZMB2021001:debt,same_project,"BATCH_REVIEW distinctive_named_asset_with_compatible_context: Distinctive name anchor(s) [gorge, kafue, lower] and matching sector energy identify the same underlying asset.",2026-08-26T07:30:45.138739+00:00,applied
MC-0CF11C30D67DDF,cgp:GH.F.001.2,cofi:GHA2021004:equity,same_project,"BATCH_REVIEW distinctive_named_asset_with_compatible_context: The financing boilerplate reduces to the same distinctive project name [asogli, kpone] with matching component qualifiers.",2026-08-26T07:30:45.138739+00:00,applied
MC-0D44E5C163614B,aiddata:55627,cla:MU.032,same_project,"BATCH_REVIEW distinctive_named_asset_with_compatible_context: Distinctive name anchor(s) [city, safe] and shared asset family public_facility identify the same underlying asset.",2026-08-26T07:30:45.138739+00:00,applied
MC-0D7632B47C9D4B,aiddata:96777,chapo:96776,different_project,HUMAN_REVIEW imported from browser export; this decision takes precedence over automated rules.,2026-08-20T07:24:03.658Z,applied
MC-0DC59BA6DBEA00,cgef:CG.009.11,cla:CG.009.11,same_project,BATCH_REVIEW reviewed_same_equivalence_closure: The pair is connected by a reviewed same-project decision and equivalent source identifiers.,2026-08-26T07:30:45.138739+00:00,applied
MC-0DD2407CC8D178,aiddata:59375,cla:DJ.024,different_project,BATCH_REVIEW reviewed_difference_final_entity_guard: The proposed link would collapse records across an established different-project boundary.,2026-08-26T07:30:45.138739+00:00,applied
MC-0DE431E8C17455,cgef:GA.004,cofi:GAB2021001:debt,same_project,"BATCH_REVIEW distinctive_named_asset_with_compatible_context: Distinctive name anchor(s) [grand, poubara] and matching sector energy identify the same underlying asset.",2026-08-26T07:30:45.138739+00:00,applied
MC-0DF6BE36478EE3,aiddata:85,cofi:GAB2021001:debt,same_project,"BATCH_REVIEW distinctive_named_asset_with_compatible_context: Distinctive name anchor(s) [grand, poubara] and matching sector energy identify the same underlying asset.",2026-08-26T07:30:45.138739+00:00,applied
MC-0DFD48F8503389,aiddata:73546,cla:AO.089.71,same_project,ASSISTANT_REVIEW exact_named_project: Camucuio water-supply project and locality coincide.,2026-08-20T08:30:00+00:00,applied
MC-0E03E1140CA057,codf:ZA.044,cofi:ZAF2021003:debt,same_project,BATCH_REVIEW distinctive_named_asset_with_compatible_context: Distinctive name anchor(s) [kusile] and matching sector energy identify the same underlying asset.,2026-08-26T07:30:45.138739+00:00,applied
MC-0E370A07C1EFF0,cgef:KE.007,cgp:KE.002,same_project,BATCH_REVIEW reviewed_same_equivalence_closure: The pair is connected by a reviewed same-project decision and equivalent source identifiers.,2026-08-26T07:30:45.138739+00:00,applied
MC-0E67E42A15359A,aiddata:92289,cgp:ZM.002.4,same_project,"BATCH_REVIEW distinctive_named_asset_with_compatible_context: Distinctive name anchor(s) [gorge, hydropower, kafue, lower] and shared asset family hydropower identify the same underlying asset.",2026-08-26T07:30:45.138739+00:00,applied
MC-0E8D143E234268,aiddata:94784,chapo:94795,different_project,BATCH_REVIEW conflicting_canonical_event_details: The fuller source descriptions identify different events: months differ (['march'] vs ['april']).,2026-08-20T09:31:06.061922+00:00,applied
MC-0E8EBC752D94E2,chapo:34798,cla:AO.003.29,same_project,"BATCH_REVIEW distinctive_named_asset_with_compatible_context: Distinctive name anchor(s) [benguela, hospital] and shared asset family health identify the same underlying asset.",2026-08-26T07:30:45.138739+00:00,applied
MC-0EDB42317DC6CE,cgp:UG.002.5,codf:UG.039,same_project,"BATCH_REVIEW distinctive_named_asset_with_compatible_context: Distinctive name anchor(s) [falls, hydropower, karuma] and shared asset family hydropower identify the same underlying asset.",2026-08-26T07:30:45.138739+00:00,applied
MC-0F05C549263F45,cla:KE.007,cofi:KEN2021003:debt,same_project,BATCH_REVIEW distinctive_named_asset_with_compatible_context: Distinctive name anchor(s) [olkaria] and an asset family consistent with the counterpart sector identify the same underlying asset.,2026-08-26T07:30:45.138739+00:00,applied
MC-0F6F94DBECD1F8,cgp:SD.002.1,cofi:SDN2021003:debt,same_project,"BATCH_REVIEW distinctive_named_asset_with_compatible_context: The financing boilerplate reduces to the same distinctive project name [mahmoud, sharif] with matching component qualifiers.",2026-08-26T07:30:45.138739+00:00,applied
MC-0F9A6704E44BE4,codf:GA.045,cofi:GAB2021001:debt,same_project,"BATCH_REVIEW distinctive_named_asset_with_compatible_context: Distinctive name anchor(s) [grand, poubara] and matching sector energy identify the same underlying asset.",2026-08-26T07:30:45.138739+00:00,applied
MC-0FA246398992A9,aiddata:91973,cla:GQ.036,different_project,"BATCH_REVIEW separate_after_full_evidence_check: No shared source identifier, compatible named-asset anchor, matching original commitment, technical specification, or explicit cross-source link supports consolidation; the records remain separate.",2026-08-26T07:30:45.138739+00:00,applied
MC-1057B2CEAC0EC2,aiddata:95366,chapo:92767,different_project,BATCH_REVIEW conflicting_canonical_event_details: The fuller source descriptions identify different events: months differ (['march'] vs ['april']).,2026-08-20T09:31:06.061922+00:00,applied
MC-10620F3BD80657,aiddata:256,codf:NE.003,same_project,"BATCH_REVIEW distinctive_named_asset_with_compatible_context: The financing boilerplate reduces to the same distinctive project name [azelik, mine, uranium] with matching component qualifiers.",2026-08-26T07:30:45.138739+00:00,applied
MC-1067E582B8EB26,cgef:GQ.029,cla:GQ.029,same_project,BATCH_REVIEW reviewed_same_equivalence_closure: The pair is connected by a reviewed same-project decision and equivalent source identifiers.,2026-08-26T07:30:45.138739+00:00,applied
MC-10BA55984446E9,cgp:NG.F.006.1,cofi:NGA2021005:debt,different_project,BATCH_REVIEW conflicting_financing_instruments: Fund types conflict (equity vs loan).,2026-08-26T07:30:45.138739+00:00,applied
MC-10DE7DA80A77BE,aiddata:354,codf:ZM.012,same_project,"BATCH_REVIEW matching_original_usd_commitment: The AidData title states the same original USD commitment as the finance-catalog record, with compatible project title and financing type.",2026-08-26T07:30:45.138739+00:00,applied
MC-10E103C62A22CA,cla:GN.007,cofi:GIN2021003:debt,same_project,BATCH_REVIEW distinctive_named_asset_with_compatible_context: Distinctive name anchor(s) [souapiti] and matching sector energy identify the same underlying asset.,2026-08-26T07:30:45.138739+00:00,applied
MC-10F2138B204E9D,cla:ET.035,codf:ET.037,different_project,BATCH_REVIEW distinct_related_catalog_identifiers: Related finance catalogs use distinct project identifiers (ET.035 vs ET.037).,2026-08-26T07:30:45.138739+00:00,applied
MC-11347F392D57A2,aiddata:47014,codf:KE.091,same_project,HUMAN_REVIEW imported from browser export; this decision takes precedence over automated rules.,2026-08-19T07:36:58.152Z,applied
MC-117F1B0FAFC6AE,cla:TG.020,codf:TG.008,different_project,HUMAN_REVIEW imported from browser export; this decision takes precedence over automated rules.,2026-08-19T07:15:33.814Z,applied
MC-12544E08A9D577,cgp:ZA.005.2,codf:ZA.044,same_project,"BATCH_REVIEW distinctive_named_asset_with_compatible_context: Distinctive name anchor(s) [coal, kusile] and shared asset family thermal_power identify the same underlying asset.",2026-08-26T07:30:45.138739+00:00,applied
MC-125ACA84657699,aiddata:62256,cofi:GNQ2021002:debt,different_project,"BATCH_REVIEW separate_after_full_evidence_check: No shared source identifier, compatible named-asset anchor, matching original commitment, technical specification, or explicit cross-source link supports consolidation; the records remain separate.",2026-08-26T07:30:45.138739+00:00,applied
MC-128DE3B4C0C5DB,aiddata:19632,chapo:1727,different_project,HUMAN_REVIEW imported from browser export; this decision takes precedence over automated rules.,2026-08-21T02:16:08.684Z,applied
MC-12954F565330CA,aiddata:92134,chapo:92129,different_project,"BATCH_REVIEW separate_after_full_evidence_check: No shared source identifier, compatible named-asset anchor, matching original commitment, technical specification, or explicit cross-source link supports consolidation; the records remain separate.",2026-08-26T07:30:45.138739+00:00,applied
MC-129A3920B712F3,cla:AO.089.10,codf:AO.089.11,different_project,BATCH_REVIEW distinct_related_catalog_identifiers: Related finance catalogs use distinct project identifiers (AO.089.10 vs AO.089.11).,2026-08-26T07:30:45.138739+00:00,applied
MC-12A7F308EC6D6C,cgef:ET.007,cofi:ETH2021009:debt,same_project,"BATCH_REVIEW distinctive_named_asset_with_compatible_context: Distinctive name anchor(s) [dawa, genale] and matching sector energy identify the same underlying asset.",2026-08-26T07:30:45.138739+00:00,applied
MC-12AAB8D90CA962,codf:CD.012,cofi:COD2021002:debt,same_project,BATCH_REVIEW distinctive_named_asset_with_compatible_context: Distinctive name anchor(s) [zongo] and matching sector energy identify the same underlying asset.,2026-08-26T07:30:45.138739+00:00,applied
MC-12EA2DA1E70D56,cgp:ZA.003.3,cofi:ZAF2023012:debt,same_project,BATCH_REVIEW distinctive_named_asset_with_compatible_context: Distinctive name anchor(s) [ingula] and matching sector energy identify the same underlying asset.,2026-08-26T07:30:45.138739+00:00,applied
MC-13281B5514D74A,cla:AO.089.59,codf:AO.089.64,different_project,BATCH_REVIEW distinct_related_catalog_identifiers: Related finance catalogs use distinct project identifiers (AO.089.59 vs AO.089.64).,2026-08-26T07:30:45.138739+00:00,applied
MC-13631B9C3BDFC8,aiddata:53100,cofi:MLI2021001:debt,same_project,BATCH_REVIEW distinctive_named_asset_with_compatible_context: Distinctive name anchor(s) [gouina] and an asset family consistent with the counterpart sector identify the same underlying asset.,2026-08-26T07:30:45.138739+00:00,applied
MC-136F92284AC2D2,aiddata:47128,cgef:SD.004,same_project,"BATCH_REVIEW matching_original_usd_commitment: The AidData title states the same original USD commitment as the finance-catalog record, with compatible project title and financing type.",2026-08-26T07:30:45.138739+00:00,applied
MC-1377D46C367201,aiddata:19700,chapo:59716,different_project,HUMAN_REVIEW imported from browser export; this decision takes precedence over automated rules.,2026-08-19T07:21:04.776Z,applied
MC-13A2BDA23A94A3,aiddata:30947,cgp:MA.001,same_project,"BATCH_REVIEW distinctive_named_asset_with_compatible_context: Distinctive name anchor(s) [coal, jerada] and shared asset family thermal_power identify the same underlying asset.",2026-08-26T07:30:45.138739+00:00,applied
MC-13BDE360C7A71E,aiddata:34836,cla:AO.003.29,same_project,"BATCH_REVIEW distinctive_named_asset_with_compatible_context: Distinctive name anchor(s) [benguela, hospital] and shared asset family health identify the same underlying asset.",2026-08-26T07:30:45.138739+00:00,applied
MC-13D8FCCF7BEA2E,aiddata:96796,chapo:96774,different_project,"BATCH_REVIEW conflicting_canonical_event_details: The fuller source descriptions identify different events: explicit currencies/amounts differ ([('eur', 1150000000.0)] vs [('eur', 37000000.0), ('eur', 1000000000.0)]).",2026-08-20T09:31:06.061922+00:00,applied
MC-13F177768EB6F3,cla:CG.009.18,codf:CG.009.13,different_project,BATCH_REVIEW distinct_related_catalog_identifiers: Related finance catalogs use distinct project identifiers (CG.009.18 vs CG.009.13).,2026-08-26T07:30:45.138739+00:00,applied
MC-14702B51F2C0D9,cgef:AO.089.45,cla:AO.089.47,different_project,HUMAN_REVIEW imported from browser export; this decision takes precedence over automated rules.,2026-08-19T07:00:57.919Z,applied
MC-147ED2CA6BE6CD,aiddata:96776,chapo:96798,different_project,"BATCH_REVIEW conflicting_canonical_event_details: The fuller source descriptions identify different events: explicit currencies/amounts differ ([('eur', 500000000.0)] vs [('zar', 6000000000.0)]).",2026-08-20T09:31:06.061922+00:00,applied
MC-15213FC05A508B,aiddata:56927,cofi:SDN2021005:debt,different_project,"BATCH_REVIEW separate_after_full_evidence_check: No shared source identifier, compatible named-asset anchor, matching original commitment, technical specification, or explicit cross-source link supports consolidation; the records remain separate.",2026-08-26T07:30:45.138739+00:00,applied
MC-1527F38644AE61,cgp:MA.001,codf:MA.005,same_project,"BATCH_REVIEW distinctive_named_asset_with_compatible_context: Distinctive name anchor(s) [coal, jerada] and shared asset family thermal_power identify the same underlying asset.",2026-08-26T07:30:45.138739+00:00,applied
MC-152CAAB127FB56,cgp:AO.001.1,codf:AO.009.71,same_project,"BATCH_REVIEW distinctive_named_asset_with_compatible_context: Distinctive name anchor(s) [hydropower, tchihumbwe] and shared asset family hydropower identify the same underlying asset.",2026-08-26T07:30:45.138739+00:00,applied
MC-153675F787050A,cla:LS.012,codf:LS.012,same_project,BATCH_REVIEW reviewed_same_equivalence_closure: The pair is connected by a reviewed same-project decision and equivalent source identifiers.,2026-08-26T07:30:45.138739+00:00,applied
MC-1554F97D437ECE,cgef:CI.048.02,codf:CI.048.02,same_project,BATCH_REVIEW reviewed_same_equivalence_closure: The pair is connected by a reviewed same-project decision and equivalent source identifiers.,2026-08-26T07:30:45.138739+00:00,applied
MC-15C2DFC3873FB3,cla:SC.002,restruct:R.SC.01,different_project,"AUTO_REVIEW conflicting_project_component_identifier: Distinct lot, loan, phase, unit, package, section or stage identifiers indicate separately recorded project components.",2026-08-12T00:00:00+08:00,applied
MC-15C7785CB8E5F6,cgef:UG.039,cla:UG.039,same_project,BATCH_REVIEW reviewed_same_equivalence_closure: The pair is connected by a reviewed same-project decision and equivalent source identifiers.,2026-08-26T07:30:45.138739+00:00,applied
MC-1620307B130013,aiddata:92600,cla:GH.090,same_project,"BATCH_REVIEW matching_original_usd_commitment: The AidData title states the same original USD commitment as the finance-catalog record, with compatible project title and financing type.",2026-08-26T07:30:45.138739+00:00,applied
MC-163A6893F1F6D6,aiddata:92289,cgp:ZM.002.3,same_project,"BATCH_REVIEW distinctive_named_asset_with_compatible_context: Distinctive name anchor(s) [gorge, hydropower, kafue, lower] and shared asset family hydropower identify the same underlying asset.",2026-08-26T07:30:45.138739+00:00,applied
MC-163B9A28B8200E,cla:NG.065,codf:NG.066,different_project,BATCH_REVIEW distinct_related_catalog_identifiers: Related finance catalogs use distinct project identifiers (NG.065 vs NG.066).,2026-08-26T07:30:45.138739+00:00,applied
MC-169A042D584529,aiddata:57536,cgef:ZM.025,same_project,"BATCH_REVIEW matching_original_usd_commitment: The AidData title states the same original USD commitment as the finance-catalog record, with compatible project title and financing type.",2026-08-26T07:30:45.138739+00:00,applied
MC-16D996F17F5D82,cgp:ZA.005.3,cofi:ZAF2021003:debt,same_project,BATCH_REVIEW distinctive_named_asset_with_compatible_context: Distinctive name anchor(s) [kusile] and matching sector energy identify the same underlying asset.,2026-08-26T07:30:45.138739+00:00,applied
MC-16DAB556319C2D,cgp:GA.001.4,codf:GA.045,same_project,BATCH_REVIEW reviewed_same_equivalence_closure: The pair is connected by a reviewed same-project decision and equivalent source identifiers.,2026-08-26T07:30:45.138739+00:00,applied
MC-172B30CFDFA7DE,cgef:AO.056,cla:AO.056,same_project,BATCH_REVIEW reviewed_same_equivalence_closure: The pair is connected by a reviewed same-project decision and equivalent source identifiers.,2026-08-26T07:30:45.138739+00:00,applied
MC-1789C8AF10344F,cgef:CI.048.01,codf:CI.048.02,different_project,BATCH_REVIEW distinct_related_catalog_identifiers: Related finance catalogs use distinct project identifiers (CI.048.01 vs CI.048.02).,2026-08-26T07:30:45.138739+00:00,applied
MC-178B0665155640,aiddata:58368,codf:KE.102,different_project,"AUTO_REVIEW conflicting_project_component_identifier: Distinct lot, loan, phase, unit, package, section or stage identifiers indicate separately recorded project components.",2026-08-12T00:00:00+08:00,applied
MC-1794CBDF3E65FF,aiddata:53116,codf:CM.054,same_project,"BATCH_REVIEW distinctive_named_asset_with_compatible_context: Distinctive name anchor(s) [kribi, port] and shared asset family port identify the same underlying asset.",2026-08-26T07:30:45.138739+00:00,applied
MC-17D8DCBB095524,aiddata:34778,cla:AO.003.08,same_project,"BATCH_REVIEW matching_original_usd_commitment: The AidData title states the same original USD commitment as the finance-catalog record, with compatible project title and financing type.",2026-08-20T09:31:06.061922+00:00,applied
MC-17F388C8CC6551,cgef:KE.090,cla:KE.090,same_project,BATCH_REVIEW reviewed_same_equivalence_closure: The pair is connected by a reviewed same-project decision and equivalent source identifiers.,2026-08-26T07:30:45.138739+00:00,applied
MC-17F39B91C402CE,aiddata:31295,cgef:KE.031,same_project,HUMAN_REVIEW imported from browser export; this decision takes precedence over automated rules.,2026-08-20T02:22:08.795Z,applied
MC-184C0FE13AB4AF,cgef:AO.089.44,cla:AO.089.45,different_project,HUMAN_REVIEW imported from browser export; this decision takes precedence over automated rules.,2026-08-19T06:57:44.791Z,applied
MC-1850D16C8071D2,cgef:ET.090,codf:ET.097,different_project,BATCH_REVIEW distinct_related_catalog_identifiers: Related finance catalogs use distinct project identifiers (ET.090 vs ET.097).,2026-08-26T07:30:45.138739+00:00,applied
MC-18D1A0E32FCD99,aiddata:95330,cla:AO.144,same_project,BATCH_REVIEW reviewed_same_equivalence_closure: The pair is connected by a reviewed same-project decision and equivalent source identifiers.,2026-08-26T07:30:45.138739+00:00,applied
MC-191CBE53F8595B,cla:ET.007,cofi:ETH2021009:debt,same_project,BATCH_REVIEW reviewed_same_equivalence_closure: The pair is connected by a reviewed same-project decision and equivalent source identifiers.,2026-08-26T07:30:45.138739+00:00,applied
MC-194807BEA528B3,cla:GN.007,codf:GN.007,same_project,BATCH_REVIEW reviewed_same_equivalence_closure: The pair is connected by a reviewed same-project decision and equivalent source identifiers.,2026-08-26T07:30:45.138739+00:00,applied
MC-196874950C6183,cgef:ET.098,cla:ET.098,same_project,BATCH_REVIEW reviewed_same_equivalence_closure: The pair is connected by a reviewed same-project decision and equivalent source identifiers.,2026-08-26T07:30:45.138739+00:00,applied
MC-196C09E655827B,cgp:UG.002.1,codf:UG.008,same_project,"BATCH_REVIEW distinctive_named_asset_with_compatible_context: Distinctive name anchor(s) [falls, hydropower, karuma] and shared asset family hydropower identify the same underlying asset.",2026-08-26T07:30:45.138739+00:00,applied
MC-19A955A7E80EBC,aiddata:2108,codf:GQ.042,same_project,"BATCH_REVIEW distinctive_named_asset_with_compatible_context: Distinctive name anchor(s) [bata, city, grid, power] and shared asset family power_network identify the same underlying asset.",2026-08-26T07:30:45.138739+00:00,applied
MC-19AB2BDDB7E681,aiddata:52967,cofi:ERI2021001:debt,same_project,"BATCH_REVIEW matching_original_usd_commitment: The AidData title states the same original USD commitment as the finance-catalog record, with compatible project title and financing type.",2026-08-26T07:30:45.138739+00:00,applied
MC-19C5041BC039FE,cla:AO.065.28,codf:AO.009.76,different_project,BATCH_REVIEW distinct_related_catalog_identifiers: Related finance catalogs use distinct project identifiers (AO.065.28 vs AO.009.76).,2026-08-26T07:30:45.138739+00:00,applied
MC-19CFD3C37C88C6,cgef:ET.057,cofi:ETH2021003:debt,same_project,BATCH_REVIEW distinctive_named_asset_with_compatible_context: Distinctive name anchor(s) [aysha] and matching sector energy identify the same underlying asset.,2026-08-26T07:30:45.138739+00:00,applied
MC-1A3CF50FE595BD,cgef:ET.069,cla:ET.069,same_project,BATCH_REVIEW reviewed_same_equivalence_closure: The pair is connected by a reviewed same-project decision and equivalent source identifiers.,2026-08-26T07:30:45.138739+00:00,applied
MC-1A5EB99D7A1A1B,cla:TG.012,codf:TG.012,same_project,BATCH_REVIEW reviewed_same_equivalence_closure: The pair is connected by a reviewed same-project decision and equivalent source identifiers.,2026-08-26T07:30:45.138739+00:00,applied
MC-1A60F60CE0AEEE,cgef:ET.096,cla:ET.098,different_project,"AUTO_REVIEW conflicting_project_component_identifier: Distinct lot, loan, phase, unit, package, section or stage identifiers indicate separately recorded project components.",2026-08-12T00:00:00+08:00,applied
MC-1A77174E0E6117,cgp:ER.001,codf:ER.008,same_project,BATCH_REVIEW distinctive_named_asset_with_compatible_context: Distinctive name anchor(s) [hirgigo] and shared asset family thermal_power identify the same underlying asset.,2026-08-26T07:30:45.138739+00:00,applied
MC-1A85DF70067634,cla:CD.006.02,codf:CD.006.23,different_project,BATCH_REVIEW distinct_related_catalog_identifiers: Related finance catalogs use distinct project identifiers (CD.006.02 vs CD.006.23).,2026-08-19T08:11:59.703611+00:00,applied
MC-1AAA17FD88CF0D,cgp:ZA.005.6,cofi:ZAF2021003:debt,same_project,BATCH_REVIEW reviewed_same_equivalence_closure: The pair is connected by a reviewed same-project decision and equivalent source identifiers.,2026-08-26T07:30:45.138739+00:00,applied
MC-1ACD5FD62B95D6,aiddata:350,codf:CM.014,same_project,"BATCH_REVIEW matching_original_usd_commitment: The AidData title states the same original USD commitment as the finance-catalog record, with compatible project title and financing type.",2026-08-26T07:30:45.138739+00:00,applied
MC-1B3B71AB4B8F25,cgef:UG.045,codf:UG.045,same_project,BATCH_REVIEW reviewed_same_equivalence_closure: The pair is connected by a reviewed same-project decision and equivalent source identifiers.,2026-08-26T07:30:45.138739+00:00,applied
MC-1B42B9BA12CD66,aiddata:34798,cla:AO.003.29,same_project,BATCH_REVIEW reviewed_same_equivalence_closure: The pair is connected by a reviewed same-project decision and equivalent source identifiers.,2026-08-26T07:30:45.138739+00:00,applied
MC-1BA9FC15623687,cgp:CG.001.1,codf:CG.009.11,same_project,BATCH_REVIEW reviewed_same_equivalence_closure: The pair is connected by a reviewed same-project decision and equivalent source identifiers.,2026-08-26T07:30:45.138739+00:00,applied
MC-1BBB26BF63F4C5,cgp:CI.001.4,cofi:CIV2021002:equity,different_project,BATCH_REVIEW conflicting_financing_instruments: Fund types conflict (loan vs equity).,2026-08-26T07:30:45.138739+00:00,applied
MC-1CBC78948A8884,cla:CD.011,codf:CD.011,same_project,BATCH_REVIEW reviewed_same_equivalence_closure: The pair is connected by a reviewed same-project decision and equivalent source identifiers.,2026-08-26T07:30:45.138739+00:00,applied
MC-1CD9AEBB6E5A23,cgp:CD.001.1,cofi:COD2021002:debt,same_project,BATCH_REVIEW distinctive_named_asset_with_compatible_context: Distinctive name anchor(s) [zongo] and matching sector energy identify the same underlying asset.,2026-08-26T07:30:45.138739+00:00,applied
MC-1CFD3D5EF5BAA7,cgef:ET.098,cla:ET.096,different_project,"AUTO_REVIEW conflicting_project_component_identifier: Distinct lot, loan, phase, unit, package, section or stage identifiers indicate separately recorded project components.",2026-08-12T00:00:00+08:00,applied
MC-1D05C73406FDCD,cgp:MG.001,codf:MG.008,same_project,"BATCH_REVIEW distinctive_named_asset_with_compatible_context: Distinctive name anchor(s) [hydropower, ranomafana] and shared asset family hydropower identify the same underlying asset.",2026-08-26T07:30:45.138739+00:00,applied
MC-1D0C882E493C80,aiddata:96798,chapo:96797,same_project,BATCH_REVIEW explicit_cross_source_record_link: The fuller AidData title explicitly links record 96797; amounts are consistent across price bases (ratio 0.923).,2026-08-26T07:30:45.138739+00:00,applied
MC-1D311D53AF3D73,aiddata:187,cofi:GIN2021003:debt,same_project,"BATCH_REVIEW matching_original_usd_commitment: The AidData title states the same original USD commitment as the finance-catalog record, with compatible project title and financing type.",2026-08-26T07:30:45.138739+00:00,applied
MC-1DFD0F10EF64A0,aiddata:58154,codf:KE.008,same_project,"BATCH_REVIEW matching_original_usd_commitment: The AidData title states the same original USD commitment as the finance-catalog record, with compatible project title and financing type.",2026-08-26T07:30:45.138739+00:00,applied
MC-1E19331B96A19F,cgef:MG.008,codf:MG.008,same_project,BATCH_REVIEW reviewed_same_equivalence_closure: The pair is connected by a reviewed same-project decision and equivalent source identifiers.,2026-08-26T07:30:45.138739+00:00,applied
MC-1E22C432578CB7,cgp:ER.001,cofi:ERI2021001:debt,same_project,BATCH_REVIEW distinctive_named_asset_with_compatible_context: Distinctive name anchor(s) [hirgigo] and matching sector energy identify the same underlying asset.,2026-08-26T07:30:45.138739+00:00,applied
MC-1E8DD795F2CA71,cla:UG.008,cofi:UGA2021002:debt,same_project,"BATCH_REVIEW distinctive_named_asset_with_compatible_context: Distinctive name anchor(s) [falls, karuma] and an asset family consistent with the counterpart sector identify the same underlying asset.",2026-08-26T07:30:45.138739+00:00,applied
MC-1E9F4F6093C553,aiddata:1428,chapo:1515,different_project,ASSISTANT_REVIEW conflicting_package: Cement plus anti-malaria drugs differs from drugs plus mosquito nets.,2026-08-20T08:30:00+00:00,applied
MC-1EBC84DE48F070,cgef:ZA.005,codf:ZA.005,same_project,BATCH_REVIEW reviewed_same_equivalence_closure: The pair is connected by a reviewed same-project decision and equivalent source identifiers.,2026-08-26T07:30:45.138739+00:00,applied
MC-1F0AACFE26BE3D,aiddata:92174,cgef:ET.096,different_project,BATCH_REVIEW reviewed_difference_final_entity_guard: The proposed link would collapse records across an established different-project boundary.,2026-08-26T07:30:45.138739+00:00,applied
MC-1F1D963F6B62A3,cgp:GA.001.2,codf:GA.004,same_project,"BATCH_REVIEW distinctive_named_asset_with_compatible_context: Distinctive name anchor(s) [grand, hydropower, poubara] and shared asset family hydropower identify the same underlying asset.",2026-08-26T07:30:45.138739+00:00,applied
MC-1F24707143C6F7,cgp:ZA.003.1,cofi:ZAF2023012:debt,same_project,BATCH_REVIEW distinctive_named_asset_with_compatible_context: Distinctive name anchor(s) [ingula] and matching sector energy identify the same underlying asset.,2026-08-26T07:30:45.138739+00:00,applied
MC-1F5040661DF0BF,cgp:GN.001.3,codf:GN.006,same_project,"BATCH_REVIEW distinctive_named_asset_with_compatible_context: Distinctive name anchor(s) [hydropower, kaleta] and shared asset family hydropower identify the same underlying asset.",2026-08-26T07:30:45.138739+00:00,applied
MC-1F637CDC2AF398,aiddata:68458,chapo:36111,different_project,ASSISTANT_REVIEW conflicting_scope: Sewage-system rehabilitation differs from medical equipment and office furniture.,2026-08-20T08:30:00+00:00,applied
MC-1F6BA0133ED228,aiddata:21137,codf:MU.002,different_project,"AUTO_REVIEW conflicting_project_component_identifier: Distinct lot, loan, phase, unit, package, section or stage identifiers indicate separately recorded project components.",2026-08-12T00:00:00+08:00,applied
MC-1FA2A4E9847FC7,cla:UG.039,codf:UG.039,same_project,BATCH_REVIEW reviewed_same_equivalence_closure: The pair is connected by a reviewed same-project decision and equivalent source identifiers.,2026-08-26T07:30:45.138739+00:00,applied
MC-20A99AF6FBCE0B,cgef:GN.007,cofi:GIN2021003:debt,same_project,BATCH_REVIEW reviewed_same_equivalence_closure: The pair is connected by a reviewed same-project decision and equivalent source identifiers.,2026-08-26T07:30:45.138739+00:00,applied
MC-214988AF0A7560,cgef:ET.090,cla:ET.097,different_project,BATCH_REVIEW distinct_related_catalog_identifiers: Related finance catalogs use distinct project identifiers (ET.090 vs ET.097).,2026-08-26T07:30:45.138739+00:00,applied
MC-216754452F9C51,cla:TZ.007,codf:TZ.006,different_project,BATCH_REVIEW distinct_related_catalog_identifiers: Related finance catalogs use distinct project identifiers (TZ.007 vs TZ.006).,2026-08-26T07:30:45.138739+00:00,applied
MC-21C5D0CEFE8AD1,aiddata:73556,cla:AO.089.59,same_project,ASSISTANT_REVIEW exact_named_project: Massango water-supply project and locality coincide.,2026-08-20T08:30:00+00:00,applied
MC-21DF00CA174F8C,cgef:ZM.012,cofi:ZMB2021002:debt,same_project,BATCH_REVIEW reviewed_same_equivalence_closure: The pair is connected by a reviewed same-project decision and equivalent source identifiers.,2026-08-26T07:30:45.138739+00:00,applied
MC-21EEF7788538B1,aiddata:314,chapo:59618,different_project,BATCH_REVIEW conflicting_financing_instruments: Fund types conflict (loan vs grant).,2026-08-19T08:11:59.703611+00:00,applied
MC-220E28E3B8FE1F,cgef:NE.003,cla:NE.003,same_project,BATCH_REVIEW reviewed_same_equivalence_closure: The pair is connected by a reviewed same-project decision and equivalent source identifiers.,2026-08-26T07:30:45.138739+00:00,applied
MC-2214CFC53D5BE4,aiddata:53038,cla:ZM.079,same_project,"BATCH_REVIEW matching_original_usd_commitment: The AidData title states the same original USD commitment as the finance-catalog record, with compatible project title and financing type.",2026-08-26T07:30:45.138739+00:00,applied
MC-224113C5566F0B,chapo:34844,cla:AO.003.31,same_project,"BATCH_REVIEW distinctive_named_asset_with_compatible_context: Distinctive name anchor(s) [central, hospital, huambo] and shared asset family health identify the same underlying asset.",2026-08-26T07:30:45.138739+00:00,applied
MC-2253D69F5AD00C,cla:AO.081,codf:AO.081,same_project,BATCH_REVIEW reviewed_same_equivalence_closure: The pair is connected by a reviewed same-project decision and equivalent source identifiers.,2026-08-26T07:30:45.138739+00:00,applied
MC-226D01B45489BE,cgef:ET.101,cgp:ET.001.1,same_project,HUMAN_REVIEW imported from browser export; this decision takes precedence over automated rules.,2026-08-21T02:44:15.882Z,applied
MC-228AC5502E4F75,aiddata:2303,cla:ZM.004,same_project,"BATCH_REVIEW matching_original_usd_commitment: The AidData title states the same original USD commitment as the finance-catalog record, with compatible project title and financing type.",2026-08-20T09:31:06.061922+00:00,applied
MC-228F6226779A92,aiddata:2108,cgef:GQ.042,same_project,BATCH_REVIEW reviewed_same_equivalence_closure: The pair is connected by a reviewed same-project decision and equivalent source identifiers.,2026-08-26T07:30:45.138739+00:00,applied
MC-22A72427996332,aiddata:47102,codf:AO.080,same_project,"BATCH_REVIEW matching_original_usd_commitment: The AidData title states the same original USD commitment as the finance-catalog record, with compatible project title and financing type.",2026-08-26T07:30:45.138739+00:00,applied
MC-22BE30DF0798DE,cla:AO.089.38,codf:AO.089.20,different_project,BATCH_REVIEW distinct_related_catalog_identifiers: Related finance catalogs use distinct project identifiers (AO.089.38 vs AO.089.20).,2026-08-26T07:30:45.138739+00:00,applied
MC-22D052818817DE,aiddata:96773,chapo:96774,same_project,BATCH_REVIEW explicit_cross_source_record_link: The fuller AidData title explicitly links record 96774; amounts are consistent across price bases (ratio 0.923).,2026-08-26T07:30:45.138739+00:00,applied
MC-237E4E97B05C8A,aiddata:96155,restruct:R.ET.01,same_project,"BATCH_REVIEW distinctive_named_asset_with_compatible_context: Distinctive name anchor(s) [addis, railway] and shared asset family railway identify the same underlying asset.",2026-08-26T07:30:45.138739+00:00,applied
MC-23E060899EA795,cgp:ZA.001.3,cofi:ZAF2021006:debt,same_project,BATCH_REVIEW distinctive_named_asset_with_compatible_context: Distinctive name anchor(s) [medupi] and matching sector energy identify the same underlying asset.,2026-08-26T07:30:45.138739+00:00,applied
MC-23FDEB682BE694,cla:ZW.064,codf:ZW.064,same_project,BATCH_REVIEW reviewed_same_equivalence_closure: The pair is connected by a reviewed same-project decision and equivalent source identifiers.,2026-08-26T07:30:45.138739+00:00,applied
MC-2461FEB327881C,cgp:ET.002.2,cofi:ETH2021001:debt,different_project,BATCH_REVIEW conflicting_financing_instruments: Fund types conflict (equity vs loan).,2026-08-26T07:30:45.138739+00:00,applied
MC-246894EC347829,aiddata:56989,codf:ZM.122,different_project,BATCH_REVIEW reviewed_difference_final_entity_guard: The proposed link would collapse records across an established different-project boundary.,2026-08-26T07:30:45.138739+00:00,applied
MC-2469F6A2279747,cgp:CM.003.3,codf:CM.018,different_project,BATCH_REVIEW conflicting_financing_instruments: Fund types conflict (equity vs loan).,2026-08-26T07:30:45.138739+00:00,applied
MC-248A6F14C2312A,cla:SD.077,cofi:SDN2021005:debt,same_project,BATCH_REVIEW distinctive_named_asset_with_compatible_context: Distinctive name anchor(s) [merowe] and matching sector energy identify the same underlying asset.,2026-08-26T07:30:45.138739+00:00,applied
MC-24DE1D383AF0E2,cgef:AO.145,cla:AO.145,same_project,BATCH_REVIEW reviewed_same_equivalence_closure: The pair is connected by a reviewed same-project decision and equivalent source identifiers.,2026-08-26T07:30:45.138739+00:00,applied
MC-24E0C42678AAEC,aiddata:34875,cla:AO.005.13,different_project,"AUTO_REVIEW conflicting_project_component_identifier: Distinct lot, loan, phase, unit, package, section or stage identifiers indicate separately recorded project components.",2026-08-12T00:00:00+08:00,applied
MC-253A90953B5801,chapo:59618,cla:CM.041,different_project,BATCH_REVIEW conflicting_financing_instruments: Fund types conflict (grant vs loan).,2026-08-19T08:11:59.703611+00:00,applied
MC-25EA5CC4605FE4,aiddata:64659,chapo:64668,different_project,BATCH_REVIEW conflicting_component_ordinal: Titles identify different components: batch: ['4'] vs ['5'].,2026-08-19T08:11:59.703611+00:00,applied
MC-25F5344BBA1052,cla:GQ.004.07,codf:GQ.004.11,different_project,BATCH_REVIEW distinct_related_catalog_identifiers: Related finance catalogs use distinct project identifiers (GQ.004.07 vs GQ.004.11).,2026-08-19T08:11:59.703611+00:00,applied
MC-261392E22AD746,aiddata:96798,chapo:96774,different_project,"BATCH_REVIEW conflicting_canonical_event_details: The fuller source descriptions identify different events: explicit currencies/amounts differ ([('zar', 6000000000.0)] vs [('eur', 37000000.0), ('eur', 1000000000.0)]).",2026-08-20T09:31:06.061922+00:00,applied
MC-262C8DF50A8FAC,aiddata:58379,cofi:ZAF2021003:debt,same_project,"BATCH_REVIEW matching_original_usd_commitment: The AidData title states the same original USD commitment as the finance-catalog record, with compatible project title and financing type.",2026-08-26T07:30:45.138739+00:00,applied
MC-263324691E7650,aiddata:92166,chapo:91935,same_project,HUMAN_REVIEW imported from browser export; this decision takes precedence over automated rules.,2026-08-21T02:16:31.395Z,applied
MC-2654281D61C7E9,cgp:ZA.005.5,cofi:ZAF2021003:debt,same_project,BATCH_REVIEW distinctive_named_asset_with_compatible_context: Distinctive name anchor(s) [kusile] and matching sector energy identify the same underlying asset.,2026-08-26T07:30:45.138739+00:00,applied
MC-266327260D06DB,cla:TZ.007,codf:TZ.007,same_project,BATCH_REVIEW reviewed_same_equivalence_closure: The pair is connected by a reviewed same-project decision and equivalent source identifiers.,2026-08-26T07:30:45.138739+00:00,applied
MC-268C5118E2454E,cla:RW.024,cofi:RWA2023001:debt,same_project,BATCH_REVIEW distinctive_named_asset_with_compatible_context: Distinctive name anchor(s) [nyabarongo] and an asset family consistent with the counterpart sector identify the same underlying asset.,2026-08-26T07:30:45.138739+00:00,applied
MC-2693067B4D5335,aiddata:34789,cgef:AO.003.22,same_project,"BATCH_REVIEW matching_original_usd_commitment: The AidData title states the same original USD commitment as the finance-catalog record, with compatible project title and financing type.",2026-08-26T07:30:45.138739+00:00,applied
MC-26B0BB15845AE2,cla:AO.089.09,codf:AO.089.40,different_project,"AUTO_REVIEW conflicting_project_component_identifier: Distinct lot, loan, phase, unit, package, section or stage identifiers indicate separately recorded project components.",2026-08-12T00:00:00+08:00,applied
MC-26C16CCD4DCCA7,cla:ET.068,codf:ET.068,same_project,BATCH_REVIEW reviewed_same_equivalence_closure: The pair is connected by a reviewed same-project decision and equivalent source identifiers.,2026-08-26T07:30:45.138739+00:00,applied
MC-2728A270616C08,cgef:TZ.006,cla:TZ.007,different_project,BATCH_REVIEW distinct_related_catalog_identifiers: Related finance catalogs use distinct project identifiers (TZ.006 vs TZ.007).,2026-08-26T07:30:45.138739+00:00,applied
MC-2743ACBB3E3E0B,cla:ML.006,codf:ML.006,same_project,BATCH_REVIEW reviewed_same_equivalence_closure: The pair is connected by a reviewed same-project decision and equivalent source identifiers.,2026-08-26T07:30:45.138739+00:00,applied
MC-2782679F97079C,cla:GH.015.02,codf:GH.015.02,same_project,BATCH_REVIEW reviewed_same_equivalence_closure: The pair is connected by a reviewed same-project decision and equivalent source identifiers.,2026-08-26T07:30:45.138739+00:00,applied
MC-27B296EC146BFE,cla:AO.089.70,codf:AO.089.64,different_project,HUMAN_REVIEW imported from browser export; this decision takes precedence over automated rules.,2026-08-19T07:00:15.959Z,applied
MC-27B7A81E2FF297,cgef:AO.089.46,codf:AO.089.46,same_project,BATCH_REVIEW reviewed_same_equivalence_closure: The pair is connected by a reviewed same-project decision and equivalent source identifiers.,2026-08-26T07:30:45.138739+00:00,applied
MC-27BB2B68D6FD21,cgp:ZA.001.4,cofi:ZAF2021006:debt,same_project,BATCH_REVIEW distinctive_named_asset_with_compatible_context: Distinctive name anchor(s) [medupi] and matching sector energy identify the same underlying asset.,2026-08-26T07:30:45.138739+00:00,applied
MC-27D01F66516465,cgp:ZA.001.6,codf:ZA.005,same_project,"BATCH_REVIEW distinctive_named_asset_with_compatible_context: Distinctive name anchor(s) [coal, medupi] and shared asset family thermal_power identify the same underlying asset.",2026-08-26T07:30:45.138739+00:00,applied
MC-27E10EB91F19C8,cla:DJ.024,codf:DJ.016,different_project,BATCH_REVIEW distinct_related_catalog_identifiers: Related finance catalogs use distinct project identifiers (DJ.024 vs DJ.016).,2026-08-26T07:30:45.138739+00:00,applied
MC-27EEEEDD6D39FA,aiddata:68059,chapo:93284,different_project,"BATCH_REVIEW separate_after_full_evidence_check: No shared source identifier, compatible named-asset anchor, matching original commitment, technical specification, or explicit cross-source link supports consolidation; the records remain separate.",2026-08-26T07:30:45.138739+00:00,applied
MC-27F9BEDDE516C3,cla:AO.089.47,codf:AO.089.47,same_project,BATCH_REVIEW reviewed_same_equivalence_closure: The pair is connected by a reviewed same-project decision and equivalent source identifiers.,2026-08-26T07:30:45.138739+00:00,applied
MC-282900B0392135,aiddata:96797,chapo:96774,different_project,"BATCH_REVIEW conflicting_canonical_event_details: The fuller source descriptions identify different events: explicit currencies/amounts differ ([('zar', 6000000000.0)] vs [('eur', 37000000.0), ('eur', 1000000000.0)]).",2026-08-20T09:31:06.061922+00:00,applied
MC-283D6CCB8C0E78,cgef:MA.005,codf:MA.005,same_project,BATCH_REVIEW reviewed_same_equivalence_closure: The pair is connected by a reviewed same-project decision and equivalent source identifiers.,2026-08-26T07:30:45.138739+00:00,applied
MC-2870FEC77DD43F,cgef:UG.008,cgp:UG.002.6,same_project,"BATCH_REVIEW distinctive_named_asset_with_compatible_context: Distinctive name anchor(s) [falls, hydropower, karuma] and shared asset family hydropower identify the same underlying asset.",2026-08-26T07:30:45.138739+00:00,applied
MC-28927A290B40EB,cgef:ET.096,codf:ET.098,different_project,"AUTO_REVIEW conflicting_project_component_identifier: Distinct lot, loan, phase, unit, package, section or stage identifiers indicate separately recorded project components.",2026-08-12T00:00:00+08:00,applied
MC-28AAD68B6BEDE1,aiddata:57975,codf:GH.075,same_project,"BATCH_REVIEW distinctive_named_asset_with_compatible_context: The financing boilerplate reduces to the same distinctive project name [center, polytechnic, technical, training, vocational] with matching component qualifiers.",2026-08-26T07:30:45.138739+00:00,applied
MC-28BE4BBD21EAF2,aiddata:56745,chapo:56743,different_project,ASSISTANT_REVIEW conflicting_asset: Ten tractors differs from the Friendship Hospital donation.,2026-08-20T08:30:00+00:00,applied
MC-28C66A5DE5443B,aiddata:93701,chapo:93697,different_project,BATCH_REVIEW conflicting_canonical_event_details: The fuller source descriptions identify different events: months differ (['may'] vs ['august']).,2026-08-26T07:30:45.138739+00:00,applied
MC-29867500B310C7,cgef:ZW.086,cgp:ZW.001.2,same_project,BATCH_REVIEW reviewed_same_equivalence_closure: The pair is connected by a reviewed same-project decision and equivalent source identifiers.,2026-08-26T07:30:45.138739+00:00,applied
MC-299AA243453B67,aiddata:73589,cla:SC.002,different_project,"AUTO_REVIEW conflicting_project_component_identifier: Distinct lot, loan, phase, unit, package, section or stage identifiers indicate separately recorded project components.",2026-08-12T00:00:00+08:00,applied
MC-29B9F8319D55AE,aiddata:21273,chapo:58576,different_project,BATCH_REVIEW conflicting_canonical_event_details: The fuller source descriptions identify different events: months differ (['june'] vs ['december']).,2026-08-26T07:30:45.138739+00:00,applied
MC-29E8F642E45355,aiddata:92705,cla:RW.027,same_project,"BATCH_REVIEW distinctive_named_asset_with_compatible_context: Distinctive name anchor(s) [education, smart] and matching sector education identify the same underlying asset.",2026-08-26T07:30:45.138739+00:00,applied
MC-2A8646CF0AACBD,cgef:UG.039,cgp:UG.002.2,same_project,"BATCH_REVIEW distinctive_named_asset_with_compatible_context: Distinctive name anchor(s) [falls, hydropower, karuma] and shared asset family hydropower identify the same underlying asset.",2026-08-26T07:30:45.138739+00:00,applied
MC-2ACDC6A0D7E05C,aiddata:30241,cgp:ET.002.2,different_project,BATCH_REVIEW conflicting_financing_instruments: Fund types conflict (loan vs equity).,2026-08-26T07:30:45.138739+00:00,applied
MC-2AD0FB6E998534,cgp:GQ.001.2,cofi:GNQ2021001:debt,same_project,BATCH_REVIEW distinctive_named_asset_with_compatible_context: Distinctive name anchor(s) [djibloho] and matching sector energy identify the same underlying asset.,2026-08-26T07:30:45.138739+00:00,applied
MC-2AE5C2D6762710,cgef:ZW.086,cofi:ZWE2021002:debt,same_project,BATCH_REVIEW reviewed_same_equivalence_closure: The pair is connected by a reviewed same-project decision and equivalent source identifiers.,2026-08-26T07:30:45.138739+00:00,applied
MC-2B130AA3AA34F8,cgp:UG.001.4,codf:UG.009,same_project,"BATCH_REVIEW distinctive_named_asset_with_compatible_context: Distinctive name anchor(s) [falls, hydropower, isimba] and shared asset family hydropower identify the same underlying asset.",2026-08-26T07:30:45.138739+00:00,applied
MC-2B28B185E5EC85,aiddata:31295,cla:KE.031,same_project,HUMAN_REVIEW imported from browser export; this decision takes precedence over automated rules.,2026-08-20T02:39:09.763Z,applied
MC-2B40EF9FC40096,cla:GQ.007,cofi:GNQ2021002:debt,different_project,"BATCH_REVIEW separate_after_full_evidence_check: No shared source identifier, compatible named-asset anchor, matching original commitment, technical specification, or explicit cross-source link supports consolidation; the records remain separate.",2026-08-26T07:30:45.138739+00:00,applied
MC-2B4B546ADA85FC,cgp:GN.001.2,codf:GN.006,same_project,"BATCH_REVIEW distinctive_named_asset_with_compatible_context: Distinctive name anchor(s) [hydropower, kaleta] and shared asset family hydropower identify the same underlying asset.",2026-08-26T07:30:45.138739+00:00,applied
MC-2B7C6FF312CDE5,cgef:ET.004,cla:ET.101,same_project,ASSISTANT_REVIEW precedence reconciliation: Later human-confirmed links identify Loan 1 and Loan 2 as financing components of the same physical FAN hydropower project; source records and amounts remain separate.,2026-08-21T14:36:53.2088357+08:00,applied
MC-2BB7B85ED2EC7A,cla:ZM.116,codf:ZM.122,different_project,BATCH_REVIEW distinct_related_catalog_identifiers: Related finance catalogs use distinct project identifiers (ZM.116 vs ZM.122).,2026-08-26T07:30:45.138739+00:00,applied
MC-2BD1C8C988CD3C,aiddata:58379,cgef:ZA.044,same_project,BATCH_REVIEW reviewed_same_equivalence_closure: The pair is connected by a reviewed same-project decision and equivalent source identifiers.,2026-08-26T07:30:45.138739+00:00,applied
MC-2C0978FBC99DF0,cgp:ZW.001.1,cla:ZW.086,same_project,"BATCH_REVIEW distinctive_named_asset_with_compatible_context: Distinctive name anchor(s) [hydropower, kariba, south] and shared asset family hydropower identify the same underlying asset.",2026-08-26T07:30:45.138739+00:00,applied
MC-2C44B87E540F3B,cgef:KE.086,cla:KE.086,same_project,BATCH_REVIEW reviewed_same_equivalence_closure: The pair is connected by a reviewed same-project decision and equivalent source identifiers.,2026-08-26T07:30:45.138739+00:00,applied
MC-2C4A7FF783C21E,aiddata:87222,cla:KM.006,same_project,"BATCH_REVIEW distinctive_named_asset_with_compatible_context: Distinctive name anchor(s) [modernization, network] and shared asset family communications identify the same underlying asset.",2026-08-26T07:30:45.138739+00:00,applied
MC-2C82350C66FE6F,aiddata:2339,codf:ZM.014,same_project,"BATCH_REVIEW matching_original_usd_commitment: The AidData title states the same original USD commitment as the finance-catalog record, with compatible project title and financing type.",2026-08-26T07:30:45.138739+00:00,applied
MC-2C82DBA607625C,codf:ZA.044,cofi:ZAF2021004:debt,same_project,BATCH_REVIEW distinctive_named_asset_with_compatible_context: Distinctive name anchor(s) [kusile] and matching sector energy identify the same underlying asset.,2026-08-26T07:30:45.138739+00:00,applied
MC-2D0255F9A7E332,cla:GQ.042,codf:GQ.042,same_project,BATCH_REVIEW reviewed_same_equivalence_closure: The pair is connected by a reviewed same-project decision and equivalent source identifiers.,2026-08-26T07:30:45.138739+00:00,applied
MC-2D32C3A61C2A33,aiddata:91497,chapo:91501,different_project,BATCH_REVIEW conflicting_canonical_event_details: The fuller source descriptions identify different events: months differ (['november'] vs ['september']).,2026-08-26T07:30:45.138739+00:00,applied
MC-2D84EB6DC9344D,aiddata:73552,cla:AO.089.67,same_project,HUMAN_REVIEW imported from browser export; this decision takes precedence over automated rules.,2026-08-20T07:25:20.023Z,applied
MC-2DE8FB8933D03A,aiddata:94575,chapo:93398,different_project,BATCH_REVIEW conflicting_canonical_event_details: The fuller source descriptions identify different events: months differ (['june'] vs ['april']).,2026-08-26T07:30:45.138739+00:00,applied
MC-2DF16623A51866,cla:AO.065.08,codf:AO.065.07,different_project,BATCH_REVIEW distinct_related_catalog_identifiers: Related finance catalogs use distinct project identifiers (AO.065.08 vs AO.065.07).,2026-08-26T07:30:45.138739+00:00,applied
MC-2E1500491822F5,aiddata:69109,codf:UG.034,same_project,HUMAN_REVIEW imported from browser export; this decision takes precedence over automated rules.,2026-08-19T07:23:15.407Z,applied
MC-2E166708DE2E21,aiddata:91497,chapo:91499,different_project,"BATCH_REVIEW separate_after_full_evidence_check: No shared source identifier, compatible named-asset anchor, matching original commitment, technical specification, or explicit cross-source link supports consolidation; the records remain separate.",2026-08-26T07:30:45.138739+00:00,applied
MC-2E649A6EFF629D,aiddata:59453,codf:DJ.025,different_project,"AUTO_REVIEW conflicting_project_component_identifier: Distinct lot, loan, phase, unit, package, section or stage identifiers indicate separately recorded project components.",2026-08-12T00:00:00+08:00,applied
MC-2E693B35C65B90,aiddata:68294,chapo:67510,different_project,BATCH_REVIEW conflicting_canonical_event_details: The fuller source descriptions identify different events: months differ (['october'] vs ['september']).,2026-08-20T09:31:06.061922+00:00,applied
MC-2EC3E8935B6F93,aiddata:59809,cgp:CI.002.2,same_project,"BATCH_REVIEW distinctive_named_asset_with_compatible_context: Distinctive name anchor(s) [gribo, hydropower, popoli] and shared asset family hydropower identify the same underlying asset.",2026-08-26T07:30:45.138739+00:00,applied
MC-2EEB206E041499,aiddata:86361,cla:GH.080,same_project,"BATCH_REVIEW matching_original_usd_commitment: The AidData title states the same original USD commitment as the finance-catalog record, with compatible project title and financing type.",2026-08-26T07:30:45.138739+00:00,applied
MC-2F3339FA3902BF,cgef:ZA.005,cgp:ZA.001.3,same_project,"BATCH_REVIEW distinctive_named_asset_with_compatible_context: Distinctive name anchor(s) [coal, medupi] and shared asset family thermal_power identify the same underlying asset.",2026-08-26T07:30:45.138739+00:00,applied
MC-2F3BEA30C780FA,aiddata:59809,cgp:CI.002.3,same_project,BATCH_REVIEW reviewed_same_equivalence_closure: The pair is connected by a reviewed same-project decision and equivalent source identifiers.,2026-08-26T07:30:45.138739+00:00,applied
MC-2F4D1C5C2EA5A4,aiddata:34843,cla:AO.003.30,same_project,"BATCH_REVIEW matching_original_usd_commitment: The AidData title states the same original USD commitment as the finance-catalog record, with compatible project title and financing type.",2026-08-26T07:30:45.138739+00:00,applied
MC-2F6BFE9173EE69,aiddata:87641,cla:GH.078,same_project,"BATCH_REVIEW distinctive_named_asset_with_compatible_context: The financing boilerplate reduces to the same distinctive project name [digital, ghana, inclusion, rural, telephony] with matching component qualifiers.",2026-08-26T07:30:45.138739+00:00,applied
MC-2F847E84751447,cla:ER.008,codf:ER.008,same_project,BATCH_REVIEW reviewed_same_equivalence_closure: The pair is connected by a reviewed same-project decision and equivalent source identifiers.,2026-08-26T07:30:45.138739+00:00,applied
MC-2F9ACF947DC385,cgef:CI.009,cofi:CIV2021002:debt,same_project,BATCH_REVIEW distinctive_named_asset_with_compatible_context: Distinctive name anchor(s) [soubre] and matching sector energy identify the same underlying asset.,2026-08-26T07:30:45.138739+00:00,applied
MC-2FC271E2A94CD2,cla:GQ.004.02,cofi:GNQ2021001:debt,same_project,BATCH_REVIEW distinctive_named_asset_with_compatible_context: Distinctive name anchor(s) [djibloho] and an asset family consistent with the counterpart sector identify the same underlying asset.,2026-08-26T07:30:45.138739+00:00,applied
MC-2FC30D5E9E70E0,cgef:MA.005,cofi:MAR2021004:debt,same_project,BATCH_REVIEW distinctive_named_asset_with_compatible_context: Distinctive name anchor(s) [jerada] and matching sector energy identify the same underlying asset.,2026-08-26T07:30:45.138739+00:00,applied
MC-2FCE02BC7B832F,aiddata:93152,chapo:93289,different_project,BATCH_REVIEW conflicting_canonical_event_details: The fuller source descriptions identify different events: months differ (['march'] vs ['may']).,2026-08-20T09:31:06.061922+00:00,applied
MC-2FDD8C1175EC88,codf:ET.057,cofi:ETH2021003:debt,same_project,BATCH_REVIEW reviewed_same_equivalence_closure: The pair is connected by a reviewed same-project decision and equivalent source identifiers.,2026-08-26T07:30:45.138739+00:00,applied
MC-2FF6070C84FF12,aiddata:93285,chapo:93283,different_project,"BATCH_REVIEW separate_after_full_evidence_check: No shared source identifier, compatible named-asset anchor, matching original commitment, technical specification, or explicit cross-source link supports consolidation; the records remain separate.",2026-08-26T07:30:45.138739+00:00,applied
MC-3056DB04F47E12,cgef:UG.008,cgp:UG.002.4,same_project,"BATCH_REVIEW distinctive_named_asset_with_compatible_context: Distinctive name anchor(s) [falls, hydropower, karuma] and shared asset family hydropower identify the same underlying asset.",2026-08-26T07:30:45.138739+00:00,applied
MC-305928B27E5DFE,aiddata:96800,chapo:96774,different_project,"BATCH_REVIEW conflicting_canonical_event_details: The fuller source descriptions identify different events: explicit currencies/amounts differ ([('zar', 2000000000.0)] vs [('eur', 37000000.0), ('eur', 1000000000.0)]).",2026-08-20T09:31:06.061922+00:00,applied
MC-306E6A1E6C9E4E,aiddata:73566,cla:AO.089.13,same_project,ASSISTANT_REVIEW exact_named_project: Kiwaba Nzoje water-supply project and locality coincide.,2026-08-20T08:30:00+00:00,applied
MC-3070B2AF629A32,cla:KE.090,codf:KE.090,same_project,BATCH_REVIEW reviewed_same_equivalence_closure: The pair is connected by a reviewed same-project decision and equivalent source identifiers.,2026-08-26T07:30:45.138739+00:00,applied
MC-307E48AAA6BC42,cgp:GQ.001.3,cofi:GNQ2021001:debt,same_project,BATCH_REVIEW distinctive_named_asset_with_compatible_context: Distinctive name anchor(s) [djibloho] and matching sector energy identify the same underlying asset.,2026-08-26T07:30:45.138739+00:00,applied
MC-308C2B267A6833,aiddata:58154,cla:KE.008,same_project,BATCH_REVIEW reviewed_same_equivalence_closure: The pair is connected by a reviewed same-project decision and equivalent source identifiers.,2026-08-26T07:30:45.138739+00:00,applied
MC-308DFA8FD25075,cla:GA.045,cofi:GAB2021001:debt,same_project,BATCH_REVIEW reviewed_same_equivalence_closure: The pair is connected by a reviewed same-project decision and equivalent source identifiers.,2026-08-26T07:30:45.138739+00:00,applied
MC-30963E3C6C6634,aiddata:98173,cofi:BWA2021001:debt,different_project,"BATCH_REVIEW separate_after_full_evidence_check: No shared source identifier, compatible named-asset anchor, matching original commitment, technical specification, or explicit cross-source link supports consolidation; the records remain separate.",2026-08-26T07:30:45.138739+00:00,applied
MC-30D75D2B961BB0,aiddata:350,cla:CM.014,same_project,BATCH_REVIEW reviewed_same_equivalence_closure: The pair is connected by a reviewed same-project decision and equivalent source identifiers.,2026-08-26T07:30:45.138739+00:00,applied
MC-30DB399D426984,cla:AO.080,codf:AO.080,same_project,BATCH_REVIEW reviewed_same_equivalence_closure: The pair is connected by a reviewed same-project decision and equivalent source identifiers.,2026-08-26T07:30:45.138739+00:00,applied
MC-30E538101D5616,cgef:ZA.044,cofi:ZAF2021004:debt,same_project,BATCH_REVIEW reviewed_same_equivalence_closure: The pair is connected by a reviewed same-project decision and equivalent source identifiers.,2026-08-26T07:30:45.138739+00:00,applied
MC-30FB5E815EBF7D,aiddata:59519,cla:SN.007,different_project,"BATCH_REVIEW separate_after_full_evidence_check: No shared source identifier, compatible named-asset anchor, matching original commitment, technical specification, or explicit cross-source link supports consolidation; the records remain separate.",2026-08-26T07:30:45.138739+00:00,applied
MC-3115C639856FF4,aiddata:53116,cla:CM.054,same_project,BATCH_REVIEW reviewed_same_equivalence_closure: The pair is connected by a reviewed same-project decision and equivalent source identifiers.,2026-08-26T07:30:45.138739+00:00,applied
MC-31AC3CE2E5A597,cgp:UG.002.6,codf:UG.008,same_project,BATCH_REVIEW reviewed_same_equivalence_closure: The pair is connected by a reviewed same-project decision and equivalent source identifiers.,2026-08-26T07:30:45.138739+00:00,applied
MC-31D5818ABCA02C,aiddata:96777,chapo:96774,different_project,"BATCH_REVIEW conflicting_canonical_event_details: The fuller source descriptions identify different events: explicit currencies/amounts differ ([('eur', 500000000.0)] vs [('eur', 37000000.0), ('eur', 1000000000.0)]).",2026-08-26T07:30:45.138739+00:00,applied
MC-31DB8851B65A14,aiddata:47051,codf:SD.097.11,same_project,"BATCH_REVIEW matching_original_usd_commitment: The AidData title states the same original USD commitment as the finance-catalog record, with compatible project title and financing type.",2026-08-26T07:30:45.138739+00:00,applied
MC-32595F1659DFB0,cgef:SD.077,cofi:SDN2021005:debt,same_project,BATCH_REVIEW reviewed_same_equivalence_closure: The pair is connected by a reviewed same-project decision and equivalent source identifiers.,2026-08-26T07:30:45.138739+00:00,applied
MC-328498222C66EA,aiddata:93398,chapo:93719,different_project,BATCH_REVIEW conflicting_canonical_event_details: The fuller source descriptions identify different events: months differ (['april'] vs ['october']).,2026-08-26T07:30:45.138739+00:00,applied
MC-32958360A97935,cgef:GH.066,cla:GH.022,different_project,"AUTO_REVIEW conflicting_project_component_identifier: Distinct lot, loan, phase, unit, package, section or stage identifiers indicate separately recorded project components.",2026-08-12T00:00:00+08:00,applied
MC-32A0CCE05E340F,cla:AO.089.06,codf:AO.089.07,different_project,"AUTO_REVIEW conflicting_project_component_identifier: Distinct lot, loan, phase, unit, package, section or stage identifiers indicate separately recorded project components.",2026-08-12T00:00:00+08:00,applied
MC-330EABCFE0EB30,aiddata:31888,cla:CM.068,same_project,"BATCH_REVIEW distinctive_named_asset_with_compatible_context: The financing boilerplate reduces to the same distinctive project name [bafoussam, limbe, stadium] with matching component qualifiers.",2026-08-26T07:30:45.138739+00:00,applied
MC-333FB3940098E4,aiddata:30086,cofi:GHA2021002:debt,different_project,"BATCH_REVIEW separate_after_full_evidence_check: No shared source identifier, compatible named-asset anchor, matching original commitment, technical specification, or explicit cross-source link supports consolidation; the records remain separate.",2026-08-26T07:30:45.138739+00:00,applied
MC-33723B56295A16,aiddata:30947,cofi:MAR2021004:debt,same_project,BATCH_REVIEW reviewed_same_equivalence_closure: The pair is connected by a reviewed same-project decision and equivalent source identifiers.,2026-08-26T07:30:45.138739+00:00,applied
MC-337E965DE6C95F,aiddata:68059,chapo:93283,different_project,"BATCH_REVIEW separate_after_full_evidence_check: No shared source identifier, compatible named-asset anchor, matching original commitment, technical specification, or explicit cross-source link supports consolidation; the records remain separate.",2026-08-26T07:30:45.138739+00:00,applied
MC-338F3E04B28273,aiddata:1243,cla:GH.001,different_project,ASSISTANT_REVIEW conflicting_financing_record: RMB seller-credit record differs from the USD6.4m seller-credit entry.,2026-08-20T08:30:00+00:00,applied
MC-33A78E9B8A3B18,cgef:AO.089.47,codf:AO.089.44,different_project,BATCH_REVIEW distinct_related_catalog_identifiers: Related finance catalogs use distinct project identifiers (AO.089.47 vs AO.089.44).,2026-08-19T08:11:59.703611+00:00,applied
MC-3433C81633726C,aiddata:34787,cla:AO.003.21,different_project,"AUTO_REVIEW conflicting_project_component_identifier: Distinct lot, loan, phase, unit, package, section or stage identifiers indicate separately recorded project components.",2026-08-12T00:00:00+08:00,applied
MC-3458EC6A2DEFEA,cgp:ZW.001.1,cla:ZW.018,same_project,BATCH_REVIEW reviewed_same_equivalence_closure: The pair is connected by a reviewed same-project decision and equivalent source identifiers.,2026-08-26T07:30:45.138739+00:00,applied
MC-346D4CD840F219,aiddata:95946,chapo:95944,different_project,BATCH_REVIEW conflicting_canonical_event_details: The fuller source descriptions identify different events: months differ (['october'] vs ['august']).,2026-08-20T09:31:06.061922+00:00,applied
MC-347AE46D29AB4E,cla:AO.003.49,codf:AO.003.50,different_project,BATCH_REVIEW distinct_related_catalog_identifiers: Related finance catalogs use distinct project identifiers (AO.003.49 vs AO.003.50).,2026-08-19T08:11:59.703611+00:00,applied
MC-349D0320CDB06A,cgef:GQ.042,cla:GQ.042,same_project,BATCH_REVIEW reviewed_same_equivalence_closure: The pair is connected by a reviewed same-project decision and equivalent source identifiers.,2026-08-26T07:30:45.138739+00:00,applied
MC-34FF5518B6ED11,cgef:AO.089.47,codf:AO.089.45,different_project,BATCH_REVIEW distinct_related_catalog_identifiers: Related finance catalogs use distinct project identifiers (AO.089.47 vs AO.089.45).,2026-08-19T08:11:59.703611+00:00,applied
MC-353206EFA20745,cgp:ZW.001.2,cla:ZW.018,same_project,BATCH_REVIEW reviewed_same_equivalence_closure: The pair is connected by a reviewed same-project decision and equivalent source identifiers.,2026-08-26T07:30:45.138739+00:00,applied
MC-353E56D776FDFE,cgp:ZA.001.4,codf:ZA.005,same_project,BATCH_REVIEW reviewed_same_equivalence_closure: The pair is connected by a reviewed same-project decision and equivalent source identifiers.,2026-08-26T07:30:45.138739+00:00,applied
MC-355832D06948F1,aiddata:58683,codf:NE.007,same_project,"BATCH_REVIEW distinctive_named_asset_with_compatible_context: Distinctive name anchor(s) [backbone, fiber, optic] and shared asset family communications identify the same underlying asset.",2026-08-26T07:30:45.138739+00:00,applied
MC-3580CE8C960744,cla:AO.065.26,codf:AO.065.27,different_project,HUMAN_REVIEW imported from browser export; this decision takes precedence over automated rules.,2026-08-19T07:14:36.440Z,applied
MC-35B068B9C7937F,cla:MR.013,codf:MR.013,same_project,BATCH_REVIEW reviewed_same_equivalence_closure: The pair is connected by a reviewed same-project decision and equivalent source identifiers.,2026-08-26T07:30:45.138739+00:00,applied
MC-35B2AF8E74A625,cla:AO.065.07,codf:AO.065.07,same_project,BATCH_REVIEW reviewed_same_equivalence_closure: The pair is connected by a reviewed same-project decision and equivalent source identifiers.,2026-08-26T07:30:45.138739+00:00,applied
MC-35DFA103791C15,cgef:KE.090,codf:KE.090,same_project,BATCH_REVIEW reviewed_same_equivalence_closure: The pair is connected by a reviewed same-project decision and equivalent source identifiers.,2026-08-26T07:30:45.138739+00:00,applied
MC-35F6ED3A74E2D7,aiddata:31091,codf:KE.023,same_project,BATCH_REVIEW reviewed_same_equivalence_closure: The pair is connected by a reviewed same-project decision and equivalent source identifiers.,2026-08-26T07:30:45.138739+00:00,applied
MC-367030E86E03AA,cgef:SN.006,codf:SN.006,same_project,BATCH_REVIEW reviewed_same_equivalence_closure: The pair is connected by a reviewed same-project decision and equivalent source identifiers.,2026-08-26T07:30:45.138739+00:00,applied
MC-3691667A7CB6A9,cgef:AO.089.47,cla:AO.089.49,different_project,BATCH_REVIEW distinct_related_catalog_identifiers: Related finance catalogs use distinct project identifiers (AO.089.47 vs AO.089.49).,2026-08-19T08:11:59.703611+00:00,applied
MC-36A5D56F8E07E8,aiddata:57560,cofi:ZMB2021008:debt,same_project,"BATCH_REVIEW distinctive_named_asset_with_compatible_context: Distinctive name anchor(s) [falls, musonda] and matching sector energy identify the same underlying asset.",2026-08-26T07:30:45.138739+00:00,applied
MC-370670387BF3C6,aiddata:64447,codf:GN.017,same_project,"BATCH_REVIEW matching_original_usd_commitment: The AidData title states the same original USD commitment as the finance-catalog record, with compatible project title and financing type.",2026-08-26T07:30:45.138739+00:00,applied
MC-37068990838A6C,cgef:KE.087,codf:KE.087,same_project,BATCH_REVIEW reviewed_same_equivalence_closure: The pair is connected by a reviewed same-project decision and equivalent source identifiers.,2026-08-26T07:30:45.138739+00:00,applied
MC-372E3D6879776E,cla:ET.036,codf:ET.035,different_project,BATCH_REVIEW distinct_related_catalog_identifiers: Related finance catalogs use distinct project identifiers (ET.036 vs ET.035).,2026-08-26T07:30:45.138739+00:00,applied
MC-372E403D3E0CBA,aiddata:34788,cgef:AO.003.19,same_project,"BATCH_REVIEW matching_original_usd_commitment: The AidData title states the same original USD commitment as the finance-catalog record, with compatible project title and financing type.",2026-08-26T07:30:45.138739+00:00,applied
MC-373E5A1AACB10A,aiddata:104469,cgef:BF.008,same_project,BATCH_REVIEW matching_named_project_specs: The named infrastructure project has matching technical specifications (mw: [25.0]) and no phase/lot conflict.,2026-08-26T07:30:45.138739+00:00,applied
MC-37629522867A69,aiddata:34155,cla:MU.030,different_project,BATCH_REVIEW conflicting_financing_instruments: Fund types conflict (grant vs loan).,2026-08-19T08:11:59.703611+00:00,applied
MC-37887C5499ECF8,cla:TZ.006,codf:TZ.006,same_project,BATCH_REVIEW reviewed_same_equivalence_closure: The pair is connected by a reviewed same-project decision and equivalent source identifiers.,2026-08-26T07:30:45.138739+00:00,applied
MC-37C8BFB721CB7F,aiddata:92174,cla:ET.098,different_project,"AUTO_REVIEW conflicting_project_component_identifier: Distinct lot, loan, phase, unit, package, section or stage identifiers indicate separately recorded project components.",2026-08-12T00:00:00+08:00,applied
MC-37F6B5062E5D1C,cgp:UG.002.3,codf:UG.039,same_project,"BATCH_REVIEW distinctive_named_asset_with_compatible_context: Distinctive name anchor(s) [falls, hydropower, karuma] and shared asset family hydropower identify the same underlying asset.",2026-08-26T07:30:45.138739+00:00,applied
MC-38211DAB0028D8,aiddata:104469,codf:BF.008,same_project,BATCH_REVIEW reviewed_same_equivalence_closure: The pair is connected by a reviewed same-project decision and equivalent source identifiers.,2026-08-26T07:30:45.138739+00:00,applied
MC-3828249CE6461D,cla:AO.003.50,codf:AO.003.49,different_project,BATCH_REVIEW distinct_related_catalog_identifiers: Related finance catalogs use distinct project identifiers (AO.003.50 vs AO.003.49).,2026-08-19T08:11:59.703611+00:00,applied
MC-388BC7E43A998A,cla:ZA.044,cofi:ZAF2021004:debt,same_project,BATCH_REVIEW reviewed_same_equivalence_closure: The pair is connected by a reviewed same-project decision and equivalent source identifiers.,2026-08-26T07:30:45.138739+00:00,applied
MC-38B238BD2D57D0,codf:ET.007,cofi:ETH2021009:debt,same_project,BATCH_REVIEW reviewed_same_equivalence_closure: The pair is connected by a reviewed same-project decision and equivalent source identifiers.,2026-08-26T07:30:45.138739+00:00,applied
MC-3988282D826C97,cla:CM.010,codf:CM.010,same_project,BATCH_REVIEW reviewed_same_equivalence_closure: The pair is connected by a reviewed same-project decision and equivalent source identifiers.,2026-08-26T07:30:45.138739+00:00,applied
MC-3988E994F03F17,aiddata:96777,chapo:96773,different_project,"BATCH_REVIEW conflicting_canonical_event_details: The fuller source descriptions identify different events: explicit currencies/amounts differ ([('eur', 500000000.0)] vs [('eur', 1000000000.0)]).",2026-08-26T07:30:45.138739+00:00,applied
MC-398FC0DFD658FB,codf:ZW.018,cofi:ZWE2021002:debt,same_project,BATCH_REVIEW reviewed_same_equivalence_closure: The pair is connected by a reviewed same-project decision and equivalent source identifiers.,2026-08-26T07:30:45.138739+00:00,applied
MC-399D3603818541,cgp:ZM.001.2,codf:ZM.012,same_project,"BATCH_REVIEW distinctive_named_asset_with_compatible_context: Distinctive name anchor(s) [hydropower, kariba, north] and shared asset family hydropower identify the same underlying asset.",2026-08-26T07:30:45.138739+00:00,applied
MC-39A54D15AC8BBB,aiddata:57536,cofi:ZMB2021001:debt,same_project,"BATCH_REVIEW distinctive_named_asset_with_compatible_context: Distinctive name anchor(s) [gorge, kafue, lower] and matching sector energy identify the same underlying asset.",2026-08-26T07:30:45.138739+00:00,applied
MC-39F25681DA22E3,cla:NG.066,codf:NG.065,different_project,BATCH_REVIEW distinct_related_catalog_identifiers: Related finance catalogs use distinct project identifiers (NG.066 vs NG.065).,2026-08-26T07:30:45.138739+00:00,applied
MC-3A05E3E7ECB7C3,aiddata:73913,codf:AO.110,same_project,HUMAN_REVIEW imported from browser export; this decision takes precedence over automated rules.,2026-08-20T07:25:35.116Z,applied
MC-3A07AA5B600696,aiddata:62729,chapo:53018,different_project,HUMAN_REVIEW imported from browser export; this decision takes precedence over automated rules.,2026-08-19T07:00:29.862Z,applied
MC-3A15BC0F931E9F,cgp:KE.002,cofi:KEN2021003:debt,same_project,BATCH_REVIEW reviewed_same_equivalence_closure: The pair is connected by a reviewed same-project decision and equivalent source identifiers.,2026-08-26T07:30:45.138739+00:00,applied
MC-3A6DDB6F8271C8,cgef:ET.090,cla:ET.096,different_project,BATCH_REVIEW distinct_related_catalog_identifiers: Related finance catalogs use distinct project identifiers (ET.090 vs ET.096).,2026-08-26T07:30:45.138739+00:00,applied
MC-3AA818A4A4AEB0,aiddata:34788,cla:AO.003.19,same_project,BATCH_REVIEW reviewed_same_equivalence_closure: The pair is connected by a reviewed same-project decision and equivalent source identifiers.,2026-08-26T07:30:45.138739+00:00,applied
MC-3ADB602CDA894C,cgef:KE.011,cofi:KEN2021004:debt,same_project,BATCH_REVIEW reviewed_same_equivalence_closure: The pair is connected by a reviewed same-project decision and equivalent source identifiers.,2026-08-26T07:30:45.138739+00:00,applied
MC-3ADFA002997792,cla:AO.089.65,codf:AO.089.64,different_project,BATCH_REVIEW distinct_related_catalog_identifiers: Related finance catalogs use distinct project identifiers (AO.089.65 vs AO.089.64).,2026-08-19T08:11:59.703611+00:00,applied
MC-3B40FA58B0BEAE,aiddata:47128,cla:SD.004,same_project,BATCH_REVIEW reviewed_same_equivalence_closure: The pair is connected by a reviewed same-project decision and equivalent source identifiers.,2026-08-26T07:30:45.138739+00:00,applied
MC-3B7D5BFAFD5075,aiddata:59525,chapo:30611,different_project,BATCH_REVIEW conflicting_canonical_event_details: The fuller source descriptions identify different events: months differ (['november'] vs ['march']).,2026-08-26T07:30:45.138739+00:00,applied
MC-3BA72D642AF441,aiddata:62674,cofi:ZWE2021002:debt,same_project,"BATCH_REVIEW matching_original_usd_commitment: The AidData title states the same original USD commitment as the finance-catalog record, with compatible project title and financing type.",2026-08-26T07:30:45.138739+00:00,applied
MC-3BB0FC9025B8F1,cgef:GQ.010,codf:GQ.010,same_project,BATCH_REVIEW reviewed_same_equivalence_closure: The pair is connected by a reviewed same-project decision and equivalent source identifiers.,2026-08-26T07:30:45.138739+00:00,applied
MC-3C6D645F5C5689,aiddata:67112,codf:AO.145,same_project,"BATCH_REVIEW matching_original_usd_commitment: The AidData title states the same original USD commitment as the finance-catalog record, with compatible project title and financing type.",2026-08-26T07:30:45.138739+00:00,applied
MC-3C6EC15B807ACF,cgef:GA.006,codf:GA.006,same_project,BATCH_REVIEW reviewed_same_equivalence_closure: The pair is connected by a reviewed same-project decision and equivalent source identifiers.,2026-08-26T07:30:45.138739+00:00,applied
MC-3D0A8876B746CB,cgp:ET.003.2,cofi:ETH2021009:debt,same_project,"BATCH_REVIEW distinctive_named_asset_with_compatible_context: Distinctive name anchor(s) [dawa, genale] and matching sector energy identify the same underlying asset.",2026-08-26T07:30:45.138739+00:00,applied
MC-3D154F3C641709,aiddata:32724,chapo:21273,different_project,HUMAN_REVIEW imported from browser export; this decision takes precedence over automated rules.,2026-08-20T06:53:38.191Z,applied
MC-3D3B6EACEB5547,cgp:ZM.004,cofi:ZMB2021006:debt,same_project,BATCH_REVIEW distinctive_named_asset_with_compatible_context: Distinctive name anchor(s) [lusiwasi] and matching sector energy identify the same underlying asset.,2026-08-26T07:30:45.138739+00:00,applied
MC-3D58600D3BE654,aiddata:100616,cla:AO.075,same_project,"BATCH_REVIEW matching_original_usd_commitment: The AidData title states the same original USD commitment as the finance-catalog record, with compatible project title and financing type.",2026-08-26T07:30:45.138739+00:00,applied
MC-3DE6926CDD6B6C,cgef:CI.041,cofi:CIV2021001:debt,same_project,BATCH_REVIEW reviewed_same_equivalence_closure: The pair is connected by a reviewed same-project decision and equivalent source identifiers.,2026-08-26T07:30:45.138739+00:00,applied
MC-3E159903477307,aiddata:93083,chapo:94637,same_project,HUMAN_REVIEW imported from browser export; this decision takes precedence over automated rules.,2026-08-19T07:23:44.546Z,applied
MC-3E34431807217F,cgp:UG.002.4,codf:UG.039,different_project,BATCH_REVIEW reviewed_difference_final_entity_guard: The proposed link would collapse records across an established different-project boundary.,2026-08-26T07:30:45.138739+00:00,applied
MC-3E5E826D0416A7,cgef:UG.039,cgp:UG.002.1,different_project,BATCH_REVIEW reviewed_difference_final_entity_guard: The proposed link would collapse records across an established different-project boundary.,2026-08-26T07:30:45.138739+00:00,applied
MC-3EF8038B5B401C,aiddata:34155,cla:MU.014,different_project,BATCH_REVIEW conflicting_financing_instruments: Fund types conflict (grant vs loan).,2026-08-19T08:11:59.703611+00:00,applied
MC-3EFF52B1A0F7C9,aiddata:96797,chapo:96798,same_project,BATCH_REVIEW reviewed_same_equivalence_closure: The pair is connected by a reviewed same-project decision and equivalent source identifiers.,2026-08-26T07:30:45.138739+00:00,applied
MC-3F10DF86DE0082,cgp:ML.001.2,cofi:MLI2021001:debt,same_project,BATCH_REVIEW distinctive_named_asset_with_compatible_context: Distinctive name anchor(s) [gouina] and matching sector energy identify the same underlying asset.,2026-08-26T07:30:45.138739+00:00,applied
MC-3F122E1BBED439,cla:GA.006,codf:GA.006,same_project,BATCH_REVIEW reviewed_same_equivalence_closure: The pair is connected by a reviewed same-project decision and equivalent source identifiers.,2026-08-26T07:30:45.138739+00:00,applied
MC-3FFA67EA19A2FD,cla:GQ.027.03,codf:GQ.027.03,same_project,BATCH_REVIEW reviewed_same_equivalence_closure: The pair is connected by a reviewed same-project decision and equivalent source identifiers.,2026-08-26T07:30:45.138739+00:00,applied
MC-40010545118954,aiddata:2339,cla:ZM.014,same_project,BATCH_REVIEW reviewed_same_equivalence_closure: The pair is connected by a reviewed same-project decision and equivalent source identifiers.,2026-08-26T07:30:45.138739+00:00,applied
MC-401E90AB38B7D0,cgp:ZA.005.1,cofi:ZAF2021003:debt,same_project,BATCH_REVIEW distinctive_named_asset_with_compatible_context: Distinctive name anchor(s) [kusile] and matching sector energy identify the same underlying asset.,2026-08-26T07:30:45.138739+00:00,applied
MC-40616DA7551EA0,aiddata:94637,chapo:93083,same_project,BATCH_REVIEW reviewed_same_equivalence_closure: The pair is connected by a reviewed same-project decision and equivalent source identifiers.,2026-08-19T08:24:59.814236+00:00,applied
MC-40C35B4A1D5A45,aiddata:73435,cla:AO.089.44,same_project,ASSISTANT_REVIEW exact_named_project: Huambo electrification and household-connections project coincide.,2026-08-20T08:30:00+00:00,applied
MC-40C4F589B458D5,cgp:UG.002.4,cla:UG.008,same_project,BATCH_REVIEW reviewed_same_equivalence_closure: The pair is connected by a reviewed same-project decision and equivalent source identifiers.,2026-08-26T07:30:45.138739+00:00,applied
MC-40E9064B9B8432,cgef:AO.145,codf:AO.145,same_project,BATCH_REVIEW reviewed_same_equivalence_closure: The pair is connected by a reviewed same-project decision and equivalent source identifiers.,2026-08-26T07:30:45.138739+00:00,applied
MC-41163B0F976B95,cgp:ML.001.3,cofi:MLI2021001:debt,same_project,BATCH_REVIEW distinctive_named_asset_with_compatible_context: Distinctive name anchor(s) [gouina] and matching sector energy identify the same underlying asset.,2026-08-26T07:30:45.138739+00:00,applied
MC-41E19C13FDD0B2,aiddata:64668,chapo:64659,different_project,BATCH_REVIEW conflicting_component_ordinal: Titles identify different components: batch: ['5'] vs ['4'].,2026-08-19T08:11:59.703611+00:00,applied
MC-4221521331BE81,cla:AO.089.40,codf:AO.089.09,different_project,"AUTO_REVIEW conflicting_project_component_identifier: Distinct lot, loan, phase, unit, package, section or stage identifiers indicate separately recorded project components.",2026-08-12T00:00:00+08:00,applied
MC-432DD0D8C5B5EC,cgef:UG.009,codf:UG.009,same_project,BATCH_REVIEW reviewed_same_equivalence_closure: The pair is connected by a reviewed same-project decision and equivalent source identifiers.,2026-08-26T07:30:45.138739+00:00,applied
MC-433E12481D8F42,aiddata:59453,cla:DJ.025,different_project,"AUTO_REVIEW conflicting_project_component_identifier: Distinct lot, loan, phase, unit, package, section or stage identifiers indicate separately recorded project components.",2026-08-12T00:00:00+08:00,applied
MC-435FDC1E0DAF0F,cla:MA.001,cofi:MAR2021002:debt,same_project,BATCH_REVIEW distinctive_named_asset_with_compatible_context: Distinctive name anchor(s) [chefchaouen] and an asset family consistent with the counterpart sector identify the same underlying asset.,2026-08-26T07:30:45.138739+00:00,applied
MC-43747C79821F21,aiddata:105686,cla:AO.081,same_project,BATCH_REVIEW reviewed_same_equivalence_closure: The pair is connected by a reviewed same-project decision and equivalent source identifiers.,2026-08-26T07:30:45.138739+00:00,applied
MC-4374FF9705C2CD,aiddata:91496,chapo:91499,different_project,BATCH_REVIEW conflicting_canonical_event_details: The fuller source descriptions identify different events: months differ (['december'] vs ['november']).,2026-08-26T07:30:45.138739+00:00,applied
MC-437A21944AE574,cgef:UG.039,codf:UG.039,same_project,BATCH_REVIEW reviewed_same_equivalence_closure: The pair is connected by a reviewed same-project decision and equivalent source identifiers.,2026-08-26T07:30:45.138739+00:00,applied
MC-439CC9B45D2025,aiddata:55557,cla:SC.002,different_project,"AUTO_REVIEW conflicting_project_component_identifier: Distinct lot, loan, phase, unit, package, section or stage identifiers indicate separately recorded project components.",2026-08-12T00:00:00+08:00,applied
MC-43AD256A8D7165,cgef:ET.004,cgp:ET.006,same_project,BATCH_REVIEW reviewed_same_equivalence_closure: The pair is connected by a reviewed same-project decision and equivalent source identifiers.,2026-08-26T07:30:45.138739+00:00,applied
MC-442E2ABBEEF497,cgef:ET.101,cla:ET.004,same_project,ASSISTANT_REVIEW precedence reconciliation: Later human-confirmed links identify Loan 1 and Loan 2 as financing components of the same physical FAN hydropower project; source records and amounts remain separate.,2026-08-21T14:36:53.2088357+08:00,applied
MC-4453A83798C4CA,aiddata:34589,cla:AO.075,same_project,"BATCH_REVIEW matching_original_usd_commitment: The AidData title states the same original USD commitment as the finance-catalog record, with compatible project title and financing type.",2026-08-26T07:30:45.138739+00:00,applied
MC-45394C54CE882B,aiddata:52933,cla:CV.017,different_project,"AUTO_REVIEW conflicting_project_component_identifier: Distinct lot, loan, phase, unit, package, section or stage identifiers indicate separately recorded project components.",2026-08-12T00:00:00+08:00,applied
MC-455041A177F206,aiddata:95866,chapo:95947,different_project,BATCH_REVIEW conflicting_canonical_event_details: The fuller source descriptions identify different events: months differ (['may'] vs ['december']).,2026-08-20T09:31:06.061922+00:00,applied
MC-459E54623C75A4,cgp:ZM.001.1,codf:ZM.012,same_project,"BATCH_REVIEW distinctive_named_asset_with_compatible_context: Distinctive name anchor(s) [hydropower, kariba, north] and shared asset family hydropower identify the same underlying asset.",2026-08-26T07:30:45.138739+00:00,applied
MC-45A3BAC4D316AD,cgef:GN.006,codf:GN.006,same_project,BATCH_REVIEW reviewed_same_equivalence_closure: The pair is connected by a reviewed same-project decision and equivalent source identifiers.,2026-08-26T07:30:45.138739+00:00,applied
MC-45B894C0736627,cla:CD.012,codf:CD.012,same_project,BATCH_REVIEW reviewed_same_equivalence_closure: The pair is connected by a reviewed same-project decision and equivalent source identifiers.,2026-08-26T07:30:45.138739+00:00,applied
MC-465CD8DB7B5DCF,cgef:BF.008,cgp:BF.001,same_project,BATCH_REVIEW reviewed_same_equivalence_closure: The pair is connected by a reviewed same-project decision and equivalent source identifiers.,2026-08-26T07:30:45.138739+00:00,applied
MC-469C8F7B6676BE,cgef:GQ.042,codf:GQ.042,same_project,BATCH_REVIEW reviewed_same_equivalence_closure: The pair is connected by a reviewed same-project decision and equivalent source identifiers.,2026-08-26T07:30:45.138739+00:00,applied
MC-46A2A0E7F6142B,cla:AO.089.24,codf:AO.089.38,different_project,BATCH_REVIEW distinct_related_catalog_identifiers: Related finance catalogs use distinct project identifiers (AO.089.24 vs AO.089.38).,2026-08-19T08:11:59.703611+00:00,applied
MC-46B8BC7A9491C7,aiddata:93261,chapo:93125,different_project,HUMAN_REVIEW imported from browser export; this decision takes precedence over automated rules.,2026-08-20T07:42:26.447Z,applied
MC-46DFCCAB05E3D2,aiddata:59213,cla:CD.006.31,same_project,"BATCH_REVIEW distinctive_named_asset_with_compatible_context: Distinctive name anchor(s) [kalemie, stadium] and shared asset family public_facility identify the same underlying asset.",2026-08-26T07:30:45.138739+00:00,applied
MC-46E9E9A0FB5808,cgp:GA.001.1,cla:GA.045,same_project,"BATCH_REVIEW distinctive_named_asset_with_compatible_context: Distinctive name anchor(s) [grand, hydropower, poubara] and shared asset family hydropower identify the same underlying asset.",2026-08-26T07:30:45.138739+00:00,applied
MC-471D50E6C10C9B,aiddata:55627,codf:MU.032,same_project,BATCH_REVIEW reviewed_same_equivalence_closure: The pair is connected by a reviewed same-project decision and equivalent source identifiers.,2026-08-26T07:30:45.138739+00:00,applied
MC-479052EA6622E9,cgef:GA.045,cgp:GA.001.4,same_project,BATCH_REVIEW reviewed_same_equivalence_closure: The pair is connected by a reviewed same-project decision and equivalent source identifiers.,2026-08-26T07:30:45.138739+00:00,applied
MC-47B607C203C0A7,aiddata:67500,cla:SC.002,different_project,"AUTO_REVIEW conflicting_project_component_identifier: Distinct lot, loan, phase, unit, package, section or stage identifiers indicate separately recorded project components.",2026-08-12T00:00:00+08:00,applied
MC-47C2D11A078A4B,cgef:CD.012,codf:CD.012,same_project,BATCH_REVIEW reviewed_same_equivalence_closure: The pair is connected by a reviewed same-project decision and equivalent source identifiers.,2026-08-26T07:30:45.138739+00:00,applied
MC-47F5F472D9C451,cgp:GA.001.1,codf:GA.004,same_project,BATCH_REVIEW reviewed_same_equivalence_closure: The pair is connected by a reviewed same-project decision and equivalent source identifiers.,2026-08-26T07:30:45.138739+00:00,applied
MC-486053227112EB,aiddata:63242,cofi:GNQ2021002:debt,different_project,BATCH_REVIEW conflicting_financing_instruments: Fund types conflict (grant vs loan).,2026-08-26T07:30:45.138739+00:00,applied
MC-4871493EFCE046,cla:ET.036,codf:ET.036,same_project,BATCH_REVIEW reviewed_same_equivalence_closure: The pair is connected by a reviewed same-project decision and equivalent source identifiers.,2026-08-26T07:30:45.138739+00:00,applied
MC-489A35BA97E55F,cgef:SN.011,cla:SN.011,same_project,BATCH_REVIEW reviewed_same_equivalence_closure: The pair is connected by a reviewed same-project decision and equivalent source identifiers.,2026-08-26T07:30:45.138739+00:00,applied
MC-48FA872FFDA855,cla:KE.102,codf:KE.102,same_project,BATCH_REVIEW reviewed_same_equivalence_closure: The pair is connected by a reviewed same-project decision and equivalent source identifiers.,2026-08-26T07:30:45.138739+00:00,applied
MC-4924228C686056,aiddata:73852,cla:AO.082,same_project,"BATCH_REVIEW matching_original_usd_commitment: The AidData title states the same original USD commitment as the finance-catalog record, with compatible project title and financing type.",2026-08-26T07:30:45.138739+00:00,applied
MC-494377602E3BFA,aiddata:92767,chapo:95366,different_project,BATCH_REVIEW conflicting_canonical_event_details: The fuller source descriptions identify different events: months differ (['april'] vs ['march']).,2026-08-20T09:31:06.061922+00:00,applied
MC-49E646E831BDAC,aiddata:93292,chapo:93283,different_project,"BATCH_REVIEW separate_after_full_evidence_check: No shared source identifier, compatible named-asset anchor, matching original commitment, technical specification, or explicit cross-source link supports consolidation; the records remain separate.",2026-08-26T07:30:45.138739+00:00,applied
MC-4A11F67718F4E1,cgef:NE.003,codf:NE.003,same_project,BATCH_REVIEW reviewed_same_equivalence_closure: The pair is connected by a reviewed same-project decision and equivalent source identifiers.,2026-08-26T07:30:45.138739+00:00,applied
MC-4A637BD8ADB695,cla:ET.074,codf:ET.074,same_project,BATCH_REVIEW reviewed_same_equivalence_closure: The pair is connected by a reviewed same-project decision and equivalent source identifiers.,2026-08-26T07:30:45.138739+00:00,applied
MC-4A7A0A5B359DD1,cla:AO.089.46,codf:AO.089.45,different_project,BATCH_REVIEW distinct_related_catalog_identifiers: Related finance catalogs use distinct project identifiers (AO.089.46 vs AO.089.45).,2026-08-19T08:11:59.703611+00:00,applied
MC-4B6039A8C59CA3,cgef:ET.097,cla:ET.090,different_project,BATCH_REVIEW distinct_related_catalog_identifiers: Related finance catalogs use distinct project identifiers (ET.097 vs ET.090).,2026-08-26T07:30:45.138739+00:00,applied
MC-4BD242A9D7C9FF,aiddata:695,cofi:SDN2021005:debt,same_project,BATCH_REVIEW distinctive_named_asset_with_compatible_context: Distinctive name anchor(s) [merowe] and matching sector energy identify the same underlying asset.,2026-08-26T07:30:45.138739+00:00,applied
MC-4BF54BB91051EC,cgef:AO.089.47,codf:AO.089.49,different_project,BATCH_REVIEW distinct_related_catalog_identifiers: Related finance catalogs use distinct project identifiers (AO.089.47 vs AO.089.49).,2026-08-19T08:11:59.703611+00:00,applied
MC-4C17114917E0D5,cgp:ET.001.1,cla:ET.101,same_project,HUMAN_REVIEW imported from browser export; this decision takes precedence over automated rules.,2026-08-21T02:44:22.490Z,applied
MC-4C32B9BFE256B2,aiddata:96773,chapo:96797,different_project,"BATCH_REVIEW conflicting_canonical_event_details: The fuller source descriptions identify different events: explicit currencies/amounts differ ([('eur', 1000000000.0)] vs [('zar', 6000000000.0)]).",2026-08-20T09:31:06.061922+00:00,applied
MC-4C3632CFF7D8EF,cgp:ZW.001.1,codf:ZW.018,same_project,BATCH_REVIEW reviewed_same_equivalence_closure: The pair is connected by a reviewed same-project decision and equivalent source identifiers.,2026-08-26T07:30:45.138739+00:00,applied
MC-4CC1F8D3D7FCD9,cla:ET.023,codf:ET.023,same_project,BATCH_REVIEW reviewed_same_equivalence_closure: The pair is connected by a reviewed same-project decision and equivalent source identifiers.,2026-08-26T07:30:45.138739+00:00,applied
MC-4CC6676DEA7D42,cla:KE.041,codf:KE.030,different_project,BATCH_REVIEW distinct_related_catalog_identifiers: Related finance catalogs use distinct project identifiers (KE.041 vs KE.030).,2026-08-26T07:30:45.138739+00:00,applied
MC-4CF9FDCC53AFEF,cla:ET.090,codf:ET.098,different_project,BATCH_REVIEW distinct_related_catalog_identifiers: Related finance catalogs use distinct project identifiers (ET.090 vs ET.098).,2026-08-26T07:30:45.138739+00:00,applied
MC-4D0154A238BBE0,aiddata:73630,cla:AO.089.21,same_project,ASSISTANT_REVIEW exact_named_component: EN100 Cabo Ledo-Lobito and Rio Longa-Rio Keve Lot 2 coincide.,2026-08-20T08:30:00+00:00,applied
MC-4D3A25784D9340,aiddata:52337,cla:RW.024,same_project,HUMAN_REVIEW imported from browser export; this decision takes precedence over automated rules.,2026-08-20T07:59:41.877Z,applied
MC-4DF261CBC05A32,cla:AO.089.25,codf:AO.089.09,different_project,"AUTO_REVIEW conflicting_project_component_identifier: Distinct lot, loan, phase, unit, package, section or stage identifiers indicate separately recorded project components.",2026-08-12T00:00:00+08:00,applied
MC-4DF76D9E6EE1EC,aiddata:34787,cgef:AO.003.21,different_project,"AUTO_REVIEW conflicting_project_component_identifier: Distinct lot, loan, phase, unit, package, section or stage identifiers indicate separately recorded project components.",2026-08-12T00:00:00+08:00,applied
MC-4E9C6A0E4C1E52,cgp:CM.003.2,codf:CM.018,different_project,BATCH_REVIEW conflicting_financing_instruments: Fund types conflict (equity vs loan).,2026-08-26T07:30:45.138739+00:00,applied
MC-4EC87380BCA7C2,cgef:AO.009.09,cla:AO.009.09,same_project,BATCH_REVIEW reviewed_same_equivalence_closure: The pair is connected by a reviewed same-project decision and equivalent source identifiers.,2026-08-26T07:30:45.138739+00:00,applied
MC-4EDFBA294E62D9,aiddata:67112,cla:AO.145,same_project,BATCH_REVIEW reviewed_same_equivalence_closure: The pair is connected by a reviewed same-project decision and equivalent source identifiers.,2026-08-26T07:30:45.138739+00:00,applied
MC-4EF1135A5A76BA,aiddata:73658,cla:AO.089.32,same_project,"BATCH_REVIEW distinctive_named_asset_with_compatible_context: The financing boilerplate reduces to the same distinctive project name [breakwater, cabinda, port] with matching component qualifiers.",2026-08-26T07:30:45.138739+00:00,applied
MC-4EF8418C48EED9,cla:CD.006.09,codf:CD.006.10,different_project,BATCH_REVIEW distinct_related_catalog_identifiers: Related finance catalogs use distinct project identifiers (CD.006.09 vs CD.006.10).,2026-08-26T07:30:45.138739+00:00,applied
MC-4F4F8385367AB6,aiddata:47102,cgef:AO.080,same_project,BATCH_REVIEW reviewed_same_equivalence_closure: The pair is connected by a reviewed same-project decision and equivalent source identifiers.,2026-08-26T07:30:45.138739+00:00,applied
MC-4F855613DE20E5,aiddata:30346,cla:DJ.003,same_project,"BATCH_REVIEW distinctive_named_asset_with_compatible_context: Distinctive name anchor(s) [goubet, port, salt] and shared asset family port identify the same underlying asset.",2026-08-26T07:30:45.138739+00:00,applied
MC-4F88599B703BF6,cgef:AO.089.45,cla:AO.089.44,different_project,BATCH_REVIEW distinct_related_catalog_identifiers: Related finance catalogs use distinct project identifiers (AO.089.45 vs AO.089.44).,2026-08-19T08:11:59.703611+00:00,applied
MC-4F947B7399DBC0,aiddata:67510,chapo:68294,different_project,BATCH_REVIEW conflicting_canonical_event_details: The fuller source descriptions identify different events: months differ (['september'] vs ['october']).,2026-08-20T09:31:06.061922+00:00,applied
MC-4FD8AEBF6205D9,aiddata:93698,chapo:93697,different_project,"BATCH_REVIEW separate_after_full_evidence_check: No shared source identifier, compatible named-asset anchor, matching original commitment, technical specification, or explicit cross-source link supports consolidation; the records remain separate.",2026-08-26T07:30:45.138739+00:00,applied
MC-4FE1B5C21F6E5C,cla:CG.009.21,codf:CG.009.19,different_project,BATCH_REVIEW distinct_related_catalog_identifiers: Related finance catalogs use distinct project identifiers (CG.009.21 vs CG.009.19).,2026-08-19T08:11:59.703611+00:00,applied
MC-4FEC986142C334,aiddata:58368,cgef:KE.102,different_project,"AUTO_REVIEW conflicting_project_component_identifier: Distinct lot, loan, phase, unit, package, section or stage identifiers indicate separately recorded project components.",2026-08-12T00:00:00+08:00,applied
MC-4FED6005B043CE,cgp:ZW.001.2,codf:ZW.018,same_project,BATCH_REVIEW reviewed_same_equivalence_closure: The pair is connected by a reviewed same-project decision and equivalent source identifiers.,2026-08-26T07:30:45.138739+00:00,applied
MC-4FFCE00F8480AB,cgp:UG.001.2,codf:UG.009,same_project,"BATCH_REVIEW distinctive_named_asset_with_compatible_context: Distinctive name anchor(s) [falls, hydropower, isimba] and shared asset family hydropower identify the same underlying asset.",2026-08-26T07:30:45.138739+00:00,applied
MC-50087BBD25E263,cla:CG.050,codf:CG.024,different_project,BATCH_REVIEW distinct_related_catalog_identifiers: Related finance catalogs use distinct project identifiers (CG.050 vs CG.024).,2026-08-26T07:30:45.138739+00:00,applied
MC-501AAB9E82E974,aiddata:96776,chapo:96774,different_project,"BATCH_REVIEW conflicting_canonical_event_details: The fuller source descriptions identify different events: explicit currencies/amounts differ ([('eur', 500000000.0)] vs [('eur', 37000000.0), ('eur', 1000000000.0)]).",2026-08-26T07:30:45.138739+00:00,applied
MC-508F12C6301A94,aiddata:89462,cla:EG.052,same_project,"BATCH_REVIEW distinctive_named_asset_with_compatible_context: Distinctive name anchor(s) [liquidity, support] and matching sector transport identify the same underlying asset.",2026-08-26T07:30:45.138739+00:00,applied
MC-50C08A63AB0951,cla:MA.005,cofi:MAR2021004:debt,same_project,BATCH_REVIEW reviewed_same_equivalence_closure: The pair is connected by a reviewed same-project decision and equivalent source identifiers.,2026-08-26T07:30:45.138739+00:00,applied
MC-51689EDFCC6C21,aiddata:96799,chapo:96798,different_project,"BATCH_REVIEW conflicting_canonical_event_details: The fuller source descriptions identify different events: explicit currencies/amounts differ ([('zar', 2000000000.0)] vs [('zar', 6000000000.0)]).",2026-08-20T09:31:06.061922+00:00,applied
MC-5170E1E32AE8D2,aiddata:89476,cla:GH.067.12,same_project,"BATCH_REVIEW matching_original_usd_commitment: The AidData title states the same original USD commitment as the finance-catalog record, with compatible project title and financing type.",2026-08-20T09:31:06.061922+00:00,applied
MC-51E3929E1782A3,aiddata:96799,chapo:96795,different_project,HUMAN_REVIEW imported from browser export; this decision takes precedence over automated rules.,2026-08-20T08:04:39.508Z,applied
MC-51EE086575EBF7,cgef:CG.009.11,cgp:CG.001.2,same_project,"BATCH_REVIEW distinctive_named_asset_with_compatible_context: Distinctive name anchor(s) [hydropower, liouesso] and shared asset family hydropower identify the same underlying asset.",2026-08-26T07:30:45.138739+00:00,applied
MC-520C5CB7B91C94,cgef:ET.075,codf:ET.075,same_project,BATCH_REVIEW reviewed_same_equivalence_closure: The pair is connected by a reviewed same-project decision and equivalent source identifiers.,2026-08-26T07:30:45.138739+00:00,applied
MC-522969035FF2DF,aiddata:96799,chapo:96797,different_project,"BATCH_REVIEW conflicting_canonical_event_details: The fuller source descriptions identify different events: explicit currencies/amounts differ ([('zar', 2000000000.0)] vs [('zar', 6000000000.0)]).",2026-08-20T09:31:06.061922+00:00,applied
MC-52A428F8F2E6DC,aiddata:73400,cla:NG.053,same_project,HUMAN_REVIEW imported from browser export; this decision takes precedence over automated rules.,2026-08-20T02:39:22.058Z,applied
MC-53187308E4B9DC,aiddata:58368,cla:KE.102,different_project,"AUTO_REVIEW conflicting_project_component_identifier: Distinct lot, loan, phase, unit, package, section or stage identifiers indicate separately recorded project components.",2026-08-12T00:00:00+08:00,applied
MC-5326962E8B12CC,cgp:UG.002.5,codf:UG.008,different_project,BATCH_REVIEW reviewed_difference_final_entity_guard: The proposed link would collapse records across an established different-project boundary.,2026-08-26T07:30:45.138739+00:00,applied
MC-532973456E5973,aiddata:61257,cla:ZW.009,different_project,"AUTO_REVIEW conflicting_project_component_identifier: Distinct lot, loan, phase, unit, package, section or stage identifiers indicate separately recorded project components.",2026-08-12T00:00:00+08:00,applied
MC-535011C0921E97,aiddata:30709,cofi:GHA2021002:debt,different_project,"BATCH_REVIEW separate_after_full_evidence_check: No shared source identifier, compatible named-asset anchor, matching original commitment, technical specification, or explicit cross-source link supports consolidation; the records remain separate.",2026-08-26T07:30:45.138739+00:00,applied
MC-535B4BC1836105,aiddata:85285,cla:CD.006.53,different_project,"AUTO_REVIEW conflicting_project_component_identifier: Distinct lot, loan, phase, unit, package, section or stage identifiers indicate separately recorded project components.",2026-08-12T00:00:00+08:00,applied
MC-535D376817E6BF,aiddata:95493,chapo:95613,different_project,BATCH_REVIEW conflicting_canonical_event_details: The fuller source descriptions identify different events: months differ (['march'] vs ['november']).,2026-08-20T09:31:06.061922+00:00,applied
MC-535D78A975FF6D,aiddata:94367,chapo:93509,different_project,BATCH_REVIEW conflicting_canonical_event_details: The fuller source descriptions identify different events: months differ (['september'] vs ['august']).,2026-08-26T07:30:45.138739+00:00,applied
MC-53D5659B9B3C4B,cgp:CI.002.3,codf:CI.041,same_project,"BATCH_REVIEW same_established_entity: Both records already resolve to PM-7D8A61EF42E849 through a direct, automatic, or reviewed link.",2026-08-19T08:11:59.703611+00:00,applied
MC-54036FC0C8A00D,aiddata:94240,chapo:96278,different_project,BATCH_REVIEW conflicting_canonical_event_details: The fuller source descriptions identify different events: months differ (['february'] vs ['march']).,2026-08-20T09:31:06.061922+00:00,applied
MC-541025BD671031,aiddata:96796,chapo:96799,different_project,"BATCH_REVIEW conflicting_canonical_event_details: The fuller source descriptions identify different events: explicit currencies/amounts differ ([('eur', 1150000000.0)] vs [('zar', 2000000000.0)]).",2026-08-20T09:31:06.061922+00:00,applied
MC-5420C631B519B9,aiddata:14359,chapo:14612,different_project,BATCH_REVIEW conflicting_canonical_event_details: The fuller source descriptions identify different events: batch: ['1'] vs ['2'].,2026-08-26T07:30:45.138739+00:00,applied
MC-5433014DC561E3,aiddata:92707,chapo:92767,different_project,BATCH_REVIEW conflicting_canonical_event_details: The fuller source descriptions identify different events: months differ (['may'] vs ['april']).,2026-08-20T09:31:06.061922+00:00,applied
MC-543988D9D3C565,aiddata:47103,codf:AO.081,same_project,"BATCH_REVIEW matching_original_usd_commitment: The AidData title states the same original USD commitment as the finance-catalog record, with compatible project title and financing type.",2026-08-26T07:30:45.138739+00:00,applied
MC-549E5C2570AC03,cla:GQ.004.10,codf:GQ.004.07,different_project,HUMAN_REVIEW imported from browser export; this decision takes precedence over automated rules.,2026-08-19T07:26:55.999Z,applied
MC-549E7442246D5D,cgef:AO.089.44,codf:AO.089.45,different_project,HUMAN_REVIEW imported from browser export; this decision takes precedence over automated rules.,2026-08-19T06:57:58.303Z,applied
MC-54C4EF54CE252A,aiddata:93284,chapo:93283,different_project,"BATCH_REVIEW separate_after_full_evidence_check: No shared source identifier, compatible named-asset anchor, matching original commitment, technical specification, or explicit cross-source link supports consolidation; the records remain separate.",2026-08-26T07:30:45.138739+00:00,applied
MC-54E745924500F5,cla:GA.004,codf:GA.004,same_project,BATCH_REVIEW reviewed_same_equivalence_closure: The pair is connected by a reviewed same-project decision and equivalent source identifiers.,2026-08-26T07:30:45.138739+00:00,applied
MC-551289B9AD66A9,aiddata:94316,chapo:92878,same_project,"BATCH_REVIEW explicit_linked_grant_with_consistent_amount: The AidData title explicitly links record 92878, and the grant amounts are consistent after price-basis adjustment (ratio 0.924).",2026-08-20T09:31:06.061922+00:00,applied
MC-5531F04159C191,aiddata:73630,codf:AO.089.21,same_project,ASSISTANT_REVIEW exact_named_component: EN100 Cabo Ledo-Lobito and Rio Longa-Rio Keve Lot 2 coincide.,2026-08-20T08:30:00+00:00,applied
MC-55C33002E34A13,cgef:NG.010,codf:NG.010,same_project,BATCH_REVIEW reviewed_same_equivalence_closure: The pair is connected by a reviewed same-project decision and equivalent source identifiers.,2026-08-26T07:30:45.138739+00:00,applied
MC-55DD8896225D86,aiddata:59428,cla:ET.075,same_project,"BATCH_REVIEW distinctive_named_asset_with_compatible_context: The financing boilerplate reduces to the same distinctive project name [ababa, addis, network, power] with matching component qualifiers.",2026-08-26T07:30:45.138739+00:00,applied
MC-560FED3F1557B7,aiddata:59214,cla:CD.006.29,different_project,"AUTO_REVIEW conflicting_project_component_identifier: Distinct lot, loan, phase, unit, package, section or stage identifiers indicate separately recorded project components.",2026-08-12T00:00:00+08:00,applied
MC-561B38FD438AA4,cgef:CD.011,cla:CD.011,same_project,BATCH_REVIEW reviewed_same_equivalence_closure: The pair is connected by a reviewed same-project decision and equivalent source identifiers.,2026-08-26T07:30:45.138739+00:00,applied
MC-565B1FEA7CD1FA,cgp:CG.001.3,codf:CG.009.04,same_project,"BATCH_REVIEW distinctive_named_asset_with_compatible_context: The financing boilerplate reduces to the same distinctive project name [hydropower, liouesso] with matching component qualifiers.",2026-08-26T07:30:45.138739+00:00,applied
MC-56B4ADD6100995,aiddata:92705,codf:RW.027,same_project,BATCH_REVIEW reviewed_same_equivalence_closure: The pair is connected by a reviewed same-project decision and equivalent source identifiers.,2026-08-26T07:30:45.138739+00:00,applied
MC-57027D42C9D4CE,cgef:ZM.023,codf:ZM.023,same_project,BATCH_REVIEW reviewed_same_equivalence_closure: The pair is connected by a reviewed same-project decision and equivalent source identifiers.,2026-08-26T07:30:45.138739+00:00,applied
MC-572B648B43FCE2,aiddata:59809,cgp:CI.002.1,same_project,BATCH_REVIEW reviewed_same_equivalence_closure: The pair is connected by a reviewed same-project decision and equivalent source identifiers.,2026-08-26T07:30:45.138739+00:00,applied
MC-574D94977CC24F,cgef:CG.009.11,codf:CG.009.11,same_project,BATCH_REVIEW reviewed_same_equivalence_closure: The pair is connected by a reviewed same-project decision and equivalent source identifiers.,2026-08-26T07:30:45.138739+00:00,applied
MC-57511573C7B0A3,cla:BJ.014,codf:BJ.010,different_project,"AUTO_REVIEW conflicting_project_component_identifier: Distinct lot, loan, phase, unit, package, section or stage identifiers indicate separately recorded project components.",2026-08-12T00:00:00+08:00,applied
MC-576460100D5DCE,cgef:UG.039,cgp:UG.002.5,same_project,BATCH_REVIEW reviewed_same_equivalence_closure: The pair is connected by a reviewed same-project decision and equivalent source identifiers.,2026-08-26T07:30:45.138739+00:00,applied
MC-5790C476C53CF9,cgp:CI.002.2,cofi:CIV2021001:debt,same_project,BATCH_REVIEW reviewed_same_equivalence_closure: The pair is connected by a reviewed same-project decision and equivalent source identifiers.,2026-08-26T07:30:45.138739+00:00,applied
MC-57AE81944B2400,cgp:NG.005.3,codf:NG.010,same_project,"BATCH_REVIEW distinctive_named_asset_with_compatible_context: Distinctive name anchor(s) [hydropower, zungeru] and shared asset family hydropower identify the same underlying asset.",2026-08-26T07:30:45.138739+00:00,applied
MC-57B6CD657259AD,aiddata:52287,codf:MG.010,same_project,"BATCH_REVIEW matching_original_usd_commitment: The AidData title states the same original USD commitment as the finance-catalog record, with compatible project title and financing type.",2026-08-20T09:31:06.061922+00:00,applied
MC-57C737E261BD0F,cgef:CD.011,cgp:CD.001,same_project,"BATCH_REVIEW distinctive_named_asset_with_compatible_context: Distinctive name anchor(s) [busanga, hydropower] and shared asset family hydropower identify the same underlying asset.",2026-08-26T07:30:45.138739+00:00,applied
MC-57C9402231312D,cgef:UG.008,cgp:UG.002.5,different_project,BATCH_REVIEW reviewed_difference_final_entity_guard: The proposed link would collapse records across an established different-project boundary.,2026-08-26T07:30:45.138739+00:00,applied
MC-57E8BF7E725A76,aiddata:96773,chapo:96798,different_project,"BATCH_REVIEW conflicting_canonical_event_details: The fuller source descriptions identify different events: explicit currencies/amounts differ ([('eur', 1000000000.0)] vs [('zar', 6000000000.0)]).",2026-08-20T09:31:06.061922+00:00,applied
MC-57FA861D8DC9CB,cgef:ET.096,cla:ET.097,different_project,BATCH_REVIEW distinct_related_catalog_identifiers: Related finance catalogs use distinct project identifiers (ET.096 vs ET.097).,2026-08-26T07:30:45.138739+00:00,applied
MC-5822984748ABA2,aiddata:30371,cofi:NGA2021007:debt,same_project,"BATCH_REVIEW matching_original_usd_commitment: The AidData title states the same original USD commitment as the finance-catalog record, with compatible project title and financing type.",2026-08-26T07:30:45.138739+00:00,applied
MC-5854130B04CA6D,cla:CG.009.13,codf:CG.009.18,different_project,BATCH_REVIEW distinct_related_catalog_identifiers: Related finance catalogs use distinct project identifiers (CG.009.13 vs CG.009.18).,2026-08-26T07:30:45.138739+00:00,applied
MC-5887FF56707BD1,cla:GQ.004.11,codf:GQ.004.07,different_project,BATCH_REVIEW distinct_related_catalog_identifiers: Related finance catalogs use distinct project identifiers (GQ.004.11 vs GQ.004.07).,2026-08-19T08:11:59.703611+00:00,applied
MC-58B98B7B478FF8,aiddata:58576,chapo:21273,different_project,BATCH_REVIEW conflicting_canonical_event_details: The fuller source descriptions identify different events: months differ (['december'] vs ['june']).,2026-08-26T07:30:45.138739+00:00,applied
MC-58C16847233A6C,cla:ET.057,codf:ET.057,same_project,BATCH_REVIEW reviewed_same_equivalence_closure: The pair is connected by a reviewed same-project decision and equivalent source identifiers.,2026-08-26T07:30:45.138739+00:00,applied
MC-58EB9E3958A21C,cgef:AO.005.03,codf:AO.003.48,different_project,"AUTO_REVIEW conflicting_project_component_identifier: Distinct lot, loan, phase, unit, package, section or stage identifiers indicate separately recorded project components.",2026-08-12T00:00:00+08:00,applied
MC-5912C78A82959F,aiddata:97827,chapo:97824,different_project,"BATCH_REVIEW conflicting_canonical_event_details: The fuller source descriptions identify different events: explicit currencies/amounts differ ([('usd', 34789.0)] vs [('usd', 52790.0)]).",2026-08-20T09:31:06.061922+00:00,applied
MC-592F6B2E3B9F6C,aiddata:16392,codf:KE.021,same_project,ASSISTANT_REVIEW exact_named_project: Kenya power-distribution modernization project coincides.,2026-08-20T08:30:00+00:00,applied
MC-597120855EA085,aiddata:93408,chapo:93409,same_project,HUMAN_REVIEW imported from browser export; this decision takes precedence over automated rules.,2026-08-21T02:15:59.804Z,applied
MC-59BDD55B88367D,cla:NG.010,cofi:NGA2021007:debt,same_project,BATCH_REVIEW distinctive_named_asset_with_compatible_context: Distinctive name anchor(s) [zungeru] and matching sector energy identify the same underlying asset.,2026-08-26T07:30:45.138739+00:00,applied
MC-5A566B4F7FEE68,cgp:GA.001.3,cofi:GAB2021001:debt,same_project,"BATCH_REVIEW distinctive_named_asset_with_compatible_context: Distinctive name anchor(s) [grand, poubara] and matching sector energy identify the same underlying asset.",2026-08-26T07:30:45.138739+00:00,applied
MC-5A6AFD53E37842,cgef:ZA.005,cofi:ZAF2021006:debt,same_project,BATCH_REVIEW reviewed_same_equivalence_closure: The pair is connected by a reviewed same-project decision and equivalent source identifiers.,2026-08-26T07:30:45.138739+00:00,applied
MC-5A8C20986CEFE3,cla:SN.006,codf:SN.006,same_project,BATCH_REVIEW reviewed_same_equivalence_closure: The pair is connected by a reviewed same-project decision and equivalent source identifiers.,2026-08-26T07:30:45.138739+00:00,applied
MC-5A955112722048,aiddata:93620,chapo:93697,different_project,"BATCH_REVIEW separate_after_full_evidence_check: No shared source identifier, compatible named-asset anchor, matching original commitment, technical specification, or explicit cross-source link supports consolidation; the records remain separate.",2026-08-26T07:30:45.138739+00:00,applied
MC-5AA9EF541989ED,aiddata:57218,codf:ZM.080,same_project,"BATCH_REVIEW matching_original_usd_commitment: The AidData title states the same original USD commitment as the finance-catalog record, with compatible project title and financing type.",2026-08-26T07:30:45.138739+00:00,applied
MC-5AB4DB4828EC8B,cla:ET.035,codf:ET.035,same_project,BATCH_REVIEW reviewed_same_equivalence_closure: The pair is connected by a reviewed same-project decision and equivalent source identifiers.,2026-08-26T07:30:45.138739+00:00,applied
MC-5AC343F5724B70,aiddata:96795,chapo:96801,different_project,"BATCH_REVIEW separate_after_full_evidence_check: No shared source identifier, compatible named-asset anchor, matching original commitment, technical specification, or explicit cross-source link supports consolidation; the records remain separate.",2026-08-26T07:30:45.138739+00:00,applied
MC-5B09056B632A29,cgef:UG.039,cgp:UG.002.6,different_project,BATCH_REVIEW reviewed_difference_final_entity_guard: The proposed link would collapse records across an established different-project boundary.,2026-08-26T07:30:45.138739+00:00,applied
MC-5B0C41AF1780D6,cla:NG.004,cofi:NGA2021006:debt,same_project,BATCH_REVIEW distinctive_named_asset_with_compatible_context: Distinctive name anchor(s) [omotosho] and matching sector energy identify the same underlying asset.,2026-08-26T07:30:45.138739+00:00,applied
MC-5B143DD82A67A3,cgef:SN.006,cla:SN.006,same_project,BATCH_REVIEW reviewed_same_equivalence_closure: The pair is connected by a reviewed same-project decision and equivalent source identifiers.,2026-08-26T07:30:45.138739+00:00,applied
MC-5B640489DBB371,aiddata:1007,cofi:SDN2021001:debt,same_project,"BATCH_REVIEW matching_original_usd_commitment: The AidData title states the same original USD commitment as the finance-catalog record, with compatible project title and financing type.",2026-08-26T07:30:45.138739+00:00,applied
MC-5B986530611F82,cgp:GH.F.001.5,cofi:GHA2021004:equity,same_project,"BATCH_REVIEW distinctive_named_asset_with_compatible_context: The financing boilerplate reduces to the same distinctive project name [asogli, kpone] with matching component qualifiers.",2026-08-26T07:30:45.138739+00:00,applied
MC-5BB2D88AD10AFA,cgp:UG.002.6,cla:UG.039,different_project,BATCH_REVIEW reviewed_difference_final_entity_guard: The proposed link would collapse records across an established different-project boundary.,2026-08-26T07:30:45.138739+00:00,applied
MC-5C0047D60A529C,cgp:CI.001.3,cofi:CIV2021002:equity,different_project,BATCH_REVIEW conflicting_financing_instruments: Fund types conflict (loan vs equity).,2026-08-26T07:30:45.138739+00:00,applied
MC-5C214EBCDAF29D,aiddata:12324,chapo:66579,different_project,BATCH_REVIEW conflicting_canonical_event_details: The fuller source descriptions identify different events: batch: ['1'] vs ['2'].,2026-08-20T09:31:06.061922+00:00,applied
MC-5C245AFD83B72B,cla:MZ.011,codf:MZ.076,different_project,BATCH_REVIEW distinct_related_catalog_identifiers: Related finance catalogs use distinct project identifiers (MZ.011 vs MZ.076).,2026-08-26T07:30:45.138739+00:00,applied
MC-5C441A08EDA7A0,cgef:AO.089.44,cla:AO.089.47,different_project,BATCH_REVIEW distinct_related_catalog_identifiers: Related finance catalogs use distinct project identifiers (AO.089.44 vs AO.089.47).,2026-08-19T08:11:59.703611+00:00,applied
MC-5C48F38F9A1B50,cla:CD.006.53,codf:CD.006.54,different_project,"AUTO_REVIEW conflicting_project_component_identifier: Distinct lot, loan, phase, unit, package, section or stage identifiers indicate separately recorded project components.",2026-08-12T00:00:00+08:00,applied
MC-5C529F6F2BE1F4,cgef:ZW.086,cla:ZW.086,same_project,BATCH_REVIEW reviewed_same_equivalence_closure: The pair is connected by a reviewed same-project decision and equivalent source identifiers.,2026-08-26T07:30:45.138739+00:00,applied
MC-5C6BF0AC02A63B,aiddata:64659,chapo:36343,different_project,BATCH_REVIEW conflicting_component_ordinal: Titles identify different components: batch: ['4'] vs ['1'].,2026-08-19T08:11:59.703611+00:00,applied
MC-5D0FE4DAE8D8CE,cla:KE.007,codf:KE.007,same_project,BATCH_REVIEW reviewed_same_equivalence_closure: The pair is connected by a reviewed same-project decision and equivalent source identifiers.,2026-08-26T07:30:45.138739+00:00,applied
MC-5D7F06789B6F4B,aiddata:1380,cgp:ET.002.1,different_project,BATCH_REVIEW conflicting_financing_instruments: Fund types conflict (loan vs equity).,2026-08-26T07:30:45.138739+00:00,applied
MC-5D968D69FC017D,cgef:ET.097,codf:ET.096,different_project,BATCH_REVIEW distinct_related_catalog_identifiers: Related finance catalogs use distinct project identifiers (ET.097 vs ET.096).,2026-08-26T07:30:45.138739+00:00,applied
MC-5D9C0A2568C54D,cla:AO.009.21,codf:AO.009.07,different_project,BATCH_REVIEW distinct_related_catalog_identifiers: Related finance catalogs use distinct project identifiers (AO.009.21 vs AO.009.07).,2026-08-19T08:11:59.703611+00:00,applied
MC-5E02DBBB25F444,cgp:BF.001,codf:BF.008,same_project,BATCH_REVIEW reviewed_same_equivalence_closure: The pair is connected by a reviewed same-project decision and equivalent source identifiers.,2026-08-26T07:30:45.138739+00:00,applied
MC-5E1CD46D668F74,aiddata:73904,codf:AO.089.36,same_project,"BATCH_REVIEW distinctive_named_asset_with_compatible_context: The financing boilerplate reduces to the same distinctive project name [city, land, river, soyo, terminal] with matching component qualifiers.",2026-08-26T07:30:45.138739+00:00,applied
MC-5E1D3CF50D4039,cla:AO.089.38,codf:AO.089.24,different_project,BATCH_REVIEW distinct_related_catalog_identifiers: Related finance catalogs use distinct project identifiers (AO.089.38 vs AO.089.24).,2026-08-19T08:11:59.703611+00:00,applied
MC-5E3D5D1129409D,cgef:CM.018,codf:CM.018,different_project,BATCH_REVIEW reviewed_difference_final_entity_guard: The proposed link would collapse records across an established different-project boundary.,2026-08-26T07:30:45.138739+00:00,applied
MC-5E545294CBBDF1,aiddata:73463,codf:AO.089.88,same_project,"BATCH_REVIEW matching_original_usd_commitment: The AidData title states the same original USD commitment as the finance-catalog record, with compatible project title and financing type.",2026-08-26T07:30:45.138739+00:00,applied
MC-5E6FFAC68CE219,cgp:ZA.001.2,codf:ZA.005,same_project,"BATCH_REVIEW distinctive_named_asset_with_compatible_context: Distinctive name anchor(s) [coal, medupi] and shared asset family thermal_power identify the same underlying asset.",2026-08-26T07:30:45.138739+00:00,applied
MC-5EAF64E1A3EBC4,cgef:AO.089.49,cla:AO.089.49,same_project,BATCH_REVIEW reviewed_same_equivalence_closure: The pair is connected by a reviewed same-project decision and equivalent source identifiers.,2026-08-26T07:30:45.138739+00:00,applied
MC-5F2AD0E1CE5DA6,cgp:ET.004,codf:ET.057,same_project,"BATCH_REVIEW distinctive_named_asset_with_compatible_context: Distinctive name anchor(s) [aysha, farm, wind] and shared asset family agriculture, renewable_power identify the same underlying asset.",2026-08-26T07:30:45.138739+00:00,applied
MC-5F4F2BF2FF1445,cgef:AO.089.47,cla:AO.089.44,different_project,BATCH_REVIEW distinct_related_catalog_identifiers: Related finance catalogs use distinct project identifiers (AO.089.47 vs AO.089.44).,2026-08-19T08:11:59.703611+00:00,applied
MC-5F68A0E8BFBC80,cgp:UG.002.5,cla:UG.039,same_project,BATCH_REVIEW reviewed_same_equivalence_closure: The pair is connected by a reviewed same-project decision and equivalent source identifiers.,2026-08-26T07:30:45.138739+00:00,applied
MC-5F7F898A7FD7FC,aiddata:91499,chapo:91501,different_project,BATCH_REVIEW conflicting_canonical_event_details: The fuller source descriptions identify different events: months differ (['november'] vs ['september']).,2026-08-26T07:30:45.138739+00:00,applied
MC-5F80B598E5A82A,aiddata:59494,cla:KE.085,same_project,"BATCH_REVIEW matching_original_usd_commitment: The AidData title states the same original USD commitment as the finance-catalog record, with compatible project title and financing type.",2026-08-20T09:31:06.061922+00:00,applied
MC-5F9211DF82DFD8,cla:AO.065.28,codf:AO.065.28,same_project,BATCH_REVIEW reviewed_same_equivalence_closure: The pair is connected by a reviewed same-project decision and equivalent source identifiers.,2026-08-26T07:30:45.138739+00:00,applied
MC-5FC520D6ADC6AE,cla:AO.089.07,codf:AO.089.06,different_project,"AUTO_REVIEW conflicting_project_component_identifier: Distinct lot, loan, phase, unit, package, section or stage identifiers indicate separately recorded project components.",2026-08-12T00:00:00+08:00,applied
MC-5FD0A1091C807F,cla:UG.045,codf:UG.045,same_project,BATCH_REVIEW reviewed_same_equivalence_closure: The pair is connected by a reviewed same-project decision and equivalent source identifiers.,2026-08-26T07:30:45.138739+00:00,applied
MC-5FF1AECEA937AF,cla:AO.009.76,codf:AO.009.76,same_project,BATCH_REVIEW reviewed_same_equivalence_closure: The pair is connected by a reviewed same-project decision and equivalent source identifiers.,2026-08-26T07:30:45.138739+00:00,applied
MC-601C992825D116,cgef:TZ.007,codf:TZ.007,same_project,BATCH_REVIEW reviewed_same_equivalence_closure: The pair is connected by a reviewed same-project decision and equivalent source identifiers.,2026-08-26T07:30:45.138739+00:00,applied
MC-603315D4E73200,cgef:AO.089.46,codf:AO.089.44,different_project,BATCH_REVIEW distinct_related_catalog_identifiers: Related finance catalogs use distinct project identifiers (AO.089.46 vs AO.089.44).,2026-08-19T08:11:59.703611+00:00,applied
MC-60E93D8BD07D5E,aiddata:96796,chapo:96773,different_project,"BATCH_REVIEW conflicting_canonical_event_details: The fuller source descriptions identify different events: explicit currencies/amounts differ ([('eur', 1150000000.0)] vs [('eur', 1000000000.0)]).",2026-08-20T09:31:06.061922+00:00,applied
MC-612F8E84FC467F,codf:NG.010,cofi:NGA2021007:debt,same_project,BATCH_REVIEW reviewed_same_equivalence_closure: The pair is connected by a reviewed same-project decision and equivalent source identifiers.,2026-08-26T07:30:45.138739+00:00,applied
MC-6132930FE59E45,cgef:TD.006,cla:TD.006,same_project,BATCH_REVIEW reviewed_same_equivalence_closure: The pair is connected by a reviewed same-project decision and equivalent source identifiers.,2026-08-26T07:30:45.138739+00:00,applied
MC-613F49BBC6FE3A,aiddata:1515,chapo:1521,different_project,HUMAN_REVIEW imported from browser export; this decision takes precedence over automated rules.,2026-08-20T06:36:09.851Z,applied
MC-6168775F8DA1B7,cgp:UG.002.1,cla:UG.039,different_project,BATCH_REVIEW reviewed_difference_final_entity_guard: The proposed link would collapse records across an established different-project boundary.,2026-08-26T07:30:45.138739+00:00,applied
MC-61AC95E9A6131D,aiddata:72963,cla:ZM.087,same_project,"BATCH_REVIEW matching_original_usd_commitment: The AidData title states the same original USD commitment as the finance-catalog record, with compatible project title and financing type.",2026-08-20T09:31:06.061922+00:00,applied
MC-61D311AA67C265,cla:AO.083,codf:AO.083,same_project,BATCH_REVIEW reviewed_same_equivalence_closure: The pair is connected by a reviewed same-project decision and equivalent source identifiers.,2026-08-26T07:30:45.138739+00:00,applied
MC-61E224C83A4114,cgef:GN.007,codf:GN.007,same_project,BATCH_REVIEW reviewed_same_equivalence_closure: The pair is connected by a reviewed same-project decision and equivalent source identifiers.,2026-08-26T07:30:45.138739+00:00,applied
MC-620AB2DCCE398B,aiddata:30852,chapo:30853,different_project,"BATCH_REVIEW conflicting_canonical_event_details: The fuller source descriptions identify different events: explicit currencies/amounts differ ([('usd', 720000.0)] vs [('usd', 680000.0)]).",2026-08-26T07:30:45.138739+00:00,applied
MC-625E72A2BBC261,aiddata:92289,cla:ZM.025,same_project,BATCH_REVIEW reviewed_same_equivalence_closure: The pair is connected by a reviewed same-project decision and equivalent source identifiers.,2026-08-26T07:30:45.138739+00:00,applied
MC-6295D002C11D87,cla:GH.022,codf:GH.022,same_project,BATCH_REVIEW reviewed_same_equivalence_closure: The pair is connected by a reviewed same-project decision and equivalent source identifiers.,2026-08-26T07:30:45.138739+00:00,applied
MC-62A66BBAE078ED,cla:AO.089.16,codf:AO.089.12,different_project,BATCH_REVIEW distinct_related_catalog_identifiers: Related finance catalogs use distinct project identifiers (AO.089.16 vs AO.089.12).,2026-08-19T08:11:59.703611+00:00,applied
MC-62B39B1009CAC4,cgp:CG.001.2,cla:CG.009.11,same_project,BATCH_REVIEW reviewed_same_equivalence_closure: The pair is connected by a reviewed same-project decision and equivalent source identifiers.,2026-08-26T07:30:45.138739+00:00,applied
MC-62BA0154D12A86,aiddata:73631,cla:AO.089.23,same_project,HUMAN_REVIEW imported from browser export; this decision takes precedence over automated rules.,2026-08-19T06:56:46.583Z,applied
MC-6301784A48F550,aiddata:85274,cla:CD.006.31,same_project,"BATCH_REVIEW distinctive_named_asset_with_compatible_context: Distinctive name anchor(s) [kalemie, stadium] and shared asset family public_facility identify the same underlying asset.",2026-08-26T07:30:45.138739+00:00,applied
MC-6324CE0AC13BA0,cgef:TD.006,codf:TD.006,same_project,BATCH_REVIEW reviewed_same_equivalence_closure: The pair is connected by a reviewed same-project decision and equivalent source identifiers.,2026-08-26T07:30:45.138739+00:00,applied
MC-6339E047AD751D,codf:GA.004,cofi:GAB2021001:debt,same_project,BATCH_REVIEW reviewed_same_equivalence_closure: The pair is connected by a reviewed same-project decision and equivalent source identifiers.,2026-08-26T07:30:45.138739+00:00,applied
MC-633E23CB71F7E7,cgef:AO.081,codf:AO.081,same_project,BATCH_REVIEW reviewed_same_equivalence_closure: The pair is connected by a reviewed same-project decision and equivalent source identifiers.,2026-08-26T07:30:45.138739+00:00,applied
MC-63482354A8717C,cgef:CD.011,cofi:COD2021001:debt,same_project,BATCH_REVIEW distinctive_named_asset_with_compatible_context: Distinctive name anchor(s) [busanga] and matching sector energy identify the same underlying asset.,2026-08-26T07:30:45.138739+00:00,applied
MC-63694A4D04C666,cgp:SD.001.5,cofi:SDN2021005:debt,same_project,BATCH_REVIEW distinctive_named_asset_with_compatible_context: Distinctive name anchor(s) [merowe] and matching sector energy identify the same underlying asset.,2026-08-26T07:30:45.138739+00:00,applied
MC-636CACBD9F4C14,cgef:GA.004,codf:GA.004,same_project,BATCH_REVIEW reviewed_same_equivalence_closure: The pair is connected by a reviewed same-project decision and equivalent source identifiers.,2026-08-26T07:30:45.138739+00:00,applied
MC-63A391FD79166B,aiddata:30922,cofi:CIV2021002:equity,different_project,BATCH_REVIEW conflicting_financing_instruments: Fund types conflict (loan vs equity).,2026-08-26T07:30:45.138739+00:00,applied
MC-63B538AB74CB2A,aiddata:57288,cla:ZM.117,same_project,"BATCH_REVIEW matching_original_usd_commitment: The AidData title states the same original USD commitment as the finance-catalog record, with compatible project title and financing type.",2026-08-20T09:31:06.061922+00:00,applied
MC-63B9B067443FC8,cgp:CI.002.1,cofi:CIV2021001:debt,same_project,BATCH_REVIEW reviewed_same_equivalence_closure: The pair is connected by a reviewed same-project decision and equivalent source identifiers.,2026-08-26T07:30:45.138739+00:00,applied
MC-641B3E6EC139CF,cla:ET.098,codf:ET.097,different_project,BATCH_REVIEW distinct_related_catalog_identifiers: Related finance catalogs use distinct project identifiers (ET.098 vs ET.097).,2026-08-26T07:30:45.138739+00:00,applied
MC-6427FAD8D9222B,cgef:GA.045,codf:GA.045,same_project,BATCH_REVIEW reviewed_same_equivalence_closure: The pair is connected by a reviewed same-project decision and equivalent source identifiers.,2026-08-26T07:30:45.138739+00:00,applied
MC-647966836E15A6,cla:ET.040,codf:ET.041,different_project,BATCH_REVIEW distinct_related_catalog_identifiers: Related finance catalogs use distinct project identifiers (ET.040 vs ET.041).,2026-08-26T07:30:45.138739+00:00,applied
MC-654B7C109DC116,aiddata:73852,cgef:AO.082,same_project,BATCH_REVIEW reviewed_same_equivalence_closure: The pair is connected by a reviewed same-project decision and equivalent source identifiers.,2026-08-26T07:30:45.138739+00:00,applied
MC-658EF95AEE8BD7,cgp:ZW.002.2,codf:ZW.064,same_project,"BATCH_REVIEW distinctive_named_asset_with_compatible_context: Distinctive name anchor(s) [coal, hwange] and shared asset family thermal_power identify the same underlying asset.",2026-08-26T07:30:45.138739+00:00,applied
MC-65B65F3AB521FB,aiddata:105686,codf:AO.081,same_project,BATCH_REVIEW reviewed_same_equivalence_closure: The pair is connected by a reviewed same-project decision and equivalent source identifiers.,2026-08-26T07:30:45.138739+00:00,applied
MC-65DE0B475AB656,aiddata:30440,codf:SD.083,same_project,BATCH_REVIEW reviewed_same_equivalence_closure: The pair is connected by a reviewed same-project decision and equivalent source identifiers.,2026-08-20T09:31:06.061922+00:00,applied
MC-66165CBA7EB7DA,aiddata:58350,cofi:KEN2021002:debt,same_project,BATCH_REVIEW distinctive_named_asset_with_compatible_context: Distinctive name anchor(s) [olkaria] and matching sector energy identify the same underlying asset.,2026-08-26T07:30:45.138739+00:00,applied
MC-66880C99BD515B,cgp:GN.002.4,codf:GN.007,same_project,"BATCH_REVIEW distinctive_named_asset_with_compatible_context: Distinctive name anchor(s) [hydropower, souapiti] and shared asset family hydropower identify the same underlying asset.",2026-08-26T07:30:45.138739+00:00,applied
MC-668D9E6DAAA2EF,aiddata:73913,cla:AO.110,same_project,BATCH_REVIEW reviewed_same_equivalence_closure: The pair is connected by a reviewed same-project decision and equivalent source identifiers.,2026-08-20T09:31:06.061922+00:00,applied
MC-675B286E4CACD6,cla:ET.033,codf:ET.033,same_project,BATCH_REVIEW reviewed_same_equivalence_closure: The pair is connected by a reviewed same-project decision and equivalent source identifiers.,2026-08-26T07:30:45.138739+00:00,applied
MC-67BE5B14C11FBD,cgef:AO.089.96,codf:AO.089.96,same_project,BATCH_REVIEW reviewed_same_equivalence_closure: The pair is connected by a reviewed same-project decision and equivalent source identifiers.,2026-08-26T07:30:45.138739+00:00,applied
MC-6829197EAE80EB,aiddata:47014,cla:KE.091,same_project,BATCH_REVIEW reviewed_same_equivalence_closure: The pair is connected by a reviewed same-project decision and equivalent source identifiers.,2026-08-19T08:24:59.814236+00:00,applied
MC-6840D869F5E0FD,cgp:NG.005.1,cofi:NGA2021007:debt,same_project,BATCH_REVIEW distinctive_named_asset_with_compatible_context: Distinctive name anchor(s) [zungeru] and matching sector energy identify the same underlying asset.,2026-08-26T07:30:45.138739+00:00,applied
MC-685A5CD4F4B5EC,cgp:UG.002.3,cofi:UGA2021002:debt,different_project,BATCH_REVIEW reviewed_difference_final_entity_guard: The proposed link would collapse records across an established different-project boundary.,2026-08-26T07:30:45.138739+00:00,applied
MC-6872CD92BD050C,cgp:UG.002.3,cla:UG.039,same_project,BATCH_REVIEW reviewed_same_equivalence_closure: The pair is connected by a reviewed same-project decision and equivalent source identifiers.,2026-08-26T07:30:45.138739+00:00,applied
MC-68FC1BAC047777,aiddata:73172,cla:ZM.151,same_project,"BATCH_REVIEW matching_original_usd_commitment: The AidData title states the same original USD commitment as the finance-catalog record, with compatible project title and financing type.",2026-08-20T09:31:06.061922+00:00,applied
MC-69362A06795B30,aiddata:73658,codf:AO.089.32,same_project,BATCH_REVIEW reviewed_same_equivalence_closure: The pair is connected by a reviewed same-project decision and equivalent source identifiers.,2026-08-26T07:30:45.138739+00:00,applied
MC-69D92085C87F63,cgp:ZA.005.6,cofi:ZAF2021004:debt,same_project,BATCH_REVIEW reviewed_same_equivalence_closure: The pair is connected by a reviewed same-project decision and equivalent source identifiers.,2026-08-26T07:30:45.138739+00:00,applied
MC-6A20F288AF8F2A,aiddata:91501,chapo:91499,different_project,BATCH_REVIEW conflicting_canonical_event_details: The fuller source descriptions identify different events: months differ (['september'] vs ['november']).,2026-08-26T07:30:45.138739+00:00,applied
MC-6A514FF6297D28,cgp:GN.002.3,cofi:GIN2021003:debt,same_project,BATCH_REVIEW reviewed_same_equivalence_closure: The pair is connected by a reviewed same-project decision and equivalent source identifiers.,2026-08-26T07:30:45.138739+00:00,applied
MC-6A81047F403068,cla:AO.003.49,codf:AO.005.03,different_project,BATCH_REVIEW distinct_related_catalog_identifiers: Related finance catalogs use distinct project identifiers (AO.003.49 vs AO.005.03).,2026-08-26T07:30:45.138739+00:00,applied
MC-6AA85E86C4CFDA,aiddata:94574,chapo:93768,different_project,BATCH_REVIEW conflicting_canonical_event_details: The fuller source descriptions identify different events: months differ (['november'] vs ['october']).,2026-08-20T09:31:06.061922+00:00,applied
MC-6AC194E158C504,cgp:UG.002.5,cla:UG.008,different_project,BATCH_REVIEW reviewed_difference_final_entity_guard: The proposed link would collapse records across an established different-project boundary.,2026-08-26T07:30:45.138739+00:00,applied
MC-6AE66FE5BA02BB,cgef:ET.101,cgp:ET.001.2,same_project,HUMAN_REVIEW imported from browser export; this decision takes precedence over automated rules.,2026-08-21T02:44:27.234Z,applied
MC-6B194ED1151FFB,cla:AO.089.96,codf:AO.089.96,same_project,BATCH_REVIEW reviewed_same_equivalence_closure: The pair is connected by a reviewed same-project decision and equivalent source identifiers.,2026-08-26T07:30:45.138739+00:00,applied
MC-6B52E1337B08EC,cgef:ET.098,codf:ET.097,different_project,BATCH_REVIEW distinct_related_catalog_identifiers: Related finance catalogs use distinct project identifiers (ET.098 vs ET.097).,2026-08-26T07:30:45.138739+00:00,applied
MC-6B84CF1603CBDA,cla:AO.065.08,codf:AO.065.08,same_project,BATCH_REVIEW reviewed_same_equivalence_closure: The pair is connected by a reviewed same-project decision and equivalent source identifiers.,2026-08-26T07:30:45.138739+00:00,applied
MC-6B95F1789F9B25,aiddata:85273,cla:CD.006.29,different_project,"AUTO_REVIEW conflicting_project_component_identifier: Distinct lot, loan, phase, unit, package, section or stage identifiers indicate separately recorded project components.",2026-08-12T00:00:00+08:00,applied
MC-6BF22853F3B0BC,cgp:ZA.005.3,cofi:ZAF2021004:debt,same_project,BATCH_REVIEW reviewed_same_equivalence_closure: The pair is connected by a reviewed same-project decision and equivalent source identifiers.,2026-08-26T07:30:45.138739+00:00,applied
MC-6C539CFB1BB395,aiddata:58582,codf:CM.026,same_project,"BATCH_REVIEW distinctive_named_asset_with_compatible_context: The financing boilerplate reduces to the same distinctive project name [education, higher, network] with matching component qualifiers.",2026-08-26T07:30:45.138739+00:00,applied
MC-6C627CE2D9ECD6,cgp:ZA.005.5,codf:ZA.044,same_project,BATCH_REVIEW reviewed_same_equivalence_closure: The pair is connected by a reviewed same-project decision and equivalent source identifiers.,2026-08-26T07:30:45.138739+00:00,applied
MC-6C71C3FD5DB12B,aiddata:73551,cla:AO.089.69,same_project,ASSISTANT_REVIEW exact_named_project: Tchicala-Tcholoanga water-supply project and locality coincide.,2026-08-20T08:30:00+00:00,applied
MC-6CB6B020A052D6,aiddata:53396,cla:CM.046,same_project,"BATCH_REVIEW matching_original_usd_commitment: The AidData title states the same original USD commitment as the finance-catalog record, with compatible project title and financing type.",2026-08-20T09:31:06.061922+00:00,applied
MC-6CD01A20CF7512,aiddata:93697,chapo:93701,different_project,BATCH_REVIEW conflicting_canonical_event_details: The fuller source descriptions identify different events: months differ (['august'] vs ['may']).,2026-08-20T09:31:06.061922+00:00,applied
MC-6CDE9241F9044E,aiddata:354,cgef:ZM.012,same_project,BATCH_REVIEW reviewed_same_equivalence_closure: The pair is connected by a reviewed same-project decision and equivalent source identifiers.,2026-08-26T07:30:45.138739+00:00,applied
MC-6CE4055542D795,cgp:ZA.001.5,cofi:ZAF2021006:debt,same_project,BATCH_REVIEW distinctive_named_asset_with_compatible_context: Distinctive name anchor(s) [medupi] and matching sector energy identify the same underlying asset.,2026-08-26T07:30:45.138739+00:00,applied
MC-6D10A57220B8E3,aiddata:96777,chapo:96797,different_project,"BATCH_REVIEW conflicting_canonical_event_details: The fuller source descriptions identify different events: explicit currencies/amounts differ ([('eur', 500000000.0)] vs [('zar', 6000000000.0)]).",2026-08-20T09:31:06.061922+00:00,applied
MC-6D7B6B8DB80537,cgp:GA.001.4,cla:GA.045,same_project,BATCH_REVIEW reviewed_same_equivalence_closure: The pair is connected by a reviewed same-project decision and equivalent source identifiers.,2026-08-26T07:30:45.138739+00:00,applied
MC-6D896B89121D90,cla:AO.089.44,codf:AO.089.47,different_project,BATCH_REVIEW distinct_related_catalog_identifiers: Related finance catalogs use distinct project identifiers (AO.089.44 vs AO.089.47).,2026-08-19T08:11:59.703611+00:00,applied
MC-6D9526CAA02974,cla:AO.089.21,codf:AO.089.23,different_project,"AUTO_REVIEW conflicting_project_component_identifier: Distinct lot, loan, phase, unit, package, section or stage identifiers indicate separately recorded project components.",2026-08-12T00:00:00+08:00,applied
MC-6D96AC75616DAC,aiddata:57536,cgp:ZM.002.2,same_project,"BATCH_REVIEW distinctive_named_asset_with_compatible_context: Distinctive name anchor(s) [gorge, hydropower, kafue, lower] and shared asset family hydropower identify the same underlying asset.",2026-08-26T07:30:45.138739+00:00,applied
MC-6DBC55A4E9FD3E,cgef:AO.089.45,codf:AO.089.45,same_project,BATCH_REVIEW reviewed_same_equivalence_closure: The pair is connected by a reviewed same-project decision and equivalent source identifiers.,2026-08-26T07:30:45.138739+00:00,applied
MC-6DBDF28FB3F890,cgp:GH.F.001.1,cofi:GHA2021004:equity,same_project,"BATCH_REVIEW distinctive_named_asset_with_compatible_context: The financing boilerplate reduces to the same distinctive project name [asogli, kpone] with matching component qualifiers.",2026-08-26T07:30:45.138739+00:00,applied
MC-6DCDF397103642,aiddata:57536,cgp:ZM.002.3,same_project,BATCH_REVIEW reviewed_same_equivalence_closure: The pair is connected by a reviewed same-project decision and equivalent source identifiers.,2026-08-26T07:30:45.138739+00:00,applied
MC-6E0E527DD5DBDC,aiddata:2324,cla:ZM.015,same_project,"BATCH_REVIEW distinctive_named_asset_with_compatible_context: The financing boilerplate reduces to the same distinctive project name [hospital, mobile] with matching component qualifiers.",2026-08-26T07:30:45.138739+00:00,applied
MC-6E106C5E6BC02B,aiddata:31023,cofi:KEN2021003:debt,same_project,BATCH_REVIEW distinctive_named_asset_with_compatible_context: Distinctive name anchor(s) [olkaria] and matching sector energy identify the same underlying asset.,2026-08-26T07:30:45.138739+00:00,applied
MC-6E1B1F56973F60,aiddata:36438,cla:ML.023,same_project,"BATCH_REVIEW distinctive_named_asset_with_compatible_context: The financing boilerplate reduces to the same distinctive project name [broadband, network] with matching component qualifiers.",2026-08-26T07:30:45.138739+00:00,applied
MC-6E2A3BD1ED3770,cla:MG.008,codf:MG.008,same_project,BATCH_REVIEW reviewed_same_equivalence_closure: The pair is connected by a reviewed same-project decision and equivalent source identifiers.,2026-08-26T07:30:45.138739+00:00,applied
MC-6E32C6A7FAC9CF,cgef:CD.030,codf:CD.030,same_project,BATCH_REVIEW reviewed_same_equivalence_closure: The pair is connected by a reviewed same-project decision and equivalent source identifiers.,2026-08-26T07:30:45.138739+00:00,applied
MC-6E54255EC9D060,aiddata:69109,cla:UG.034,same_project,HUMAN_REVIEW imported from browser export; this decision takes precedence over automated rules.,2026-08-19T07:24:02.687Z,applied
MC-6E897F41A7CF78,cgef:AO.003.50,codf:AO.003.50,same_project,"AUTO_REVIEW same_source_identifier_and_amount: The cross-source records share the same source-specific ID, fund type, sector and comparable amount (within 2%).",2026-08-12T00:00:00+08:00,applied
MC-6E9073C8AC87D8,aiddata:61221,cla:GQ.024,same_project,"BATCH_REVIEW matching_original_usd_commitment: The AidData title states the same original USD commitment as the finance-catalog record, with compatible project title and financing type.",2026-08-26T07:30:45.138739+00:00,applied
MC-6EB136C542A316,cgef:GH.066,cla:GH.066,same_project,BATCH_REVIEW reviewed_same_equivalence_closure: The pair is connected by a reviewed same-project decision and equivalent source identifiers.,2026-08-26T07:30:45.138739+00:00,applied
MC-6EDCF9BD511785,cgef:ET.033,cofi:ETH2021001:debt,different_project,BATCH_REVIEW reviewed_difference_final_entity_guard: The proposed link would collapse records across an established different-project boundary.,2026-08-26T07:30:45.138739+00:00,applied
MC-6EE3633975C76D,aiddata:96774,chapo:96773,same_project,BATCH_REVIEW reviewed_same_equivalence_closure: The pair is connected by a reviewed same-project decision and equivalent source identifiers.,2026-08-26T07:30:45.138739+00:00,applied
MC-6EF689DAD08DD3,cla:CD.012,cofi:COD2021002:debt,same_project,BATCH_REVIEW reviewed_same_equivalence_closure: The pair is connected by a reviewed same-project decision and equivalent source identifiers.,2026-08-26T07:30:45.138739+00:00,applied
MC-6F107B0ACCA40D,cgef:CG.009.04,codf:CG.009.04,same_project,BATCH_REVIEW reviewed_same_equivalence_closure: The pair is connected by a reviewed same-project decision and equivalent source identifiers.,2026-08-26T07:30:45.138739+00:00,applied
MC-6F1D1848CB0EFB,cgp:CD.001,codf:CD.011,same_project,BATCH_REVIEW reviewed_same_equivalence_closure: The pair is connected by a reviewed same-project decision and equivalent source identifiers.,2026-08-26T07:30:45.138739+00:00,applied
MC-6F4A566740361C,codf:ML.006,cofi:MLI2021001:debt,same_project,BATCH_REVIEW distinctive_named_asset_with_compatible_context: Distinctive name anchor(s) [gouina] and an asset family consistent with the counterpart sector identify the same underlying asset.,2026-08-26T07:30:45.138739+00:00,applied
MC-6F74C93D173ED6,cla:CD.006.10,codf:CD.006.09,different_project,BATCH_REVIEW distinct_related_catalog_identifiers: Related finance catalogs use distinct project identifiers (CD.006.10 vs CD.006.09).,2026-08-26T07:30:45.138739+00:00,applied
MC-6F8E7603D9EABD,aiddata:57975,cla:GH.075,same_project,BATCH_REVIEW reviewed_same_equivalence_closure: The pair is connected by a reviewed same-project decision and equivalent source identifiers.,2026-08-26T07:30:45.138739+00:00,applied
MC-6F95F9669DBEF2,cla:GH.066,codf:GH.066,same_project,BATCH_REVIEW reviewed_same_equivalence_closure: The pair is connected by a reviewed same-project decision and equivalent source identifiers.,2026-08-26T07:30:45.138739+00:00,applied
MC-7039371C29868D,aiddata:85288,chapo:64657,different_project,BATCH_REVIEW conflicting_component_ordinal: Titles identify different components: batch: ['2'] vs ['3'].,2026-08-19T08:11:59.703611+00:00,applied
MC-70BAA330ED676A,cgef:AO.089.46,cla:AO.089.45,different_project,BATCH_REVIEW distinct_related_catalog_identifiers: Related finance catalogs use distinct project identifiers (AO.089.46 vs AO.089.45).,2026-08-19T08:11:59.703611+00:00,applied
MC-70C4338716F061,cgp:SD.001.7,cofi:SDN2021005:debt,same_project,BATCH_REVIEW distinctive_named_asset_with_compatible_context: Distinctive name anchor(s) [merowe] and matching sector energy identify the same underlying asset.,2026-08-26T07:30:45.138739+00:00,applied
MC-70FE81D1F7F173,aiddata:58130,cla:NE.009,same_project,HUMAN_REVIEW imported from browser export; this decision takes precedence over automated rules.,2026-08-20T02:40:06.938Z,applied
MC-711A9A152549A7,cgef:AO.089.46,cla:AO.089.44,different_project,BATCH_REVIEW distinct_related_catalog_identifiers: Related finance catalogs use distinct project identifiers (AO.089.46 vs AO.089.44).,2026-08-19T08:11:59.703611+00:00,applied
MC-7146FEDC6DF0A4,cgef:ZA.005,cgp:ZA.001.5,same_project,BATCH_REVIEW reviewed_same_equivalence_closure: The pair is connected by a reviewed same-project decision and equivalent source identifiers.,2026-08-26T07:30:45.138739+00:00,applied
MC-71A0E2C708FCB8,aiddata:93621,chapo:93697,different_project,BATCH_REVIEW conflicting_canonical_event_details: The fuller source descriptions identify different events: months differ (['may'] vs ['august']).,2026-08-26T07:30:45.138739+00:00,applied
MC-7233FE60AF144F,cgp:ET.003.2,codf:ET.007,same_project,BATCH_REVIEW reviewed_same_equivalence_closure: The pair is connected by a reviewed same-project decision and equivalent source identifiers.,2026-08-26T07:30:45.138739+00:00,applied
MC-72BB4CBB628985,cgp:ZA.005.4,cofi:ZAF2021003:debt,same_project,BATCH_REVIEW reviewed_same_equivalence_closure: The pair is connected by a reviewed same-project decision and equivalent source identifiers.,2026-08-26T07:30:45.138739+00:00,applied
MC-7328D31BBA61E1,cgp:CI.001.1,codf:CI.009,same_project,"BATCH_REVIEW distinctive_named_asset_with_compatible_context: Distinctive name anchor(s) [hydropower, soubre] and shared asset family hydropower identify the same underlying asset.",2026-08-26T07:30:45.138739+00:00,applied
MC-73762E38D8B07B,aiddata:31329,codf:ZM.085,same_project,"BATCH_REVIEW matching_original_usd_commitment: The AidData title states the same original USD commitment as the finance-catalog record, with compatible project title and financing type.",2026-08-20T09:31:06.061922+00:00,applied
MC-73764FDF028903,cgef:ET.090,codf:ET.096,different_project,BATCH_REVIEW distinct_related_catalog_identifiers: Related finance catalogs use distinct project identifiers (ET.090 vs ET.096).,2026-08-26T07:30:45.138739+00:00,applied
MC-73BF19F4F05D36,cgef:CI.009,codf:CI.009,same_project,BATCH_REVIEW reviewed_same_equivalence_closure: The pair is connected by a reviewed same-project decision and equivalent source identifiers.,2026-08-26T07:30:45.138739+00:00,applied
MC-73E476E18BB18D,aiddata:58379,codf:ZA.044,same_project,BATCH_REVIEW reviewed_same_equivalence_closure: The pair is connected by a reviewed same-project decision and equivalent source identifiers.,2026-08-26T07:30:45.138739+00:00,applied
MC-73E7C6593DF0C2,aiddata:96776,chapo:96773,different_project,"BATCH_REVIEW conflicting_canonical_event_details: The fuller source descriptions identify different events: explicit currencies/amounts differ ([('eur', 500000000.0)] vs [('eur', 1000000000.0)]).",2026-08-26T07:30:45.138739+00:00,applied
MC-73E93EA4325370,cla:CM.018,codf:CM.018,different_project,BATCH_REVIEW reviewed_difference_final_entity_guard: The proposed link would collapse records across an established different-project boundary.,2026-08-26T07:30:45.138739+00:00,applied
MC-73F20EE1C906C7,aiddata:61631,cgef:GQ.029,different_project,"AUTO_REVIEW conflicting_project_component_identifier: Distinct lot, loan, phase, unit, package, section or stage identifiers indicate separately recorded project components.",2026-08-12T00:00:00+08:00,applied
MC-73F9277286F843,aiddata:92174,codf:ET.097,different_project,BATCH_REVIEW reviewed_difference_final_entity_guard: The proposed link would collapse records across an established different-project boundary.,2026-08-26T07:30:45.138739+00:00,applied
MC-7464B193DECDFB,aiddata:96798,chapo:96800,different_project,"BATCH_REVIEW conflicting_canonical_event_details: The fuller source descriptions identify different events: explicit currencies/amounts differ ([('zar', 6000000000.0)] vs [('zar', 2000000000.0)]).",2026-08-20T09:31:06.061922+00:00,applied
MC-748FFDA072E493,cla:SL.039,codf:SL.041,different_project,BATCH_REVIEW distinct_related_catalog_identifiers: Related finance catalogs use distinct project identifiers (SL.039 vs SL.041).,2026-08-26T07:30:45.138739+00:00,applied
MC-74FD5F528183C1,cgef:AO.009.71,codf:AO.009.71,same_project,BATCH_REVIEW reviewed_same_equivalence_closure: The pair is connected by a reviewed same-project decision and equivalent source identifiers.,2026-08-26T07:30:45.138739+00:00,applied
MC-753827A710C651,aiddata:73554,codf:AO.089.64,same_project,ASSISTANT_REVIEW exact_named_phase: Malanje City water-supply project corresponds to Malanje Phase 2.,2026-08-20T08:30:00+00:00,applied
MC-7546EC8725407B,aiddata:94575,chapo:93719,different_project,BATCH_REVIEW conflicting_canonical_event_details: The fuller source descriptions identify different events: months differ (['june'] vs ['october']).,2026-08-26T07:30:45.138739+00:00,applied
MC-755936E6A66361,cgp:GA.001.1,codf:GA.045,same_project,BATCH_REVIEW reviewed_same_equivalence_closure: The pair is connected by a reviewed same-project decision and equivalent source identifiers.,2026-08-26T07:30:45.138739+00:00,applied
MC-757F4DDDAC7C20,cgef:ET.069,codf:ET.069,same_project,BATCH_REVIEW reviewed_same_equivalence_closure: The pair is connected by a reviewed same-project decision and equivalent source identifiers.,2026-08-26T07:30:45.138739+00:00,applied
MC-7627F99972F4F7,cla:ZW.086,codf:ZW.086,same_project,BATCH_REVIEW reviewed_same_equivalence_closure: The pair is connected by a reviewed same-project decision and equivalent source identifiers.,2026-08-26T07:30:45.138739+00:00,applied
MC-7632A9BF071A1F,cgp:ZM.001.1,cofi:ZMB2021002:debt,same_project,BATCH_REVIEW reviewed_same_equivalence_closure: The pair is connected by a reviewed same-project decision and equivalent source identifiers.,2026-08-26T07:30:45.138739+00:00,applied
MC-763D7824A5B370,aiddata:92156,cla:ZM.054,different_project,ASSISTANT_REVIEW conflicting_financing_record: USD54m concessional loan differs from the USD228.81m buyer-credit record.,2026-08-20T08:30:00+00:00,applied
MC-7640BAF215D06F,cla:SD.078,cofi:SDN2021005:debt,different_project,"BATCH_REVIEW separate_after_full_evidence_check: No shared source identifier, compatible named-asset anchor, matching original commitment, technical specification, or explicit cross-source link supports consolidation; the records remain separate.",2026-08-26T07:30:45.138739+00:00,applied
MC-7640BBC5CF915A,cgp:NG.005.4,cofi:NGA2021007:debt,same_project,BATCH_REVIEW distinctive_named_asset_with_compatible_context: Distinctive name anchor(s) [zungeru] and matching sector energy identify the same underlying asset.,2026-08-26T07:30:45.138739+00:00,applied
MC-7650592A865D5A,aiddata:47008,cgp:KE.001,same_project,"BATCH_REVIEW distinctive_named_asset_with_compatible_context: Distinctive name anchor(s) [garissa, solar] and shared asset family renewable_power identify the same underlying asset.",2026-08-26T07:30:45.138739+00:00,applied
MC-76636EDD396274,aiddata:73548,cla:AO.089.72,same_project,ASSISTANT_REVIEW exact_named_project: Muxaluando water-supply project and locality coincide.,2026-08-20T08:30:00+00:00,applied
MC-766D848D334ED4,aiddata:33040,cofi:GNQ2021002:debt,different_project,BATCH_REVIEW conflicting_financing_instruments: Fund types conflict (grant vs loan).,2026-08-26T07:30:45.138739+00:00,applied
MC-768CADA324D4D5,cgef:ML.006,codf:ML.006,same_project,BATCH_REVIEW reviewed_same_equivalence_closure: The pair is connected by a reviewed same-project decision and equivalent source identifiers.,2026-08-26T07:30:45.138739+00:00,applied
MC-76C0333A2A7E13,codf:KE.011,cofi:KEN2021002:debt,same_project,BATCH_REVIEW distinctive_named_asset_with_compatible_context: Distinctive name anchor(s) [olkaria] and matching sector energy identify the same underlying asset.,2026-08-26T07:30:45.138739+00:00,applied
MC-76D04FBC20761E,cla:ZM.025,cofi:ZMB2021001:debt,same_project,BATCH_REVIEW reviewed_same_equivalence_closure: The pair is connected by a reviewed same-project decision and equivalent source identifiers.,2026-08-26T07:30:45.138739+00:00,applied
MC-76D6039F99FC6D,cgef:GQ.004.12,codf:GQ.004.12,same_project,BATCH_REVIEW reviewed_same_equivalence_closure: The pair is connected by a reviewed same-project decision and equivalent source identifiers.,2026-08-26T07:30:45.138739+00:00,applied
MC-774FDDE8898057,aiddata:73589,cla:SC.015,different_project,"AUTO_REVIEW conflicting_project_component_identifier: Distinct lot, loan, phase, unit, package, section or stage identifiers indicate separately recorded project components.",2026-08-12T00:00:00+08:00,applied
MC-776A559C387E54,cgef:AO.003.50,cla:AO.003.50,same_project,"AUTO_REVIEW same_source_identifier_and_amount: The cross-source records share the same source-specific ID, fund type, sector and comparable amount (within 2%).",2026-08-12T00:00:00+08:00,applied
MC-77A0CD2341340C,cgef:UG.026,codf:UG.026,same_project,BATCH_REVIEW reviewed_same_equivalence_closure: The pair is connected by a reviewed same-project decision and equivalent source identifiers.,2026-08-26T07:30:45.138739+00:00,applied
MC-77B4BE92BD1A14,cla:BW.009,cofi:BWA2021001:debt,same_project,BATCH_REVIEW distinctive_named_asset_with_compatible_context: Distinctive name anchor(s) [morupule] and matching sector energy identify the same underlying asset.,2026-08-26T07:30:45.138739+00:00,applied
MC-77C045F8182FF0,cgef:CG.009.11,cgp:CG.001.3,same_project,"BATCH_REVIEW distinctive_named_asset_with_compatible_context: Distinctive name anchor(s) [hydropower, liouesso] and shared asset family hydropower identify the same underlying asset.",2026-08-26T07:30:45.138739+00:00,applied
MC-77C068CB6FBADB,cgp:GA.001.4,codf:GA.004,same_project,BATCH_REVIEW reviewed_same_equivalence_closure: The pair is connected by a reviewed same-project decision and equivalent source identifiers.,2026-08-26T07:30:45.138739+00:00,applied
MC-7870A46A478716,cgef:ZW.018,cla:ZW.018,same_project,BATCH_REVIEW reviewed_same_equivalence_closure: The pair is connected by a reviewed same-project decision and equivalent source identifiers.,2026-08-26T07:30:45.138739+00:00,applied
MC-78A15191DF1CD5,aiddata:91500,chapo:91501,different_project,"BATCH_REVIEW separate_after_full_evidence_check: No shared source identifier, compatible named-asset anchor, matching original commitment, technical specification, or explicit cross-source link supports consolidation; the records remain separate.",2026-08-26T07:30:45.138739+00:00,applied
MC-78BF6800089CE5,cgef:ET.097,cla:ET.097,same_project,BATCH_REVIEW reviewed_same_equivalence_closure: The pair is connected by a reviewed same-project decision and equivalent source identifiers.,2026-08-26T07:30:45.138739+00:00,applied
MC-78C50B9E6EF4E1,aiddata:1428,chapo:1521,different_project,"BATCH_REVIEW separate_after_full_evidence_check: No shared source identifier, compatible named-asset anchor, matching original commitment, technical specification, or explicit cross-source link supports consolidation; the records remain separate.",2026-08-26T07:30:45.138739+00:00,applied
MC-791BA0C0A4CAE1,aiddata:96774,chapo:96777,different_project,HUMAN_REVIEW imported from browser export; this decision takes precedence over automated rules.,2026-08-19T07:26:00.649Z,applied
MC-7938CD4BCEB087,cgef:ET.017,codf:ET.017,different_project,BATCH_REVIEW reviewed_difference_final_entity_guard: The proposed link would collapse records across an established different-project boundary.,2026-08-26T07:30:45.138739+00:00,applied
MC-79B2F9B4DD513A,cgp:CI.002.2,codf:CI.041,same_project,"BATCH_REVIEW same_established_entity: Both records already resolve to PM-7D8A61EF42E849 through a direct, automatic, or reviewed link.",2026-08-19T08:11:59.703611+00:00,applied
MC-79D107D66F20DB,cgp:ZA.005.2,cofi:ZAF2021004:debt,same_project,BATCH_REVIEW reviewed_same_equivalence_closure: The pair is connected by a reviewed same-project decision and equivalent source identifiers.,2026-08-26T07:30:45.138739+00:00,applied
MC-7AA430CC6E5878,cgp:CG.001.3,codf:CG.009.11,same_project,BATCH_REVIEW reviewed_same_equivalence_closure: The pair is connected by a reviewed same-project decision and equivalent source identifiers.,2026-08-26T07:30:45.138739+00:00,applied
MC-7AAEE653343CC0,aiddata:96777,chapo:96798,different_project,"BATCH_REVIEW conflicting_canonical_event_details: The fuller source descriptions identify different events: explicit currencies/amounts differ ([('eur', 500000000.0)] vs [('zar', 6000000000.0)]).",2026-08-20T09:31:06.061922+00:00,applied
MC-7AB13E23E2C73D,aiddata:59363,cgef:ET.061,same_project,ASSISTANT_REVIEW exact_named_project: Gibe III-Addis Ababa transmission-line route and project coincide.,2026-08-20T08:30:00+00:00,applied
MC-7AB61F230418B8,cgp:NG.005.2,cofi:NGA2021007:debt,same_project,BATCH_REVIEW reviewed_same_equivalence_closure: The pair is connected by a reviewed same-project decision and equivalent source identifiers.,2026-08-26T07:30:45.138739+00:00,applied
MC-7ACE1FDC466C01,cgef:ZM.023,cgp:ZM.004,same_project,"BATCH_REVIEW distinctive_named_asset_with_compatible_context: Distinctive name anchor(s) [hydropower, lusiwasi] and shared asset family hydropower identify the same underlying asset.",2026-08-26T07:30:45.138739+00:00,applied
MC-7AD6B08344601D,cla:AO.003.50,codf:AO.005.03,different_project,BATCH_REVIEW distinct_related_catalog_identifiers: Related finance catalogs use distinct project identifiers (AO.003.50 vs AO.005.03).,2026-08-19T08:11:59.703611+00:00,applied
MC-7AFB463884A764,aiddata:56989,codf:ZM.116,same_project,"BATCH_REVIEW matching_original_usd_commitment: The AidData title states the same original USD commitment as the finance-catalog record, with compatible project title and financing type.",2026-08-26T07:30:45.138739+00:00,applied
MC-7B3F917B4D1876,aiddata:30956,codf:GH.050,same_project,"BATCH_REVIEW matching_original_usd_commitment: The AidData title states the same original USD commitment as the finance-catalog record, with compatible project title and financing type.",2026-08-26T07:30:45.138739+00:00,applied
MC-7B4CB443295E38,cla:AO.005.03,codf:AO.003.50,different_project,BATCH_REVIEW distinct_related_catalog_identifiers: Related finance catalogs use distinct project identifiers (AO.005.03 vs AO.003.50).,2026-08-19T08:11:59.703611+00:00,applied
MC-7B62334FD14451,cla:AO.128,cofi:AGO2021004:debt,different_project,"BATCH_REVIEW separate_after_full_evidence_check: No shared source identifier, compatible named-asset anchor, matching original commitment, technical specification, or explicit cross-source link supports consolidation; the records remain separate.",2026-08-26T07:30:45.138739+00:00,applied
MC-7B72639465E58A,cla:UG.039,cofi:UGA2021002:debt,different_project,BATCH_REVIEW reviewed_difference_final_entity_guard: The proposed link would collapse records across an established different-project boundary.,2026-08-26T07:30:45.138739+00:00,applied
MC-7B7373D7CA3B70,aiddata:56989,cla:ZM.116,same_project,BATCH_REVIEW reviewed_same_equivalence_closure: The pair is connected by a reviewed same-project decision and equivalent source identifiers.,2026-08-26T07:30:45.138739+00:00,applied
MC-7B98170296650B,cgef:KE.086,cla:KE.087,different_project,BATCH_REVIEW distinct_related_catalog_identifiers: Related finance catalogs use distinct project identifiers (KE.086 vs KE.087).,2026-08-19T08:11:59.703611+00:00,applied
MC-7BA4460E2F534C,aiddata:158,cla:SD.002,same_project,HUMAN_REVIEW imported from browser export; this decision takes precedence over automated rules.,2026-08-20T02:40:27.129Z,applied
MC-7BDDFB891FF4F0,cgef:ZA.045,codf:ZA.045,same_project,BATCH_REVIEW reviewed_same_equivalence_closure: The pair is connected by a reviewed same-project decision and equivalent source identifiers.,2026-08-26T07:30:45.138739+00:00,applied
MC-7C353F639218FD,cla:CM.069,codf:CM.069,same_project,BATCH_REVIEW reviewed_same_equivalence_closure: The pair is connected by a reviewed same-project decision and equivalent source identifiers.,2026-08-26T07:30:45.138739+00:00,applied
MC-7C393BAA1286DC,aiddata:95946,chapo:95947,different_project,BATCH_REVIEW conflicting_canonical_event_details: The fuller source descriptions identify different events: months differ (['october'] vs ['december']).,2026-08-20T09:31:06.061922+00:00,applied
MC-7C5ECD00433CAA,cla:KE.040,codf:KE.040,same_project,BATCH_REVIEW reviewed_same_equivalence_closure: The pair is connected by a reviewed same-project decision and equivalent source identifiers.,2026-08-26T07:30:45.138739+00:00,applied
MC-7CA24534E81241,cgef:ET.096,codf:ET.097,different_project,BATCH_REVIEW distinct_related_catalog_identifiers: Related finance catalogs use distinct project identifiers (ET.096 vs ET.097).,2026-08-26T07:30:45.138739+00:00,applied
MC-7CA5761EDB38F9,cla:MA.001,cofi:MAR2021003:debt,same_project,BATCH_REVIEW distinctive_named_asset_with_compatible_context: Distinctive name anchor(s) [ifrane] and an asset family consistent with the counterpart sector identify the same underlying asset.,2026-08-26T07:30:45.138739+00:00,applied
MC-7CCA1F388105CE,aiddata:20573,chapo:20579,different_project,ASSISTANT_REVIEW conflicting_hospital: Melovue Hospital differs from Al Zariba Hospital.,2026-08-20T08:30:00+00:00,applied
MC-7CF9E0220E0812,aiddata:30956,cla:GH.050,same_project,BATCH_REVIEW reviewed_same_equivalence_closure: The pair is connected by a reviewed same-project decision and equivalent source identifiers.,2026-08-26T07:30:45.138739+00:00,applied
MC-7D3676D115E9F2,cgef:ET.096,cla:ET.096,same_project,BATCH_REVIEW reviewed_same_equivalence_closure: The pair is connected by a reviewed same-project decision and equivalent source identifiers.,2026-08-26T07:30:45.138739+00:00,applied
MC-7D3841B89500CC,cgef:ET.090,cla:ET.090,same_project,BATCH_REVIEW reviewed_same_equivalence_closure: The pair is connected by a reviewed same-project decision and equivalent source identifiers.,2026-08-26T07:30:45.138739+00:00,applied
MC-7D5DF79253AE5E,cgp:UG.002.1,cofi:UGA2021002:debt,same_project,BATCH_REVIEW reviewed_same_equivalence_closure: The pair is connected by a reviewed same-project decision and equivalent source identifiers.,2026-08-26T07:30:45.138739+00:00,applied
MC-7D6B2BC3659921,aiddata:96797,chapo:96776,different_project,"BATCH_REVIEW conflicting_canonical_event_details: The fuller source descriptions identify different events: explicit currencies/amounts differ ([('zar', 6000000000.0)] vs [('eur', 500000000.0)]).",2026-08-20T09:31:06.061922+00:00,applied
MC-7D85AC37078E7C,cgp:CI.001.2,cofi:CIV2021002:debt,same_project,BATCH_REVIEW distinctive_named_asset_with_compatible_context: Distinctive name anchor(s) [soubre] and matching sector energy identify the same underlying asset.,2026-08-26T07:30:45.138739+00:00,applied
MC-7DB973830836FD,cla:KE.086,codf:KE.087,different_project,BATCH_REVIEW distinct_related_catalog_identifiers: Related finance catalogs use distinct project identifiers (KE.086 vs KE.087).,2026-08-19T08:11:59.703611+00:00,applied
MC-7DC15A8F08AC5F,cgef:ET.098,cla:ET.090,different_project,BATCH_REVIEW distinct_related_catalog_identifiers: Related finance catalogs use distinct project identifiers (ET.098 vs ET.090).,2026-08-26T07:30:45.138739+00:00,applied
MC-7DCB7F13058CD4,aiddata:57596,cla:CM.077,same_project,HUMAN_REVIEW imported from browser export; this decision takes precedence over automated rules.,2026-08-20T02:40:48.450Z,applied
MC-7DCBCB3B3B2956,cgef:CM.069,codf:CM.069,same_project,BATCH_REVIEW reviewed_same_equivalence_closure: The pair is connected by a reviewed same-project decision and equivalent source identifiers.,2026-08-26T07:30:45.138739+00:00,applied
MC-7E37654F6586BB,cgp:ZA.001.1,codf:ZA.005,same_project,BATCH_REVIEW reviewed_same_equivalence_closure: The pair is connected by a reviewed same-project decision and equivalent source identifiers.,2026-08-26T07:30:45.138739+00:00,applied
MC-7E434BCF7FBD68,cla:GA.004,cofi:GAB2021001:debt,same_project,BATCH_REVIEW reviewed_same_equivalence_closure: The pair is connected by a reviewed same-project decision and equivalent source identifiers.,2026-08-26T07:30:45.138739+00:00,applied
MC-7E6709818B9C18,cgef:ML.006,cla:ML.006,same_project,BATCH_REVIEW reviewed_same_equivalence_closure: The pair is connected by a reviewed same-project decision and equivalent source identifiers.,2026-08-26T07:30:45.138739+00:00,applied
MC-7E746FEAD7DB5A,cgp:CM.002.1,codf:CM.010,same_project,"BATCH_REVIEW distinctive_named_asset_with_compatible_context: Distinctive name anchor(s) [hydropower, mekin] and shared asset family hydropower identify the same underlying asset.",2026-08-26T07:30:45.138739+00:00,applied
MC-7ED957FA6B250A,aiddata:314,cla:CM.041,same_project,"BATCH_REVIEW distinctive_named_asset_with_compatible_context: Distinctive name anchor(s) [douala, gyneco, hospital, obstetric, pediatric] and shared asset family health identify the same underlying asset.",2026-08-26T07:30:45.138739+00:00,applied
MC-7F09CD5F368E60,aiddata:67367,codf:AO.065.05,same_project,"BATCH_REVIEW matching_original_usd_commitment: The AidData title states the same original USD commitment as the finance-catalog record, with compatible project title and financing type.",2026-08-26T07:30:45.138739+00:00,applied
MC-7F23388DC68DB1,cgef:TG.012,cla:TG.012,same_project,BATCH_REVIEW reviewed_same_equivalence_closure: The pair is connected by a reviewed same-project decision and equivalent source identifiers.,2026-08-26T07:30:45.138739+00:00,applied
MC-7F64B7CF09FF33,cgp:RW.001.2,cofi:RWA2023001:debt,same_project,BATCH_REVIEW distinctive_named_asset_with_compatible_context: Distinctive name anchor(s) [nyabarongo] and matching sector energy identify the same underlying asset.,2026-08-26T07:30:45.138739+00:00,applied
MC-7F7D226976CE66,cgef:TG.030,cla:TG.030,same_project,BATCH_REVIEW reviewed_same_equivalence_closure: The pair is connected by a reviewed same-project decision and equivalent source identifiers.,2026-08-26T07:30:45.138739+00:00,applied
MC-7F853EAA6C29C1,aiddata:57536,cla:ZM.025,same_project,BATCH_REVIEW reviewed_same_equivalence_closure: The pair is connected by a reviewed same-project decision and equivalent source identifiers.,2026-08-26T07:30:45.138739+00:00,applied
MC-7FA121C2172755,aiddata:93481,chapo:93814,different_project,BATCH_REVIEW conflicting_canonical_event_details: The fuller source descriptions identify different events: months differ (['may'] vs ['april']).,2026-08-20T09:31:06.061922+00:00,applied
MC-7FABBD46939B0E,cgef:GH.066,codf:GH.066,same_project,BATCH_REVIEW reviewed_same_equivalence_closure: The pair is connected by a reviewed same-project decision and equivalent source identifiers.,2026-08-26T07:30:45.138739+00:00,applied
MC-7FC2F1401BFF42,codf:MA.005,cofi:MAR2021004:debt,same_project,BATCH_REVIEW reviewed_same_equivalence_closure: The pair is connected by a reviewed same-project decision and equivalent source identifiers.,2026-08-26T07:30:45.138739+00:00,applied
MC-7FCC20ABFCF524,cgef:TZ.006,codf:TZ.006,same_project,BATCH_REVIEW reviewed_same_equivalence_closure: The pair is connected by a reviewed same-project decision and equivalent source identifiers.,2026-08-26T07:30:45.138739+00:00,applied
MC-804AC5BB8F90BE,aiddata:67500,cla:SC.015,different_project,"AUTO_REVIEW conflicting_project_component_identifier: Distinct lot, loan, phase, unit, package, section or stage identifiers indicate separately recorded project components.",2026-08-12T00:00:00+08:00,applied
MC-8053C1490ABA00,aiddata:96928,chapo:96921,different_project,BATCH_REVIEW conflicting_canonical_event_details: The fuller source descriptions identify different events: months differ (['may'] vs ['august']).,2026-08-20T09:31:06.061922+00:00,applied
MC-807A1F2E90B472,cgef:BF.008,cla:BF.008,same_project,BATCH_REVIEW reviewed_same_equivalence_closure: The pair is connected by a reviewed same-project decision and equivalent source identifiers.,2026-08-26T07:30:45.138739+00:00,applied
MC-807A8AF3AF5979,cgef:GH.005,cla:GH.006,different_project,BATCH_REVIEW distinct_related_catalog_identifiers: Related finance catalogs use distinct project identifiers (GH.005 vs GH.006).,2026-08-26T07:30:45.138739+00:00,applied
MC-8086279229C31D,aiddata:94574,chapo:93398,different_project,BATCH_REVIEW conflicting_canonical_event_details: The fuller source descriptions identify different events: months differ (['november'] vs ['april']).,2026-08-26T07:30:45.138739+00:00,applied
MC-80BD9D7F06439B,aiddata:96796,chapo:96776,different_project,"BATCH_REVIEW conflicting_canonical_event_details: The fuller source descriptions identify different events: explicit currencies/amounts differ ([('eur', 1150000000.0)] vs [('eur', 500000000.0)]).",2026-08-20T09:31:06.061922+00:00,applied
MC-8179AC3BCE911A,cla:AO.089.24,codf:AO.089.20,different_project,HUMAN_REVIEW imported from browser export; this decision takes precedence over automated rules.,2026-08-19T06:59:56.736Z,applied
MC-81B60C402C6F6D,cla:MA.001,cofi:MAR2021001:debt,same_project,BATCH_REVIEW distinctive_named_asset_with_compatible_context: Distinctive name anchor(s) [hoceima] and an asset family consistent with the counterpart sector identify the same underlying asset.,2026-08-26T07:30:45.138739+00:00,applied
MC-823388680E7799,aiddata:93033,chapo:94608,same_project,"BATCH_REVIEW same_established_entity: Both records already resolve to PM-1B8FDD19ABAE62 through a direct, automatic, or reviewed link.",2026-08-19T08:11:59.703611+00:00,applied
MC-82453AC1D4A53C,aiddata:30915,codf:ET.055,same_project,"BATCH_REVIEW distinctive_named_asset_with_compatible_context: Distinctive name anchor(s) [airport, bole] and shared asset family airport identify the same underlying asset.",2026-08-26T07:30:45.138739+00:00,applied
MC-827AABA48342C2,cla:CG.009.22,codf:CG.009.02,different_project,"AUTO_REVIEW conflicting_project_component_identifier: Distinct lot, loan, phase, unit, package, section or stage identifiers indicate separately recorded project components.",2026-08-12T00:00:00+08:00,applied
MC-828C1D43497DC1,aiddata:53044,codf:ZM.052,same_project,"BATCH_REVIEW matching_original_usd_commitment: The AidData title states the same original USD commitment as the finance-catalog record, with compatible project title and financing type.",2026-08-20T09:31:06.061922+00:00,applied
MC-82BF92EE5EB7A2,cgp:ET.003.3,codf:ET.007,same_project,"BATCH_REVIEW distinctive_named_asset_with_compatible_context: Distinctive name anchor(s) [dawa, genale, hydropower] and shared asset family hydropower identify the same underlying asset.",2026-08-26T07:30:45.138739+00:00,applied
MC-82C6A0869E1F10,cla:AO.009.07,codf:AO.009.21,different_project,BATCH_REVIEW distinct_related_catalog_identifiers: Related finance catalogs use distinct project identifiers (AO.009.07 vs AO.009.21).,2026-08-19T08:11:59.703611+00:00,applied
MC-82D0019108085E,aiddata:16392,cla:KE.021,same_project,ASSISTANT_REVIEW exact_named_project: Kenya power-distribution modernization project coincides.,2026-08-20T08:30:00+00:00,applied
MC-8311C42E9C8AFB,aiddata:92003,chapo:92044,different_project,BATCH_REVIEW conflicting_canonical_event_details: The fuller source descriptions identify different events: months differ (['june'] vs ['november']).,2026-08-26T07:30:45.138739+00:00,applied
MC-83190F62F87B36,cla:AO.089.47,codf:AO.089.44,different_project,BATCH_REVIEW distinct_related_catalog_identifiers: Related finance catalogs use distinct project identifiers (AO.089.47 vs AO.089.44).,2026-08-19T08:11:59.703611+00:00,applied
MC-83AD6DC67313F2,cgef:TZ.007,cla:TZ.006,different_project,BATCH_REVIEW distinct_related_catalog_identifiers: Related finance catalogs use distinct project identifiers (TZ.007 vs TZ.006).,2026-08-26T07:30:45.138739+00:00,applied
MC-83F7FC399852FF,cgef:KE.040,codf:KE.040,same_project,BATCH_REVIEW reviewed_same_equivalence_closure: The pair is connected by a reviewed same-project decision and equivalent source identifiers.,2026-08-26T07:30:45.138739+00:00,applied
MC-840AC8F16AE585,aiddata:67112,cgef:AO.145,same_project,BATCH_REVIEW reviewed_same_equivalence_closure: The pair is connected by a reviewed same-project decision and equivalent source identifiers.,2026-08-26T07:30:45.138739+00:00,applied
MC-84189D042E77F2,aiddata:93396,chapo:93398,different_project,BATCH_REVIEW conflicting_canonical_event_details: The fuller source descriptions identify different events: months differ (['march'] vs ['april']).,2026-08-26T07:30:45.138739+00:00,applied
MC-842550D38A516C,aiddata:95944,chapo:95866,different_project,BATCH_REVIEW conflicting_canonical_event_details: The fuller source descriptions identify different events: months differ (['august'] vs ['may']).,2026-08-20T09:31:06.061922+00:00,applied
MC-8477B323F29D41,codf:RW.024,cofi:RWA2023001:debt,same_project,BATCH_REVIEW reviewed_same_equivalence_closure: The pair is connected by a reviewed same-project decision and equivalent source identifiers.,2026-08-26T07:30:45.138739+00:00,applied
MC-84AED3179D59E2,cgp:KE.002,cla:KE.007,same_project,BATCH_REVIEW reviewed_same_equivalence_closure: The pair is connected by a reviewed same-project decision and equivalent source identifiers.,2026-08-26T07:30:45.138739+00:00,applied
MC-8578E8C62D6428,cgp:CG.001.2,codf:CG.009.04,same_project,BATCH_REVIEW reviewed_same_equivalence_closure: The pair is connected by a reviewed same-project decision and equivalent source identifiers.,2026-08-26T07:30:45.138739+00:00,applied
MC-85F7DD49E5BAB3,cgp:KE.001,codf:KE.040,same_project,"BATCH_REVIEW distinctive_named_asset_with_compatible_context: Distinctive name anchor(s) [garissa, solar] and shared asset family renewable_power identify the same underlying asset.",2026-08-26T07:30:45.138739+00:00,applied
MC-863C9DEA41C0B5,cgef:SD.097.05,cofi:SDN2021001:debt,same_project,BATCH_REVIEW distinctive_named_asset_with_compatible_context: Distinctive name anchor(s) [fulah] and matching sector energy identify the same underlying asset.,2026-08-26T07:30:45.138739+00:00,applied
MC-865858C621CABD,cgef:GQ.029,cofi:GNQ2021002:debt,same_project,BATCH_REVIEW reviewed_same_equivalence_closure: The pair is connected by a reviewed same-project decision and equivalent source identifiers.,2026-08-26T07:30:45.138739+00:00,applied
MC-868FA9F0F01A72,cgp:ZA.F.004.2,cofi:ZAF2021002:equity,same_project,BATCH_REVIEW matching_catalog_component_ordinal: CGP subrecord .2 aligns with COFI component II for the same named asset.,2026-08-26T07:30:45.138739+00:00,applied
MC-86AECAFB340E47,aiddata:57313,cla:MZ.055,same_project,"BATCH_REVIEW distinctive_named_asset_with_compatible_context: Distinctive name anchor(s) [digital, migration] and matching sector communications identify the same underlying asset.",2026-08-26T07:30:45.138739+00:00,applied
MC-86B4E5A07AB424,cla:AO.089.71,codf:AO.089.64,different_project,BATCH_REVIEW distinct_related_catalog_identifiers: Related finance catalogs use distinct project identifiers (AO.089.71 vs AO.089.64).,2026-08-19T08:11:59.703611+00:00,applied
MC-86BBB76080CC05,cgp:ZM.004,cla:ZM.023,same_project,BATCH_REVIEW reviewed_same_equivalence_closure: The pair is connected by a reviewed same-project decision and equivalent source identifiers.,2026-08-26T07:30:45.138739+00:00,applied
MC-87230F67682EB7,cgef:CI.048.02,codf:CI.048.01,different_project,BATCH_REVIEW distinct_related_catalog_identifiers: Related finance catalogs use distinct project identifiers (CI.048.02 vs CI.048.01).,2026-08-26T07:30:45.138739+00:00,applied
MC-872F40FF6A5FF1,cgp:ZA.001.2,cofi:ZAF2021006:debt,same_project,BATCH_REVIEW reviewed_same_equivalence_closure: The pair is connected by a reviewed same-project decision and equivalent source identifiers.,2026-08-26T07:30:45.138739+00:00,applied
MC-87925CB7957464,cla:ER.008,cofi:ERI2021001:debt,same_project,BATCH_REVIEW reviewed_same_equivalence_closure: The pair is connected by a reviewed same-project decision and equivalent source identifiers.,2026-08-26T07:30:45.138739+00:00,applied
MC-87E0B785646B26,cgp:ZA.005.1,cofi:ZAF2021004:debt,same_project,BATCH_REVIEW reviewed_same_equivalence_closure: The pair is connected by a reviewed same-project decision and equivalent source identifiers.,2026-08-26T07:30:45.138739+00:00,applied
MC-87EC5DDB30040F,cgef:TG.030,codf:TG.030,same_project,BATCH_REVIEW reviewed_same_equivalence_closure: The pair is connected by a reviewed same-project decision and equivalent source identifiers.,2026-08-26T07:30:45.138739+00:00,applied
MC-87FFBB7773A0D4,cla:CG.009.20,codf:CG.009.19,different_project,BATCH_REVIEW distinct_related_catalog_identifiers: Related finance catalogs use distinct project identifiers (CG.009.20 vs CG.009.19).,2026-08-19T08:11:59.703611+00:00,applied
MC-888A31545025CA,cla:GA.045,codf:GA.045,same_project,BATCH_REVIEW reviewed_same_equivalence_closure: The pair is connected by a reviewed same-project decision and equivalent source identifiers.,2026-08-26T07:30:45.138739+00:00,applied
MC-88951D1CD43A3D,cgef:ZM.012,codf:ZM.012,same_project,BATCH_REVIEW reviewed_same_equivalence_closure: The pair is connected by a reviewed same-project decision and equivalent source identifiers.,2026-08-26T07:30:45.138739+00:00,applied
MC-88A8EDA055B838,cgef:UG.008,codf:UG.039,different_project,BATCH_REVIEW distinct_related_catalog_identifiers: Related finance catalogs use distinct project identifiers (UG.008 vs UG.039).,2026-08-26T07:30:45.138739+00:00,applied
MC-88CF9DCD287A82,cgef:ET.068,codf:ET.068,same_project,BATCH_REVIEW reviewed_same_equivalence_closure: The pair is connected by a reviewed same-project decision and equivalent source identifiers.,2026-08-26T07:30:45.138739+00:00,applied
MC-88DBD5DF83A255,cgp:SD.001.9,cofi:SDN2021005:debt,same_project,BATCH_REVIEW distinctive_named_asset_with_compatible_context: Distinctive name anchor(s) [merowe] and matching sector energy identify the same underlying asset.,2026-08-26T07:30:45.138739+00:00,applied
MC-8912F20289CC6A,cgp:GN.002.4,cofi:GIN2021003:debt,same_project,BATCH_REVIEW reviewed_same_equivalence_closure: The pair is connected by a reviewed same-project decision and equivalent source identifiers.,2026-08-26T07:30:45.138739+00:00,applied
MC-891F2343F8793E,aiddata:95534,chapo:92780,different_project,BATCH_REVIEW conflicting_canonical_event_details: The fuller source descriptions identify different events: months differ (['april'] vs ['february']).,2026-08-20T09:31:06.061922+00:00,applied
MC-895B0B86F2E542,aiddata:53369,cla:RW.021,same_project,BATCH_REVIEW matching_named_project_specs: The named infrastructure project has matching technical specifications (km: [66.0]) and no phase/lot conflict.,2026-08-20T09:31:06.061922+00:00,applied
MC-89BC509731F485,aiddata:30137,codf:ZW.016,same_project,"BATCH_REVIEW distinctive_named_asset_with_compatible_context: The financing boilerplate reduces to the same distinctive project name [airport, falls, renovation, victoria] with matching component qualifiers.",2026-08-26T07:30:45.138739+00:00,applied
MC-89BE7CA347FB58,aiddata:20508,chapo:20532,different_project,"BATCH_REVIEW separate_after_full_evidence_check: No shared source identifier, compatible named-asset anchor, matching original commitment, technical specification, or explicit cross-source link supports consolidation; the records remain separate.",2026-08-26T07:30:45.138739+00:00,applied
MC-89C248BCF047B4,aiddata:59494,codf:KE.085,same_project,BATCH_REVIEW reviewed_same_equivalence_closure: The pair is connected by a reviewed same-project decision and equivalent source identifiers.,2026-08-20T09:31:06.061922+00:00,applied
MC-8A317F616EDB28,cla:ZA.005,cofi:ZAF2023012:debt,same_project,BATCH_REVIEW distinctive_named_asset_with_compatible_context: Distinctive name anchor(s) [ingula] and matching sector energy identify the same underlying asset.,2026-08-26T07:30:45.138739+00:00,applied
MC-8A3E996F4D527B,aiddata:59519,codf:SN.007,different_project,"BATCH_REVIEW separate_after_full_evidence_check: No shared source identifier, compatible named-asset anchor, matching original commitment, technical specification, or explicit cross-source link supports consolidation; the records remain separate.",2026-08-26T07:30:45.138739+00:00,applied
MC-8A9E4DC12DEB4E,cla:SD.079,cofi:SDN2021005:debt,different_project,"BATCH_REVIEW separate_after_full_evidence_check: No shared source identifier, compatible named-asset anchor, matching original commitment, technical specification, or explicit cross-source link supports consolidation; the records remain separate.",2026-08-26T07:30:45.138739+00:00,applied
MC-8ABBEC01FD4232,cgef:ET.057,codf:ET.057,same_project,BATCH_REVIEW reviewed_same_equivalence_closure: The pair is connected by a reviewed same-project decision and equivalent source identifiers.,2026-08-26T07:30:45.138739+00:00,applied
MC-8ADD72BD0398C8,aiddata:93283,chapo:93284,different_project,"BATCH_REVIEW separate_after_full_evidence_check: No shared source identifier, compatible named-asset anchor, matching original commitment, technical specification, or explicit cross-source link supports consolidation; the records remain separate.",2026-08-26T07:30:45.138739+00:00,applied
MC-8B035CF171B6FC,cla:ET.017,cofi:ETH2021002:debt,different_project,BATCH_REVIEW reviewed_difference_final_entity_guard: The proposed link would collapse records across an established different-project boundary.,2026-08-26T07:30:45.138739+00:00,applied
MC-8BA36DE22A2C7E,aiddata:21273,chapo:32724,different_project,HUMAN_REVIEW imported from browser export; this decision takes precedence over automated rules.,2026-08-20T06:54:15.196Z,applied
MC-8BB91A600DBB6B,aiddata:58683,cla:NE.007,same_project,BATCH_REVIEW reviewed_same_equivalence_closure: The pair is connected by a reviewed same-project decision and equivalent source identifiers.,2026-08-26T07:30:45.138739+00:00,applied
MC-8BCAF55BADFCDF,cla:ET.017,codf:ET.017,different_project,BATCH_REVIEW reviewed_difference_final_entity_guard: The proposed link would collapse records across an established different-project boundary.,2026-08-26T07:30:45.138739+00:00,applied
MC-8BEF01B6EC3614,cgp:AO.001.3,codf:AO.009.71,same_project,"BATCH_REVIEW distinctive_named_asset_with_compatible_context: Distinctive name anchor(s) [hydropower, tchihumbwe] and shared asset family hydropower identify the same underlying asset.",2026-08-26T07:30:45.138739+00:00,applied
MC-8C454C91894871,cgef:MG.008,cla:MG.008,same_project,BATCH_REVIEW reviewed_same_equivalence_closure: The pair is connected by a reviewed same-project decision and equivalent source identifiers.,2026-08-26T07:30:45.138739+00:00,applied
MC-8CB0479CB417CA,cgp:CD.001.3,codf:CD.012,same_project,BATCH_REVIEW reviewed_same_equivalence_closure: The pair is connected by a reviewed same-project decision and equivalent source identifiers.,2026-08-26T07:30:45.138739+00:00,applied
MC-8CC99DAE45AECC,aiddata:93698,chapo:92314,different_project,BATCH_REVIEW conflicting_canonical_event_details: The fuller source descriptions identify different events: months differ (['august'] vs ['december']).,2026-08-26T07:30:45.138739+00:00,applied
MC-8CD80BA1D9A078,cgef:ET.098,codf:ET.098,same_project,BATCH_REVIEW reviewed_same_equivalence_closure: The pair is connected by a reviewed same-project decision and equivalent source identifiers.,2026-08-26T07:30:45.138739+00:00,applied
MC-8CFF44F66E2B13,aiddata:96773,chapo:96776,different_project,"BATCH_REVIEW conflicting_canonical_event_details: The fuller source descriptions identify different events: explicit currencies/amounts differ ([('eur', 1000000000.0)] vs [('eur', 500000000.0)]).",2026-08-26T07:30:45.138739+00:00,applied
MC-8D248DE5352A7B,cgef:ET.074,cla:ET.074,same_project,BATCH_REVIEW reviewed_same_equivalence_closure: The pair is connected by a reviewed same-project decision and equivalent source identifiers.,2026-08-26T07:30:45.138739+00:00,applied
MC-8D4E1422934D25,chapo:58697,cla:CM.091,different_project,BATCH_REVIEW conflicting_financing_instruments: Fund types conflict (grant vs loan).,2026-08-19T08:11:59.703611+00:00,applied
MC-8D8CCF4C683017,aiddata:93619,chapo:93616,different_project,BATCH_REVIEW conflicting_canonical_event_details: The fuller source descriptions identify different events: months differ (['september'] vs ['june']).,2026-08-20T09:31:06.061922+00:00,applied
MC-8DD11A227D3F6A,aiddata:68877,cla:CV.017,different_project,BATCH_REVIEW conflicting_financing_instruments: Fund types conflict (grant vs loan).,2026-08-26T07:30:45.138739+00:00,applied
MC-8DF926911CAAC0,cgp:NG.005.3,cofi:NGA2021007:debt,same_project,BATCH_REVIEW reviewed_same_equivalence_closure: The pair is connected by a reviewed same-project decision and equivalent source identifiers.,2026-08-26T07:30:45.138739+00:00,applied
MC-8E34867C08E48D,aiddata:100616,cgef:AO.075,same_project,BATCH_REVIEW reviewed_same_equivalence_closure: The pair is connected by a reviewed same-project decision and equivalent source identifiers.,2026-08-26T07:30:45.138739+00:00,applied
MC-8E44D8B6C1F401,aiddata:58379,cgp:ZA.005.5,same_project,BATCH_REVIEW reviewed_same_equivalence_closure: The pair is connected by a reviewed same-project decision and equivalent source identifiers.,2026-08-26T07:30:45.138739+00:00,applied
MC-8E526DA8921C34,aiddata:40801,cla:ZM.048,same_project,HUMAN_REVIEW imported from browser export; this decision takes precedence over automated rules.,2026-08-20T02:43:29.465Z,applied
MC-8E65FE163B2F3A,aiddata:2108,cla:GQ.042,same_project,BATCH_REVIEW reviewed_same_equivalence_closure: The pair is connected by a reviewed same-project decision and equivalent source identifiers.,2026-08-26T07:30:45.138739+00:00,applied
MC-8E67F1C86EEEA0,cgp:ET.003.1,cofi:ETH2021009:debt,same_project,"BATCH_REVIEW distinctive_named_asset_with_compatible_context: Distinctive name anchor(s) [dawa, genale] and matching sector energy identify the same underlying asset.",2026-08-26T07:30:45.138739+00:00,applied
MC-8EB57CD622BA44,aiddata:40893,codf:ZM.054,same_project,"BATCH_REVIEW matching_original_usd_commitment: The AidData title states the same original USD commitment as the finance-catalog record, with compatible project title and financing type.",2026-08-20T09:31:06.061922+00:00,applied
MC-8F0644046D246C,cgp:SD.001.4,cofi:SDN2021005:debt,same_project,BATCH_REVIEW distinctive_named_asset_with_compatible_context: Distinctive name anchor(s) [merowe] and matching sector energy identify the same underlying asset.,2026-08-26T07:30:45.138739+00:00,applied
MC-8F1A2979B7E5BB,aiddata:95613,chapo:95493,different_project,BATCH_REVIEW conflicting_canonical_event_details: The fuller source descriptions identify different events: months differ (['november'] vs ['march']).,2026-08-20T09:31:06.061922+00:00,applied
MC-8F55D7211798A9,aiddata:20579,chapo:20573,different_project,ASSISTANT_REVIEW conflicting_hospital: Al Zariba Hospital differs from Melovue Hospital.,2026-08-20T08:30:00+00:00,applied
MC-8F5DA23BD0DB1B,cgp:ML.001.1,cofi:MLI2021001:debt,same_project,BATCH_REVIEW distinctive_named_asset_with_compatible_context: Distinctive name anchor(s) [gouina] and matching sector energy identify the same underlying asset.,2026-08-26T07:30:45.138739+00:00,applied
MC-8F7CD3BAD03B39,cgef:CM.010,codf:CM.010,same_project,BATCH_REVIEW reviewed_same_equivalence_closure: The pair is connected by a reviewed same-project decision and equivalent source identifiers.,2026-08-26T07:30:45.138739+00:00,applied
MC-8F802DEA46B9CF,cgef:ET.033,codf:ET.033,same_project,BATCH_REVIEW reviewed_same_equivalence_closure: The pair is connected by a reviewed same-project decision and equivalent source identifiers.,2026-08-26T07:30:45.138739+00:00,applied
MC-8F8CBAA24BE4DA,cgp:CM.002.2,codf:CM.010,same_project,"BATCH_REVIEW distinctive_named_asset_with_compatible_context: Distinctive name anchor(s) [hydropower, mekin] and shared asset family hydropower identify the same underlying asset.",2026-08-26T07:30:45.138739+00:00,applied
MC-8FEE147BAD9ECC,aiddata:73554,cla:AO.089.64,same_project,ASSISTANT_REVIEW exact_named_phase: Malanje City water-supply project corresponds to Malanje Phase 2.,2026-08-20T08:30:00+00:00,applied
MC-8FFA0428F109D4,cgp:ET.001.1,cofi:ETH2021006:debt,same_project,HUMAN_REVIEW imported from browser export; this decision takes precedence over automated rules.,2026-08-21T02:44:36.730Z,applied
MC-8FFBA2CC657CC6,chapo:58705,cla:CM.091,same_project,"BATCH_REVIEW same_established_entity: Both records already resolve to PM-7C9B917012C28F through a direct, automatic, or reviewed link.",2026-08-19T08:11:59.703611+00:00,applied
MC-902AB10F1C5455,cla:ZW.018,codf:ZW.018,same_project,BATCH_REVIEW reviewed_same_equivalence_closure: The pair is connected by a reviewed same-project decision and equivalent source identifiers.,2026-08-26T07:30:45.138739+00:00,applied
MC-903CC7BBF7D5EC,cgp:UG.002.1,cla:UG.008,same_project,BATCH_REVIEW reviewed_same_equivalence_closure: The pair is connected by a reviewed same-project decision and equivalent source identifiers.,2026-08-26T07:30:45.138739+00:00,applied
MC-9053DD2DFEBBA2,aiddata:40801,cgef:ZM.048,same_project,HUMAN_REVIEW imported from browser export; this decision takes precedence over automated rules.,2026-08-20T02:44:01.856Z,applied
MC-91034971ABB265,aiddata:73550,cla:AO.089.68,same_project,ASSISTANT_REVIEW exact_named_project: Cuemba water-supply project and locality coincide.,2026-08-20T08:30:00+00:00,applied
MC-91A09028DCB48A,cla:AO.089.49,codf:AO.089.47,different_project,BATCH_REVIEW distinct_related_catalog_identifiers: Related finance catalogs use distinct project identifiers (AO.089.49 vs AO.089.47).,2026-08-19T08:11:59.703611+00:00,applied
MC-91C3A5BBAA85FF,cla:GQ.029,codf:GQ.029,same_project,BATCH_REVIEW reviewed_same_equivalence_closure: The pair is connected by a reviewed same-project decision and equivalent source identifiers.,2026-08-26T07:30:45.138739+00:00,applied
MC-91C4535BB27C1B,aiddata:92174,cgef:ET.090,same_project,BATCH_REVIEW reviewed_same_equivalence_closure: The pair is connected by a reviewed same-project decision and equivalent source identifiers.,2026-08-26T07:30:45.138739+00:00,applied
MC-91F82D21F70B38,aiddata:354,cgp:ZM.001.1,same_project,BATCH_REVIEW reviewed_same_equivalence_closure: The pair is connected by a reviewed same-project decision and equivalent source identifiers.,2026-08-26T07:30:45.138739+00:00,applied
MC-9227A04CAC4604,cgef:ET.097,codf:ET.098,different_project,BATCH_REVIEW distinct_related_catalog_identifiers: Related finance catalogs use distinct project identifiers (ET.097 vs ET.098).,2026-08-26T07:30:45.138739+00:00,applied
MC-925B0D27934EDB,aiddata:58582,cla:CM.026,same_project,BATCH_REVIEW reviewed_same_equivalence_closure: The pair is connected by a reviewed same-project decision and equivalent source identifiers.,2026-08-26T07:30:45.138739+00:00,applied
MC-9263AC856E88F3,aiddata:93814,chapo:93481,different_project,BATCH_REVIEW conflicting_canonical_event_details: The fuller source descriptions identify different events: months differ (['april'] vs ['may']).,2026-08-20T09:31:06.061922+00:00,applied
MC-92ADC4A03B31E7,aiddata:58350,cofi:KEN2021004:debt,same_project,BATCH_REVIEW reviewed_same_equivalence_closure: The pair is connected by a reviewed same-project decision and equivalent source identifiers.,2026-08-26T07:30:45.138739+00:00,applied
MC-9300DF4DD2D5AF,aiddata:87016,cgef:GQ.027.02,same_project,"BATCH_REVIEW matching_original_usd_commitment: The AidData title states the same original USD commitment as the finance-catalog record, with compatible project title and financing type.",2026-08-26T07:30:45.138739+00:00,applied
MC-930E4D9AC31100,cgef:UG.039,cgp:UG.002.4,different_project,BATCH_REVIEW reviewed_difference_final_entity_guard: The proposed link would collapse records across an established different-project boundary.,2026-08-26T07:30:45.138739+00:00,applied
MC-932F8935D88E4C,cgp:CI.001.3,codf:CI.009,same_project,"BATCH_REVIEW distinctive_named_asset_with_compatible_context: Distinctive name anchor(s) [hydropower, soubre] and shared asset family hydropower identify the same underlying asset.",2026-08-26T07:30:45.138739+00:00,applied
MC-933E139FF2FCBB,aiddata:34844,cla:AO.003.31,same_project,BATCH_REVIEW reviewed_same_equivalence_closure: The pair is connected by a reviewed same-project decision and equivalent source identifiers.,2026-08-26T07:30:45.138739+00:00,applied
MC-937741F0D2C934,aiddata:73183,cla:GH.002,different_project,ASSISTANT_REVIEW conflicting_financing_record: USD6.4m seller-credit record differs from the RMB seller-credit entry.,2026-08-20T08:30:00+00:00,applied
MC-93A5C7FDA90295,aiddata:54083,cla:SD.111,different_project,BATCH_REVIEW conflicting_financing_instruments: Fund types conflict (grant vs loan).,2026-08-26T07:30:45.138739+00:00,applied
MC-93CB9177DC6B06,cgp:ZA.001.6,cofi:ZAF2021006:debt,same_project,BATCH_REVIEW reviewed_same_equivalence_closure: The pair is connected by a reviewed same-project decision and equivalent source identifiers.,2026-08-26T07:30:45.138739+00:00,applied
MC-93FB3A86E1674C,cgp:ET.002.1,codf:ET.017,different_project,BATCH_REVIEW conflicting_financing_instruments: Fund types conflict (equity vs loan).,2026-08-26T07:30:45.138739+00:00,applied
MC-94780D28263BCE,cla:AO.089.23,codf:AO.089.22,different_project,"AUTO_REVIEW conflicting_project_component_identifier: Distinct lot, loan, phase, unit, package, section or stage identifiers indicate separately recorded project components.",2026-08-12T00:00:00+08:00,applied
MC-947B47763C1D90,cgef:CM.069,cofi:CMR2021004:debt,same_project,BATCH_REVIEW distinctive_named_asset_with_compatible_context: Distinctive name anchor(s) [memve] and matching sector energy identify the same underlying asset.,2026-08-26T07:30:45.138739+00:00,applied
MC-947B839C43AD95,cgef:MG.008,cgp:MG.001,same_project,BATCH_REVIEW reviewed_same_equivalence_closure: The pair is connected by a reviewed same-project decision and equivalent source identifiers.,2026-08-26T07:30:45.138739+00:00,applied
MC-94BF7C52BB0190,aiddata:96800,chapo:96776,different_project,"BATCH_REVIEW conflicting_canonical_event_details: The fuller source descriptions identify different events: explicit currencies/amounts differ ([('zar', 2000000000.0)] vs [('eur', 500000000.0)]).",2026-08-20T09:31:06.061922+00:00,applied
MC-94C9914F5375E6,cgef:CI.009,cofi:CIV2021002:equity,different_project,BATCH_REVIEW conflicting_financing_instruments: Fund types conflict (loan vs equity).,2026-08-26T07:30:45.138739+00:00,applied
MC-94D9F380E65467,aiddata:72967,cgef:ZM.097,same_project,"BATCH_REVIEW matching_original_usd_commitment: The AidData title states the same original USD commitment as the finance-catalog record, with compatible project title and financing type.",2026-08-20T09:31:06.061922+00:00,applied
MC-94E2FCE7A17D83,aiddata:91872,cla:DJ.024,same_project,"BATCH_REVIEW matching_original_usd_commitment: The AidData title states the same original USD commitment as the finance-catalog record, with compatible project title and financing type.",2026-08-26T07:30:45.138739+00:00,applied
MC-94F4A2D5346806,aiddata:87016,cla:GQ.027.02,same_project,BATCH_REVIEW reviewed_same_equivalence_closure: The pair is connected by a reviewed same-project decision and equivalent source identifiers.,2026-08-26T07:30:45.138739+00:00,applied
MC-95609E331469AD,aiddata:57313,codf:MZ.055,same_project,BATCH_REVIEW reviewed_same_equivalence_closure: The pair is connected by a reviewed same-project decision and equivalent source identifiers.,2026-08-26T07:30:45.138739+00:00,applied
MC-956BD44F78B1D3,cgp:GN.001.1,codf:GN.006,same_project,"BATCH_REVIEW distinctive_named_asset_with_compatible_context: Distinctive name anchor(s) [hydropower, kaleta] and shared asset family hydropower identify the same underlying asset.",2026-08-26T07:30:45.138739+00:00,applied
MC-95B7E171B2455A,cgp:UG.002.3,codf:UG.008,different_project,BATCH_REVIEW reviewed_difference_final_entity_guard: The proposed link would collapse records across an established different-project boundary.,2026-08-26T07:30:45.138739+00:00,applied
MC-961030FFBB1370,aiddata:34848,cgef:AO.003.20,same_project,"BATCH_REVIEW matching_original_usd_commitment: The AidData title states the same original USD commitment as the finance-catalog record, with compatible project title and financing type.",2026-08-20T09:31:06.061922+00:00,applied
MC-9619378265B7E4,cgef:TZ.007,cla:TZ.007,same_project,BATCH_REVIEW reviewed_same_equivalence_closure: The pair is connected by a reviewed same-project decision and equivalent source identifiers.,2026-08-26T07:30:45.138739+00:00,applied
MC-964A83037E5AE9,cgp:CG.001.2,codf:CG.009.11,same_project,BATCH_REVIEW reviewed_same_equivalence_closure: The pair is connected by a reviewed same-project decision and equivalent source identifiers.,2026-08-26T07:30:45.138739+00:00,applied
MC-966F4379343550,cgef:MR.013,cla:MR.013,same_project,BATCH_REVIEW reviewed_same_equivalence_closure: The pair is connected by a reviewed same-project decision and equivalent source identifiers.,2026-08-26T07:30:45.138739+00:00,applied
MC-967323E9B82387,aiddata:53369,codf:RW.021,same_project,BATCH_REVIEW reviewed_same_equivalence_closure: The pair is connected by a reviewed same-project decision and equivalent source identifiers.,2026-08-20T09:31:06.061922+00:00,applied
MC-967AD5B60E72ED,aiddata:36438,codf:ML.023,same_project,BATCH_REVIEW reviewed_same_equivalence_closure: The pair is connected by a reviewed same-project decision and equivalent source identifiers.,2026-08-26T07:30:45.138739+00:00,applied
MC-9697E113623B2A,cla:TG.030,codf:TG.030,same_project,BATCH_REVIEW reviewed_same_equivalence_closure: The pair is connected by a reviewed same-project decision and equivalent source identifiers.,2026-08-26T07:30:45.138739+00:00,applied
MC-96D0DF564AFA4C,aiddata:1007,cgp:SD.003,same_project,BATCH_REVIEW distinctive_named_asset_with_compatible_context: Distinctive name anchor(s) [fulah] and shared asset family thermal_power identify the same underlying asset.,2026-08-26T07:30:45.138739+00:00,applied
MC-96D5524B987F47,aiddata:93616,chapo:93619,different_project,BATCH_REVIEW conflicting_canonical_event_details: The fuller source descriptions identify different events: months differ (['june'] vs ['september']).,2026-08-20T09:31:06.061922+00:00,applied
MC-970AB73D086B17,aiddata:93711,chapo:93697,different_project,BATCH_REVIEW conflicting_canonical_event_details: The fuller source descriptions identify different events: months differ (['april'] vs ['august']).,2026-08-26T07:30:45.138739+00:00,applied
MC-97B54DB73E7B0B,cgef:AO.080,cla:AO.080,same_project,BATCH_REVIEW reviewed_same_equivalence_closure: The pair is connected by a reviewed same-project decision and equivalent source identifiers.,2026-08-26T07:30:45.138739+00:00,applied
MC-9830523D856322,cla:ZM.122,codf:ZM.122,same_project,BATCH_REVIEW reviewed_same_equivalence_closure: The pair is connected by a reviewed same-project decision and equivalent source identifiers.,2026-08-26T07:30:45.138739+00:00,applied
MC-98DC47C147DBA0,cgp:ZA.001.3,codf:ZA.005,same_project,BATCH_REVIEW reviewed_same_equivalence_closure: The pair is connected by a reviewed same-project decision and equivalent source identifiers.,2026-08-26T07:30:45.138739+00:00,applied
MC-98E0E4770E9691,cgp:ZW.001.2,cofi:ZWE2021002:debt,same_project,BATCH_REVIEW reviewed_same_equivalence_closure: The pair is connected by a reviewed same-project decision and equivalent source identifiers.,2026-08-26T07:30:45.138739+00:00,applied
MC-991675B173549E,cgp:GA.001.2,codf:GA.045,same_project,BATCH_REVIEW reviewed_same_equivalence_closure: The pair is connected by a reviewed same-project decision and equivalent source identifiers.,2026-08-26T07:30:45.138739+00:00,applied
MC-991EB0AB63A3ED,aiddata:96776,chapo:96797,different_project,"BATCH_REVIEW conflicting_canonical_event_details: The fuller source descriptions identify different events: explicit currencies/amounts differ ([('eur', 500000000.0)] vs [('zar', 6000000000.0)]).",2026-08-20T09:31:06.061922+00:00,applied
MC-99B7465839063D,aiddata:93292,chapo:93284,different_project,"BATCH_REVIEW separate_after_full_evidence_check: No shared source identifier, compatible named-asset anchor, matching original commitment, technical specification, or explicit cross-source link supports consolidation; the records remain separate.",2026-08-26T07:30:45.138739+00:00,applied
MC-99B8DDB0DB6ECA,cgef:GQ.010,cgp:GQ.002,same_project,"BATCH_REVIEW distinctive_named_asset_with_compatible_context: Distinctive name anchor(s) [malabo, power] and shared asset family thermal_power identify the same underlying asset.",2026-08-26T07:30:45.138739+00:00,applied
MC-99C1145432F5C2,aiddata:93882,chapo:93482,different_project,BATCH_REVIEW conflicting_component_ordinal: Titles identify different components: batch: ['1'] vs ['2'].,2026-08-19T08:11:59.703611+00:00,applied
MC-9A19290E59E183,cgp:ZA.005.3,codf:ZA.044,same_project,BATCH_REVIEW reviewed_same_equivalence_closure: The pair is connected by a reviewed same-project decision and equivalent source identifiers.,2026-08-26T07:30:45.138739+00:00,applied
MC-9A3613344D8A58,cgef:GH.022,codf:GH.022,same_project,BATCH_REVIEW reviewed_same_equivalence_closure: The pair is connected by a reviewed same-project decision and equivalent source identifiers.,2026-08-26T07:30:45.138739+00:00,applied
MC-9A41AF3EF54777,cgp:CI.001.4,codf:CI.009,same_project,"BATCH_REVIEW distinctive_named_asset_with_compatible_context: Distinctive name anchor(s) [hydropower, soubre] and shared asset family hydropower identify the same underlying asset.",2026-08-26T07:30:45.138739+00:00,applied
MC-9A94677D03B6E9,aiddata:31888,codf:CM.068,same_project,BATCH_REVIEW reviewed_same_equivalence_closure: The pair is connected by a reviewed same-project decision and equivalent source identifiers.,2026-08-26T07:30:45.138739+00:00,applied
MC-9AF47460C3D996,aiddata:72967,cla:ZM.097,same_project,BATCH_REVIEW reviewed_same_equivalence_closure: The pair is connected by a reviewed same-project decision and equivalent source identifiers.,2026-08-20T09:31:06.061922+00:00,applied
MC-9B2B64277C28F0,aiddata:96799,chapo:96796,different_project,"BATCH_REVIEW conflicting_canonical_event_details: The fuller source descriptions identify different events: explicit currencies/amounts differ ([('zar', 2000000000.0)] vs [('eur', 1150000000.0)]).",2026-08-20T09:31:06.061922+00:00,applied
MC-9B4A5F9E9CEFFE,aiddata:57536,cgp:ZM.002.1,same_project,"BATCH_REVIEW distinctive_named_asset_with_compatible_context: Distinctive name anchor(s) [gorge, hydropower, kafue, lower] and shared asset family hydropower identify the same underlying asset.",2026-08-26T07:30:45.138739+00:00,applied
MC-9B57DFB7051F5B,cla:AO.089.46,codf:AO.089.46,same_project,BATCH_REVIEW reviewed_same_equivalence_closure: The pair is connected by a reviewed same-project decision and equivalent source identifiers.,2026-08-26T07:30:45.138739+00:00,applied
MC-9B7B2C6A658B06,aiddata:95866,chapo:95944,different_project,BATCH_REVIEW conflicting_canonical_event_details: The fuller source descriptions identify different events: months differ (['may'] vs ['august']).,2026-08-20T09:31:06.061922+00:00,applied
MC-9B7E6494E044D3,cla:AO.089.23,codf:AO.089.21,different_project,"AUTO_REVIEW conflicting_project_component_identifier: Distinct lot, loan, phase, unit, package, section or stage identifiers indicate separately recorded project components.",2026-08-12T00:00:00+08:00,applied
MC-9B8AB2EC75484B,cgef:KE.011,cla:KE.011,same_project,BATCH_REVIEW reviewed_same_equivalence_closure: The pair is connected by a reviewed same-project decision and equivalent source identifiers.,2026-08-26T07:30:45.138739+00:00,applied
MC-9BB650ACD6A7D4,aiddata:93719,chapo:93398,different_project,BATCH_REVIEW conflicting_canonical_event_details: The fuller source descriptions identify different events: months differ (['october'] vs ['april']).,2026-08-26T07:30:45.138739+00:00,applied
MC-9BBEAD5AFA3604,cgef:AO.089.47,cla:AO.089.45,different_project,BATCH_REVIEW distinct_related_catalog_identifiers: Related finance catalogs use distinct project identifiers (AO.089.47 vs AO.089.45).,2026-08-19T08:11:59.703611+00:00,applied
MC-9BCE743A185653,aiddata:61221,codf:GQ.024,same_project,BATCH_REVIEW reviewed_same_equivalence_closure: The pair is connected by a reviewed same-project decision and equivalent source identifiers.,2026-08-26T07:30:45.138739+00:00,applied
MC-9BE28C3FAB82D3,cla:KE.011,codf:KE.011,same_project,BATCH_REVIEW reviewed_same_equivalence_closure: The pair is connected by a reviewed same-project decision and equivalent source identifiers.,2026-08-26T07:30:45.138739+00:00,applied
MC-9C18681F76CB5A,cgef:KE.007,cla:KE.007,same_project,BATCH_REVIEW reviewed_same_equivalence_closure: The pair is connected by a reviewed same-project decision and equivalent source identifiers.,2026-08-26T07:30:45.138739+00:00,applied
MC-9C466DBA3F3B2D,cgp:RW.001.1,cofi:RWA2023001:debt,same_project,BATCH_REVIEW distinctive_named_asset_with_compatible_context: Distinctive name anchor(s) [nyabarongo] and matching sector energy identify the same underlying asset.,2026-08-26T07:30:45.138739+00:00,applied
MC-9C72D72894AF70,cla:AO.089.47,codf:AO.089.49,different_project,BATCH_REVIEW distinct_related_catalog_identifiers: Related finance catalogs use distinct project identifiers (AO.089.47 vs AO.089.49).,2026-08-19T08:11:59.703611+00:00,applied
MC-9C83F37C0543EF,cgp:AO.002,cla:AO.061,same_project,"BATCH_REVIEW distinctive_named_asset_with_compatible_context: Distinctive name anchor(s) [cabaca, caculo, hydropower] and shared asset family hydropower identify the same underlying asset.",2026-08-26T07:30:45.138739+00:00,applied
MC-9C8ED280A54ADD,cla:SN.023,codf:SN.023,same_project,BATCH_REVIEW reviewed_same_equivalence_closure: The pair is connected by a reviewed same-project decision and equivalent source identifiers.,2026-08-26T07:30:45.138739+00:00,applied
MC-9CBF0057ECA9E7,aiddata:59224,cla:CD.006.41,same_project,"BATCH_REVIEW matching_original_usd_commitment: The AidData title states the same original USD commitment as the finance-catalog record, with compatible project title and financing type.",2026-08-20T09:31:06.061922+00:00,applied
MC-9CFC51362A41C6,aiddata:96795,chapo:96796,same_project,BATCH_REVIEW explicit_cross_source_record_link: The fuller AidData title explicitly links record 96796; amounts are consistent across price bases (ratio 0.923).,2026-08-26T07:30:45.138739+00:00,applied
MC-9D1852EB3F1610,cgp:CD.001.2,cofi:COD2021002:debt,same_project,BATCH_REVIEW distinctive_named_asset_with_compatible_context: Distinctive name anchor(s) [zongo] and matching sector energy identify the same underlying asset.,2026-08-26T07:30:45.138739+00:00,applied
MC-9D26B7638DD1FD,aiddata:34589,cgef:AO.075,same_project,BATCH_REVIEW reviewed_same_equivalence_closure: The pair is connected by a reviewed same-project decision and equivalent source identifiers.,2026-08-26T07:30:45.138739+00:00,applied
MC-9D2C4D08A01B52,cgef:AO.009.09,codf:AO.009.09,same_project,BATCH_REVIEW reviewed_same_equivalence_closure: The pair is connected by a reviewed same-project decision and equivalent source identifiers.,2026-08-26T07:30:45.138739+00:00,applied
MC-9D46A78A8A881E,cgef:CD.011,codf:CD.011,same_project,BATCH_REVIEW reviewed_same_equivalence_closure: The pair is connected by a reviewed same-project decision and equivalent source identifiers.,2026-08-26T07:30:45.138739+00:00,applied
MC-9D9BE848F8F037,cgp:GA.001.2,cofi:GAB2021001:debt,same_project,BATCH_REVIEW reviewed_same_equivalence_closure: The pair is connected by a reviewed same-project decision and equivalent source identifiers.,2026-08-26T07:30:45.138739+00:00,applied
MC-9DC097DABABBBA,aiddata:43782,cgef:AO.056,same_project,BATCH_REVIEW reviewed_same_equivalence_closure: The pair is connected by a reviewed same-project decision and equivalent source identifiers.,2026-08-26T07:30:45.138739+00:00,applied
MC-9DCC0274B204B5,codf:GN.007,cofi:GIN2021003:debt,same_project,BATCH_REVIEW reviewed_same_equivalence_closure: The pair is connected by a reviewed same-project decision and equivalent source identifiers.,2026-08-26T07:30:45.138739+00:00,applied
MC-9DF3F526AD37A0,aiddata:91501,chapo:91497,different_project,BATCH_REVIEW conflicting_canonical_event_details: The fuller source descriptions identify different events: months differ (['september'] vs ['november']).,2026-08-26T07:30:45.138739+00:00,applied
MC-9DF4988695AECB,cla:GH.022,codf:GH.066,different_project,"AUTO_REVIEW conflicting_project_component_identifier: Distinct lot, loan, phase, unit, package, section or stage identifiers indicate separately recorded project components.",2026-08-12T00:00:00+08:00,applied
MC-9E08EC8B0011E1,codf:GQ.010,cofi:GNQ2021002:debt,same_project,BATCH_REVIEW distinctive_named_asset_with_compatible_context: Distinctive name anchor(s) [malabo] and matching sector energy identify the same underlying asset.,2026-08-26T07:30:45.138739+00:00,applied
MC-9E78434300DD62,aiddata:66871,codf:AO.089.35,same_project,"BATCH_REVIEW distinctive_named_asset_with_compatible_context: Distinctive name anchor(s) [airport, cabinda] and shared asset family airport identify the same underlying asset.",2026-08-26T07:30:45.138739+00:00,applied
MC-9E990058A91E58,cgef:GA.006,cla:GA.006,same_project,BATCH_REVIEW reviewed_same_equivalence_closure: The pair is connected by a reviewed same-project decision and equivalent source identifiers.,2026-08-26T07:30:45.138739+00:00,applied
MC-9ECC5EE1C84A6F,aiddata:94315,chapo:92878,same_project,"BATCH_REVIEW explicit_linked_grant_with_consistent_amount: The AidData title explicitly links record 92878, and the grant amounts are consistent after price-basis adjustment (ratio 0.924).",2026-08-20T09:31:06.061922+00:00,applied
MC-9EF57094E752EF,cla:AO.089.20,codf:AO.089.24,different_project,HUMAN_REVIEW imported from browser export; this decision takes precedence over automated rules.,2026-08-19T07:00:02.663Z,applied
MC-9F0171EB5DD893,cgp:UG.002.6,cofi:UGA2021002:debt,same_project,BATCH_REVIEW reviewed_same_equivalence_closure: The pair is connected by a reviewed same-project decision and equivalent source identifiers.,2026-08-26T07:30:45.138739+00:00,applied
MC-9F26FB91585A4F,cgef:UG.008,cgp:UG.002.1,same_project,BATCH_REVIEW reviewed_same_equivalence_closure: The pair is connected by a reviewed same-project decision and equivalent source identifiers.,2026-08-26T07:30:45.138739+00:00,applied
MC-9F564C1482B1CF,cla:AO.089.45,codf:AO.089.46,different_project,BATCH_REVIEW distinct_related_catalog_identifiers: Related finance catalogs use distinct project identifiers (AO.089.45 vs AO.089.46).,2026-08-19T08:11:59.703611+00:00,applied
MC-9F66A7D7464E76,aiddata:53396,codf:CM.046,same_project,BATCH_REVIEW reviewed_same_equivalence_closure: The pair is connected by a reviewed same-project decision and equivalent source identifiers.,2026-08-20T09:31:06.061922+00:00,applied
MC-9F68C8330C7990,cgp:GA.001.1,cofi:GAB2021001:debt,same_project,BATCH_REVIEW reviewed_same_equivalence_closure: The pair is connected by a reviewed same-project decision and equivalent source identifiers.,2026-08-26T07:30:45.138739+00:00,applied
MC-9F6A54C65ADE40,cgef:AO.089.96,cla:AO.089.96,same_project,BATCH_REVIEW reviewed_same_equivalence_closure: The pair is connected by a reviewed same-project decision and equivalent source identifiers.,2026-08-26T07:30:45.138739+00:00,applied
MC-9F8C074D975AB4,cla:AO.065.07,codf:AO.065.08,different_project,BATCH_REVIEW distinct_related_catalog_identifiers: Related finance catalogs use distinct project identifiers (AO.065.07 vs AO.065.08).,2026-08-26T07:30:45.138739+00:00,applied
MC-9FBC8D8B7E2289,cgef:ZW.018,cofi:ZWE2021002:debt,same_project,BATCH_REVIEW reviewed_same_equivalence_closure: The pair is connected by a reviewed same-project decision and equivalent source identifiers.,2026-08-26T07:30:45.138739+00:00,applied
MC-9FE57886AFFF3C,aiddata:30087,cla:GH.021,same_project,"BATCH_REVIEW distinctive_named_asset_with_compatible_context: The financing boilerplate reduces to the same distinctive project name [cape, coast, kotokuraba, market] with matching component qualifiers.",2026-08-26T07:30:45.138739+00:00,applied
MC-A04203EF07DF20,cgp:UG.002.4,cla:UG.039,different_project,BATCH_REVIEW reviewed_difference_final_entity_guard: The proposed link would collapse records across an established different-project boundary.,2026-08-26T07:30:45.138739+00:00,applied
MC-A08577DC53B377,cla:ZW.086,cofi:ZWE2021002:debt,same_project,BATCH_REVIEW reviewed_same_equivalence_closure: The pair is connected by a reviewed same-project decision and equivalent source identifiers.,2026-08-26T07:30:45.138739+00:00,applied
MC-A08A64A5E744E7,aiddata:92044,chapo:92109,different_project,BATCH_REVIEW conflicting_canonical_event_details: The fuller source descriptions identify different events: months differ (['november'] vs ['december']).,2026-08-20T09:31:06.061922+00:00,applied
MC-A08B47F178578C,aiddata:2163,cla:SD.059,different_project,"AUTO_REVIEW conflicting_project_component_identifier: Distinct lot, loan, phase, unit, package, section or stage identifiers indicate separately recorded project components.",2026-08-12T00:00:00+08:00,applied
MC-A0BD64BB7CFA3D,aiddata:96797,chapo:96800,different_project,"BATCH_REVIEW conflicting_canonical_event_details: The fuller source descriptions identify different events: explicit currencies/amounts differ ([('zar', 6000000000.0)] vs [('zar', 2000000000.0)]).",2026-08-26T07:30:45.138739+00:00,applied
MC-A0C3A5AD67A68C,codf:AO.128,cofi:AGO2021004:debt,different_project,"BATCH_REVIEW separate_after_full_evidence_check: No shared source identifier, compatible named-asset anchor, matching original commitment, technical specification, or explicit cross-source link supports consolidation; the records remain separate.",2026-08-26T07:30:45.138739+00:00,applied
MC-A0D518573121EA,aiddata:94574,chapo:93719,different_project,BATCH_REVIEW conflicting_canonical_event_details: The fuller source descriptions identify different events: months differ (['november'] vs ['october']).,2026-08-26T07:30:45.138739+00:00,applied
MC-A0E548F8AAAEBA,cla:SD.097.09,codf:SD.097.09,same_project,BATCH_REVIEW reviewed_same_equivalence_closure: The pair is connected by a reviewed same-project decision and equivalent source identifiers.,2026-08-26T07:30:45.138739+00:00,applied
MC-A10601415C6DA2,aiddata:96278,chapo:94240,different_project,BATCH_REVIEW conflicting_canonical_event_details: The fuller source descriptions identify different events: months differ (['march'] vs ['february']).,2026-08-20T09:31:06.061922+00:00,applied
MC-A1223DFBFD5105,cla:KE.011,cofi:KEN2021004:debt,same_project,BATCH_REVIEW reviewed_same_equivalence_closure: The pair is connected by a reviewed same-project decision and equivalent source identifiers.,2026-08-26T07:30:45.138739+00:00,applied
MC-A13D8C6290E70F,aiddata:55557,cla:SC.015,different_project,"AUTO_REVIEW conflicting_project_component_identifier: Distinct lot, loan, phase, unit, package, section or stage identifiers indicate separately recorded project components.",2026-08-12T00:00:00+08:00,applied
MC-A140CEDD8FDE11,cgef:GQ.004.02,cofi:GNQ2021001:debt,same_project,BATCH_REVIEW reviewed_same_equivalence_closure: The pair is connected by a reviewed same-project decision and equivalent source identifiers.,2026-08-26T07:30:45.138739+00:00,applied
MC-A16AC267D56F8D,cgef:ET.096,cla:ET.090,different_project,BATCH_REVIEW distinct_related_catalog_identifiers: Related finance catalogs use distinct project identifiers (ET.096 vs ET.090).,2026-08-26T07:30:45.138739+00:00,applied
MC-A17760692C82AA,aiddata:57333,cla:CM.062,same_project,"BATCH_REVIEW matching_original_usd_commitment: The AidData title states the same original USD commitment as the finance-catalog record, with compatible project title and financing type.",2026-08-26T07:30:45.138739+00:00,applied
MC-A1941DF091FBBC,aiddata:73554,cla:AO.089.59,different_project,ASSISTANT_REVIEW conflicting_locality: Malanje City Phase 2 differs from the Massango project.,2026-08-20T08:30:00+00:00,applied
MC-A19F1CF69FE200,cla:AO.089.44,codf:AO.089.45,different_project,HUMAN_REVIEW imported from browser export; this decision takes precedence over automated rules.,2026-08-19T06:58:16.184Z,applied
MC-A1D2CEDEE92E59,aiddata:73549,cla:AO.089.70,same_project,ASSISTANT_REVIEW exact_named_project: Nharea water-supply project and locality coincide.,2026-08-20T08:30:00+00:00,applied
MC-A23B92534F651D,cgef:AO.083,codf:AO.083,same_project,BATCH_REVIEW reviewed_same_equivalence_closure: The pair is connected by a reviewed same-project decision and equivalent source identifiers.,2026-08-26T07:30:45.138739+00:00,applied
MC-A27F4E19B4390B,cgef:ZA.044,codf:ZA.044,same_project,BATCH_REVIEW reviewed_same_equivalence_closure: The pair is connected by a reviewed same-project decision and equivalent source identifiers.,2026-08-26T07:30:45.138739+00:00,applied
MC-A28FEBC52FC371,cgp:LS.001.2,codf:LS.012,same_project,"BATCH_REVIEW distinctive_named_asset_with_compatible_context: Distinctive name anchor(s) [ramarothole, solar] and shared asset family renewable_power identify the same underlying asset.",2026-08-26T07:30:45.138739+00:00,applied
MC-A29FC2E46E93B5,aiddata:40735,cla:MZ.056,same_project,BATCH_REVIEW reviewed_same_equivalence_closure: The pair is connected by a reviewed same-project decision and equivalent source identifiers.,2026-08-26T07:30:45.138739+00:00,applied
MC-A2A63C0DBBBCD7,codf:CD.011,cofi:COD2021001:debt,same_project,BATCH_REVIEW reviewed_same_equivalence_closure: The pair is connected by a reviewed same-project decision and equivalent source identifiers.,2026-08-26T07:30:45.138739+00:00,applied
MC-A364C3824CB814,cgef:CM.069,cla:CM.069,same_project,BATCH_REVIEW reviewed_same_equivalence_closure: The pair is connected by a reviewed same-project decision and equivalent source identifiers.,2026-08-26T07:30:45.138739+00:00,applied
MC-A36C84A55F733D,cgef:ET.097,codf:ET.090,different_project,BATCH_REVIEW distinct_related_catalog_identifiers: Related finance catalogs use distinct project identifiers (ET.097 vs ET.090).,2026-08-26T07:30:45.138739+00:00,applied
MC-A36F70DFBA038E,aiddata:178,cofi:SDN2021005:debt,same_project,"BATCH_REVIEW matching_original_usd_commitment: The AidData title states the same original USD commitment as the finance-catalog record, with compatible project title and financing type.",2026-08-26T07:30:45.138739+00:00,applied
MC-A373C3D49E5AC8,aiddata:256,cla:NE.003,same_project,BATCH_REVIEW reviewed_same_equivalence_closure: The pair is connected by a reviewed same-project decision and equivalent source identifiers.,2026-08-26T07:30:45.138739+00:00,applied
MC-A39740FE736675,cla:ET.097,codf:ET.098,different_project,BATCH_REVIEW distinct_related_catalog_identifiers: Related finance catalogs use distinct project identifiers (ET.097 vs ET.098).,2026-08-26T07:30:45.138739+00:00,applied
MC-A39C8EAB06C649,aiddata:67367,cla:AO.065.05,same_project,BATCH_REVIEW reviewed_same_equivalence_closure: The pair is connected by a reviewed same-project decision and equivalent source identifiers.,2026-08-26T07:30:45.138739+00:00,applied
MC-A40C9BA5822B03,cgp:UG.002.5,cofi:UGA2021002:debt,different_project,BATCH_REVIEW reviewed_difference_final_entity_guard: The proposed link would collapse records across an established different-project boundary.,2026-08-26T07:30:45.138739+00:00,applied
MC-A415F72123C459,cla:BF.008,codf:BF.008,same_project,BATCH_REVIEW reviewed_same_equivalence_closure: The pair is connected by a reviewed same-project decision and equivalent source identifiers.,2026-08-26T07:30:45.138739+00:00,applied
MC-A448D397C60CBF,aiddata:73905,codf:AO.089.76,same_project,ASSISTANT_REVIEW exact_named_project: Sambizanga social-housing project and 3000-unit scope coincide.,2026-08-20T08:30:00+00:00,applied
MC-A470934B006BC4,aiddata:34848,cla:AO.003.20,same_project,BATCH_REVIEW reviewed_same_equivalence_closure: The pair is connected by a reviewed same-project decision and equivalent source identifiers.,2026-08-20T09:31:06.061922+00:00,applied
MC-A48C3A64224796,cgef:KE.087,cla:KE.087,same_project,BATCH_REVIEW reviewed_same_equivalence_closure: The pair is connected by a reviewed same-project decision and equivalent source identifiers.,2026-08-26T07:30:45.138739+00:00,applied
MC-A524277B505832,cgef:AO.082,cla:AO.082,same_project,BATCH_REVIEW reviewed_same_equivalence_closure: The pair is connected by a reviewed same-project decision and equivalent source identifiers.,2026-08-26T07:30:45.138739+00:00,applied
MC-A533C793A80877,cgef:AO.056,codf:AO.056,same_project,BATCH_REVIEW reviewed_same_equivalence_closure: The pair is connected by a reviewed same-project decision and equivalent source identifiers.,2026-08-26T07:30:45.138739+00:00,applied
MC-A54985124A6161,aiddata:73435,cgef:AO.089.44,same_project,ASSISTANT_REVIEW exact_named_project: Huambo electrification and household-connections project coincide.,2026-08-20T08:30:00+00:00,applied
MC-A5778BEE940DAF,aiddata:67506,cla:AO.089.99,same_project,"BATCH_REVIEW matching_original_usd_commitment: The AidData title states the same original USD commitment as the finance-catalog record, with compatible project title and financing type.",2026-08-26T07:30:45.138739+00:00,applied
MC-A5B3FE743DEBBE,codf:ZA.005,cofi:ZAF2021006:debt,same_project,BATCH_REVIEW reviewed_same_equivalence_closure: The pair is connected by a reviewed same-project decision and equivalent source identifiers.,2026-08-26T07:30:45.138739+00:00,applied
MC-A5B68529B8FFA0,aiddata:96799,chapo:96801,different_project,"BATCH_REVIEW separate_after_full_evidence_check: No shared source identifier, compatible named-asset anchor, matching original commitment, technical specification, or explicit cross-source link supports consolidation; the records remain separate.",2026-08-26T07:30:45.138739+00:00,applied
MC-A5BB9F488EE8C1,cgef:ZA.005,cgp:ZA.001.6,same_project,BATCH_REVIEW reviewed_same_equivalence_closure: The pair is connected by a reviewed same-project decision and equivalent source identifiers.,2026-08-26T07:30:45.138739+00:00,applied
MC-A5DC5414AF5A88,cgp:GQ.001.1,cofi:GNQ2021001:debt,same_project,BATCH_REVIEW distinctive_named_asset_with_compatible_context: Distinctive name anchor(s) [djibloho] and matching sector energy identify the same underlying asset.,2026-08-26T07:30:45.138739+00:00,applied
MC-A5DE61380F683C,codf:ZM.023,cofi:ZMB2021006:debt,same_project,BATCH_REVIEW reviewed_same_equivalence_closure: The pair is connected by a reviewed same-project decision and equivalent source identifiers.,2026-08-26T07:30:45.138739+00:00,applied
MC-A5E87A138D5857,cgp:ZA.001.5,codf:ZA.005,same_project,BATCH_REVIEW reviewed_same_equivalence_closure: The pair is connected by a reviewed same-project decision and equivalent source identifiers.,2026-08-26T07:30:45.138739+00:00,applied
MC-A5FE1C78B9E09E,aiddata:96154,restruct:R.ET.01,same_project,"BATCH_REVIEW distinctive_named_asset_with_compatible_context: Distinctive name anchor(s) [addis, railway] and shared asset family railway identify the same underlying asset.",2026-08-26T07:30:45.138739+00:00,applied
MC-A608AF562505CF,cla:AO.089.11,codf:AO.089.10,different_project,BATCH_REVIEW distinct_related_catalog_identifiers: Related finance catalogs use distinct project identifiers (AO.089.11 vs AO.089.10).,2026-08-26T07:30:45.138739+00:00,applied
MC-A66A0984A8DA85,cgef:GQ.010,cofi:GNQ2021002:debt,same_project,BATCH_REVIEW reviewed_same_equivalence_closure: The pair is connected by a reviewed same-project decision and equivalent source identifiers.,2026-08-26T07:30:45.138739+00:00,applied
MC-A6CE017DF210DD,chapo:34843,cla:AO.003.30,same_project,BATCH_REVIEW reviewed_same_equivalence_closure: The pair is connected by a reviewed same-project decision and equivalent source identifiers.,2026-08-26T07:30:45.138739+00:00,applied
MC-A6D6E36BD1AAB5,cgp:GA.001.3,codf:GA.045,same_project,BATCH_REVIEW reviewed_same_equivalence_closure: The pair is connected by a reviewed same-project decision and equivalent source identifiers.,2026-08-26T07:30:45.138739+00:00,applied
MC-A6F0F89AA0E5F6,cgef:AO.089.48,codf:AO.089.48,same_project,BATCH_REVIEW reviewed_same_equivalence_closure: The pair is connected by a reviewed same-project decision and equivalent source identifiers.,2026-08-26T07:30:45.138739+00:00,applied
MC-A71C7F1B60DE2D,aiddata:73809,cla:AO.003.15,same_project,"BATCH_REVIEW distinctive_named_asset_with_compatible_context: The financing boilerplate reduces to the same distinctive project name [hospital, municipal, namibe] with matching component qualifiers.",2026-08-26T07:30:45.138739+00:00,applied
MC-A77C9CB686DAEA,aiddata:72043,chapo:68059,different_project,HUMAN_REVIEW imported from browser export; this decision takes precedence over automated rules.,2026-08-19T07:28:52.814Z,applied
MC-A7D973986E4FD5,aiddata:91500,chapo:91497,different_project,BATCH_REVIEW conflicting_canonical_event_details: The fuller source descriptions identify different events: months differ (['september'] vs ['november']).,2026-08-26T07:30:45.138739+00:00,applied
MC-A7FB52466F3E1B,cgp:ZM.004,codf:ZM.023,same_project,BATCH_REVIEW reviewed_same_equivalence_closure: The pair is connected by a reviewed same-project decision and equivalent source identifiers.,2026-08-26T07:30:45.138739+00:00,applied
MC-A80CA5D2564058,aiddata:96776,chapo:96777,different_project,BATCH_REVIEW reviewed_difference_final_entity_guard: The proposed link would collapse records across an established different-project boundary.,2026-08-26T07:30:45.138739+00:00,applied
MC-A829A148BF04B5,cgp:SD.001.1,cofi:SDN2021005:debt,same_project,BATCH_REVIEW distinctive_named_asset_with_compatible_context: Distinctive name anchor(s) [merowe] and matching sector energy identify the same underlying asset.,2026-08-26T07:30:45.138739+00:00,applied
MC-A83F8C36A2D7E1,cgef:KE.011,codf:KE.011,same_project,BATCH_REVIEW reviewed_same_equivalence_closure: The pair is connected by a reviewed same-project decision and equivalent source identifiers.,2026-08-26T07:30:45.138739+00:00,applied
MC-A84870C07F199C,aiddata:73400,codf:NG.053,same_project,HUMAN_REVIEW imported from browser export; this decision takes precedence over automated rules.,2026-08-20T02:44:32.553Z,applied
MC-A84D949DCD308F,aiddata:91496,chapo:91497,different_project,BATCH_REVIEW conflicting_canonical_event_details: The fuller source descriptions identify different events: months differ (['december'] vs ['november']).,2026-08-26T07:30:45.138739+00:00,applied
MC-A87413D4B15928,cgef:RW.024,cofi:RWA2023001:debt,same_project,BATCH_REVIEW reviewed_same_equivalence_closure: The pair is connected by a reviewed same-project decision and equivalent source identifiers.,2026-08-26T07:30:45.138739+00:00,applied
MC-A935FB93E267E0,aiddata:67506,codf:AO.089.99,same_project,BATCH_REVIEW reviewed_same_equivalence_closure: The pair is connected by a reviewed same-project decision and equivalent source identifiers.,2026-08-26T07:30:45.138739+00:00,applied
MC-A952919C681FDA,cla:KE.030,codf:KE.041,different_project,BATCH_REVIEW distinct_related_catalog_identifiers: Related finance catalogs use distinct project identifiers (KE.030 vs KE.041).,2026-08-26T07:30:45.138739+00:00,applied
MC-A959C89C61CF48,chapo:2324,codf:ZM.015,same_project,BATCH_REVIEW reviewed_same_equivalence_closure: The pair is connected by a reviewed same-project decision and equivalent source identifiers.,2026-08-26T07:30:45.138739+00:00,applied
MC-A981E52CCC5275,cgef:AO.081,cla:AO.081,same_project,BATCH_REVIEW reviewed_same_equivalence_closure: The pair is connected by a reviewed same-project decision and equivalent source identifiers.,2026-08-26T07:30:45.138739+00:00,applied
MC-A9A0DD59609B86,aiddata:95947,chapo:95946,different_project,BATCH_REVIEW conflicting_canonical_event_details: The fuller source descriptions identify different events: months differ (['december'] vs ['october']).,2026-08-20T09:31:06.061922+00:00,applied
MC-AA6B24B1AB8E24,cgp:SD.001.2,cofi:SDN2021005:debt,same_project,BATCH_REVIEW distinctive_named_asset_with_compatible_context: Distinctive name anchor(s) [merowe] and matching sector energy identify the same underlying asset.,2026-08-26T07:30:45.138739+00:00,applied
MC-AAB89A5E254A35,aiddata:96773,chapo:96800,different_project,"BATCH_REVIEW conflicting_canonical_event_details: The fuller source descriptions identify different events: explicit currencies/amounts differ ([('eur', 1000000000.0)] vs [('zar', 2000000000.0)]).",2026-08-20T09:31:06.061922+00:00,applied
MC-AAD3041DAE5773,cgef:UG.008,codf:UG.008,same_project,BATCH_REVIEW reviewed_same_equivalence_closure: The pair is connected by a reviewed same-project decision and equivalent source identifiers.,2026-08-26T07:30:45.138739+00:00,applied
MC-AADA8D995FEE54,aiddata:40801,codf:ZM.048,same_project,HUMAN_REVIEW imported from browser export; this decision takes precedence over automated rules.,2026-08-20T02:44:54.369Z,applied
MC-AADDF06517BE92,cla:ET.036,codf:ET.037,different_project,BATCH_REVIEW distinct_related_catalog_identifiers: Related finance catalogs use distinct project identifiers (ET.036 vs ET.037).,2026-08-26T07:30:45.138739+00:00,applied
MC-AB0C5A19160D22,cla:MA.005,codf:MA.005,same_project,BATCH_REVIEW reviewed_same_equivalence_closure: The pair is connected by a reviewed same-project decision and equivalent source identifiers.,2026-08-26T07:30:45.138739+00:00,applied
MC-AB14E133D60F99,aiddata:85311,cla:CD.006.31,same_project,"BATCH_REVIEW distinctive_named_asset_with_compatible_context: Distinctive name anchor(s) [kalemie, stadium] and shared asset family public_facility identify the same underlying asset.",2026-08-26T07:30:45.138739+00:00,applied
MC-AB78FDA7510FA1,aiddata:66579,chapo:12324,different_project,BATCH_REVIEW conflicting_canonical_event_details: The fuller source descriptions identify different events: batch: ['2'] vs ['1'].,2026-08-20T09:31:06.061922+00:00,applied
MC-AB851D3EE826AF,cla:ET.096,codf:ET.098,different_project,"AUTO_REVIEW conflicting_project_component_identifier: Distinct lot, loan, phase, unit, package, section or stage identifiers indicate separately recorded project components.",2026-08-12T00:00:00+08:00,applied
MC-ABB23E3D2230FE,aiddata:59809,cgef:CI.041,same_project,BATCH_REVIEW reviewed_same_equivalence_closure: The pair is connected by a reviewed same-project decision and equivalent source identifiers.,2026-08-26T07:30:45.138739+00:00,applied
MC-ABBC4B85A3F108,cgp:SD.001.10,cofi:SDN2021005:debt,same_project,BATCH_REVIEW distinctive_named_asset_with_compatible_context: Distinctive name anchor(s) [merowe] and matching sector energy identify the same underlying asset.,2026-08-26T07:30:45.138739+00:00,applied
MC-AC1D455952659E,cgef:UG.008,cofi:UGA2021002:debt,same_project,BATCH_REVIEW reviewed_same_equivalence_closure: The pair is connected by a reviewed same-project decision and equivalent source identifiers.,2026-08-26T07:30:45.138739+00:00,applied
MC-AC38947BA3D2CC,cla:ET.098,codf:ET.090,different_project,BATCH_REVIEW distinct_related_catalog_identifiers: Related finance catalogs use distinct project identifiers (ET.098 vs ET.090).,2026-08-26T07:30:45.138739+00:00,applied
MC-ACB32C3E33896F,cgef:UG.039,cofi:UGA2021002:debt,different_project,BATCH_REVIEW reviewed_difference_final_entity_guard: The proposed link would collapse records across an established different-project boundary.,2026-08-26T07:30:45.138739+00:00,applied
MC-ACC71CCF6A7CEE,cla:GQ.024,codf:GQ.024,same_project,BATCH_REVIEW reviewed_same_equivalence_closure: The pair is connected by a reviewed same-project decision and equivalent source identifiers.,2026-08-26T07:30:45.138739+00:00,applied
MC-AD51457E3C5410,cgef:ZW.018,codf:ZW.018,same_project,BATCH_REVIEW reviewed_same_equivalence_closure: The pair is connected by a reviewed same-project decision and equivalent source identifiers.,2026-08-26T07:30:45.138739+00:00,applied
MC-AD7DBDEE912A85,cgp:CI.002.3,cofi:CIV2021001:debt,same_project,BATCH_REVIEW reviewed_same_equivalence_closure: The pair is connected by a reviewed same-project decision and equivalent source identifiers.,2026-08-26T07:30:45.138739+00:00,applied
MC-ADCA15B41EEEAA,cgp:GA.001.3,cla:GA.045,same_project,BATCH_REVIEW reviewed_same_equivalence_closure: The pair is connected by a reviewed same-project decision and equivalent source identifiers.,2026-08-26T07:30:45.138739+00:00,applied
MC-AE7FF20D6EFA66,cla:CG.009.11,codf:CG.009.11,same_project,BATCH_REVIEW reviewed_same_equivalence_closure: The pair is connected by a reviewed same-project decision and equivalent source identifiers.,2026-08-26T07:30:45.138739+00:00,applied
MC-AEC561A2775EA5,aiddata:92767,chapo:92707,different_project,BATCH_REVIEW conflicting_canonical_event_details: The fuller source descriptions identify different events: months differ (['april'] vs ['may']).,2026-08-20T09:31:06.061922+00:00,applied
MC-AEFD5E6F04929E,aiddata:40893,cla:ZM.054,same_project,BATCH_REVIEW reviewed_same_equivalence_closure: The pair is connected by a reviewed same-project decision and equivalent source identifiers.,2026-08-20T09:31:06.061922+00:00,applied
MC-AF02255FFA1F25,cgp:CM.003.4,codf:CM.018,different_project,BATCH_REVIEW conflicting_financing_instruments: Fund types conflict (equity vs loan).,2026-08-26T07:30:45.138739+00:00,applied
MC-AF3D0D735E9963,aiddata:73462,codf:AO.089.86,same_project,"BATCH_REVIEW matching_original_usd_commitment: The AidData title states the same original USD commitment as the finance-catalog record, with compatible project title and financing type.",2026-08-26T07:30:45.138739+00:00,applied
MC-AF5A3543BD596B,cgef:CG.009.11,cgp:CG.001.1,same_project,BATCH_REVIEW reviewed_same_equivalence_closure: The pair is connected by a reviewed same-project decision and equivalent source identifiers.,2026-08-26T07:30:45.138739+00:00,applied
MC-AFD87BC0406F79,cla:ET.096,codf:ET.090,different_project,BATCH_REVIEW distinct_related_catalog_identifiers: Related finance catalogs use distinct project identifiers (ET.096 vs ET.090).,2026-08-26T07:30:45.138739+00:00,applied
MC-B03F0DE70F2071,cla:ET.037,codf:ET.035,different_project,BATCH_REVIEW distinct_related_catalog_identifiers: Related finance catalogs use distinct project identifiers (ET.037 vs ET.035).,2026-08-26T07:30:45.138739+00:00,applied
MC-B071292B6D3324,cgef:AO.061,cofi:AGO2021001:debt,same_project,"BATCH_REVIEW distinctive_named_asset_with_compatible_context: Distinctive name anchor(s) [cabaca, caculo] and matching sector energy identify the same underlying asset.",2026-08-26T07:30:45.138739+00:00,applied
MC-B071CBA893DBBC,cgef:ET.090,cla:ET.098,different_project,BATCH_REVIEW distinct_related_catalog_identifiers: Related finance catalogs use distinct project identifiers (ET.090 vs ET.098).,2026-08-26T07:30:45.138739+00:00,applied
MC-B09D7249519A15,aiddata:93396,chapo:93719,different_project,BATCH_REVIEW conflicting_canonical_event_details: The fuller source descriptions identify different events: months differ (['march'] vs ['october']).,2026-08-26T07:30:45.138739+00:00,applied
MC-B0A47E8FB35856,cgp:CI.001.3,cofi:CIV2021002:debt,same_project,BATCH_REVIEW reviewed_same_equivalence_closure: The pair is connected by a reviewed same-project decision and equivalent source identifiers.,2026-08-26T07:30:45.138739+00:00,applied
MC-B0A9853B5CBEC8,cgp:CD.001.2,codf:CD.012,same_project,BATCH_REVIEW reviewed_same_equivalence_closure: The pair is connected by a reviewed same-project decision and equivalent source identifiers.,2026-08-26T07:30:45.138739+00:00,applied
MC-B128281FE35CD8,cla:CG.009.04,codf:CG.009.04,same_project,BATCH_REVIEW reviewed_same_equivalence_closure: The pair is connected by a reviewed same-project decision and equivalent source identifiers.,2026-08-26T07:30:45.138739+00:00,applied
MC-B13C60BB5F8FCC,cla:AO.089.17,codf:AO.089.12,different_project,BATCH_REVIEW distinct_related_catalog_identifiers: Related finance catalogs use distinct project identifiers (AO.089.17 vs AO.089.12).,2026-08-19T08:11:59.703611+00:00,applied
MC-B17962C2611D16,codf:ET.033,cofi:ETH2021001:debt,different_project,BATCH_REVIEW reviewed_difference_final_entity_guard: The proposed link would collapse records across an established different-project boundary.,2026-08-26T07:30:45.138739+00:00,applied
MC-B18C6AD675B1AD,aiddata:31329,cla:ZM.085,same_project,BATCH_REVIEW reviewed_same_equivalence_closure: The pair is connected by a reviewed same-project decision and equivalent source identifiers.,2026-08-20T09:31:06.061922+00:00,applied
MC-B19E47D5AB4764,codf:CI.009,cofi:CIV2021002:debt,same_project,BATCH_REVIEW reviewed_same_equivalence_closure: The pair is connected by a reviewed same-project decision and equivalent source identifiers.,2026-08-26T07:30:45.138739+00:00,applied
MC-B1F35A48AB9BE9,cla:ET.090,codf:ET.090,same_project,BATCH_REVIEW reviewed_same_equivalence_closure: The pair is connected by a reviewed same-project decision and equivalent source identifiers.,2026-08-26T07:30:45.138739+00:00,applied
MC-B23A5EB6A66394,aiddata:30087,codf:GH.021,same_project,BATCH_REVIEW reviewed_same_equivalence_closure: The pair is connected by a reviewed same-project decision and equivalent source identifiers.,2026-08-26T07:30:45.138739+00:00,applied
MC-B23F17D0D092E3,cgp:ET.004,cofi:ETH2021003:debt,same_project,BATCH_REVIEW reviewed_same_equivalence_closure: The pair is connected by a reviewed same-project decision and equivalent source identifiers.,2026-08-26T07:30:45.138739+00:00,applied
MC-B261C2B08F14C6,cgp:ET.003.3,cofi:ETH2021009:debt,same_project,BATCH_REVIEW reviewed_same_equivalence_closure: The pair is connected by a reviewed same-project decision and equivalent source identifiers.,2026-08-26T07:30:45.138739+00:00,applied
MC-B277F6BB59F062,aiddata:96797,chapo:96773,different_project,"BATCH_REVIEW conflicting_canonical_event_details: The fuller source descriptions identify different events: explicit currencies/amounts differ ([('zar', 6000000000.0)] vs [('eur', 1000000000.0)]).",2026-08-20T09:31:06.061922+00:00,applied
MC-B2A5BAA12E2BB3,cgef:ET.096,codf:ET.096,same_project,BATCH_REVIEW reviewed_same_equivalence_closure: The pair is connected by a reviewed same-project decision and equivalent source identifiers.,2026-08-26T07:30:45.138739+00:00,applied
MC-B2B5707D5D08E7,aiddata:96774,chapo:96776,different_project,"BATCH_REVIEW conflicting_canonical_event_details: The fuller source descriptions identify different events: explicit currencies/amounts differ ([('eur', 37000000.0), ('eur', 1000000000.0)] vs [('eur', 500000000.0)]).",2026-08-20T09:31:06.061922+00:00,applied
MC-B3142650A44C53,aiddata:57569,cgp:MG.001,same_project,"BATCH_REVIEW distinctive_named_asset_with_compatible_context: Distinctive name anchor(s) [hydropower, ranomafana] and shared asset family hydropower identify the same underlying asset.",2026-08-26T07:30:45.138739+00:00,applied
MC-B324237228C41B,cgef:ET.098,codf:ET.090,different_project,BATCH_REVIEW distinct_related_catalog_identifiers: Related finance catalogs use distinct project identifiers (ET.098 vs ET.090).,2026-08-26T07:30:45.138739+00:00,applied
MC-B3456A2A5EC353,cgef:AO.061,cgp:AO.002,same_project,BATCH_REVIEW reviewed_same_equivalence_closure: The pair is connected by a reviewed same-project decision and equivalent source identifiers.,2026-08-26T07:30:45.138739+00:00,applied
MC-B3EFFBFA02AD6C,aiddata:92174,cgef:ET.098,different_project,"AUTO_REVIEW conflicting_project_component_identifier: Distinct lot, loan, phase, unit, package, section or stage identifiers indicate separately recorded project components.",2026-08-12T00:00:00+08:00,applied
MC-B4108D2929FA54,aiddata:92174,cgef:ET.097,different_project,BATCH_REVIEW reviewed_difference_final_entity_guard: The proposed link would collapse records across an established different-project boundary.,2026-08-26T07:30:45.138739+00:00,applied
MC-B42E4C37421A83,cgef:ET.097,cla:ET.096,different_project,BATCH_REVIEW distinct_related_catalog_identifiers: Related finance catalogs use distinct project identifiers (ET.097 vs ET.096).,2026-08-26T07:30:45.138739+00:00,applied
MC-B4B25F9567BAAF,aiddata:92780,chapo:95534,different_project,BATCH_REVIEW conflicting_canonical_event_details: The fuller source descriptions identify different events: months differ (['february'] vs ['april']).,2026-08-20T09:31:06.061922+00:00,applied
MC-B4C22A18AF2CEA,aiddata:40,cofi:BWA2021001:debt,same_project,"BATCH_REVIEW matching_original_usd_commitment: The AidData title states the same original USD commitment as the finance-catalog record, with compatible project title and financing type.",2026-08-26T07:30:45.138739+00:00,applied
MC-B4E86E4C07A8B9,aiddata:59753,cla:UG.018,same_project,BATCH_REVIEW reviewed_same_equivalence_closure: The pair is connected by a reviewed same-project decision and equivalent source identifiers.,2026-08-26T07:30:45.138739+00:00,applied
MC-B4EEED3585ACA6,cgef:KE.007,cofi:KEN2021003:debt,same_project,BATCH_REVIEW reviewed_same_equivalence_closure: The pair is connected by a reviewed same-project decision and equivalent source identifiers.,2026-08-26T07:30:45.138739+00:00,applied
MC-B502D5C4E5B373,aiddata:106497,codf:UG.037,same_project,"BATCH_REVIEW distinctive_named_asset_with_compatible_context: The financing boilerplate reduces to the same distinctive project name [backbone, data, egovernment, transmission] with matching component qualifiers.",2026-08-26T07:30:45.138739+00:00,applied
MC-B5556E42C539D6,aiddata:96796,chapo:96801,different_project,"BATCH_REVIEW separate_after_full_evidence_check: No shared source identifier, compatible named-asset anchor, matching original commitment, technical specification, or explicit cross-source link supports consolidation; the records remain separate.",2026-08-26T07:30:45.138739+00:00,applied
MC-B5CE73913E3A1F,aiddata:68059,chapo:72043,different_project,HUMAN_REVIEW imported from browser export; this decision takes precedence over automated rules.,2026-08-20T02:50:25.385Z,applied
MC-B60A4DF4F0CFCC,cgp:LS.001.1,codf:LS.012,same_project,"BATCH_REVIEW distinctive_named_asset_with_compatible_context: Distinctive name anchor(s) [ramarothole, solar] and shared asset family renewable_power identify the same underlying asset.",2026-08-26T07:30:45.138739+00:00,applied
MC-B6324B619C1956,aiddata:96774,chapo:96797,different_project,"BATCH_REVIEW conflicting_canonical_event_details: The fuller source descriptions identify different events: explicit currencies/amounts differ ([('eur', 37000000.0), ('eur', 1000000000.0)] vs [('zar', 6000000000.0)]).",2026-08-20T09:31:06.061922+00:00,applied
MC-B64016D7C846AE,cla:ML.006,cofi:MLI2021001:debt,same_project,BATCH_REVIEW reviewed_same_equivalence_closure: The pair is connected by a reviewed same-project decision and equivalent source identifiers.,2026-08-26T07:30:45.138739+00:00,applied
MC-B6645AD61C4BC1,cla:ET.097,codf:ET.090,different_project,BATCH_REVIEW distinct_related_catalog_identifiers: Related finance catalogs use distinct project identifiers (ET.097 vs ET.090).,2026-08-26T07:30:45.138739+00:00,applied
MC-B6705F16ED990B,cgp:CI.002.1,codf:CI.041,same_project,"BATCH_REVIEW same_established_entity: Both records already resolve to PM-7D8A61EF42E849 through a direct, automatic, or reviewed link.",2026-08-19T08:11:59.703611+00:00,applied
MC-B67F88E98D1147,cgef:ET.097,codf:ET.097,same_project,BATCH_REVIEW reviewed_same_equivalence_closure: The pair is connected by a reviewed same-project decision and equivalent source identifiers.,2026-08-26T07:30:45.138739+00:00,applied
MC-B686A3DAC5A34A,cla:GH.013,codf:GH.051,different_project,BATCH_REVIEW distinct_related_catalog_identifiers: Related finance catalogs use distinct project identifiers (GH.013 vs GH.051).,2026-08-26T07:30:45.138739+00:00,applied
MC-B6B367732A5840,cgp:UG.002.4,codf:UG.008,same_project,BATCH_REVIEW reviewed_same_equivalence_closure: The pair is connected by a reviewed same-project decision and equivalent source identifiers.,2026-08-26T07:30:45.138739+00:00,applied
MC-B6D37466427C91,cgef:UG.039,cla:UG.008,different_project,BATCH_REVIEW distinct_related_catalog_identifiers: Related finance catalogs use distinct project identifiers (UG.039 vs UG.008).,2026-08-26T07:30:45.138739+00:00,applied
MC-B7095344F0DAF4,aiddata:61221,cgef:GQ.024,same_project,BATCH_REVIEW reviewed_same_equivalence_closure: The pair is connected by a reviewed same-project decision and equivalent source identifiers.,2026-08-26T07:30:45.138739+00:00,applied
MC-B72AB16E780BA5,aiddata:73553,cla:AO.089.66,same_project,ASSISTANT_REVIEW exact_named_project: Chitembo water-supply project and locality coincide.,2026-08-20T08:30:00+00:00,applied
MC-B73669ADDFA095,chapo:73794,cla:AO.009.80,same_project,BATCH_REVIEW reviewed_same_equivalence_closure: The pair is connected by a reviewed same-project decision and equivalent source identifiers.,2026-08-26T07:30:45.138739+00:00,applied
MC-B7794C6993D947,aiddata:34775,cla:AO.003.05,same_project,"BATCH_REVIEW matching_original_usd_commitment: The AidData title states the same original USD commitment as the finance-catalog record, with compatible project title and financing type.",2026-08-20T09:31:06.061922+00:00,applied
MC-B77BE1D5B380BC,cgef:KE.086,codf:KE.086,same_project,BATCH_REVIEW reviewed_same_equivalence_closure: The pair is connected by a reviewed same-project decision and equivalent source identifiers.,2026-08-26T07:30:45.138739+00:00,applied
MC-B788BBA3D5B089,cgef:GA.045,cgp:GA.001.1,same_project,BATCH_REVIEW reviewed_same_equivalence_closure: The pair is connected by a reviewed same-project decision and equivalent source identifiers.,2026-08-26T07:30:45.138739+00:00,applied
MC-B7A468B331998A,cgp:CG.001.1,codf:CG.009.04,same_project,BATCH_REVIEW reviewed_same_equivalence_closure: The pair is connected by a reviewed same-project decision and equivalent source identifiers.,2026-08-26T07:30:45.138739+00:00,applied
MC-B7F5E86AA6DC62,aiddata:30926,codf:CM.017,different_project,"AUTO_REVIEW conflicting_project_component_identifier: Distinct lot, loan, phase, unit, package, section or stage identifiers indicate separately recorded project components.",2026-08-12T00:00:00+08:00,applied
MC-B804F407DDF2D9,cla:TZ.006,codf:TZ.007,different_project,BATCH_REVIEW distinct_related_catalog_identifiers: Related finance catalogs use distinct project identifiers (TZ.006 vs TZ.007).,2026-08-26T07:30:45.138739+00:00,applied
MC-B80A4801F3C03F,cgef:AO.082,codf:AO.082,same_project,BATCH_REVIEW reviewed_same_equivalence_closure: The pair is connected by a reviewed same-project decision and equivalent source identifiers.,2026-08-26T07:30:45.138739+00:00,applied
MC-B815BD0238544C,aiddata:59085,codf:CD.030,same_project,"BATCH_REVIEW matching_original_usd_commitment: The AidData title states the same original USD commitment as the finance-catalog record, with compatible project title and financing type.",2026-08-26T07:30:45.138739+00:00,applied
MC-B85104DB64A96A,cgp:GA.001.2,cla:GA.045,same_project,BATCH_REVIEW reviewed_same_equivalence_closure: The pair is connected by a reviewed same-project decision and equivalent source identifiers.,2026-08-26T07:30:45.138739+00:00,applied
MC-B855D22A0F4CBE,cgp:UG.002.2,cofi:UGA2021002:debt,different_project,BATCH_REVIEW reviewed_difference_final_entity_guard: The proposed link would collapse records across an established different-project boundary.,2026-08-26T07:30:45.138739+00:00,applied
MC-B87D3BDA6DEBC0,cgef:UG.008,cgp:UG.002.3,different_project,BATCH_REVIEW reviewed_difference_final_entity_guard: The proposed link would collapse records across an established different-project boundary.,2026-08-26T07:30:45.138739+00:00,applied
MC-B886B654F1A743,cgef:GA.045,cofi:GAB2021001:debt,same_project,BATCH_REVIEW reviewed_same_equivalence_closure: The pair is connected by a reviewed same-project decision and equivalent source identifiers.,2026-08-26T07:30:45.138739+00:00,applied
MC-B8931B12ED3E86,aiddata:58130,cgef:NE.009,same_project,HUMAN_REVIEW imported from browser export; this decision takes precedence over automated rules.,2026-08-20T02:54:30.258Z,applied
MC-B8E4C52F950AC3,chapo:2324,cla:ZM.015,same_project,BATCH_REVIEW reviewed_same_equivalence_closure: The pair is connected by a reviewed same-project decision and equivalent source identifiers.,2026-08-26T07:30:45.138739+00:00,applied
MC-B8F0AE62802982,aiddata:2324,codf:ZM.015,same_project,BATCH_REVIEW reviewed_same_equivalence_closure: The pair is connected by a reviewed same-project decision and equivalent source identifiers.,2026-08-26T07:30:45.138739+00:00,applied
MC-B972FF7DB76138,cgp:CI.001.2,cofi:CIV2021002:equity,different_project,BATCH_REVIEW conflicting_financing_instruments: Fund types conflict (loan vs equity).,2026-08-26T07:30:45.138739+00:00,applied
MC-B9793E1232B16E,aiddata:32724,chapo:58576,same_project,HUMAN_REVIEW imported from browser export; this decision takes precedence over automated rules.,2026-08-19T06:57:27.471Z,applied
MC-B97C966D71EFE0,cgef:AO.089.45,codf:AO.089.44,different_project,BATCH_REVIEW distinct_related_catalog_identifiers: Related finance catalogs use distinct project identifiers (AO.089.45 vs AO.089.44).,2026-08-19T08:11:59.703611+00:00,applied
MC-B997B62940A8F2,aiddata:1862,cla:GH.007,different_project,"AUTO_REVIEW conflicting_project_component_identifier: Distinct lot, loan, phase, unit, package, section or stage identifiers indicate separately recorded project components.",2026-08-12T00:00:00+08:00,applied
MC-B9A464BBFFFF32,aiddata:27948,cofi:NGA2021006:debt,same_project,BATCH_REVIEW distinctive_named_asset_with_compatible_context: Distinctive name anchor(s) [omotosho] and matching sector energy identify the same underlying asset.,2026-08-26T07:30:45.138739+00:00,applied
MC-BA7DE1703FBB81,cla:AO.089.47,codf:AO.089.45,different_project,BATCH_REVIEW distinct_related_catalog_identifiers: Related finance catalogs use distinct project identifiers (AO.089.47 vs AO.089.45).,2026-08-19T08:11:59.703611+00:00,applied
MC-BA92F681EB4EE9,aiddata:92003,chapo:92109,different_project,BATCH_REVIEW conflicting_canonical_event_details: The fuller source descriptions identify different events: months differ (['june'] vs ['december']).,2026-08-20T09:31:06.061922+00:00,applied
MC-BADA5E12445710,aiddata:65330,cofi:AGO2021004:debt,different_project,"BATCH_REVIEW separate_after_full_evidence_check: No shared source identifier, compatible named-asset anchor, matching original commitment, technical specification, or explicit cross-source link supports consolidation; the records remain separate.",2026-08-26T07:30:45.138739+00:00,applied
MC-BB017E841D207F,cgp:SD.001.8,cofi:SDN2021005:debt,same_project,BATCH_REVIEW distinctive_named_asset_with_compatible_context: Distinctive name anchor(s) [merowe] and matching sector energy identify the same underlying asset.,2026-08-26T07:30:45.138739+00:00,applied
MC-BB03443CEAA738,aiddata:57536,cgp:ZM.002.5,same_project,BATCH_REVIEW reviewed_same_equivalence_closure: The pair is connected by a reviewed same-project decision and equivalent source identifiers.,2026-08-26T07:30:45.138739+00:00,applied
MC-BB2FF10BB90187,aiddata:56927,cla:SD.078,same_project,"BATCH_REVIEW matching_original_usd_commitment: The AidData title states the same original USD commitment as the finance-catalog record, with compatible project title and financing type.",2026-08-20T09:31:06.061922+00:00,applied
MC-BB57D398DCAF7A,aiddata:36111,chapo:68458,different_project,ASSISTANT_REVIEW conflicting_scope: Medical equipment and office furniture differs from sewage-system rehabilitation.,2026-08-20T08:30:00+00:00,applied
MC-BBA83C496603DE,cla:ZM.012,cofi:ZMB2021002:debt,same_project,BATCH_REVIEW reviewed_same_equivalence_closure: The pair is connected by a reviewed same-project decision and equivalent source identifiers.,2026-08-26T07:30:45.138739+00:00,applied
MC-BBEC04A54A0877,cgp:AO.002,cofi:AGO2021001:debt,same_project,BATCH_REVIEW reviewed_same_equivalence_closure: The pair is connected by a reviewed same-project decision and equivalent source identifiers.,2026-08-26T07:30:45.138739+00:00,applied
MC-BCD70BF4143F0A,aiddata:52560,cofi:ZAF2021006:debt,same_project,BATCH_REVIEW distinctive_named_asset_with_compatible_context: Distinctive name anchor(s) [medupi] and matching sector energy identify the same underlying asset.,2026-08-26T07:30:45.138739+00:00,applied
MC-BD07A5C6F927E8,aiddata:43795,cla:AO.058,same_project,"BATCH_REVIEW matching_original_usd_commitment: The AidData title states the same original USD commitment as the finance-catalog record, with compatible project title and financing type.",2026-08-20T09:31:06.061922+00:00,applied
MC-BD88980E8F7F06,cla:AO.061,cofi:AGO2021001:debt,same_project,BATCH_REVIEW reviewed_same_equivalence_closure: The pair is connected by a reviewed same-project decision and equivalent source identifiers.,2026-08-26T07:30:45.138739+00:00,applied
MC-BD96675C8866D0,cla:NE.003,codf:NE.003,same_project,BATCH_REVIEW reviewed_same_equivalence_closure: The pair is connected by a reviewed same-project decision and equivalent source identifiers.,2026-08-26T07:30:45.138739+00:00,applied
MC-BDA061BB1E4CC3,cgp:ZM.002.2,cofi:ZMB2021001:debt,same_project,BATCH_REVIEW reviewed_same_equivalence_closure: The pair is connected by a reviewed same-project decision and equivalent source identifiers.,2026-08-26T07:30:45.138739+00:00,applied
MC-BE1896BA502A8E,codf:GQ.029,cofi:GNQ2021002:debt,same_project,BATCH_REVIEW reviewed_same_equivalence_closure: The pair is connected by a reviewed same-project decision and equivalent source identifiers.,2026-08-26T07:30:45.138739+00:00,applied
MC-BE32424E4F05EC,cgef:SD.005,cofi:SDN2021005:debt,same_project,BATCH_REVIEW distinctive_named_asset_with_compatible_context: Distinctive name anchor(s) [merowe] and matching sector energy identify the same underlying asset.,2026-08-26T07:30:45.138739+00:00,applied
MC-BE9BE6BE27AFA7,aiddata:34918,cla:AO.003.45,same_project,HUMAN_REVIEW imported from browser export; this decision takes precedence over automated rules.,2026-08-20T02:54:55.657Z,applied
MC-BEABD5FD2BB31B,aiddata:73795,cla:AO.009.81,different_project,"AUTO_REVIEW conflicting_project_component_identifier: Distinct lot, loan, phase, unit, package, section or stage identifiers indicate separately recorded project components.",2026-08-12T00:00:00+08:00,applied
MC-BEDAF27E8EED25,cla:ZM.023,cofi:ZMB2021006:debt,same_project,BATCH_REVIEW reviewed_same_equivalence_closure: The pair is connected by a reviewed same-project decision and equivalent source identifiers.,2026-08-26T07:30:45.138739+00:00,applied
MC-BF3C34B49B769C,aiddata:93692,chapo:93697,different_project,BATCH_REVIEW conflicting_canonical_event_details: The fuller source descriptions identify different events: months differ (['september'] vs ['august']).,2026-08-26T07:30:45.138739+00:00,applied
MC-BF4B83BF28C12F,cla:AO.089.22,codf:AO.089.23,different_project,"AUTO_REVIEW conflicting_project_component_identifier: Distinct lot, loan, phase, unit, package, section or stage identifiers indicate separately recorded project components.",2026-08-12T00:00:00+08:00,applied
MC-BF8932E80297BD,cla:NG.010,codf:NG.010,same_project,BATCH_REVIEW reviewed_same_equivalence_closure: The pair is connected by a reviewed same-project decision and equivalent source identifiers.,2026-08-26T07:30:45.138739+00:00,applied
MC-C082F428078487,cla:ET.041,codf:ET.041,same_project,BATCH_REVIEW reviewed_same_equivalence_closure: The pair is connected by a reviewed same-project decision and equivalent source identifiers.,2026-08-26T07:30:45.138739+00:00,applied
MC-C0901156BB6B92,cgef:GQ.027.03,codf:GQ.027.03,same_project,BATCH_REVIEW reviewed_same_equivalence_closure: The pair is connected by a reviewed same-project decision and equivalent source identifiers.,2026-08-26T07:30:45.138739+00:00,applied
MC-C0D405DF327518,cgp:ZA.F.004.2,cofi:ZAF2021001:equity,different_project,BATCH_REVIEW conflicting_catalog_component_ordinal: CGP subrecord .2 conflicts with COFI component I.,2026-08-26T07:30:45.138739+00:00,applied
MC-C10DAFA67A9357,aiddata:59618,cla:CM.041,different_project,BATCH_REVIEW conflicting_financing_instruments: Fund types conflict (grant vs loan).,2026-08-26T07:30:45.138739+00:00,applied
MC-C1349696FBAD3E,aiddata:35212,chapo:35213,different_project,HUMAN_REVIEW imported from browser export; this decision takes precedence over automated rules.,2026-08-19T07:01:05.567Z,applied
MC-C13D15F9BCA302,aiddata:91496,chapo:91501,different_project,BATCH_REVIEW conflicting_canonical_event_details: The fuller source descriptions identify different events: months differ (['december'] vs ['september']).,2026-08-26T07:30:45.138739+00:00,applied
MC-C1759B69AADB77,cgef:ET.096,codf:ET.090,different_project,BATCH_REVIEW distinct_related_catalog_identifiers: Related finance catalogs use distinct project identifiers (ET.096 vs ET.090).,2026-08-26T07:30:45.138739+00:00,applied
MC-C194AC48E55DBA,aiddata:92289,cgp:ZM.002.1,same_project,BATCH_REVIEW reviewed_same_equivalence_closure: The pair is connected by a reviewed same-project decision and equivalent source identifiers.,2026-08-26T07:30:45.138739+00:00,applied
MC-C1A9664587BED9,aiddata:73557,cla:AO.089.52,same_project,"BATCH_REVIEW matching_original_usd_commitment: The AidData title states the same original USD commitment as the finance-catalog record, with compatible project title and financing type.",2026-08-20T09:31:06.061922+00:00,applied
MC-C1B6453502DC4A,aiddata:95869,chapo:95864,different_project,BATCH_REVIEW conflicting_canonical_event_details: The fuller source descriptions identify different events: months differ (['august'] vs ['march']).,2026-08-20T09:31:06.061922+00:00,applied
MC-C1C7C1F514D770,codf:CI.041,cofi:CIV2021001:debt,same_project,BATCH_REVIEW reviewed_same_equivalence_closure: The pair is connected by a reviewed same-project decision and equivalent source identifiers.,2026-08-26T07:30:45.138739+00:00,applied
MC-C1FD26255C4C9A,aiddata:95946,chapo:95866,different_project,BATCH_REVIEW conflicting_canonical_event_details: The fuller source descriptions identify different events: months differ (['october'] vs ['may']).,2026-08-20T09:31:06.061922+00:00,applied
MC-C2BEACAC650175,aiddata:58130,codf:NE.009,same_project,HUMAN_REVIEW imported from browser export; this decision takes precedence over automated rules.,2026-08-20T02:57:46.032Z,applied
MC-C2C976EC2F63E1,cla:AO.145,codf:AO.145,same_project,BATCH_REVIEW reviewed_same_equivalence_closure: The pair is connected by a reviewed same-project decision and equivalent source identifiers.,2026-08-26T07:30:45.138739+00:00,applied
MC-C3166134C00348,aiddata:91970,cla:GQ.036,different_project,"BATCH_REVIEW separate_after_full_evidence_check: No shared source identifier, compatible named-asset anchor, matching original commitment, technical specification, or explicit cross-source link supports consolidation; the records remain separate.",2026-08-26T07:30:45.138739+00:00,applied
MC-C321D029CD7183,aiddata:57218,cla:ZM.080,same_project,BATCH_REVIEW reviewed_same_equivalence_closure: The pair is connected by a reviewed same-project decision and equivalent source identifiers.,2026-08-26T07:30:45.138739+00:00,applied
MC-C34BE477395FE3,cgef:KE.086,codf:KE.087,different_project,BATCH_REVIEW distinct_related_catalog_identifiers: Related finance catalogs use distinct project identifiers (KE.086 vs KE.087).,2026-08-19T08:11:59.703611+00:00,applied
MC-C39E6AF89CED8C,aiddata:1464,codf:ET.018,same_project,ASSISTANT_REVIEW exact_named_phase: Addis Ababa deep-well water-supply Project 3 coincides.,2026-08-20T08:30:00+00:00,applied
MC-C4107FFA52F95C,cgp:GN.002.1,cofi:GIN2021003:debt,same_project,BATCH_REVIEW distinctive_named_asset_with_compatible_context: Distinctive name anchor(s) [souapiti] and matching sector energy identify the same underlying asset.,2026-08-26T07:30:45.138739+00:00,applied
MC-C42F2205E85142,cla:AO.058,cofi:AGO2021004:debt,same_project,BATCH_REVIEW reviewed_same_equivalence_closure: The pair is connected by a reviewed same-project decision and equivalent source identifiers.,2026-08-26T07:30:45.138739+00:00,applied
MC-C430B446724997,cla:ZA.005,cofi:ZAF2021006:debt,same_project,BATCH_REVIEW reviewed_same_equivalence_closure: The pair is connected by a reviewed same-project decision and equivalent source identifiers.,2026-08-26T07:30:45.138739+00:00,applied
MC-C44CA055912964,cgef:UG.039,codf:UG.008,different_project,BATCH_REVIEW distinct_related_catalog_identifiers: Related finance catalogs use distinct project identifiers (UG.039 vs UG.008).,2026-08-26T07:30:45.138739+00:00,applied
MC-C4927979976162,aiddata:58576,chapo:32724,same_project,BATCH_REVIEW reviewed_same_equivalence_closure: The pair is connected by a reviewed same-project decision and equivalent source identifiers.,2026-08-19T08:24:59.814236+00:00,applied
MC-C49CDE5AF0DD2F,cla:UG.008,codf:UG.008,same_project,BATCH_REVIEW reviewed_same_equivalence_closure: The pair is connected by a reviewed same-project decision and equivalent source identifiers.,2026-08-26T07:30:45.138739+00:00,applied
MC-C4D3A2917BA03C,aiddata:93628,chapo:93696,different_project,BATCH_REVIEW conflicting_canonical_event_details: The fuller source descriptions identify different events: months differ (['september'] vs ['august']).,2026-08-26T07:30:45.138739+00:00,applied
MC-C540AB7E837ECD,aiddata:86361,codf:GH.080,same_project,BATCH_REVIEW reviewed_same_equivalence_closure: The pair is connected by a reviewed same-project decision and equivalent source identifiers.,2026-08-26T07:30:45.138739+00:00,applied
MC-C559F4BEA570E4,aiddata:58737,codf:KE.075,same_project,"BATCH_REVIEW matching_original_usd_commitment: The AidData title states the same original USD commitment as the finance-catalog record, with compatible project title and financing type.",2026-08-26T07:30:45.138739+00:00,applied
MC-C55E0EA735F66F,aiddata:93768,chapo:94574,different_project,BATCH_REVIEW conflicting_canonical_event_details: The fuller source descriptions identify different events: months differ (['october'] vs ['november']).,2026-08-20T09:31:06.061922+00:00,applied
MC-C583DBE00BF318,cgef:SD.004,cla:SD.003,different_project,BATCH_REVIEW distinct_related_catalog_identifiers: Related finance catalogs use distinct project identifiers (SD.004 vs SD.003).,2026-08-26T07:30:45.138739+00:00,applied
MC-C58B745DD28F50,aiddata:72211,cla:SD.111,same_project,"BATCH_REVIEW distinctive_named_asset_with_compatible_context: Distinctive name anchor(s) [integrated, slaughterhouse] and shared asset family public_facility identify the same underlying asset.",2026-08-26T07:30:45.138739+00:00,applied
MC-C59B0493A216DA,cla:GQ.004.12,codf:GQ.004.12,same_project,BATCH_REVIEW reviewed_same_equivalence_closure: The pair is connected by a reviewed same-project decision and equivalent source identifiers.,2026-08-26T07:30:45.138739+00:00,applied
MC-C5ACC1C47EDB7F,cgp:ZW.001.2,cla:ZW.086,same_project,BATCH_REVIEW reviewed_same_equivalence_closure: The pair is connected by a reviewed same-project decision and equivalent source identifiers.,2026-08-26T07:30:45.138739+00:00,applied
MC-C5B0CD609CD146,aiddata:67516,chapo:67518,different_project,ASSISTANT_REVIEW conflicting_team_ordinal: First medical team differs from second medical team.,2026-08-20T08:30:00+00:00,applied
MC-C5C7A2F427C663,cla:CD.011,cofi:COD2021001:debt,same_project,BATCH_REVIEW reviewed_same_equivalence_closure: The pair is connected by a reviewed same-project decision and equivalent source identifiers.,2026-08-26T07:30:45.138739+00:00,applied
MC-C5FB237515CF0C,cgef:CD.012,cofi:COD2021002:debt,same_project,BATCH_REVIEW reviewed_same_equivalence_closure: The pair is connected by a reviewed same-project decision and equivalent source identifiers.,2026-08-26T07:30:45.138739+00:00,applied
MC-C620890C37AC34,aiddata:1380,cofi:ETH2021002:debt,same_project,"BATCH_REVIEW matching_original_usd_commitment: The AidData title states the same original USD commitment as the finance-catalog record, with compatible project title and financing type.",2026-08-26T07:30:45.138739+00:00,applied
MC-C62E2AEACC2248,cgef:UG.008,cla:UG.039,different_project,BATCH_REVIEW distinct_related_catalog_identifiers: Related finance catalogs use distinct project identifiers (UG.008 vs UG.039).,2026-08-26T07:30:45.138739+00:00,applied
MC-C63AE8AC932F19,aiddata:53038,codf:ZM.079,same_project,BATCH_REVIEW reviewed_same_equivalence_closure: The pair is connected by a reviewed same-project decision and equivalent source identifiers.,2026-08-26T07:30:45.138739+00:00,applied
MC-C65C0809A0FDD8,cla:MZ.076,codf:MZ.011,different_project,BATCH_REVIEW distinct_related_catalog_identifiers: Related finance catalogs use distinct project identifiers (MZ.076 vs MZ.011).,2026-08-26T07:30:45.138739+00:00,applied
MC-C68972DAC7042F,aiddata:59428,cgef:ET.075,same_project,BATCH_REVIEW reviewed_same_equivalence_closure: The pair is connected by a reviewed same-project decision and equivalent source identifiers.,2026-08-26T07:30:45.138739+00:00,applied
MC-C6AE8A60712F0E,cla:AO.089.66,codf:AO.089.64,different_project,BATCH_REVIEW distinct_related_catalog_identifiers: Related finance catalogs use distinct project identifiers (AO.089.66 vs AO.089.64).,2026-08-19T08:11:59.703611+00:00,applied
MC-C6B5C37AB50C7C,cgef:AO.089.45,cla:AO.089.45,same_project,BATCH_REVIEW reviewed_same_equivalence_closure: The pair is connected by a reviewed same-project decision and equivalent source identifiers.,2026-08-26T07:30:45.138739+00:00,applied
MC-C6DC8B10B819EB,aiddata:95944,chapo:95947,different_project,BATCH_REVIEW conflicting_canonical_event_details: The fuller source descriptions identify different events: months differ (['august'] vs ['december']).,2026-08-20T09:31:06.061922+00:00,applied
MC-C70625C600272F,cgp:CI.001.1,cofi:CIV2021002:equity,different_project,BATCH_REVIEW conflicting_financing_instruments: Fund types conflict (loan vs equity).,2026-08-26T07:30:45.138739+00:00,applied
MC-C72D1F2C9D4D2C,aiddata:96795,chapo:96774,different_project,"BATCH_REVIEW conflicting_canonical_event_details: The fuller source descriptions identify different events: explicit currencies/amounts differ ([('eur', 1150000000.0)] vs [('eur', 37000000.0), ('eur', 1000000000.0)]).",2026-08-20T09:31:06.061922+00:00,applied
MC-C7334DF1563476,cgp:ZA.005.1,codf:ZA.044,same_project,BATCH_REVIEW reviewed_same_equivalence_closure: The pair is connected by a reviewed same-project decision and equivalent source identifiers.,2026-08-26T07:30:45.138739+00:00,applied
MC-C7D310F97DBBC2,cgef:ZM.023,cofi:ZMB2021006:debt,same_project,BATCH_REVIEW reviewed_same_equivalence_closure: The pair is connected by a reviewed same-project decision and equivalent source identifiers.,2026-08-26T07:30:45.138739+00:00,applied
MC-C7D657E59CF528,aiddata:73463,cla:AO.089.88,same_project,BATCH_REVIEW reviewed_same_equivalence_closure: The pair is connected by a reviewed same-project decision and equivalent source identifiers.,2026-08-26T07:30:45.138739+00:00,applied
MC-C8011CF41A55C3,cgef:KE.007,codf:KE.007,same_project,BATCH_REVIEW reviewed_same_equivalence_closure: The pair is connected by a reviewed same-project decision and equivalent source identifiers.,2026-08-26T07:30:45.138739+00:00,applied
MC-C80C90FE54E0AA,cgp:NG.005.4,codf:NG.010,same_project,BATCH_REVIEW reviewed_same_equivalence_closure: The pair is connected by a reviewed same-project decision and equivalent source identifiers.,2026-08-26T07:30:45.138739+00:00,applied
MC-C82FFDDA0DB4F0,cla:AO.089.48,codf:AO.089.48,same_project,BATCH_REVIEW reviewed_same_equivalence_closure: The pair is connected by a reviewed same-project decision and equivalent source identifiers.,2026-08-26T07:30:45.138739+00:00,applied
MC-C8991371A4BA73,cgef:GA.045,cla:GA.045,same_project,BATCH_REVIEW reviewed_same_equivalence_closure: The pair is connected by a reviewed same-project decision and equivalent source identifiers.,2026-08-26T07:30:45.138739+00:00,applied
MC-C8AB36A764DA84,cla:UG.009,codf:UG.009,same_project,BATCH_REVIEW reviewed_same_equivalence_closure: The pair is connected by a reviewed same-project decision and equivalent source identifiers.,2026-08-26T07:30:45.138739+00:00,applied
MC-C8AFC1655AC8FE,aiddata:92174,cla:ET.097,different_project,BATCH_REVIEW reviewed_difference_final_entity_guard: The proposed link would collapse records across an established different-project boundary.,2026-08-26T07:30:45.138739+00:00,applied
MC-C8C456809B5BFB,aiddata:30450,codf:NG.006,same_project,"BATCH_REVIEW distinctive_named_asset_with_compatible_context: Distinctive name anchor(s) [communication, public, security] and matching sector communications identify the same underlying asset.",2026-08-26T07:30:45.138739+00:00,applied
MC-C8FD3C869C399D,cgp:UG.002.1,codf:UG.039,different_project,BATCH_REVIEW reviewed_difference_final_entity_guard: The proposed link would collapse records across an established different-project boundary.,2026-08-26T07:30:45.138739+00:00,applied
MC-C91C9CAEB7DC8C,aiddata:58379,cla:ZA.044,same_project,BATCH_REVIEW reviewed_same_equivalence_closure: The pair is connected by a reviewed same-project decision and equivalent source identifiers.,2026-08-26T07:30:45.138739+00:00,applied
MC-C922E44AD75C8D,aiddata:56989,cla:ZM.122,different_project,BATCH_REVIEW reviewed_difference_final_entity_guard: The proposed link would collapse records across an established different-project boundary.,2026-08-26T07:30:45.138739+00:00,applied
MC-C957C607568344,aiddata:97823,chapo:97824,different_project,"BATCH_REVIEW conflicting_canonical_event_details: The fuller source descriptions identify different events: explicit currencies/amounts differ ([('usd', 18000.0)] vs [('usd', 52790.0)]).",2026-08-20T09:31:06.061922+00:00,applied
MC-C95D756CFA6415,cgp:ET.003.1,codf:ET.007,same_project,BATCH_REVIEW reviewed_same_equivalence_closure: The pair is connected by a reviewed same-project decision and equivalent source identifiers.,2026-08-26T07:30:45.138739+00:00,applied
MC-C96D7E5EFA07A7,cgef:ML.006,cofi:MLI2021001:debt,same_project,BATCH_REVIEW reviewed_same_equivalence_closure: The pair is connected by a reviewed same-project decision and equivalent source identifiers.,2026-08-26T07:30:45.138739+00:00,applied
MC-C978F4DA7E0C0E,cla:AO.005.03,codf:AO.003.49,different_project,BATCH_REVIEW distinct_related_catalog_identifiers: Related finance catalogs use distinct project identifiers (AO.005.03 vs AO.003.49).,2026-08-26T07:30:45.138739+00:00,applied
MC-C9E6C690B31035,cgef:ZA.005,cgp:ZA.001.4,same_project,BATCH_REVIEW reviewed_same_equivalence_closure: The pair is connected by a reviewed same-project decision and equivalent source identifiers.,2026-08-26T07:30:45.138739+00:00,applied
MC-C9F87098559A03,aiddata:89462,codf:EG.052,same_project,BATCH_REVIEW reviewed_same_equivalence_closure: The pair is connected by a reviewed same-project decision and equivalent source identifiers.,2026-08-26T07:30:45.138739+00:00,applied
MC-CA1661D5F668BE,cla:AO.082,codf:AO.082,same_project,BATCH_REVIEW reviewed_same_equivalence_closure: The pair is connected by a reviewed same-project decision and equivalent source identifiers.,2026-08-26T07:30:45.138739+00:00,applied
MC-CA36F9402F608B,cla:ET.033,cofi:ETH2021001:debt,different_project,BATCH_REVIEW reviewed_difference_final_entity_guard: The proposed link would collapse records across an established different-project boundary.,2026-08-26T07:30:45.138739+00:00,applied
MC-CA617A721F69DA,cla:AO.009.71,codf:AO.009.71,same_project,BATCH_REVIEW reviewed_same_equivalence_closure: The pair is connected by a reviewed same-project decision and equivalent source identifiers.,2026-08-26T07:30:45.138739+00:00,applied
MC-CA7639FBAE018C,aiddata:97824,chapo:97823,different_project,"BATCH_REVIEW conflicting_canonical_event_details: The fuller source descriptions identify different events: explicit currencies/amounts differ ([('usd', 52790.0)] vs [('usd', 18000.0)]).",2026-08-20T09:31:06.061922+00:00,applied
MC-CA7C92AEF5B74B,aiddata:47102,cla:AO.080,same_project,BATCH_REVIEW reviewed_same_equivalence_closure: The pair is connected by a reviewed same-project decision and equivalent source identifiers.,2026-08-26T07:30:45.138739+00:00,applied
MC-CACADFDCE7FC30,aiddata:92289,cgp:ZM.002.2,same_project,BATCH_REVIEW reviewed_same_equivalence_closure: The pair is connected by a reviewed same-project decision and equivalent source identifiers.,2026-08-26T07:30:45.138739+00:00,applied
MC-CADB99C951A4A1,aiddata:95947,chapo:95866,different_project,BATCH_REVIEW conflicting_canonical_event_details: The fuller source descriptions identify different events: months differ (['december'] vs ['may']).,2026-08-20T09:31:06.061922+00:00,applied
MC-CAEC9235A2E6D9,aiddata:1464,cla:ET.018,same_project,ASSISTANT_REVIEW exact_named_phase: Addis Ababa deep-well water-supply Project 3 coincides.,2026-08-20T08:30:00+00:00,applied
MC-CB5FFCE5AC1D5B,codf:CI.009,cofi:CIV2021002:equity,different_project,BATCH_REVIEW conflicting_financing_instruments: Fund types conflict (loan vs equity).,2026-08-26T07:30:45.138739+00:00,applied
MC-CB7056E44E8102,cgef:AO.003.48,codf:AO.003.48,same_project,BATCH_REVIEW reviewed_same_equivalence_closure: The pair is connected by a reviewed same-project decision and equivalent source identifiers.,2026-08-26T07:30:45.138739+00:00,applied
MC-CBAA6CF18B488F,aiddata:104469,cla:BF.008,same_project,BATCH_REVIEW reviewed_same_equivalence_closure: The pair is connected by a reviewed same-project decision and equivalent source identifiers.,2026-08-26T07:30:45.138739+00:00,applied
MC-CC26944847C099,aiddata:91500,chapo:91499,different_project,BATCH_REVIEW conflicting_canonical_event_details: The fuller source descriptions identify different events: months differ (['september'] vs ['november']).,2026-08-26T07:30:45.138739+00:00,applied
MC-CC2E23830EF0AE,aiddata:34877,cla:AO.005.15,different_project,"AUTO_REVIEW conflicting_project_component_identifier: Distinct lot, loan, phase, unit, package, section or stage identifiers indicate separately recorded project components.",2026-08-12T00:00:00+08:00,applied
MC-CC2EE62C0EAA4E,cla:TD.006,codf:TD.006,same_project,BATCH_REVIEW reviewed_same_equivalence_closure: The pair is connected by a reviewed same-project decision and equivalent source identifiers.,2026-08-26T07:30:45.138739+00:00,applied
MC-CC4CF919BA2D5A,aiddata:256,cgef:NE.003,same_project,BATCH_REVIEW reviewed_same_equivalence_closure: The pair is connected by a reviewed same-project decision and equivalent source identifiers.,2026-08-26T07:30:45.138739+00:00,applied
MC-CC670A1D049927,cla:ET.069,codf:ET.069,same_project,BATCH_REVIEW reviewed_same_equivalence_closure: The pair is connected by a reviewed same-project decision and equivalent source identifiers.,2026-08-26T07:30:45.138739+00:00,applied
MC-CC81E8923A2F97,cgef:TZ.007,codf:TZ.006,different_project,BATCH_REVIEW distinct_related_catalog_identifiers: Related finance catalogs use distinct project identifiers (TZ.007 vs TZ.006).,2026-08-26T07:30:45.138739+00:00,applied
MC-CC99A4AA6FAF60,aiddata:73636,codf:AO.089.85,same_project,"BATCH_REVIEW matching_original_usd_commitment: The AidData title states the same original USD commitment as the finance-catalog record, with compatible project title and financing type.",2026-08-26T07:30:45.138739+00:00,applied
MC-CD0EE3FAC2AD97,aiddata:95944,chapo:95946,different_project,BATCH_REVIEW conflicting_canonical_event_details: The fuller source descriptions identify different events: months differ (['august'] vs ['october']).,2026-08-20T09:31:06.061922+00:00,applied
MC-CD3C3E4E810BA7,aiddata:52463,codf:ZM.078,same_project,"BATCH_REVIEW matching_original_usd_commitment: The AidData title states the same original USD commitment as the finance-catalog record, with compatible project title and financing type.",2026-08-26T07:30:45.138739+00:00,applied
MC-CD3D0458AC90A3,aiddata:86748,cla:BF.003,same_project,"BATCH_REVIEW distinctive_named_asset_with_compatible_context: Distinctive name anchor(s) [burkina, smart] and matching sector communications identify the same underlying asset.",2026-08-26T07:30:45.138739+00:00,applied
MC-CD46E7C5464DCC,aiddata:95866,chapo:95946,different_project,BATCH_REVIEW conflicting_canonical_event_details: The fuller source descriptions identify different events: months differ (['may'] vs ['october']).,2026-08-20T09:31:06.061922+00:00,applied
MC-CD647E9027B676,aiddata:67518,chapo:67516,different_project,ASSISTANT_REVIEW conflicting_team_ordinal: Second medical team differs from first medical team.,2026-08-20T08:30:00+00:00,applied
MC-CD672A54AB9F31,aiddata:92602,codf:GH.091,same_project,"BATCH_REVIEW matching_original_usd_commitment: The AidData title states the same original USD commitment as the finance-catalog record, with compatible project title and financing type.",2026-08-20T09:31:06.061922+00:00,applied
MC-CD84C1C6E1EE39,cla:ET.097,codf:ET.097,same_project,BATCH_REVIEW reviewed_same_equivalence_closure: The pair is connected by a reviewed same-project decision and equivalent source identifiers.,2026-08-26T07:30:45.138739+00:00,applied
MC-CDE9A0B88BB67E,cla:ET.096,codf:ET.097,different_project,BATCH_REVIEW distinct_related_catalog_identifiers: Related finance catalogs use distinct project identifiers (ET.096 vs ET.097).,2026-08-26T07:30:45.138739+00:00,applied
MC-CE083ADAFE2F05,cgef:CI.048.01,codf:CI.048.01,same_project,BATCH_REVIEW reviewed_same_equivalence_closure: The pair is connected by a reviewed same-project decision and equivalent source identifiers.,2026-08-26T07:30:45.138739+00:00,applied
MC-CE28E244140EA7,codf:ET.017,cofi:ETH2021002:debt,same_project,"BATCH_REVIEW distinctive_named_asset_with_compatible_context: Distinctive name anchor(s) [adama, wind] and shared asset family renewable_power identify the same underlying asset.",2026-08-26T07:30:45.138739+00:00,applied
MC-CE80BC8FAEB753,cgp:ZW.001.1,cofi:ZWE2021002:debt,same_project,BATCH_REVIEW reviewed_same_equivalence_closure: The pair is connected by a reviewed same-project decision and equivalent source identifiers.,2026-08-26T07:30:45.138739+00:00,applied
MC-CEC9AE7D1FA09A,cla:AO.009.76,codf:AO.065.28,different_project,BATCH_REVIEW distinct_related_catalog_identifiers: Related finance catalogs use distinct project identifiers (AO.009.76 vs AO.065.28).,2026-08-26T07:30:45.138739+00:00,applied
MC-CEF81859783BF5,aiddata:30346,codf:DJ.003,same_project,BATCH_REVIEW reviewed_same_equivalence_closure: The pair is connected by a reviewed same-project decision and equivalent source identifiers.,2026-08-26T07:30:45.138739+00:00,applied
MC-CF2412CA116423,aiddata:30915,cla:ET.055,same_project,BATCH_REVIEW reviewed_same_equivalence_closure: The pair is connected by a reviewed same-project decision and equivalent source identifiers.,2026-08-26T07:30:45.138739+00:00,applied
MC-CF2F8839038225,cgp:AO.001.4,codf:AO.009.71,same_project,"BATCH_REVIEW distinctive_named_asset_with_compatible_context: Distinctive name anchor(s) [hydropower, tchihumbwe] and shared asset family hydropower identify the same underlying asset.",2026-08-26T07:30:45.138739+00:00,applied
MC-CF493C6748B2EF,cgef:AO.003.20,cla:AO.003.23,different_project,BATCH_REVIEW distinct_related_catalog_identifiers: Related finance catalogs use distinct project identifiers (AO.003.20 vs AO.003.23).,2026-08-19T08:11:59.703611+00:00,applied
MC-CF50F60906364A,aiddata:87222,codf:KM.006,same_project,BATCH_REVIEW reviewed_same_equivalence_closure: The pair is connected by a reviewed same-project decision and equivalent source identifiers.,2026-08-26T07:30:45.138739+00:00,applied
MC-CF670AF7ECF63D,cgef:SD.097.09,codf:SD.097.09,same_project,BATCH_REVIEW reviewed_same_equivalence_closure: The pair is connected by a reviewed same-project decision and equivalent source identifiers.,2026-08-26T07:30:45.138739+00:00,applied
MC-CF868C2D3B578A,cgef:CD.030,cla:CD.030,same_project,BATCH_REVIEW reviewed_same_equivalence_closure: The pair is connected by a reviewed same-project decision and equivalent source identifiers.,2026-08-26T07:30:45.138739+00:00,applied
MC-CF8B3BF9F1E548,aiddata:96796,chapo:96795,same_project,BATCH_REVIEW reviewed_same_equivalence_closure: The pair is connected by a reviewed same-project decision and equivalent source identifiers.,2026-08-26T07:30:45.138739+00:00,applied
MC-CFBB9E5DEC526F,cla:ZM.118,codf:ZM.122,different_project,BATCH_REVIEW distinct_related_catalog_identifiers: Related finance catalogs use distinct project identifiers (ZM.118 vs ZM.122).,2026-08-26T07:30:45.138739+00:00,applied
MC-CFCD347EA0F19B,aiddata:62140,cla:GQ.008,same_project,"BATCH_REVIEW matching_original_usd_commitment: The AidData title states the same original USD commitment as the finance-catalog record, with compatible project title and financing type.",2026-08-26T07:30:45.138739+00:00,applied
MC-CFF8842BD4AE5B,aiddata:52287,cla:MG.010,same_project,BATCH_REVIEW reviewed_same_equivalence_closure: The pair is connected by a reviewed same-project decision and equivalent source identifiers.,2026-08-20T09:31:06.061922+00:00,applied
MC-D023389AA89F19,cgef:GQ.010,cla:GQ.010,same_project,BATCH_REVIEW reviewed_same_equivalence_closure: The pair is connected by a reviewed same-project decision and equivalent source identifiers.,2026-08-26T07:30:45.138739+00:00,applied
MC-D02571D8B1F6A0,aiddata:1290,cla:KE.010,same_project,BATCH_REVIEW reviewed_same_equivalence_closure: The pair is connected by a reviewed same-project decision and equivalent source identifiers.,2026-08-26T07:30:45.138739+00:00,applied
MC-D02AE70863878B,aiddata:95366,chapo:92707,different_project,BATCH_REVIEW conflicting_canonical_event_details: The fuller source descriptions identify different events: months differ (['march'] vs ['may']).,2026-08-20T09:31:06.061922+00:00,applied
MC-D04251D28CF893,cgef:ET.064,cla:ET.064,same_project,BATCH_REVIEW reviewed_same_equivalence_closure: The pair is connected by a reviewed same-project decision and equivalent source identifiers.,2026-08-26T07:30:45.138739+00:00,applied
MC-D065B531E65253,cgef:AO.089.46,codf:AO.089.45,different_project,BATCH_REVIEW distinct_related_catalog_identifiers: Related finance catalogs use distinct project identifiers (AO.089.46 vs AO.089.45).,2026-08-19T08:11:59.703611+00:00,applied
MC-D06C1D570ECA52,cgef:TZ.006,codf:TZ.007,different_project,BATCH_REVIEW distinct_related_catalog_identifiers: Related finance catalogs use distinct project identifiers (TZ.006 vs TZ.007).,2026-08-26T07:30:45.138739+00:00,applied
MC-D06D766571A21F,cgp:SD.001.3,cofi:SDN2021005:debt,same_project,BATCH_REVIEW distinctive_named_asset_with_compatible_context: Distinctive name anchor(s) [merowe] and matching sector energy identify the same underlying asset.,2026-08-26T07:30:45.138739+00:00,applied
MC-D07B326484DE33,aiddata:91974,cla:GQ.035,different_project,"BATCH_REVIEW separate_after_full_evidence_check: No shared source identifier, compatible named-asset anchor, matching original commitment, technical specification, or explicit cross-source link supports consolidation; the records remain separate.",2026-08-26T07:30:45.138739+00:00,applied
MC-D0F0BC0486E039,aiddata:96795,chapo:96799,different_project,BATCH_REVIEW reviewed_difference_equivalence_closure: An equivalent reciprocal/source-catalog pair was already reviewed as different-project.,2026-08-20T09:31:06.061922+00:00,applied
MC-D157209113DFDD,cgef:KE.102,cla:KE.102,same_project,BATCH_REVIEW reviewed_same_equivalence_closure: The pair is connected by a reviewed same-project decision and equivalent source identifiers.,2026-08-26T07:30:45.138739+00:00,applied
MC-D1DEAFD6D5BF9E,cla:CD.030,codf:CD.030,same_project,BATCH_REVIEW reviewed_same_equivalence_closure: The pair is connected by a reviewed same-project decision and equivalent source identifiers.,2026-08-26T07:30:45.138739+00:00,applied
MC-D1E944C983C7BB,aiddata:72794,cla:CV.017,different_project,BATCH_REVIEW conflicting_financing_instruments: Fund types conflict (grant vs loan).,2026-08-26T07:30:45.138739+00:00,applied
MC-D234DAFBCF82C0,cgef:AO.003.50,cla:AO.003.51,different_project,BATCH_REVIEW distinct_related_catalog_identifiers: Related finance catalogs use distinct project identifiers (AO.003.50 vs AO.003.51).,2026-08-19T08:11:59.703611+00:00,applied
MC-D237B8E9DE1372,aiddata:96800,chapo:96797,different_project,"BATCH_REVIEW conflicting_canonical_event_details: The fuller source descriptions identify different events: explicit currencies/amounts differ ([('zar', 2000000000.0)] vs [('zar', 6000000000.0)]).",2026-08-26T07:30:45.138739+00:00,applied
MC-D2394588B733B2,aiddata:980,cla:ET.006,same_project,"BATCH_REVIEW matching_original_usd_commitment: The AidData title states the same original USD commitment as the finance-catalog record, with compatible project title and financing type.",2026-08-20T09:31:06.061922+00:00,applied
MC-D25E63A9D6E432,cla:GA.037,codf:GA.038,different_project,BATCH_REVIEW distinct_related_catalog_identifiers: Related finance catalogs use distinct project identifiers (GA.037 vs GA.038).,2026-08-26T07:30:45.138739+00:00,applied
MC-D2875B34F22D3D,cla:ZM.023,codf:ZM.023,same_project,BATCH_REVIEW reviewed_same_equivalence_closure: The pair is connected by a reviewed same-project decision and equivalent source identifiers.,2026-08-26T07:30:45.138739+00:00,applied
MC-D2999FC6C12F30,aiddata:73904,cla:AO.089.36,same_project,BATCH_REVIEW reviewed_same_equivalence_closure: The pair is connected by a reviewed same-project decision and equivalent source identifiers.,2026-08-26T07:30:45.138739+00:00,applied
MC-D2F654943B7CCE,aiddata:36343,chapo:64659,different_project,BATCH_REVIEW conflicting_component_ordinal: Titles identify different components: batch: ['1'] vs ['4'].,2026-08-19T08:11:59.703611+00:00,applied
MC-D3891AB4777088,aiddata:53093,cla:ZM.030,different_project,"AUTO_REVIEW conflicting_project_component_identifier: Distinct lot, loan, phase, unit, package, section or stage identifiers indicate separately recorded project components.",2026-08-12T00:00:00+08:00,applied
MC-D398C4E930A2A7,cla:ZA.044,codf:ZA.044,same_project,BATCH_REVIEW reviewed_same_equivalence_closure: The pair is connected by a reviewed same-project decision and equivalent source identifiers.,2026-08-26T07:30:45.138739+00:00,applied
MC-D3BB7EFD892133,cla:GH.066,codf:GH.022,different_project,"AUTO_REVIEW conflicting_project_component_identifier: Distinct lot, loan, phase, unit, package, section or stage identifiers indicate separately recorded project components.",2026-08-12T00:00:00+08:00,applied
MC-D431070B2827B4,cla:SD.005,cofi:SDN2021005:debt,same_project,BATCH_REVIEW reviewed_same_equivalence_closure: The pair is connected by a reviewed same-project decision and equivalent source identifiers.,2026-08-26T07:30:45.138739+00:00,applied
MC-D44DDFED14F78F,cla:ET.090,codf:ET.096,different_project,BATCH_REVIEW distinct_related_catalog_identifiers: Related finance catalogs use distinct project identifiers (ET.090 vs ET.096).,2026-08-26T07:30:45.138739+00:00,applied
MC-D48D0F8ACACF62,cgef:KE.102,codf:KE.102,same_project,BATCH_REVIEW reviewed_same_equivalence_closure: The pair is connected by a reviewed same-project decision and equivalent source identifiers.,2026-08-26T07:30:45.138739+00:00,applied
MC-D498C6A7AE89B5,cla:ZW.018,cofi:ZWE2021002:debt,same_project,BATCH_REVIEW reviewed_same_equivalence_closure: The pair is connected by a reviewed same-project decision and equivalent source identifiers.,2026-08-26T07:30:45.138739+00:00,applied
MC-D4B44DA2F3F427,codf:CM.069,cofi:CMR2021004:debt,same_project,BATCH_REVIEW reviewed_same_equivalence_closure: The pair is connected by a reviewed same-project decision and equivalent source identifiers.,2026-08-26T07:30:45.138739+00:00,applied
MC-D4CBD45B5505C7,cgp:MG.001,cla:MG.008,same_project,BATCH_REVIEW reviewed_same_equivalence_closure: The pair is connected by a reviewed same-project decision and equivalent source identifiers.,2026-08-26T07:30:45.138739+00:00,applied
MC-D51F7CEA8A28B6,cla:ET.064,codf:ET.064,same_project,BATCH_REVIEW reviewed_same_equivalence_closure: The pair is connected by a reviewed same-project decision and equivalent source identifiers.,2026-08-26T07:30:45.138739+00:00,applied
MC-D52A062D98AFD7,cgef:GH.022,cla:GH.022,same_project,BATCH_REVIEW reviewed_same_equivalence_closure: The pair is connected by a reviewed same-project decision and equivalent source identifiers.,2026-08-26T07:30:45.138739+00:00,applied
MC-D52C7180380020,aiddata:73636,cla:AO.089.85,same_project,BATCH_REVIEW reviewed_same_equivalence_closure: The pair is connected by a reviewed same-project decision and equivalent source identifiers.,2026-08-26T07:30:45.138739+00:00,applied
MC-D54DA20FAB78EE,aiddata:61631,cofi:GNQ2021002:debt,different_project,BATCH_REVIEW reviewed_difference_final_entity_guard: The proposed link would collapse records across an established different-project boundary.,2026-08-26T07:30:45.138739+00:00,applied
MC-D5849BD7559210,cla:KE.086,codf:KE.086,same_project,BATCH_REVIEW reviewed_same_equivalence_closure: The pair is connected by a reviewed same-project decision and equivalent source identifiers.,2026-08-26T07:30:45.138739+00:00,applied
MC-D588AE54EB3820,cla:AO.089.45,codf:AO.089.47,different_project,BATCH_REVIEW distinct_related_catalog_identifiers: Related finance catalogs use distinct project identifiers (AO.089.45 vs AO.089.47).,2026-08-19T08:11:59.703611+00:00,applied
MC-D5B8F8163EF145,aiddata:67416,cla:AO.104,same_project,"BATCH_REVIEW matching_original_usd_commitment: The AidData title states the same original USD commitment as the finance-catalog record, with compatible project title and financing type.",2026-08-20T09:31:06.061922+00:00,applied
MC-D5BAF29ED5FFC8,cgef:TG.012,codf:TG.012,same_project,BATCH_REVIEW reviewed_same_equivalence_closure: The pair is connected by a reviewed same-project decision and equivalent source identifiers.,2026-08-26T07:30:45.138739+00:00,applied
MC-D600B2B691B640,aiddata:93124,chapo:93145,different_project,BATCH_REVIEW conflicting_canonical_event_details: The fuller source descriptions identify different events: months differ (['august'] vs ['june']).,2026-08-20T09:31:06.061922+00:00,applied
MC-D624458B1EA59A,aiddata:87641,codf:GH.078,same_project,BATCH_REVIEW reviewed_same_equivalence_closure: The pair is connected by a reviewed same-project decision and equivalent source identifiers.,2026-08-26T07:30:45.138739+00:00,applied
MC-D63312592E5852,cgef:ET.068,cla:ET.068,same_project,BATCH_REVIEW reviewed_same_equivalence_closure: The pair is connected by a reviewed same-project decision and equivalent source identifiers.,2026-08-26T07:30:45.138739+00:00,applied
MC-D6623CD33FA3BB,aiddata:92174,cla:ET.090,same_project,BATCH_REVIEW reviewed_same_equivalence_closure: The pair is connected by a reviewed same-project decision and equivalent source identifiers.,2026-08-26T07:30:45.138739+00:00,applied
MC-D6A45FDCDB543C,aiddata:69109,cgef:UG.034,same_project,HUMAN_REVIEW imported from browser export; this decision takes precedence over automated rules.,2026-08-19T07:27:00.160Z,applied
MC-D6A5C6D137C40C,cgp:UG.002.4,cofi:UGA2021002:debt,same_project,BATCH_REVIEW reviewed_same_equivalence_closure: The pair is connected by a reviewed same-project decision and equivalent source identifiers.,2026-08-26T07:30:45.138739+00:00,applied
MC-D6BA0F3711920E,cgp:GQ.002,cofi:GNQ2021002:debt,same_project,BATCH_REVIEW reviewed_same_equivalence_closure: The pair is connected by a reviewed same-project decision and equivalent source identifiers.,2026-08-26T07:30:45.138739+00:00,applied
MC-D6EAA060DB0ABE,cgp:GQ.001.4,cofi:GNQ2021001:debt,same_project,BATCH_REVIEW distinctive_named_asset_with_compatible_context: Distinctive name anchor(s) [djibloho] and matching sector energy identify the same underlying asset.,2026-08-26T07:30:45.138739+00:00,applied
MC-D6F9E3FBDEBEF5,aiddata:57536,cgp:ZM.002.4,same_project,BATCH_REVIEW reviewed_same_equivalence_closure: The pair is connected by a reviewed same-project decision and equivalent source identifiers.,2026-08-26T07:30:45.138739+00:00,applied
MC-D6FB1B46741EBA,aiddata:1243,cla:GH.002,same_project,HUMAN_REVIEW imported from browser export; this decision takes precedence over automated rules.,2026-08-19T06:58:55.943Z,applied
MC-D72BBB6E98AB23,aiddata:92109,chapo:92044,different_project,BATCH_REVIEW conflicting_canonical_event_details: The fuller source descriptions identify different events: months differ (['december'] vs ['november']).,2026-08-26T07:30:45.138739+00:00,applied
MC-D75BD7733AA329,cla:UG.026,codf:UG.026,same_project,BATCH_REVIEW reviewed_same_equivalence_closure: The pair is connected by a reviewed same-project decision and equivalent source identifiers.,2026-08-26T07:30:45.138739+00:00,applied
MC-D77565CAC8089F,aiddata:60237,codf:UG.035,same_project,"BATCH_REVIEW matching_original_usd_commitment: The AidData title states the same original USD commitment as the finance-catalog record, with compatible project title and financing type.",2026-08-20T09:31:06.061922+00:00,applied
MC-D7B63F67923830,aiddata:92600,codf:GH.090,same_project,BATCH_REVIEW reviewed_same_equivalence_closure: The pair is connected by a reviewed same-project decision and equivalent source identifiers.,2026-08-26T07:30:45.138739+00:00,applied
MC-D7EAE8C690B6C9,aiddata:36343,chapo:64668,different_project,BATCH_REVIEW conflicting_component_ordinal: Titles identify different components: batch: ['1'] vs ['5'].,2026-08-19T08:11:59.703611+00:00,applied
MC-D8002258FA28ED,aiddata:62476,cla:GQ.035,different_project,"BATCH_REVIEW separate_after_full_evidence_check: No shared source identifier, compatible named-asset anchor, matching original commitment, technical specification, or explicit cross-source link supports consolidation; the records remain separate.",2026-08-26T07:30:45.138739+00:00,applied
MC-D80836EF4EDEED,cgp:ET.001.2,cofi:ETH2021006:debt,same_project,HUMAN_REVIEW imported from browser export; this decision takes precedence over automated rules.,2026-08-21T02:44:37.930Z,applied
MC-D811FCD0B44B72,aiddata:66871,cla:AO.089.35,same_project,BATCH_REVIEW reviewed_same_equivalence_closure: The pair is connected by a reviewed same-project decision and equivalent source identifiers.,2026-08-26T07:30:45.138739+00:00,applied
MC-D88A6DFD9564C1,cgp:UG.002.2,codf:UG.008,different_project,BATCH_REVIEW reviewed_difference_final_entity_guard: The proposed link would collapse records across an established different-project boundary.,2026-08-26T07:30:45.138739+00:00,applied
MC-D8A087550371DB,aiddata:91499,chapo:91497,different_project,"BATCH_REVIEW separate_after_full_evidence_check: No shared source identifier, compatible named-asset anchor, matching original commitment, technical specification, or explicit cross-source link supports consolidation; the records remain separate.",2026-08-26T07:30:45.138739+00:00,applied
MC-D8E877A255099A,cgef:UG.039,cgp:UG.002.3,same_project,BATCH_REVIEW reviewed_same_equivalence_closure: The pair is connected by a reviewed same-project decision and equivalent source identifiers.,2026-08-26T07:30:45.138739+00:00,applied
MC-D94F8CF21BF7A2,cla:GQ.004.07,codf:GQ.004.10,different_project,HUMAN_REVIEW imported from browser export; this decision takes precedence over automated rules.,2026-08-19T07:29:03.959Z,applied
MC-D9616FF1C1FD3B,aiddata:62140,codf:GQ.008,same_project,BATCH_REVIEW reviewed_same_equivalence_closure: The pair is connected by a reviewed same-project decision and equivalent source identifiers.,2026-08-26T07:30:45.138739+00:00,applied
MC-D96AFF81F7889D,codf:UG.039,cofi:UGA2021002:debt,different_project,BATCH_REVIEW reviewed_difference_final_entity_guard: The proposed link would collapse records across an established different-project boundary.,2026-08-26T07:30:45.138739+00:00,applied
MC-D9B8F70BEECF28,aiddata:60237,cla:UG.035,same_project,BATCH_REVIEW reviewed_same_equivalence_closure: The pair is connected by a reviewed same-project decision and equivalent source identifiers.,2026-08-20T09:31:06.061922+00:00,applied
MC-D9DF3CA93ABC37,cla:ET.098,codf:ET.098,same_project,BATCH_REVIEW reviewed_same_equivalence_closure: The pair is connected by a reviewed same-project decision and equivalent source identifiers.,2026-08-26T07:30:45.138739+00:00,applied
MC-D9E6850AFC9335,chapo:73809,cla:AO.003.15,same_project,BATCH_REVIEW reviewed_same_equivalence_closure: The pair is connected by a reviewed same-project decision and equivalent source identifiers.,2026-08-26T07:30:45.138739+00:00,applied
MC-DA53F890BBD29B,aiddata:85245,cla:SN.009,same_project,"BATCH_REVIEW distinctive_named_asset_with_compatible_context: Distinctive name anchor(s) [communication, security] and matching sector communications identify the same underlying asset.",2026-08-26T07:30:45.138739+00:00,applied
MC-DA6E9C82C0089B,cla:GQ.010,codf:GQ.010,same_project,BATCH_REVIEW reviewed_same_equivalence_closure: The pair is connected by a reviewed same-project decision and equivalent source identifiers.,2026-08-26T07:30:45.138739+00:00,applied
MC-DA779969B42ECE,cgp:ZA.F.004.1,cofi:ZAF2021001:equity,same_project,BATCH_REVIEW matching_catalog_component_ordinal: CGP subrecord .1 aligns with COFI component I for the same named asset.,2026-08-26T07:30:45.138739+00:00,applied
MC-DAB37F3DC090E4,cgp:UG.002.2,cla:UG.039,same_project,BATCH_REVIEW reviewed_same_equivalence_closure: The pair is connected by a reviewed same-project decision and equivalent source identifiers.,2026-08-26T07:30:45.138739+00:00,applied
MC-DAE95171FD07ED,cgp:SD.003,cofi:SDN2021001:debt,same_project,BATCH_REVIEW reviewed_same_equivalence_closure: The pair is connected by a reviewed same-project decision and equivalent source identifiers.,2026-08-26T07:30:45.138739+00:00,applied
MC-DB0741FFECD9BC,aiddata:30137,cla:ZW.016,same_project,BATCH_REVIEW reviewed_same_equivalence_closure: The pair is connected by a reviewed same-project decision and equivalent source identifiers.,2026-08-26T07:30:45.138739+00:00,applied
MC-DB3F55F4E193DB,cgp:SD.001.6,cofi:SDN2021005:debt,same_project,BATCH_REVIEW distinctive_named_asset_with_compatible_context: Distinctive name anchor(s) [merowe] and matching sector energy identify the same underlying asset.,2026-08-26T07:30:45.138739+00:00,applied
MC-DB442165928E92,aiddata:34789,cla:AO.003.22,same_project,BATCH_REVIEW reviewed_same_equivalence_closure: The pair is connected by a reviewed same-project decision and equivalent source identifiers.,2026-08-26T07:30:45.138739+00:00,applied
MC-DB9A965583B830,aiddata:31023,cgp:KE.002,same_project,BATCH_REVIEW reviewed_same_equivalence_closure: The pair is connected by a reviewed same-project decision and equivalent source identifiers.,2026-08-26T07:30:45.138739+00:00,applied
MC-DBBC4C04DDF1FE,aiddata:89475,cla:GH.067.11,same_project,"BATCH_REVIEW matching_original_usd_commitment: The AidData title states the same original USD commitment as the finance-catalog record, with compatible project title and financing type.",2026-08-20T09:31:06.061922+00:00,applied
MC-DBC1AEC0A2E5DD,cgp:ZW.002.1,codf:ZW.064,same_project,"BATCH_REVIEW distinctive_named_asset_with_compatible_context: Distinctive name anchor(s) [coal, hwange] and shared asset family thermal_power identify the same underlying asset.",2026-08-26T07:30:45.138739+00:00,applied
MC-DC518A1E5593BB,cgef:AO.089.45,codf:AO.089.46,different_project,BATCH_REVIEW distinct_related_catalog_identifiers: Related finance catalogs use distinct project identifiers (AO.089.45 vs AO.089.46).,2026-08-19T08:11:59.703611+00:00,applied
MC-DC6359FC55093A,cgp:ZA.F.004.1,cofi:ZAF2021002:equity,different_project,BATCH_REVIEW conflicting_catalog_component_ordinal: CGP subrecord .1 conflicts with COFI component II.,2026-08-26T07:30:45.138739+00:00,applied
MC-DCC7DF034AFAFB,cgef:AO.089.44,codf:AO.089.46,different_project,BATCH_REVIEW distinct_related_catalog_identifiers: Related finance catalogs use distinct project identifiers (AO.089.44 vs AO.089.46).,2026-08-19T08:11:59.703611+00:00,applied
MC-DCCA67D59105AE,cla:ZA.044,cofi:ZAF2021003:debt,same_project,BATCH_REVIEW reviewed_same_equivalence_closure: The pair is connected by a reviewed same-project decision and equivalent source identifiers.,2026-08-26T07:30:45.138739+00:00,applied
MC-DCDA8B6B878D3B,aiddata:67416,codf:AO.104,same_project,BATCH_REVIEW reviewed_same_equivalence_closure: The pair is connected by a reviewed same-project decision and equivalent source identifiers.,2026-08-20T09:31:06.061922+00:00,applied
MC-DCDCD44ED0E1F4,cgef:UG.008,cgp:UG.002.2,different_project,BATCH_REVIEW reviewed_difference_final_entity_guard: The proposed link would collapse records across an established different-project boundary.,2026-08-26T07:30:45.138739+00:00,applied
MC-DD28C4E50E4B1F,cgef:MR.013,codf:MR.013,same_project,BATCH_REVIEW reviewed_same_equivalence_closure: The pair is connected by a reviewed same-project decision and equivalent source identifiers.,2026-08-26T07:30:45.138739+00:00,applied
MC-DD45CC527AFC81,aiddata:64668,chapo:36343,different_project,BATCH_REVIEW conflicting_component_ordinal: Titles identify different components: batch: ['5'] vs ['1'].,2026-08-19T08:11:59.703611+00:00,applied
MC-DD625B533B7FB3,aiddata:61053,chapo:60892,different_project,ASSISTANT_REVIEW conflicting_location: General Tanzania donation differs from the Zanzibar-specific record.,2026-08-20T08:30:00+00:00,applied
MC-DD7C5CB82F1E96,aiddata:91935,chapo:92166,same_project,HUMAN_REVIEW imported from browser export; this decision takes precedence over automated rules.,2026-08-21T02:43:58.011Z,applied
MC-DD93D6CA95FC6B,aiddata:59085,cla:CD.030,same_project,BATCH_REVIEW reviewed_same_equivalence_closure: The pair is connected by a reviewed same-project decision and equivalent source identifiers.,2026-08-26T07:30:45.138739+00:00,applied
MC-DDAB61B1094D82,aiddata:58409,codf:SN.007,same_project,BATCH_REVIEW distinctive_named_asset_with_compatible_context: Distinctive name anchor(s) [egovernment] and shared asset family communications identify the same underlying asset.,2026-08-26T07:30:45.138739+00:00,applied
MC-DDB2361783865D,cgef:AO.083,cla:AO.083,same_project,BATCH_REVIEW reviewed_same_equivalence_closure: The pair is connected by a reviewed same-project decision and equivalent source identifiers.,2026-08-26T07:30:45.138739+00:00,applied
MC-DDCF0F2A238728,cgef:GQ.024,cla:GQ.024,same_project,BATCH_REVIEW reviewed_same_equivalence_closure: The pair is connected by a reviewed same-project decision and equivalent source identifiers.,2026-08-26T07:30:45.138739+00:00,applied
MC-DDCFE5E4DCE598,cgef:ET.075,cla:ET.075,same_project,BATCH_REVIEW reviewed_same_equivalence_closure: The pair is connected by a reviewed same-project decision and equivalent source identifiers.,2026-08-26T07:30:45.138739+00:00,applied
MC-DE17A4A056EDAC,aiddata:73183,cla:GH.001,same_project,"BATCH_REVIEW matching_original_usd_commitment: The AidData title states the same original USD commitment as the finance-catalog record, with compatible project title and financing type.",2026-08-20T09:31:06.061922+00:00,applied
MC-DE20459805A750,aiddata:16392,cgef:KE.021,same_project,ASSISTANT_REVIEW exact_named_project: Kenya power-distribution modernization project coincides.,2026-08-20T08:30:00+00:00,applied
MC-DE3931F94776E3,cgp:ZM.002.1,cofi:ZMB2021001:debt,same_project,BATCH_REVIEW reviewed_same_equivalence_closure: The pair is connected by a reviewed same-project decision and equivalent source identifiers.,2026-08-26T07:30:45.138739+00:00,applied
MC-DE4E760DB1C4CF,aiddata:93266,chapo:93145,different_project,ASSISTANT_REVIEW conflicting_recipient: University of N'Djamena differs from police recipient.,2026-08-20T08:30:00+00:00,applied
MC-DE80DFCA090A16,aiddata:60892,chapo:61053,different_project,ASSISTANT_REVIEW conflicting_location: Zanzibar-specific donation differs from the general Tanzania record.,2026-08-20T08:30:00+00:00,applied
MC-DE8F13873FEF2C,cla:ET.075,codf:ET.075,same_project,BATCH_REVIEW reviewed_same_equivalence_closure: The pair is connected by a reviewed same-project decision and equivalent source identifiers.,2026-08-26T07:30:45.138739+00:00,applied
MC-DE9757B0CA07E0,cgp:CD.001,cofi:COD2021001:debt,same_project,BATCH_REVIEW reviewed_same_equivalence_closure: The pair is connected by a reviewed same-project decision and equivalent source identifiers.,2026-08-26T07:30:45.138739+00:00,applied
MC-DEADFE0C968040,cgef:GA.045,cgp:GA.001.2,same_project,BATCH_REVIEW reviewed_same_equivalence_closure: The pair is connected by a reviewed same-project decision and equivalent source identifiers.,2026-08-26T07:30:45.138739+00:00,applied
MC-DEB42E7CF1AB92,aiddata:43782,codf:AO.056,same_project,BATCH_REVIEW reviewed_same_equivalence_closure: The pair is connected by a reviewed same-project decision and equivalent source identifiers.,2026-08-26T07:30:45.138739+00:00,applied
MC-DEB7B5FECE2A01,aiddata:30241,cofi:ETH2021001:debt,same_project,"BATCH_REVIEW matching_original_usd_commitment: The AidData title states the same original USD commitment as the finance-catalog record, with compatible project title and financing type.",2026-08-26T07:30:45.138739+00:00,applied
MC-DECDC2CA25A1C0,cgp:CM.003.1,codf:CM.018,different_project,BATCH_REVIEW conflicting_financing_instruments: Fund types conflict (equity vs loan).,2026-08-26T07:30:45.138739+00:00,applied
MC-DED38B35CE33D8,cla:ZM.122,codf:ZM.116,different_project,BATCH_REVIEW distinct_related_catalog_identifiers: Related finance catalogs use distinct project identifiers (ZM.122 vs ZM.116).,2026-08-26T07:30:45.138739+00:00,applied
MC-DED58354A70F36,cgp:SD.002.2,cofi:SDN2021003:debt,same_project,"BATCH_REVIEW distinctive_named_asset_with_compatible_context: The financing boilerplate reduces to the same distinctive project name [mahmoud, sharif] with matching component qualifiers.",2026-08-26T07:30:45.138739+00:00,applied
MC-DF23C00EA4024B,codf:ER.008,cofi:ERI2021001:debt,same_project,BATCH_REVIEW reviewed_same_equivalence_closure: The pair is connected by a reviewed same-project decision and equivalent source identifiers.,2026-08-26T07:30:45.138739+00:00,applied
MC-DF3DF4ECFA2FB5,cgef:KE.011,cofi:KEN2021002:debt,same_project,BATCH_REVIEW reviewed_same_equivalence_closure: The pair is connected by a reviewed same-project decision and equivalent source identifiers.,2026-08-26T07:30:45.138739+00:00,applied
MC-DF559A83FEE963,cgef:AO.080,codf:AO.080,same_project,BATCH_REVIEW reviewed_same_equivalence_closure: The pair is connected by a reviewed same-project decision and equivalent source identifiers.,2026-08-26T07:30:45.138739+00:00,applied
MC-DF817C7E28D1ED,cgp:ZA.005.5,cofi:ZAF2021004:debt,same_project,BATCH_REVIEW reviewed_same_equivalence_closure: The pair is connected by a reviewed same-project decision and equivalent source identifiers.,2026-08-26T07:30:45.138739+00:00,applied
MC-DFB27004D1F602,cgef:ZM.023,cla:ZM.023,same_project,BATCH_REVIEW reviewed_same_equivalence_closure: The pair is connected by a reviewed same-project decision and equivalent source identifiers.,2026-08-26T07:30:45.138739+00:00,applied
MC-DFB529D662E9ED,aiddata:73852,codf:AO.082,same_project,BATCH_REVIEW reviewed_same_equivalence_closure: The pair is connected by a reviewed same-project decision and equivalent source identifiers.,2026-08-26T07:30:45.138739+00:00,applied
MC-DFF78307A9E6A5,cla:AO.089.20,codf:AO.089.38,different_project,BATCH_REVIEW distinct_related_catalog_identifiers: Related finance catalogs use distinct project identifiers (AO.089.20 vs AO.089.38).,2026-08-26T07:30:45.138739+00:00,applied
MC-DFFA271E3E22A1,cgef:ET.090,codf:ET.098,different_project,BATCH_REVIEW distinct_related_catalog_identifiers: Related finance catalogs use distinct project identifiers (ET.090 vs ET.098).,2026-08-26T07:30:45.138739+00:00,applied
MC-E0424CFB445455,aiddata:48765,cofi:ETH2021003:debt,same_project,"BATCH_REVIEW matching_original_usd_commitment: The AidData title states the same original USD commitment as the finance-catalog record, with compatible project title and financing type.",2026-08-26T07:30:45.138739+00:00,applied
MC-E073198861B39E,aiddata:96774,chapo:96798,different_project,"BATCH_REVIEW conflicting_canonical_event_details: The fuller source descriptions identify different events: explicit currencies/amounts differ ([('eur', 37000000.0), ('eur', 1000000000.0)] vs [('zar', 6000000000.0)]).",2026-08-20T09:31:06.061922+00:00,applied
MC-E0B45B17ABA2BE,cla:AO.089.45,codf:AO.089.44,different_project,HUMAN_REVIEW imported from browser export; this decision takes precedence over automated rules.,2026-08-19T06:58:29.423Z,applied
MC-E0B8372C8CB637,cgp:UG.002.2,cla:UG.008,different_project,BATCH_REVIEW reviewed_difference_final_entity_guard: The proposed link would collapse records across an established different-project boundary.,2026-08-26T07:30:45.138739+00:00,applied
MC-E109D8DFA807F8,aiddata:55858,cla:SD.057,different_project,"AUTO_REVIEW conflicting_project_component_identifier: Distinct lot, loan, phase, unit, package, section or stage identifiers indicate separately recorded project components.",2026-08-12T00:00:00+08:00,applied
MC-E124C1FDEB3687,cgp:CM.002.3,codf:CM.010,same_project,"BATCH_REVIEW distinctive_named_asset_with_compatible_context: Distinctive name anchor(s) [hydropower, mekin] and shared asset family hydropower identify the same underlying asset.",2026-08-26T07:30:45.138739+00:00,applied
MC-E15BA703C96F90,aiddata:53018,chapo:62729,different_project,HUMAN_REVIEW imported from browser export; this decision takes precedence over automated rules.,2026-08-19T06:55:34.684Z,applied
MC-E18538B33A1054,cgp:UG.001.3,codf:UG.009,same_project,"BATCH_REVIEW distinctive_named_asset_with_compatible_context: Distinctive name anchor(s) [falls, hydropower, isimba] and shared asset family hydropower identify the same underlying asset.",2026-08-26T07:30:45.138739+00:00,applied
MC-E18F3B2BFBB2FB,cgef:ET.007,codf:ET.007,same_project,BATCH_REVIEW reviewed_same_equivalence_closure: The pair is connected by a reviewed same-project decision and equivalent source identifiers.,2026-08-26T07:30:45.138739+00:00,applied
MC-E1BFC56DAE1541,cla:ET.098,codf:ET.096,different_project,"AUTO_REVIEW conflicting_project_component_identifier: Distinct lot, loan, phase, unit, package, section or stage identifiers indicate separately recorded project components.",2026-08-12T00:00:00+08:00,applied
MC-E1C364F0556D7C,aiddata:59235,cla:CD.006.62,different_project,"AUTO_REVIEW conflicting_project_component_identifier: Distinct lot, loan, phase, unit, package, section or stage identifiers indicate separately recorded project components.",2026-08-12T00:00:00+08:00,applied
MC-E1CFC7E88E6C0A,aiddata:1471,cla:ET.023,same_project,"BATCH_REVIEW distinctive_named_asset_with_compatible_context: The financing boilerplate reduces to the same distinctive project name [ababa, addis, light, rail] with matching component qualifiers.",2026-08-26T07:30:45.138739+00:00,applied
MC-E1DFFFB1646F20,cgef:ZA.005,cgp:ZA.001.2,same_project,BATCH_REVIEW reviewed_same_equivalence_closure: The pair is connected by a reviewed same-project decision and equivalent source identifiers.,2026-08-26T07:30:45.138739+00:00,applied
MC-E1ECDC164376F7,cla:SD.097.05,cofi:SDN2021001:debt,same_project,BATCH_REVIEW reviewed_same_equivalence_closure: The pair is connected by a reviewed same-project decision and equivalent source identifiers.,2026-08-26T07:30:45.138739+00:00,applied
MC-E230880C87AD32,cgef:ET.101,cgp:ET.006,same_project,BATCH_REVIEW reviewed_same_equivalence_closure: The pair is connected by a reviewed same-project decision and equivalent source identifiers.,2026-08-26T07:30:45.138739+00:00,applied
MC-E270B114965213,cgef:GQ.024,codf:GQ.024,same_project,BATCH_REVIEW reviewed_same_equivalence_closure: The pair is connected by a reviewed same-project decision and equivalent source identifiers.,2026-08-26T07:30:45.138739+00:00,applied
MC-E2A464FDC850FA,cgef:ZA.044,cofi:ZAF2021003:debt,same_project,BATCH_REVIEW reviewed_same_equivalence_closure: The pair is connected by a reviewed same-project decision and equivalent source identifiers.,2026-08-26T07:30:45.138739+00:00,applied
MC-E2A49670A9A57F,cgp:ZM.002.5,cofi:ZMB2021001:debt,same_project,BATCH_REVIEW reviewed_same_equivalence_closure: The pair is connected by a reviewed same-project decision and equivalent source identifiers.,2026-08-26T07:30:45.138739+00:00,applied
MC-E2A8A524AD414B,cla:ET.041,codf:ET.040,different_project,BATCH_REVIEW distinct_related_catalog_identifiers: Related finance catalogs use distinct project identifiers (ET.041 vs ET.040).,2026-08-26T07:30:45.138739+00:00,applied
MC-E2DAA1F1376867,cgef:GQ.029,codf:GQ.029,same_project,BATCH_REVIEW reviewed_same_equivalence_closure: The pair is connected by a reviewed same-project decision and equivalent source identifiers.,2026-08-26T07:30:45.138739+00:00,applied
MC-E3019BB519AB88,cgef:ZW.086,cgp:ZW.001.1,same_project,BATCH_REVIEW reviewed_same_equivalence_closure: The pair is connected by a reviewed same-project decision and equivalent source identifiers.,2026-08-26T07:30:45.138739+00:00,applied
MC-E306C9C6437B64,aiddata:52463,cla:ZM.078,same_project,BATCH_REVIEW reviewed_same_equivalence_closure: The pair is connected by a reviewed same-project decision and equivalent source identifiers.,2026-08-26T07:30:45.138739+00:00,applied
MC-E30A2A1460636D,aiddata:1521,chapo:1515,different_project,ASSISTANT_REVIEW reviewed_reciprocal: Equivalent reciprocal pair was already reviewed as different.,2026-08-20T08:30:00+00:00,applied
MC-E30AFBA10E4DF2,aiddata:85245,codf:SN.009,same_project,BATCH_REVIEW reviewed_same_equivalence_closure: The pair is connected by a reviewed same-project decision and equivalent source identifiers.,2026-08-26T07:30:45.138739+00:00,applied
MC-E33024ED7CD9FE,aiddata:58379,cgp:ZA.005.6,same_project,BATCH_REVIEW reviewed_same_equivalence_closure: The pair is connected by a reviewed same-project decision and equivalent source identifiers.,2026-08-26T07:30:45.138739+00:00,applied
MC-E35B264EDB2447,cgp:ZW.001.1,codf:ZW.086,same_project,BATCH_REVIEW reviewed_same_equivalence_closure: The pair is connected by a reviewed same-project decision and equivalent source identifiers.,2026-08-26T07:30:45.138739+00:00,applied
MC-E3609528B193F9,cgp:CG.001.3,cla:CG.009.11,same_project,BATCH_REVIEW reviewed_same_equivalence_closure: The pair is connected by a reviewed same-project decision and equivalent source identifiers.,2026-08-26T07:30:45.138739+00:00,applied
MC-E36E13FC04C42A,cgp:ZA.003.4,cofi:ZAF2023012:debt,same_project,BATCH_REVIEW distinctive_named_asset_with_compatible_context: Distinctive name anchor(s) [ingula] and matching sector energy identify the same underlying asset.,2026-08-26T07:30:45.138739+00:00,applied
MC-E3BD04A1DBE807,codf:KE.007,cofi:KEN2021003:debt,same_project,BATCH_REVIEW reviewed_same_equivalence_closure: The pair is connected by a reviewed same-project decision and equivalent source identifiers.,2026-08-26T07:30:45.138739+00:00,applied
MC-E3DDAE4ED2F010,cgp:ZA.005.2,cofi:ZAF2021003:debt,same_project,BATCH_REVIEW reviewed_same_equivalence_closure: The pair is connected by a reviewed same-project decision and equivalent source identifiers.,2026-08-26T07:30:45.138739+00:00,applied
MC-E4059F715F7924,cgef:ET.074,codf:ET.074,same_project,BATCH_REVIEW reviewed_same_equivalence_closure: The pair is connected by a reviewed same-project decision and equivalent source identifiers.,2026-08-26T07:30:45.138739+00:00,applied
MC-E41740C6A77F12,aiddata:106497,cla:UG.037,same_project,BATCH_REVIEW reviewed_same_equivalence_closure: The pair is connected by a reviewed same-project decision and equivalent source identifiers.,2026-08-26T07:30:45.138739+00:00,applied
MC-E4380AA33A49DC,aiddata:354,cla:ZM.012,same_project,BATCH_REVIEW reviewed_same_equivalence_closure: The pair is connected by a reviewed same-project decision and equivalent source identifiers.,2026-08-26T07:30:45.138739+00:00,applied
MC-E44C540B870E25,aiddata:52560,cofi:ZAF2023012:debt,same_project,BATCH_REVIEW reviewed_same_equivalence_closure: The pair is connected by a reviewed same-project decision and equivalent source identifiers.,2026-08-26T07:30:45.138739+00:00,applied
MC-E4B462E6A01370,cgef:GQ.027.03,cla:GQ.027.03,same_project,BATCH_REVIEW reviewed_same_equivalence_closure: The pair is connected by a reviewed same-project decision and equivalent source identifiers.,2026-08-26T07:30:45.138739+00:00,applied
MC-E4B524B6FABF3B,cgef:ZM.025,cofi:ZMB2021001:debt,same_project,BATCH_REVIEW reviewed_same_equivalence_closure: The pair is connected by a reviewed same-project decision and equivalent source identifiers.,2026-08-26T07:30:45.138739+00:00,applied
MC-E4BF1430DCCCDB,cgp:ZM.002.3,cofi:ZMB2021001:debt,same_project,BATCH_REVIEW reviewed_same_equivalence_closure: The pair is connected by a reviewed same-project decision and equivalent source identifiers.,2026-08-26T07:30:45.138739+00:00,applied
MC-E51766462C1C10,aiddata:30853,chapo:30852,different_project,"BATCH_REVIEW conflicting_canonical_event_details: The fuller source descriptions identify different events: explicit currencies/amounts differ ([('usd', 680000.0)] vs [('usd', 720000.0)]).",2026-08-26T07:30:45.138739+00:00,applied
MC-E53F173F77EDCF,aiddata:59809,codf:CI.041,same_project,BATCH_REVIEW reviewed_same_equivalence_closure: The pair is connected by a reviewed same-project decision and equivalent source identifiers.,2026-08-26T07:30:45.138739+00:00,applied
MC-E56F830ACCDDE7,aiddata:47103,cgef:AO.081,same_project,BATCH_REVIEW reviewed_same_equivalence_closure: The pair is connected by a reviewed same-project decision and equivalent source identifiers.,2026-08-26T07:30:45.138739+00:00,applied
MC-E57BB46B8633C2,cgef:SN.011,codf:SN.011,same_project,BATCH_REVIEW reviewed_same_equivalence_closure: The pair is connected by a reviewed same-project decision and equivalent source identifiers.,2026-08-26T07:30:45.138739+00:00,applied
MC-E58204A22CDF07,aiddata:85628,codf:NG.063,same_project,BATCH_REVIEW reviewed_same_equivalence_closure: The pair is connected by a reviewed same-project decision and equivalent source identifiers.,2026-08-26T07:30:45.138739+00:00,applied
MC-E58229C15A4E9F,cgp:GH.F.001.4,cofi:GHA2021004:equity,same_project,"BATCH_REVIEW distinctive_named_asset_with_compatible_context: The financing boilerplate reduces to the same distinctive project name [asogli, kpone] with matching component qualifiers.",2026-08-26T07:30:45.138739+00:00,applied
MC-E60B24BF7490E4,aiddata:53044,cla:ZM.052,same_project,BATCH_REVIEW reviewed_same_equivalence_closure: The pair is connected by a reviewed same-project decision and equivalent source identifiers.,2026-08-20T09:31:06.061922+00:00,applied
MC-E6155CB1F74332,cgef:GQ.004.12,cla:GQ.004.12,same_project,BATCH_REVIEW reviewed_same_equivalence_closure: The pair is connected by a reviewed same-project decision and equivalent source identifiers.,2026-08-26T07:30:45.138739+00:00,applied
MC-E635AE4DF4D2D3,cla:ET.090,codf:ET.097,different_project,BATCH_REVIEW distinct_related_catalog_identifiers: Related finance catalogs use distinct project identifiers (ET.090 vs ET.097).,2026-08-26T07:30:45.138739+00:00,applied
MC-E69117D38C28D6,cla:ZA.045,codf:ZA.045,same_project,BATCH_REVIEW reviewed_same_equivalence_closure: The pair is connected by a reviewed same-project decision and equivalent source identifiers.,2026-08-26T07:30:45.138739+00:00,applied
MC-E6FA6B75F2E8B2,cla:UG.039,codf:UG.008,different_project,BATCH_REVIEW distinct_related_catalog_identifiers: Related finance catalogs use distinct project identifiers (UG.039 vs UG.008).,2026-08-26T07:30:45.138739+00:00,applied
MC-E71C3060942879,aiddata:89473,cla:GH.067.09,same_project,HUMAN_REVIEW imported from browser export; this decision takes precedence over automated rules.,2026-08-20T02:58:14.873Z,applied
MC-E732A4B90C7588,aiddata:57586,cofi:CMR2021004:debt,same_project,"BATCH_REVIEW matching_original_usd_commitment: The AidData title states the same original USD commitment as the finance-catalog record, with compatible project title and financing type.",2026-08-26T07:30:45.138739+00:00,applied
MC-E736E6AB0C0063,aiddata:34447,cla:ET.030,same_project,BATCH_REVIEW matching_named_project_specs: The named infrastructure project has matching technical specifications (mw: [1870.0]) and no phase/lot conflict.,2026-08-20T09:31:06.061922+00:00,applied
MC-E73CD2766EDC4F,cla:SD.097.11,codf:SD.097.11,same_project,BATCH_REVIEW reviewed_same_equivalence_closure: The pair is connected by a reviewed same-project decision and equivalent source identifiers.,2026-08-26T07:30:45.138739+00:00,applied
MC-E75E78D23BFEE3,aiddata:59244,cla:CD.006.28,same_project,"BATCH_REVIEW matching_original_usd_commitment: The AidData title states the same original USD commitment as the finance-catalog record, with compatible project title and financing type.",2026-08-20T09:31:06.061922+00:00,applied
MC-E7B15514F40437,cla:AO.065.27,codf:AO.065.26,different_project,HUMAN_REVIEW imported from browser export; this decision takes precedence over automated rules.,2026-08-19T07:14:39.712Z,applied
MC-E83FE534055B1D,cgp:GA.001.3,codf:GA.004,same_project,BATCH_REVIEW reviewed_same_equivalence_closure: The pair is connected by a reviewed same-project decision and equivalent source identifiers.,2026-08-26T07:30:45.138739+00:00,applied
MC-E875B4618DBF0B,aiddata:34847,cgef:AO.003.23,same_project,BATCH_REVIEW reviewed_same_equivalence_closure: The pair is connected by a reviewed same-project decision and equivalent source identifiers.,2026-08-26T07:30:45.138739+00:00,applied
MC-E882BF05D330F3,cgp:UG.002.6,cla:UG.008,same_project,BATCH_REVIEW reviewed_same_equivalence_closure: The pair is connected by a reviewed same-project decision and equivalent source identifiers.,2026-08-26T07:30:45.138739+00:00,applied
MC-E8BE407EBBC528,cla:ET.057,cofi:ETH2021003:debt,same_project,BATCH_REVIEW reviewed_same_equivalence_closure: The pair is connected by a reviewed same-project decision and equivalent source identifiers.,2026-08-26T07:30:45.138739+00:00,applied
MC-E912F14B56B419,aiddata:31295,codf:KE.031,same_project,HUMAN_REVIEW imported from browser export; this decision takes precedence over automated rules.,2026-08-20T02:58:33.472Z,applied
MC-E94BA5C6F367CC,cgp:ZA.001.1,cofi:ZAF2021006:debt,same_project,BATCH_REVIEW reviewed_same_equivalence_closure: The pair is connected by a reviewed same-project decision and equivalent source identifiers.,2026-08-26T07:30:45.138739+00:00,applied
MC-E94CBA87D5C34E,aiddata:58379,cgp:ZA.005.4,same_project,BATCH_REVIEW reviewed_same_equivalence_closure: The pair is connected by a reviewed same-project decision and equivalent source identifiers.,2026-08-26T07:30:45.138739+00:00,applied
MC-E9530A3163F4A1,aiddata:73631,codf:AO.089.23,same_project,HUMAN_REVIEW imported from browser export; this decision takes precedence over automated rules.,2026-08-19T06:57:11.112Z,applied
MC-E955603E5F1248,cgef:SD.003,cla:SD.004,different_project,BATCH_REVIEW distinct_related_catalog_identifiers: Related finance catalogs use distinct project identifiers (SD.003 vs SD.004).,2026-08-26T07:30:45.138739+00:00,applied
MC-E9A5D9765F8F4C,cla:ET.096,codf:ET.096,same_project,BATCH_REVIEW reviewed_same_equivalence_closure: The pair is connected by a reviewed same-project decision and equivalent source identifiers.,2026-08-26T07:30:45.138739+00:00,applied
MC-E9D4163184E595,cgef:UG.008,cla:UG.008,same_project,BATCH_REVIEW reviewed_same_equivalence_closure: The pair is connected by a reviewed same-project decision and equivalent source identifiers.,2026-08-26T07:30:45.138739+00:00,applied
MC-EA0EFFF4490D8F,cla:AO.056,codf:AO.056,same_project,BATCH_REVIEW reviewed_same_equivalence_closure: The pair is connected by a reviewed same-project decision and equivalent source identifiers.,2026-08-26T07:30:45.138739+00:00,applied
MC-EA456E293D41BC,codf:ZM.012,cofi:ZMB2021002:debt,same_project,BATCH_REVIEW reviewed_same_equivalence_closure: The pair is connected by a reviewed same-project decision and equivalent source identifiers.,2026-08-26T07:30:45.138739+00:00,applied
MC-EA70D243404E7A,cgp:UG.002.6,codf:UG.039,different_project,BATCH_REVIEW reviewed_difference_final_entity_guard: The proposed link would collapse records across an established different-project boundary.,2026-08-26T07:30:45.138739+00:00,applied
MC-EAED714CC5899C,cgp:GN.002.2,codf:GN.007,same_project,BATCH_REVIEW reviewed_same_equivalence_closure: The pair is connected by a reviewed same-project decision and equivalent source identifiers.,2026-08-26T07:30:45.138739+00:00,applied
MC-EB317282A4931E,aiddata:92174,codf:ET.098,different_project,"AUTO_REVIEW conflicting_project_component_identifier: Distinct lot, loan, phase, unit, package, section or stage identifiers indicate separately recorded project components.",2026-08-12T00:00:00+08:00,applied
MC-EB593934D249C3,aiddata:59363,cla:ET.061,same_project,ASSISTANT_REVIEW exact_named_project: Gibe III-Addis Ababa transmission-line route and project coincide.,2026-08-20T08:30:00+00:00,applied
MC-EB838412E4B82E,aiddata:73173,cofi:GAB2021001:debt,same_project,"BATCH_REVIEW distinctive_named_asset_with_compatible_context: Distinctive name anchor(s) [grand, poubara] and matching sector energy identify the same underlying asset.",2026-08-26T07:30:45.138739+00:00,applied
MC-EBC544BBBF34A3,cgef:GA.045,cgp:GA.001.3,same_project,BATCH_REVIEW reviewed_same_equivalence_closure: The pair is connected by a reviewed same-project decision and equivalent source identifiers.,2026-08-26T07:30:45.138739+00:00,applied
MC-EBC62209BD133A,cgef:UG.045,cla:UG.045,same_project,BATCH_REVIEW reviewed_same_equivalence_closure: The pair is connected by a reviewed same-project decision and equivalent source identifiers.,2026-08-26T07:30:45.138739+00:00,applied
MC-EBF0AD37E3BEBC,cla:CM.069,cofi:CMR2021004:debt,same_project,BATCH_REVIEW reviewed_same_equivalence_closure: The pair is connected by a reviewed same-project decision and equivalent source identifiers.,2026-08-26T07:30:45.138739+00:00,applied
MC-EC47025E24643D,cla:CG.024,codf:CG.050,different_project,BATCH_REVIEW distinct_related_catalog_identifiers: Related finance catalogs use distinct project identifiers (CG.024 vs CG.050).,2026-08-26T07:30:45.138739+00:00,applied
MC-EC478BD638EBEE,cgef:BF.008,codf:BF.008,same_project,BATCH_REVIEW reviewed_same_equivalence_closure: The pair is connected by a reviewed same-project decision and equivalent source identifiers.,2026-08-26T07:30:45.138739+00:00,applied
MC-EC48F5684EC08B,cla:KE.087,codf:KE.087,same_project,BATCH_REVIEW reviewed_same_equivalence_closure: The pair is connected by a reviewed same-project decision and equivalent source identifiers.,2026-08-26T07:30:45.138739+00:00,applied
MC-EC6567FF3757F5,aiddata:53093,codf:ZM.030,different_project,"AUTO_REVIEW conflicting_project_component_identifier: Distinct lot, loan, phase, unit, package, section or stage identifiers indicate separately recorded project components.",2026-08-12T00:00:00+08:00,applied
MC-EC7115B3ACF177,cgef:GH.022,codf:GH.066,different_project,"AUTO_REVIEW conflicting_project_component_identifier: Distinct lot, loan, phase, unit, package, section or stage identifiers indicate separately recorded project components.",2026-08-12T00:00:00+08:00,applied
MC-EC9B0403ECAB4F,aiddata:47103,cla:AO.081,same_project,BATCH_REVIEW reviewed_same_equivalence_closure: The pair is connected by a reviewed same-project decision and equivalent source identifiers.,2026-08-26T07:30:45.138739+00:00,applied
MC-ECBF34D7D91BF7,aiddata:55858,cla:SD.059,same_project,"BATCH_REVIEW matching_original_usd_commitment: The AidData title states the same original USD commitment as the finance-catalog record, with compatible project title and financing type.",2026-08-20T09:31:06.061922+00:00,applied
MC-ED0500944E8A93,aiddata:97827,chapo:97823,different_project,"BATCH_REVIEW conflicting_canonical_event_details: The fuller source descriptions identify different events: explicit currencies/amounts differ ([('usd', 34789.0)] vs [('usd', 18000.0)]).",2026-08-20T09:31:06.061922+00:00,applied
MC-EE89DC6D047FC7,cgef:AO.089.46,cla:AO.089.46,same_project,BATCH_REVIEW reviewed_same_equivalence_closure: The pair is connected by a reviewed same-project decision and equivalent source identifiers.,2026-08-26T07:30:45.138739+00:00,applied
MC-EEA08723E7C27B,aiddata:58379,cgp:ZA.005.3,same_project,BATCH_REVIEW reviewed_same_equivalence_closure: The pair is connected by a reviewed same-project decision and equivalent source identifiers.,2026-08-26T07:30:45.138739+00:00,applied
MC-EEAEBB69CF413D,cgp:CD.001.1,codf:CD.012,same_project,BATCH_REVIEW reviewed_same_equivalence_closure: The pair is connected by a reviewed same-project decision and equivalent source identifiers.,2026-08-26T07:30:45.138739+00:00,applied
MC-EF1592EBFC5206,aiddata:52337,cgef:RW.024,same_project,BATCH_REVIEW reviewed_same_equivalence_closure: The pair is connected by a reviewed same-project decision and equivalent source identifiers.,2026-08-20T09:31:06.061922+00:00,applied
MC-EF44ACDAB693D2,aiddata:92289,cofi:ZMB2021001:debt,same_project,BATCH_REVIEW reviewed_same_equivalence_closure: The pair is connected by a reviewed same-project decision and equivalent source identifiers.,2026-08-26T07:30:45.138739+00:00,applied
MC-EF4AAEA9F4604D,cgp:UG.002.2,codf:UG.039,same_project,BATCH_REVIEW reviewed_same_equivalence_closure: The pair is connected by a reviewed same-project decision and equivalent source identifiers.,2026-08-26T07:30:45.138739+00:00,applied
MC-EF699780C9EC64,cla:KE.011,cofi:KEN2021002:debt,same_project,BATCH_REVIEW reviewed_same_equivalence_closure: The pair is connected by a reviewed same-project decision and equivalent source identifiers.,2026-08-26T07:30:45.138739+00:00,applied
MC-EF6BE224F73E96,aiddata:72967,codf:ZM.097,same_project,BATCH_REVIEW reviewed_same_equivalence_closure: The pair is connected by a reviewed same-project decision and equivalent source identifiers.,2026-08-20T09:31:06.061922+00:00,applied
MC-EF90C551E6EE4E,cla:TG.008,codf:TG.020,different_project,HUMAN_REVIEW imported from browser export; this decision takes precedence over automated rules.,2026-08-19T07:15:45.983Z,applied
MC-EFAC8ACAE9E37A,aiddata:92174,codf:ET.096,different_project,BATCH_REVIEW reviewed_difference_final_entity_guard: The proposed link would collapse records across an established different-project boundary.,2026-08-26T07:30:45.138739+00:00,applied
MC-EFBA428BA1DA9B,aiddata:46235,cla:CD.006.44,different_project,"AUTO_REVIEW conflicting_project_component_identifier: Distinct lot, loan, phase, unit, package, section or stage identifiers indicate separately recorded project components.",2026-08-12T00:00:00+08:00,applied
MC-EFF69814CB632A,aiddata:58379,cofi:ZAF2021004:debt,same_project,BATCH_REVIEW reviewed_same_equivalence_closure: The pair is connected by a reviewed same-project decision and equivalent source identifiers.,2026-08-26T07:30:45.138739+00:00,applied
MC-EFF9B8AC0014BE,cgp:ET.002.1,cofi:ETH2021002:debt,different_project,BATCH_REVIEW conflicting_financing_instruments: Fund types conflict (equity vs loan).,2026-08-26T07:30:45.138739+00:00,applied
MC-F033BC02D0F5D8,aiddata:58737,cla:KE.075,same_project,BATCH_REVIEW reviewed_same_equivalence_closure: The pair is connected by a reviewed same-project decision and equivalent source identifiers.,2026-08-26T07:30:45.138739+00:00,applied
MC-F05CC08CC17BA4,aiddata:59375,cla:DJ.016,same_project,BATCH_REVIEW reviewed_same_equivalence_closure: The pair is connected by a reviewed same-project decision and equivalent source identifiers.,2026-08-26T07:30:45.138739+00:00,applied
MC-F06387EF400DBE,cgef:UG.026,cla:UG.026,same_project,BATCH_REVIEW reviewed_same_equivalence_closure: The pair is connected by a reviewed same-project decision and equivalent source identifiers.,2026-08-26T07:30:45.138739+00:00,applied
MC-F0742F99908FC0,cgp:GN.002.1,codf:GN.007,same_project,BATCH_REVIEW reviewed_same_equivalence_closure: The pair is connected by a reviewed same-project decision and equivalent source identifiers.,2026-08-26T07:30:45.138739+00:00,applied
MC-F09F2FAEBBD7B9,cla:AO.089.67,codf:AO.089.64,different_project,BATCH_REVIEW distinct_related_catalog_identifiers: Related finance catalogs use distinct project identifiers (AO.089.67 vs AO.089.64).,2026-08-19T08:11:59.703611+00:00,applied
MC-F0FDC7B34354B3,cla:AO.089.25,codf:AO.089.40,different_project,"AUTO_REVIEW conflicting_project_component_identifier: Distinct lot, loan, phase, unit, package, section or stage identifiers indicate separately recorded project components.",2026-08-12T00:00:00+08:00,applied
MC-F110661C3D1A9D,cgp:ZM.001.2,cofi:ZMB2021002:debt,same_project,BATCH_REVIEW reviewed_same_equivalence_closure: The pair is connected by a reviewed same-project decision and equivalent source identifiers.,2026-08-26T07:30:45.138739+00:00,applied
MC-F161A9D2296CA5,cgp:NG.005.1,codf:NG.010,same_project,BATCH_REVIEW reviewed_same_equivalence_closure: The pair is connected by a reviewed same-project decision and equivalent source identifiers.,2026-08-26T07:30:45.138739+00:00,applied
MC-F18024962A760C,cgp:NG.F.006.21,cofi:NGA2021005:debt,different_project,BATCH_REVIEW conflicting_financing_instruments: Fund types conflict (equity vs loan).,2026-08-26T07:30:45.138739+00:00,applied
MC-F1A25E6928CA5A,aiddata:58668,chapo:58723,different_project,ASSISTANT_REVIEW conflicting_hospital: Juba Teaching Hospital differs from Faruzi Friendship Hospital.,2026-08-20T08:30:00+00:00,applied
MC-F1FB9DB53CA99D,cla:GH.051,codf:GH.013,different_project,BATCH_REVIEW distinct_related_catalog_identifiers: Related finance catalogs use distinct project identifiers (GH.051 vs GH.013).,2026-08-26T07:30:45.138739+00:00,applied
MC-F212601ABE7B24,cgef:SD.097.09,cla:SD.097.09,same_project,BATCH_REVIEW reviewed_same_equivalence_closure: The pair is connected by a reviewed same-project decision and equivalent source identifiers.,2026-08-26T07:30:45.138739+00:00,applied
MC-F23D4473EDF70C,aiddata:93285,chapo:93284,different_project,"BATCH_REVIEW separate_after_full_evidence_check: No shared source identifier, compatible named-asset anchor, matching original commitment, technical specification, or explicit cross-source link supports consolidation; the records remain separate.",2026-08-26T07:30:45.138739+00:00,applied
MC-F292C6E4BF9065,cgef:TZ.006,cla:TZ.006,same_project,BATCH_REVIEW reviewed_same_equivalence_closure: The pair is connected by a reviewed same-project decision and equivalent source identifiers.,2026-08-26T07:30:45.138739+00:00,applied
MC-F2AAFC5322806D,cgef:AO.089.49,codf:AO.089.49,same_project,BATCH_REVIEW reviewed_same_equivalence_closure: The pair is connected by a reviewed same-project decision and equivalent source identifiers.,2026-08-26T07:30:45.138739+00:00,applied
MC-F2F735805140C4,cgp:CI.001.2,codf:CI.009,same_project,BATCH_REVIEW reviewed_same_equivalence_closure: The pair is connected by a reviewed same-project decision and equivalent source identifiers.,2026-08-26T07:30:45.138739+00:00,applied
MC-F31690C274CFF1,cgef:ET.098,cla:ET.097,different_project,BATCH_REVIEW distinct_related_catalog_identifiers: Related finance catalogs use distinct project identifiers (ET.098 vs ET.097).,2026-08-26T07:30:45.138739+00:00,applied
MC-F35B0892BD7603,cla:BJ.013,codf:BJ.010,different_project,"AUTO_REVIEW conflicting_project_component_identifier: Distinct lot, loan, phase, unit, package, section or stage identifiers indicate separately recorded project components.",2026-08-12T00:00:00+08:00,applied
MC-F3644FD06F45D7,aiddata:92289,cgef:ZM.025,same_project,BATCH_REVIEW reviewed_same_equivalence_closure: The pair is connected by a reviewed same-project decision and equivalent source identifiers.,2026-08-26T07:30:45.138739+00:00,applied
MC-F3B863CA949D05,cgp:MA.001,cofi:MAR2021004:debt,same_project,BATCH_REVIEW reviewed_same_equivalence_closure: The pair is connected by a reviewed same-project decision and equivalent source identifiers.,2026-08-26T07:30:45.138739+00:00,applied
MC-F3B952174FDF0A,aiddata:58409,cla:SN.007,same_project,BATCH_REVIEW reviewed_same_equivalence_closure: The pair is connected by a reviewed same-project decision and equivalent source identifiers.,2026-08-26T07:30:45.138739+00:00,applied
MC-F3FD708606590A,aiddata:59363,codf:ET.061,same_project,ASSISTANT_REVIEW exact_named_project: Gibe III-Addis Ababa transmission-line route and project coincide.,2026-08-20T08:30:00+00:00,applied
MC-F4034FF1865286,cgef:ZW.018,cgp:ZW.001.1,same_project,BATCH_REVIEW reviewed_same_equivalence_closure: The pair is connected by a reviewed same-project decision and equivalent source identifiers.,2026-08-26T07:30:45.138739+00:00,applied
MC-F43A1360523DD4,aiddata:64447,cla:GN.017,same_project,BATCH_REVIEW reviewed_same_equivalence_closure: The pair is connected by a reviewed same-project decision and equivalent source identifiers.,2026-08-26T07:30:45.138739+00:00,applied
MC-F4D646AD496ED4,cgef:ER.008,cofi:ERI2021001:debt,same_project,BATCH_REVIEW reviewed_same_equivalence_closure: The pair is connected by a reviewed same-project decision and equivalent source identifiers.,2026-08-26T07:30:45.138739+00:00,applied
MC-F4D82F4CBF1380,cla:ZM.101,cofi:ZMB2021008:debt,same_project,"BATCH_REVIEW distinctive_named_asset_with_compatible_context: Distinctive name anchor(s) [falls, musonda] and matching sector energy identify the same underlying asset.",2026-08-26T07:30:45.138739+00:00,applied
MC-F506E7FCA44061,aiddata:52337,codf:RW.024,same_project,BATCH_REVIEW reviewed_same_equivalence_closure: The pair is connected by a reviewed same-project decision and equivalent source identifiers.,2026-08-20T09:31:06.061922+00:00,applied
MC-F563AB006A70F9,aiddata:96800,chapo:96798,different_project,"BATCH_REVIEW conflicting_canonical_event_details: The fuller source descriptions identify different events: explicit currencies/amounts differ ([('zar', 2000000000.0)] vs [('zar', 6000000000.0)]).",2026-08-26T07:30:45.138739+00:00,applied
MC-F5B92D328086D8,cgp:GQ.002,cla:GQ.010,same_project,BATCH_REVIEW reviewed_same_equivalence_closure: The pair is connected by a reviewed same-project decision and equivalent source identifiers.,2026-08-26T07:30:45.138739+00:00,applied
MC-F5D2F37B89A8E4,aiddata:73435,codf:AO.089.44,same_project,ASSISTANT_REVIEW exact_named_project: Huambo electrification and household-connections project coincide.,2026-08-20T08:30:00+00:00,applied
MC-F6A1967FE965DD,aiddata:61941,restruct:R.ET.01,same_project,"BATCH_REVIEW distinctive_named_asset_with_compatible_context: Distinctive name anchor(s) [addis, railway] and shared asset family railway identify the same underlying asset.",2026-08-26T07:30:45.138739+00:00,applied
MC-F6B7CAB73E7FFD,codf:UG.008,cofi:UGA2021002:debt,same_project,BATCH_REVIEW reviewed_same_equivalence_closure: The pair is connected by a reviewed same-project decision and equivalent source identifiers.,2026-08-26T07:30:45.138739+00:00,applied
MC-F6D186B3074E4A,cla:AO.089.22,codf:AO.089.21,different_project,"AUTO_REVIEW conflicting_project_component_identifier: Distinct lot, loan, phase, unit, package, section or stage identifiers indicate separately recorded project components.",2026-08-12T00:00:00+08:00,applied
MC-F709F9429148C5,aiddata:73905,cla:AO.089.76,same_project,ASSISTANT_REVIEW exact_named_project: Sambizanga social-housing project and 3000-unit scope coincide.,2026-08-20T08:30:00+00:00,applied
MC-F717F8EC807F30,aiddata:104469,cgp:BF.001,same_project,BATCH_REVIEW reviewed_same_equivalence_closure: The pair is connected by a reviewed same-project decision and equivalent source identifiers.,2026-08-26T07:30:45.138739+00:00,applied
MC-F71AC39F20F1C1,aiddata:460,cofi:COD2021002:debt,same_project,"BATCH_REVIEW matching_original_usd_commitment: The AidData title states the same original USD commitment as the finance-catalog record, with compatible project title and financing type.",2026-08-26T07:30:45.138739+00:00,applied
MC-F720DD583B4521,cgp:AO.001.2,codf:AO.009.71,same_project,"BATCH_REVIEW distinctive_named_asset_with_compatible_context: Distinctive name anchor(s) [hydropower, tchihumbwe] and shared asset family hydropower identify the same underlying asset.",2026-08-26T07:30:45.138739+00:00,applied
MC-F73903CC5C7854,aiddata:73462,cla:AO.089.86,same_project,BATCH_REVIEW reviewed_same_equivalence_closure: The pair is connected by a reviewed same-project decision and equivalent source identifiers.,2026-08-26T07:30:45.138739+00:00,applied
MC-F761199234B4B1,cgp:ZA.005.4,cofi:ZAF2021004:debt,same_project,BATCH_REVIEW reviewed_same_equivalence_closure: The pair is connected by a reviewed same-project decision and equivalent source identifiers.,2026-08-26T07:30:45.138739+00:00,applied
MC-F7891A51B587E7,cla:ET.040,codf:ET.040,same_project,BATCH_REVIEW reviewed_same_equivalence_closure: The pair is connected by a reviewed same-project decision and equivalent source identifiers.,2026-08-26T07:30:45.138739+00:00,applied
MC-F7C62D265036F2,cgp:GQ.002,codf:GQ.010,same_project,BATCH_REVIEW reviewed_same_equivalence_closure: The pair is connected by a reviewed same-project decision and equivalent source identifiers.,2026-08-26T07:30:45.138739+00:00,applied
MC-F7E155AEC6B533,aiddata:61631,codf:GQ.029,different_project,"AUTO_REVIEW conflicting_project_component_identifier: Distinct lot, loan, phase, unit, package, section or stage identifiers indicate separately recorded project components.",2026-08-12T00:00:00+08:00,applied
MC-F83B0E762693E7,aiddata:52934,cla:CV.017,different_project,"AUTO_REVIEW conflicting_project_component_identifier: Distinct lot, loan, phase, unit, package, section or stage identifiers indicate separately recorded project components.",2026-08-12T00:00:00+08:00,applied
MC-F86EDBB956F197,aiddata:21137,cla:MU.002,different_project,"AUTO_REVIEW conflicting_project_component_identifier: Distinct lot, loan, phase, unit, package, section or stage identifiers indicate separately recorded project components.",2026-08-12T00:00:00+08:00,applied
MC-F8908B2A5A6266,cgef:AO.089.48,cla:AO.089.48,same_project,BATCH_REVIEW reviewed_same_equivalence_closure: The pair is connected by a reviewed same-project decision and equivalent source identifiers.,2026-08-26T07:30:45.138739+00:00,applied
MC-F8B1E10DB42262,aiddata:96795,chapo:96773,different_project,"BATCH_REVIEW conflicting_canonical_event_details: The fuller source descriptions identify different events: explicit currencies/amounts differ ([('eur', 1150000000.0)] vs [('eur', 1000000000.0)]).",2026-08-20T09:31:06.061922+00:00,applied
MC-F8EA32AC40DC52,aiddata:52198,cla:ZM.063,same_project,"BATCH_REVIEW matching_original_usd_commitment: The AidData title states the same original USD commitment as the finance-catalog record, with compatible project title and financing type.",2026-08-20T09:31:06.061922+00:00,applied
MC-F90388178F66D6,cla:ZM.118,codf:ZM.116,different_project,BATCH_REVIEW distinct_related_catalog_identifiers: Related finance catalogs use distinct project identifiers (ZM.118 vs ZM.116).,2026-08-26T07:30:45.138739+00:00,applied
MC-F95310E0FDAA36,aiddata:30450,cla:NG.006,same_project,BATCH_REVIEW reviewed_same_equivalence_closure: The pair is connected by a reviewed same-project decision and equivalent source identifiers.,2026-08-26T07:30:45.138739+00:00,applied
MC-F968AB46680EB3,cgp:ET.001.2,cla:ET.101,same_project,HUMAN_REVIEW imported from browser export; this decision takes precedence over automated rules.,2026-08-21T02:44:33.690Z,applied
MC-F96EF91001ABFE,cgef:AO.089.44,codf:AO.089.47,different_project,BATCH_REVIEW distinct_related_catalog_identifiers: Related finance catalogs use distinct project identifiers (AO.089.44 vs AO.089.47).,2026-08-19T08:11:59.703611+00:00,applied
MC-FA3745168E5DD6,cgp:ET.006,cla:ET.101,same_project,BATCH_REVIEW reviewed_same_equivalence_closure: The pair is connected by a reviewed same-project decision and equivalent source identifiers.,2026-08-26T07:30:45.138739+00:00,applied
MC-FA3C1CC04D2F28,cgef:ET.064,codf:ET.064,same_project,BATCH_REVIEW reviewed_same_equivalence_closure: The pair is connected by a reviewed same-project decision and equivalent source identifiers.,2026-08-26T07:30:45.138739+00:00,applied
MC-FAF77AEEAE5715,aiddata:59428,codf:ET.075,same_project,BATCH_REVIEW reviewed_same_equivalence_closure: The pair is connected by a reviewed same-project decision and equivalent source identifiers.,2026-08-26T07:30:45.138739+00:00,applied
MC-FAFA599A86E179,cla:SN.011,codf:SN.011,same_project,BATCH_REVIEW reviewed_same_equivalence_closure: The pair is connected by a reviewed same-project decision and equivalent source identifiers.,2026-08-26T07:30:45.138739+00:00,applied
MC-FB0CD1EDBFBA47,cgef:AO.089.45,cla:AO.089.46,different_project,BATCH_REVIEW distinct_related_catalog_identifiers: Related finance catalogs use distinct project identifiers (AO.089.45 vs AO.089.46).,2026-08-19T08:11:59.703611+00:00,applied
MC-FB60550B28D590,cgef:AO.003.48,cla:AO.003.48,same_project,BATCH_REVIEW reviewed_same_equivalence_closure: The pair is connected by a reviewed same-project decision and equivalent source identifiers.,2026-08-26T07:30:45.138739+00:00,applied
MC-FBAF7A839B30D1,cgp:UG.002.3,cla:UG.008,different_project,BATCH_REVIEW reviewed_difference_final_entity_guard: The proposed link would collapse records across an established different-project boundary.,2026-08-26T07:30:45.138739+00:00,applied
MC-FBBB7C31046E34,cla:ET.037,codf:ET.036,different_project,BATCH_REVIEW distinct_related_catalog_identifiers: Related finance catalogs use distinct project identifiers (ET.037 vs ET.036).,2026-08-26T07:30:45.138739+00:00,applied
MC-FC52CDF75D36FC,cgp:CI.001.1,cofi:CIV2021002:debt,same_project,BATCH_REVIEW reviewed_same_equivalence_closure: The pair is connected by a reviewed same-project decision and equivalent source identifiers.,2026-08-26T07:30:45.138739+00:00,applied
MC-FC5C6E172B1F94,aiddata:52337,cofi:RWA2023001:debt,same_project,BATCH_REVIEW reviewed_same_equivalence_closure: The pair is connected by a reviewed same-project decision and equivalent source identifiers.,2026-08-26T07:30:45.138739+00:00,applied
MC-FC8027547D83FD,aiddata:58379,cgp:ZA.005.2,same_project,BATCH_REVIEW reviewed_same_equivalence_closure: The pair is connected by a reviewed same-project decision and equivalent source identifiers.,2026-08-26T07:30:45.138739+00:00,applied
MC-FC8302309448A4,aiddata:92707,chapo:95366,different_project,BATCH_REVIEW conflicting_canonical_event_details: The fuller source descriptions identify different events: months differ (['may'] vs ['march']).,2026-08-20T09:31:06.061922+00:00,applied
MC-FCBCAAE0A612C8,cla:ZM.012,codf:ZM.012,same_project,BATCH_REVIEW reviewed_same_equivalence_closure: The pair is connected by a reviewed same-project decision and equivalent source identifiers.,2026-08-26T07:30:45.138739+00:00,applied
MC-FCE0B1AE070019,cgp:CD.001,cla:CD.011,same_project,BATCH_REVIEW reviewed_same_equivalence_closure: The pair is connected by a reviewed same-project decision and equivalent source identifiers.,2026-08-26T07:30:45.138739+00:00,applied
MC-FD13A0A9D41BC0,aiddata:61631,cla:GQ.029,different_project,"AUTO_REVIEW conflicting_project_component_identifier: Distinct lot, loan, phase, unit, package, section or stage identifiers indicate separately recorded project components.",2026-08-12T00:00:00+08:00,applied
MC-FD348BC5F8A812,cgef:ET.097,cla:ET.098,different_project,BATCH_REVIEW distinct_related_catalog_identifiers: Related finance catalogs use distinct project identifiers (ET.097 vs ET.098).,2026-08-26T07:30:45.138739+00:00,applied
MC-FD6E39BF946E42,aiddata:92174,cla:ET.096,different_project,BATCH_REVIEW reviewed_difference_final_entity_guard: The proposed link would collapse records across an established different-project boundary.,2026-08-26T07:30:45.138739+00:00,applied
MC-FDA6786BFE88D6,aiddata:96798,chapo:96773,different_project,"BATCH_REVIEW conflicting_canonical_event_details: The fuller source descriptions identify different events: explicit currencies/amounts differ ([('zar', 6000000000.0)] vs [('eur', 1000000000.0)]).",2026-08-20T09:31:06.061922+00:00,applied
MC-FDE02E96F9BE2A,cgp:UG.001.1,codf:UG.009,same_project,"BATCH_REVIEW distinctive_named_asset_with_compatible_context: Distinctive name anchor(s) [falls, hydropower, isimba] and shared asset family hydropower identify the same underlying asset.",2026-08-26T07:30:45.138739+00:00,applied
MC-FDE1E140549C68,cgef:GH.015.02,codf:GH.015.02,same_project,BATCH_REVIEW reviewed_same_equivalence_closure: The pair is connected by a reviewed same-project decision and equivalent source identifiers.,2026-08-26T07:30:45.138739+00:00,applied
MC-FE0ACB8878E079,aiddata:96776,chapo:96800,different_project,"BATCH_REVIEW conflicting_canonical_event_details: The fuller source descriptions identify different events: explicit currencies/amounts differ ([('eur', 500000000.0)] vs [('zar', 2000000000.0)]).",2026-08-20T09:31:06.061922+00:00,applied
MC-FE0D858DEDE2BF,aiddata:354,cgp:ZM.001.2,same_project,BATCH_REVIEW reviewed_same_equivalence_closure: The pair is connected by a reviewed same-project decision and equivalent source identifiers.,2026-08-26T07:30:45.138739+00:00,applied
MC-FE240ADF4A62DF,aiddata:57333,codf:CM.062,same_project,BATCH_REVIEW reviewed_same_equivalence_closure: The pair is connected by a reviewed same-project decision and equivalent source identifiers.,2026-08-26T07:30:45.138739+00:00,applied
MC-FE460475AB6EED,cla:UG.008,codf:UG.039,different_project,BATCH_REVIEW distinct_related_catalog_identifiers: Related finance catalogs use distinct project identifiers (UG.008 vs UG.039).,2026-08-26T07:30:45.138739+00:00,applied
MC-FE7BE4F2F8803E,cla:AO.089.21,codf:AO.089.22,different_project,"AUTO_REVIEW conflicting_project_component_identifier: Distinct lot, loan, phase, unit, package, section or stage identifiers indicate separately recorded project components.",2026-08-12T00:00:00+08:00,applied
MC-FE837C3941C17A,cla:ET.097,codf:ET.096,different_project,BATCH_REVIEW distinct_related_catalog_identifiers: Related finance catalogs use distinct project identifiers (ET.097 vs ET.096).,2026-08-26T07:30:45.138739+00:00,applied
MC-FE8790FA446104,cgef:NG.010,cofi:NGA2021007:debt,same_project,BATCH_REVIEW reviewed_same_equivalence_closure: The pair is connected by a reviewed same-project decision and equivalent source identifiers.,2026-08-26T07:30:45.138739+00:00,applied
MC-FEA45A5E54EAD6,aiddata:95947,chapo:95944,different_project,BATCH_REVIEW conflicting_canonical_event_details: The fuller source descriptions identify different events: months differ (['december'] vs ['august']).,2026-08-20T09:31:06.061922+00:00,applied
MC-FEFF49EBF4C337,cla:GA.038,codf:GA.037,different_project,BATCH_REVIEW distinct_related_catalog_identifiers: Related finance catalogs use distinct project identifiers (GA.038 vs GA.037).,2026-08-26T07:30:45.138739+00:00,applied
MC-FF3F6FA11D19C9,cla:ET.035,codf:ET.036,different_project,BATCH_REVIEW distinct_related_catalog_identifiers: Related finance catalogs use distinct project identifiers (ET.035 vs ET.036).,2026-08-26T07:30:45.138739+00:00,applied
MC-FF48D462B5E67F,cgp:CI.001.4,cofi:CIV2021002:debt,same_project,BATCH_REVIEW reviewed_same_equivalence_closure: The pair is connected by a reviewed same-project decision and equivalent source identifiers.,2026-08-26T07:30:45.138739+00:00,applied
MC-FF4D486D884391,aiddata:59085,cgef:CD.030,same_project,BATCH_REVIEW reviewed_same_equivalence_closure: The pair is connected by a reviewed same-project decision and equivalent source identifiers.,2026-08-26T07:30:45.138739+00:00,applied
MC-FF84B41653082A,aiddata:86748,codf:BF.003,same_project,BATCH_REVIEW reviewed_same_equivalence_closure: The pair is connected by a reviewed same-project decision and equivalent source identifiers.,2026-08-26T07:30:45.138739+00:00,applied
MC-FFDA093E018227,cla:GQ.010,cofi:GNQ2021002:debt,same_project,BATCH_REVIEW reviewed_same_equivalence_closure: The pair is connected by a reviewed same-project decision and equivalent source identifiers.,2026-08-26T07:30:45.138739+00:00,applied
MC-FFF1E0F5579112,aiddata:58379,cgp:ZA.005.1,same_project,BATCH_REVIEW reviewed_same_equivalence_closure: The pair is connected by a reviewed same-project decision and equivalent source identifiers.,2026-08-26T07:30:45.138739+00:00,applied
